ISO-10303-21;
HEADER;
FILE_DESCRIPTION(('Open CASCADE Model'),'2;1');
FILE_NAME('Open CASCADE Shape Model','2026-09-09T13:59:16',('Author'),(
    'Open CASCADE'),'Open CASCADE STEP processor 7.9','Open CASCADE 7.9'
  ,'Unknown');
FILE_SCHEMA(('AUTOMOTIVE_DESIGN { 1 0 10303 214 1 1 1 1 }'));
ENDSEC;
DATA;
#1 = APPLICATION_PROTOCOL_DEFINITION('international standard',
  'automotive_design',2000,#2);
#2 = APPLICATION_CONTEXT(
  'core data for automotive mechanical design processes');
#3 = SHAPE_DEFINITION_REPRESENTATION(#4,#10);
#4 = PRODUCT_DEFINITION_SHAPE('','',#5);
#5 = PRODUCT_DEFINITION('design','',#6,#9);
#6 = PRODUCT_DEFINITION_FORMATION('','',#7);
#7 = PRODUCT('Open CASCADE STEP translator 7.9 4',
  'Open CASCADE STEP translator 7.9 4','',(#8));
#8 = PRODUCT_CONTEXT('',#2,'mechanical');
#9 = PRODUCT_DEFINITION_CONTEXT('part definition',#2,'design');
#10 = SHAPE_REPRESENTATION('',(#11,#15,#19,#23),#27);
#11 = AXIS2_PLACEMENT_3D('',#12,#13,#14);
#12 = CARTESIAN_POINT('',(0.,0.,0.));
#13 = DIRECTION('',(0.,0.,1.));
#14 = DIRECTION('',(1.,0.,-0.));
#15 = AXIS2_PLACEMENT_3D('',#16,#17,#18);
#16 = CARTESIAN_POINT('',(0.,0.,0.));
#17 = DIRECTION('',(0.,0.,1.));
#18 = DIRECTION('',(1.,0.,-0.));
#19 = AXIS2_PLACEMENT_3D('',#20,#21,#22);
#20 = CARTESIAN_POINT('',(0.,0.,0.));
#21 = DIRECTION('',(0.,0.,1.));
#22 = DIRECTION('',(1.,0.,-0.));
#23 = AXIS2_PLACEMENT_3D('',#24,#25,#26);
#24 = CARTESIAN_POINT('',(0.,0.,0.));
#25 = DIRECTION('',(0.,0.,1.));
#26 = DIRECTION('',(1.,0.,-0.));
#27 = ( GEOMETRIC_REPRESENTATION_CONTEXT(3) 
GLOBAL_UNCERTAINTY_ASSIGNED_CONTEXT((#31)) GLOBAL_UNIT_ASSIGNED_CONTEXT(
(#28,#29,#30)) REPRESENTATION_CONTEXT('Context #1',
  '3D Context with UNIT and UNCERTAINTY') );
#28 = ( LENGTH_UNIT() NAMED_UNIT(*) SI_UNIT(.MILLI.,.METRE.) );
#29 = ( NAMED_UNIT(*) PLANE_ANGLE_UNIT() SI_UNIT($,.RADIAN.) );
#30 = ( NAMED_UNIT(*) SI_UNIT($,.STERADIAN.) SOLID_ANGLE_UNIT() );
#31 = UNCERTAINTY_MEASURE_WITH_UNIT(LENGTH_MEASURE(2.E-07),#28,
  'distance_accuracy_value','confusion accuracy');
#32 = PRODUCT_RELATED_PRODUCT_CATEGORY('part',$,(#7));
#33 = SHAPE_DEFINITION_REPRESENTATION(#34,#40);
#34 = PRODUCT_DEFINITION_SHAPE('','',#35);
#35 = PRODUCT_DEFINITION('design','',#36,#39);
#36 = PRODUCT_DEFINITION_FORMATION('','',#37);
#37 = PRODUCT('Open CASCADE STEP translator 7.9 4.1',
  'Open CASCADE STEP translator 7.9 4.1','',(#38));
#38 = PRODUCT_CONTEXT('',#2,'mechanical');
#39 = PRODUCT_DEFINITION_CONTEXT('part definition',#2,'design');
#40 = ADVANCED_BREP_SHAPE_REPRESENTATION('',(#11,#41),#8681);
#41 = MANIFOLD_SOLID_BREP('',#42);
#42 = CLOSED_SHELL('',(#43,#453,#599,#759,#1360,#1419,#1588,#1664,#1816,
    #1866,#1913,#1940,#1967,#1974,#2033,#2202,#2278,#2430,#2480,#2527,
    #2554,#2581,#2588,#2660,#2771,#2952,#3023,#3073,#3105,#3132,#3208,
    #3279,#3306,#3333,#3364,#3391,#3448,#3502,#3551,#3679,#3787,#3958,
    #4040,#4122,#4204,#4374,#4427,#4609,#4686,#4787,#4837,#4900,#5056,
    #5179,#5205,#5233,#5365,#5609,#5751,#5821,#5868,#5915,#5942,#5986,
    #6040,#6112,#6161,#6233,#6260,#6309,#6337,#6369,#6405,#6452,#6479,
    #6506,#6646,#6705,#6879,#6950,#6999,#7048,#7097,#7146,#7173,#7232,
    #7406,#7477,#7526,#7575,#7624,#7673,#7700,#7759,#7933,#8004,#8053,
    #8102,#8151,#8200,#8227,#8255,#8397,#8467,#8514,#8561,#8588,#8632));
#43 = ADVANCED_FACE('',(#44),#59,.T.);
#44 = FACE_BOUND('',#45,.F.);
#45 = EDGE_LOOP('',(#46,#82,#110,#143,#171,#204,#232,#260,#288,#312,#361
    ,#394));
#46 = ORIENTED_EDGE('',*,*,#47,.F.);
#47 = EDGE_CURVE('',#48,#50,#52,.T.);
#48 = VERTEX_POINT('',#49);
#49 = CARTESIAN_POINT('',(42.58275616962,27.39608752543,51.423294758403)
  );
#50 = VERTEX_POINT('',#51);
#51 = CARTESIAN_POINT('',(11.886778431176,19.17112507953,44.));
#52 = SURFACE_CURVE('',#53,(#58,#70),.PCURVE_S1.);
#53 = CIRCLE('',#54,26.);
#54 = AXIS2_PLACEMENT_3D('',#55,#56,#57);
#55 = CARTESIAN_POINT('',(31.682367202281,24.475337104447,28.));
#56 = DIRECTION('',(0.258819045103,-0.965925826289,9.71445146547E-17));
#57 = DIRECTION('',(0.419245729513,0.112336554653,0.900895952246));
#58 = PCURVE('',#59,#64);
#59 = CYLINDRICAL_SURFACE('',#60,26.);
#60 = AXIS2_PLACEMENT_3D('',#61,#62,#63);
#61 = CARTESIAN_POINT('',(31.682367202281,24.475337104447,28.));
#62 = DIRECTION('',(-0.258819045103,0.965925826289,-1.072393092426E-16)
  );
#63 = DIRECTION('',(0.965925826289,0.258819045103,-2.873468630843E-17));
#64 = DEFINITIONAL_REPRESENTATION('',(#65),#69);
#65 = LINE('',#66,#67);
#66 = CARTESIAN_POINT('',(-1.121829352151,0.));
#67 = VECTOR('',#68,1.);
#68 = DIRECTION('',(-1.,0.));
#69 = ( GEOMETRIC_REPRESENTATION_CONTEXT(2) 
PARAMETRIC_REPRESENTATION_CONTEXT() REPRESENTATION_CONTEXT('2D SPACE',''
  ) );
#70 = PCURVE('',#71,#76);
#71 = PLANE('',#72);
#72 = AXIS2_PLACEMENT_3D('',#73,#74,#75);
#73 = CARTESIAN_POINT('',(31.682367202281,24.475337104447,28.));
#74 = DIRECTION('',(0.258819045103,-0.965925826289,1.072393092426E-16));
#75 = DIRECTION('',(0.965925826289,0.258819045103,-2.873468630843E-17));
#76 = DEFINITIONAL_REPRESENTATION('',(#77),#81);
#77 = CIRCLE('',#78,26.);
#78 = AXIS2_PLACEMENT_2D('',#79,#80);
#79 = CARTESIAN_POINT('',(1.02086113104E-31,-3.552713678801E-15));
#80 = DIRECTION('',(0.434035117503,0.900895952246));
#81 = ( GEOMETRIC_REPRESENTATION_CONTEXT(2) 
PARAMETRIC_REPRESENTATION_CONTEXT() REPRESENTATION_CONTEXT('2D SPACE',''
  ) );
#82 = ORIENTED_EDGE('',*,*,#83,.F.);
#83 = EDGE_CURVE('',#84,#48,#86,.T.);
#84 = VERTEX_POINT('',#85);
#85 = CARTESIAN_POINT('',(46.866211366067,11.410015100346,
    51.423294758403));
#86 = SURFACE_CURVE('',#87,(#91,#98),.PCURVE_S1.);
#87 = LINE('',#88,#89);
#88 = CARTESIAN_POINT('',(42.58275616962,27.39608752543,51.423294758403)
  );
#89 = VECTOR('',#90,1.);
#90 = DIRECTION('',(-0.258819045103,0.965925826289,-1.072393092426E-16)
  );
#91 = PCURVE('',#59,#92);
#92 = DEFINITIONAL_REPRESENTATION('',(#93),#97);
#93 = LINE('',#94,#95);
#94 = CARTESIAN_POINT('',(-1.121829352151,0.));
#95 = VECTOR('',#96,1.);
#96 = DIRECTION('',(-0.,1.));
#97 = ( GEOMETRIC_REPRESENTATION_CONTEXT(2) 
PARAMETRIC_REPRESENTATION_CONTEXT() REPRESENTATION_CONTEXT('2D SPACE',''
  ) );
#98 = PCURVE('',#99,#104);
#99 = CYLINDRICAL_SURFACE('',#100,4.8);
#100 = AXIS2_PLACEMENT_3D('',#101,#102,#103);
#101 = CARTESIAN_POINT('',(47.195271412506,28.632007259838,
    50.936257240092));
#102 = DIRECTION('',(-0.258819045103,0.965925826289,-1.072393092426E-16)
  );
#103 = DIRECTION('',(0.965925826289,0.258819045103,-2.873468630843E-17)
  );
#104 = DEFINITIONAL_REPRESENTATION('',(#105),#109);
#105 = LINE('',#106,#107);
#106 = CARTESIAN_POINT('',(-9.323136894107,0.));
#107 = VECTOR('',#108,1.);
#108 = DIRECTION('',(-0.,1.));
#109 = ( GEOMETRIC_REPRESENTATION_CONTEXT(2) 
PARAMETRIC_REPRESENTATION_CONTEXT() REPRESENTATION_CONTEXT('2D SPACE',''
  ) );
#110 = ORIENTED_EDGE('',*,*,#111,.F.);
#111 = EDGE_CURVE('',#112,#84,#114,.T.);
#112 = VERTEX_POINT('',#113);
#113 = CARTESIAN_POINT('',(45.335302913732,10.999809416857,
    52.122810781499));
#114 = SURFACE_CURVE('',#115,(#120,#127),.PCURVE_S1.);
#115 = CIRCLE('',#116,26.);
#116 = AXIS2_PLACEMENT_3D('',#117,#118,#119);
#117 = CARTESIAN_POINT('',(35.965822398728,8.489264679363,28.));
#118 = DIRECTION('',(-0.258819045103,0.965925826289,-1.249000902703E-16)
  );
#119 = DIRECTION('',(0.67432878157,0.180685852455,0.715984159789));
#120 = PCURVE('',#59,#121);
#121 = DEFINITIONAL_REPRESENTATION('',(#122),#126);
#122 = LINE('',#123,#124);
#123 = CARTESIAN_POINT('',(-7.081218132223,-16.55));
#124 = VECTOR('',#125,1.);
#125 = DIRECTION('',(1.,-0.));
#126 = ( GEOMETRIC_REPRESENTATION_CONTEXT(2) 
PARAMETRIC_REPRESENTATION_CONTEXT() REPRESENTATION_CONTEXT('2D SPACE',''
  ) );
#127 = PCURVE('',#128,#133);
#128 = PLANE('',#129);
#129 = AXIS2_PLACEMENT_3D('',#130,#131,#132);
#130 = CARTESIAN_POINT('',(35.965822398728,8.489264679363,28.));
#131 = DIRECTION('',(0.258819045103,-0.965925826289,1.072393092426E-16)
  );
#132 = DIRECTION('',(0.965925826289,0.258819045103,-2.873468630843E-17)
  );
#133 = DEFINITIONAL_REPRESENTATION('',(#134),#142);
#134 = ( BOUNDED_CURVE() B_SPLINE_CURVE(2,(#135,#136,#137,#138,#139,#140
,#141),.UNSPECIFIED.,.T.,.F.) B_SPLINE_CURVE_WITH_KNOTS((1,2,2,2,2,1),(
    -2.094395102393,0.,2.094395102393,4.188790204786,6.28318530718,
8.377580409573),.UNSPECIFIED.) CURVE() GEOMETRIC_REPRESENTATION_ITEM() 
RATIONAL_B_SPLINE_CURVE((1.,0.5,1.,0.5,1.,0.5,1.)) REPRESENTATION_ITEM(
  '') );
#135 = CARTESIAN_POINT('',(18.151029658445,18.615588154507));
#136 = CARTESIAN_POINT('',(50.39417415483,-12.8229174236));
#137 = CARTESIAN_POINT('',(7.046057418969,-25.02704686631));
#138 = CARTESIAN_POINT('',(-36.30205931689,-37.23117630901));
#139 = CARTESIAN_POINT('',(-25.19708707741,6.411458711805));
#140 = CARTESIAN_POINT('',(-14.09211483793,50.054093732624));
#141 = CARTESIAN_POINT('',(18.151029658445,18.615588154507));
#142 = ( GEOMETRIC_REPRESENTATION_CONTEXT(2) 
PARAMETRIC_REPRESENTATION_CONTEXT() REPRESENTATION_CONTEXT('2D SPACE',''
  ) );
#143 = ORIENTED_EDGE('',*,*,#144,.T.);
#144 = EDGE_CURVE('',#112,#145,#147,.T.);
#145 = VERTEX_POINT('',#146);
#146 = CARTESIAN_POINT('',(42.397706751819,21.963067545238,
    52.122810781499));
#147 = SURFACE_CURVE('',#148,(#152,#159),.PCURVE_S1.);
#148 = LINE('',#149,#150);
#149 = CARTESIAN_POINT('',(41.051847717285,26.985881841941,
    52.122810781499));
#150 = VECTOR('',#151,1.);
#151 = DIRECTION('',(-0.258819045103,0.965925826289,-1.072393092426E-16)
  );
#152 = PCURVE('',#59,#153);
#153 = DEFINITIONAL_REPRESENTATION('',(#154),#158);
#154 = LINE('',#155,#156);
#155 = CARTESIAN_POINT('',(-1.188473145226,4.440892098501E-16));
#156 = VECTOR('',#157,1.);
#157 = DIRECTION('',(-0.,1.));
#158 = ( GEOMETRIC_REPRESENTATION_CONTEXT(2) 
PARAMETRIC_REPRESENTATION_CONTEXT() REPRESENTATION_CONTEXT('2D SPACE',''
  ) );
#159 = PCURVE('',#160,#165);
#160 = PLANE('',#161);
#161 = AXIS2_PLACEMENT_3D('',#162,#163,#164);
#162 = CARTESIAN_POINT('',(42.397706751819,21.963067545238,45.));
#163 = DIRECTION('',(0.965925826289,0.258819045103,-2.873468630843E-17)
  );
#164 = DIRECTION('',(0.258819045103,-0.965925826289,1.072393092426E-16)
  );
#165 = DEFINITIONAL_REPRESENTATION('',(#166),#170);
#166 = LINE('',#167,#168);
#167 = CARTESIAN_POINT('',(-5.2,-7.122810781499));
#168 = VECTOR('',#169,1.);
#169 = DIRECTION('',(-1.,0.));
#170 = ( GEOMETRIC_REPRESENTATION_CONTEXT(2) 
PARAMETRIC_REPRESENTATION_CONTEXT() REPRESENTATION_CONTEXT('2D SPACE',''
  ) );
#171 = ORIENTED_EDGE('',*,*,#172,.F.);
#172 = EDGE_CURVE('',#173,#145,#175,.T.);
#173 = VERTEX_POINT('',#174);
#174 = CARTESIAN_POINT('',(26.942893531193,17.821962823598,
    53.225185826868));
#175 = SURFACE_CURVE('',#176,(#181,#188),.PCURVE_S1.);
#176 = CIRCLE('',#177,26.);
#177 = AXIS2_PLACEMENT_3D('',#178,#179,#180);
#178 = CARTESIAN_POINT('',(33.028226236815,19.452522807744,28.));
#179 = DIRECTION('',(-0.258819045103,0.965925826289,-1.072393092426E-16)
  );
#180 = DIRECTION('',(0.965925826289,0.258819045103,-2.873468630843E-17)
  );
#181 = PCURVE('',#59,#182);
#182 = DEFINITIONAL_REPRESENTATION('',(#183),#187);
#183 = LINE('',#184,#185);
#184 = CARTESIAN_POINT('',(-6.28318530718,-5.2));
#185 = VECTOR('',#186,1.);
#186 = DIRECTION('',(1.,-0.));
#187 = ( GEOMETRIC_REPRESENTATION_CONTEXT(2) 
PARAMETRIC_REPRESENTATION_CONTEXT() REPRESENTATION_CONTEXT('2D SPACE',''
  ) );
#188 = PCURVE('',#189,#194);
#189 = PLANE('',#190);
#190 = AXIS2_PLACEMENT_3D('',#191,#192,#193);
#191 = CARTESIAN_POINT('',(26.942893531193,17.821962823598,45.));
#192 = DIRECTION('',(0.258819045103,-0.965925826289,1.072393092426E-16)
  );
#193 = DIRECTION('',(0.965925826289,0.258819045103,-2.873468630843E-17)
  );
#194 = DEFINITIONAL_REPRESENTATION('',(#195),#203);
#195 = ( BOUNDED_CURVE() B_SPLINE_CURVE(2,(#196,#197,#198,#199,#200,#201
,#202),.UNSPECIFIED.,.T.,.F.) B_SPLINE_CURVE_WITH_KNOTS((1,2,2,2,2,1),(
    -2.094395102393,0.,2.094395102393,4.188790204786,6.28318530718,
8.377580409573),.UNSPECIFIED.) CURVE() GEOMETRIC_REPRESENTATION_ITEM() 
RATIONAL_B_SPLINE_CURVE((1.,0.5,1.,0.5,1.,0.5,1.)) REPRESENTATION_ITEM(
  '') );
#196 = CARTESIAN_POINT('',(32.3,-17.));
#197 = CARTESIAN_POINT('',(32.3,-62.03332099679));
#198 = CARTESIAN_POINT('',(-6.7,-39.51666049839));
#199 = CARTESIAN_POINT('',(-45.7,-17.));
#200 = CARTESIAN_POINT('',(-6.7,5.516660498395));
#201 = CARTESIAN_POINT('',(32.3,28.033320996791));
#202 = CARTESIAN_POINT('',(32.3,-17.));
#203 = ( GEOMETRIC_REPRESENTATION_CONTEXT(2) 
PARAMETRIC_REPRESENTATION_CONTEXT() REPRESENTATION_CONTEXT('2D SPACE',''
  ) );
#204 = ORIENTED_EDGE('',*,*,#205,.F.);
#205 = EDGE_CURVE('',#206,#173,#208,.T.);
#206 = VERTEX_POINT('',#207);
#207 = CARTESIAN_POINT('',(29.880489693107,6.858704695217,
    53.225185826868));
#208 = SURFACE_CURVE('',#209,(#213,#220),.PCURVE_S1.);
#209 = LINE('',#210,#211);
#210 = CARTESIAN_POINT('',(25.59703449666,22.844777120301,
    53.225185826868));
#211 = VECTOR('',#212,1.);
#212 = DIRECTION('',(-0.258819045103,0.965925826289,-1.072393092426E-16)
  );
#213 = PCURVE('',#59,#214);
#214 = DEFINITIONAL_REPRESENTATION('',(#215),#219);
#215 = LINE('',#216,#217);
#216 = CARTESIAN_POINT('',(-1.81554004914,-4.440892098501E-16));
#217 = VECTOR('',#218,1.);
#218 = DIRECTION('',(-0.,1.));
#219 = ( GEOMETRIC_REPRESENTATION_CONTEXT(2) 
PARAMETRIC_REPRESENTATION_CONTEXT() REPRESENTATION_CONTEXT('2D SPACE',''
  ) );
#220 = PCURVE('',#221,#226);
#221 = PLANE('',#222);
#222 = AXIS2_PLACEMENT_3D('',#223,#224,#225);
#223 = CARTESIAN_POINT('',(26.942893531193,17.821962823598,45.));
#224 = DIRECTION('',(0.965925826289,0.258819045103,-2.873468630843E-17)
  );
#225 = DIRECTION('',(0.258819045103,-0.965925826289,1.072393092426E-16)
  );
#226 = DEFINITIONAL_REPRESENTATION('',(#227),#231);
#227 = LINE('',#228,#229);
#228 = CARTESIAN_POINT('',(-5.2,-8.225185826868));
#229 = VECTOR('',#230,1.);
#230 = DIRECTION('',(-1.,0.));
#231 = ( GEOMETRIC_REPRESENTATION_CONTEXT(2) 
PARAMETRIC_REPRESENTATION_CONTEXT() REPRESENTATION_CONTEXT('2D SPACE',''
  ) );
#232 = ORIENTED_EDGE('',*,*,#233,.F.);
#233 = EDGE_CURVE('',#234,#206,#236,.T.);
#234 = VERTEX_POINT('',#235);
#235 = CARTESIAN_POINT('',(11.180165696151,1.847967982032,
    32.190990336424));
#236 = SURFACE_CURVE('',#237,(#242,#249),.PCURVE_S1.);
#237 = CIRCLE('',#238,26.);
#238 = AXIS2_PLACEMENT_3D('',#239,#240,#241);
#239 = CARTESIAN_POINT('',(35.965822398728,8.489264679363,28.));
#240 = DIRECTION('',(-0.258819045103,0.965925826289,-1.249000902703E-16)
  );
#241 = DIRECTION('',(0.67432878157,0.180685852455,0.715984159789));
#242 = PCURVE('',#59,#243);
#243 = DEFINITIONAL_REPRESENTATION('',(#244),#248);
#244 = LINE('',#245,#246);
#245 = CARTESIAN_POINT('',(-7.081218132223,-16.55));
#246 = VECTOR('',#247,1.);
#247 = DIRECTION('',(1.,-0.));
#248 = ( GEOMETRIC_REPRESENTATION_CONTEXT(2) 
PARAMETRIC_REPRESENTATION_CONTEXT() REPRESENTATION_CONTEXT('2D SPACE',''
  ) );
#249 = PCURVE('',#128,#250);
#250 = DEFINITIONAL_REPRESENTATION('',(#251),#259);
#251 = ( BOUNDED_CURVE() B_SPLINE_CURVE(2,(#252,#253,#254,#255,#256,#257
,#258),.UNSPECIFIED.,.T.,.F.) B_SPLINE_CURVE_WITH_KNOTS((1,2,2,2,2,1),(
    -2.094395102393,0.,2.094395102393,4.188790204786,6.28318530718,
8.377580409573),.UNSPECIFIED.) CURVE() GEOMETRIC_REPRESENTATION_ITEM() 
RATIONAL_B_SPLINE_CURVE((1.,0.5,1.,0.5,1.,0.5,1.)) REPRESENTATION_ITEM(
  '') );
#252 = CARTESIAN_POINT('',(18.151029658445,18.615588154507));
#253 = CARTESIAN_POINT('',(50.39417415483,-12.8229174236));
#254 = CARTESIAN_POINT('',(7.046057418969,-25.02704686631));
#255 = CARTESIAN_POINT('',(-36.30205931689,-37.23117630901));
#256 = CARTESIAN_POINT('',(-25.19708707741,6.411458711805));
#257 = CARTESIAN_POINT('',(-14.09211483793,50.054093732624));
#258 = CARTESIAN_POINT('',(18.151029658445,18.615588154507));
#259 = ( GEOMETRIC_REPRESENTATION_CONTEXT(2) 
PARAMETRIC_REPRESENTATION_CONTEXT() REPRESENTATION_CONTEXT('2D SPACE',''
  ) );
#260 = ORIENTED_EDGE('',*,*,#261,.T.);
#261 = EDGE_CURVE('',#234,#262,#264,.T.);
#262 = VERTEX_POINT('',#263);
#263 = CARTESIAN_POINT('',(6.896710499704,17.834040407116,
    32.190990336424));
#264 = SURFACE_CURVE('',#265,(#269,#276),.PCURVE_S1.);
#265 = LINE('',#266,#267);
#266 = CARTESIAN_POINT('',(6.896710499704,17.834040407116,
    32.190990336424));
#267 = VECTOR('',#268,1.);
#268 = DIRECTION('',(-0.258819045103,0.965925826289,-1.072393092426E-16)
  );
#269 = PCURVE('',#59,#270);
#270 = DEFINITIONAL_REPRESENTATION('',(#271),#275);
#271 = LINE('',#272,#273);
#272 = CARTESIAN_POINT('',(-2.979694390036,0.));
#273 = VECTOR('',#274,1.);
#274 = DIRECTION('',(-0.,1.));
#275 = ( GEOMETRIC_REPRESENTATION_CONTEXT(2) 
PARAMETRIC_REPRESENTATION_CONTEXT() REPRESENTATION_CONTEXT('2D SPACE',''
  ) );
#276 = PCURVE('',#277,#282);
#277 = CYLINDRICAL_SURFACE('',#278,4.8);
#278 = AXIS2_PLACEMENT_3D('',#279,#280,#281);
#279 = CARTESIAN_POINT('',(4.636444066188,17.228403841576,28.));
#280 = DIRECTION('',(-0.258819045103,0.965925826289,-1.072393092426E-16)
  );
#281 = DIRECTION('',(0.965925826289,0.258819045103,-2.873468630843E-17)
  );
#282 = DEFINITIONAL_REPRESENTATION('',(#283),#287);
#283 = LINE('',#284,#285);
#284 = CARTESIAN_POINT('',(-1.06157215526,0.));
#285 = VECTOR('',#286,1.);
#286 = DIRECTION('',(-0.,1.));
#287 = ( GEOMETRIC_REPRESENTATION_CONTEXT(2) 
PARAMETRIC_REPRESENTATION_CONTEXT() REPRESENTATION_CONTEXT('2D SPACE',''
  ) );
#288 = ORIENTED_EDGE('',*,*,#289,.F.);
#289 = EDGE_CURVE('',#290,#262,#292,.T.);
#290 = VERTEX_POINT('',#291);
#291 = CARTESIAN_POINT('',(7.78668195247,18.072507539172,36.));
#292 = SURFACE_CURVE('',#293,(#298,#305),.PCURVE_S1.);
#293 = CIRCLE('',#294,26.);
#294 = AXIS2_PLACEMENT_3D('',#295,#296,#297);
#295 = CARTESIAN_POINT('',(31.682367202281,24.475337104447,28.));
#296 = DIRECTION('',(0.258819045103,-0.965925826289,9.71445146547E-17));
#297 = DIRECTION('',(0.419245729513,0.112336554653,0.900895952246));
#298 = PCURVE('',#59,#299);
#299 = DEFINITIONAL_REPRESENTATION('',(#300),#304);
#300 = LINE('',#301,#302);
#301 = CARTESIAN_POINT('',(-1.121829352151,0.));
#302 = VECTOR('',#303,1.);
#303 = DIRECTION('',(-1.,0.));
#304 = ( GEOMETRIC_REPRESENTATION_CONTEXT(2) 
PARAMETRIC_REPRESENTATION_CONTEXT() REPRESENTATION_CONTEXT('2D SPACE',''
  ) );
#305 = PCURVE('',#71,#306);
#306 = DEFINITIONAL_REPRESENTATION('',(#307),#311);
#307 = CIRCLE('',#308,26.);
#308 = AXIS2_PLACEMENT_2D('',#309,#310);
#309 = CARTESIAN_POINT('',(1.02086113104E-31,-3.552713678801E-15));
#310 = DIRECTION('',(0.434035117503,0.900895952246));
#311 = ( GEOMETRIC_REPRESENTATION_CONTEXT(2) 
PARAMETRIC_REPRESENTATION_CONTEXT() REPRESENTATION_CONTEXT('2D SPACE',''
  ) );
#312 = ORIENTED_EDGE('',*,*,#313,.T.);
#313 = EDGE_CURVE('',#290,#314,#316,.T.);
#314 = VERTEX_POINT('',#315);
#315 = CARTESIAN_POINT('',(9.286439250354,12.475337104447,36.));
#316 = SURFACE_CURVE('',#317,(#328,#342),.PCURVE_S1.);
#317 = B_SPLINE_CURVE_WITH_KNOTS('',5,(#318,#319,#320,#321,#322,#323,
    #324,#325,#326,#327),.UNSPECIFIED.,.F.,.F.,(6,4,6),(0.,
    3.324261351747E-02,1.),.UNSPECIFIED.);
#318 = CARTESIAN_POINT('',(7.786681797179,18.072508118727,36.));
#319 = CARTESIAN_POINT('',(7.791187283876,18.055693413461,36.));
#320 = CARTESIAN_POINT('',(7.803168193434,18.010980050269,36.));
#321 = CARTESIAN_POINT('',(7.813267781782,17.973287873419,36.));
#322 = CARTESIAN_POINT('',(7.820221758453,17.947335279169,36.));
#323 = CARTESIAN_POINT('',(8.12105299384,16.824617824199,36.));
#324 = CARTESIAN_POINT('',(8.412125833786,15.738319196819,36.));
#325 = CARTESIAN_POINT('',(8.703400196308,14.651268476945,36.));
#326 = CARTESIAN_POINT('',(8.994845453916,13.563579967924,36.));
#327 = CARTESIAN_POINT('',(9.286439250354,12.475337104447,36.));
#328 = PCURVE('',#59,#329);
#329 = DEFINITIONAL_REPRESENTATION('',(#330),#341);
#330 = B_SPLINE_CURVE_WITH_KNOTS('',5,(#331,#332,#333,#334,#335,#336,
    #337,#338,#339,#340),.UNSPECIFIED.,.F.,.F.,(6,4,6),(0.,
    3.324261351747E-02,1.),.UNSPECIFIED.);
#331 = CARTESIAN_POINT('',(-2.828825931648,5.999999999062E-07));
#332 = CARTESIAN_POINT('',(-2.828825931648,-1.740726384298E-02));
#333 = CARTESIAN_POINT('',(-2.828825931648,-6.36979437011E-02));
#334 = CARTESIAN_POINT('',(-2.828825931648,-0.102719756582));
#335 = CARTESIAN_POINT('',(-2.828825931648,-0.129587859229));
#336 = CARTESIAN_POINT('',(-2.828825931648,-1.29191049769));
#337 = CARTESIAN_POINT('',(-2.828825931648,-2.416529591429));
#338 = CARTESIAN_POINT('',(-2.828825931648,-3.541927308612));
#339 = CARTESIAN_POINT('',(-2.828825931648,-4.667985313707));
#340 = CARTESIAN_POINT('',(-2.828825931648,-5.794617228766));
#341 = ( GEOMETRIC_REPRESENTATION_CONTEXT(2) 
PARAMETRIC_REPRESENTATION_CONTEXT() REPRESENTATION_CONTEXT('2D SPACE',''
  ) );
#342 = PCURVE('',#343,#348);
#343 = B_SPLINE_SURFACE_WITH_KNOTS('',1,1,(
    (#344,#345)
    ,(#346,#347
  )),.UNSPECIFIED.,.F.,.F.,.F.,(2,2),(2,2),(0.,12.),(0.,1.),
  .PIECEWISE_BEZIER_KNOTS.);
#344 = CARTESIAN_POINT('',(2.682367202281,31.430746135935,36.));
#345 = CARTESIAN_POINT('',(2.682367202281,12.475337104447,36.));
#346 = CARTESIAN_POINT('',(10.682367202281,31.430746135935,36.));
#347 = CARTESIAN_POINT('',(14.682367202281,12.475337104447,36.));
#348 = DEFINITIONAL_REPRESENTATION('',(#349),#360);
#349 = B_SPLINE_CURVE_WITH_KNOTS('',5,(#350,#351,#352,#353,#354,#355,
    #356,#357,#358,#359),.UNSPECIFIED.,.F.,.F.,(6,4,6),(0.,
    3.324261351747E-02,1.),.UNSPECIFIED.);
#350 = CARTESIAN_POINT('',(5.661565057839,0.704719059083));
#351 = CARTESIAN_POINT('',(5.664705597069,0.705606125421));
#352 = CARTESIAN_POINT('',(5.673056967759,0.707964996343));
#353 = CARTESIAN_POINT('',(5.680063155257,0.709953461841));
#354 = CARTESIAN_POINT('',(5.684892421441,0.711322601078));
#355 = CARTESIAN_POINT('',(5.89326320485,0.770551998507));
#356 = CARTESIAN_POINT('',(6.084246970081,0.827860106477));
#357 = CARTESIAN_POINT('',(6.265827468125,0.885207891379));
#358 = CARTESIAN_POINT('',(6.438859667168,0.942589323097));
#359 = CARTESIAN_POINT('',(6.604072048073,1.));
#360 = ( GEOMETRIC_REPRESENTATION_CONTEXT(2) 
PARAMETRIC_REPRESENTATION_CONTEXT() REPRESENTATION_CONTEXT('2D SPACE',''
  ) );
#361 = ORIENTED_EDGE('',*,*,#362,.T.);
#362 = EDGE_CURVE('',#314,#363,#365,.T.);
#363 = VERTEX_POINT('',#364);
#364 = CARTESIAN_POINT('',(13.680909411789,12.475337104447,44.));
#365 = SURFACE_CURVE('',#366,(#371,#382),.PCURVE_S1.);
#366 = ELLIPSE('',#367,26.917180690662,26.);
#367 = AXIS2_PLACEMENT_3D('',#368,#369,#370);
#368 = CARTESIAN_POINT('',(34.897757511455,12.475337104447,28.));
#369 = DIRECTION('',(0.,1.,-1.110223024625E-16));
#370 = DIRECTION('',(-1.,0.,0.));
#371 = PCURVE('',#59,#372);
#372 = DEFINITIONAL_REPRESENTATION('',(#373),#381);
#373 = B_SPLINE_CURVE_WITH_KNOTS('',6,(#374,#375,#376,#377,#378,#379,
    #380),.UNSPECIFIED.,.F.,.F.,(7,7),(0.161898263554,0.752079327156),
  .PIECEWISE_BEZIER_KNOTS.);
#374 = CARTESIAN_POINT('',(-2.979694390036,-5.547737887138));
#375 = CARTESIAN_POINT('',(-2.881330879436,-5.658197402198));
#376 = CARTESIAN_POINT('',(-2.782967368835,-5.848485411876));
#377 = CARTESIAN_POINT('',(-2.684603858235,-6.116678780817));
#378 = CARTESIAN_POINT('',(-2.586240347634,-6.458534622771));
#379 = CARTESIAN_POINT('',(-2.487876837034,-6.867611800533));
#380 = CARTESIAN_POINT('',(-2.389513326433,-7.335757920166));
#381 = ( GEOMETRIC_REPRESENTATION_CONTEXT(2) 
PARAMETRIC_REPRESENTATION_CONTEXT() REPRESENTATION_CONTEXT('2D SPACE',''
  ) );
#382 = PCURVE('',#383,#388);
#383 = PLANE('',#384);
#384 = AXIS2_PLACEMENT_3D('',#385,#386,#387);
#385 = CARTESIAN_POINT('',(2.682367202281,12.475337104447,36.));
#386 = DIRECTION('',(0.,1.,-1.110223024625E-16));
#387 = DIRECTION('',(0.832050294338,6.158409296133E-17,0.554700196225));
#388 = DEFINITIONAL_REPRESENTATION('',(#389),#393);
#389 = ELLIPSE('',#390,26.917180690662,26.);
#390 = AXIS2_PLACEMENT_2D('',#391,#392);
#391 = CARTESIAN_POINT('',(22.367223419154,24.526285680674));
#392 = DIRECTION('',(-0.832050294338,-0.554700196225));
#393 = ( GEOMETRIC_REPRESENTATION_CONTEXT(2) 
PARAMETRIC_REPRESENTATION_CONTEXT() REPRESENTATION_CONTEXT('2D SPACE',''
  ) );
#394 = ORIENTED_EDGE('',*,*,#395,.F.);
#395 = EDGE_CURVE('',#50,#363,#396,.T.);
#396 = SURFACE_CURVE('',#397,(#412,#430),.PCURVE_S1.);
#397 = B_SPLINE_CURVE_WITH_KNOTS('',7,(#398,#399,#400,#401,#402,#403,
    #404,#405,#406,#407,#408,#409,#410,#411),.UNSPECIFIED.,.F.,.F.,(8,6,
    8),(0.,3.409999683252E-02,1.),.UNSPECIFIED.);
#398 = CARTESIAN_POINT('',(11.886778275884,19.171125659086,44.));
#399 = CARTESIAN_POINT('',(11.890603631839,19.156849236304,44.));
#400 = CARTESIAN_POINT('',(11.89898429782,19.125572165065,44.));
#401 = CARTESIAN_POINT('',(11.908433969314,19.090305510931,44.));
#402 = CARTESIAN_POINT('',(11.917027640628,19.058233492966,44.));
#403 = CARTESIAN_POINT('',(11.924314135725,19.031039923054,44.));
#404 = CARTESIAN_POINT('',(11.931228446477,19.005235364029,44.));
#405 = CARTESIAN_POINT('',(12.188595139028,18.044729791252,44.));
#406 = CARTESIAN_POINT('',(12.437230261683,17.116810880957,44.));
#407 = CARTESIAN_POINT('',(12.685904499022,16.188745992676,44.));
#408 = CARTESIAN_POINT('',(12.934613143571,15.260552694937,44.));
#409 = CARTESIAN_POINT('',(13.183352241865,14.332245742274,44.));
#410 = CARTESIAN_POINT('',(13.4321185371,13.403837289248,44.));
#411 = CARTESIAN_POINT('',(13.680909411789,12.475337104447,44.));
#412 = PCURVE('',#59,#413);
#413 = DEFINITIONAL_REPRESENTATION('',(#414),#429);
#414 = B_SPLINE_CURVE_WITH_KNOTS('',7,(#415,#416,#417,#418,#419,#420,
    #421,#422,#423,#424,#425,#426,#427,#428),.UNSPECIFIED.,.F.,.F.,(8,6,
    8),(0.,3.409999683252E-02,1.),.UNSPECIFIED.);
#415 = CARTESIAN_POINT('',(-2.47871882994,5.999999999062E-07));
#416 = CARTESIAN_POINT('',(-2.47871882994,-1.477944044734E-02));
#417 = CARTESIAN_POINT('',(-2.47871882994,-4.715984729457E-02));
#418 = CARTESIAN_POINT('',(-2.47871882994,-8.36705742818E-02));
#419 = CARTESIAN_POINT('',(-2.47871882994,-0.116873970538));
#420 = CARTESIAN_POINT('',(-2.47871882994,-0.145026825729));
#421 = CARTESIAN_POINT('',(-2.47871882994,-0.171741671034));
#422 = CARTESIAN_POINT('',(-2.47871882994,-1.16613021168));
#423 = CARTESIAN_POINT('',(-2.47871882994,-2.126782556861));
#424 = CARTESIAN_POINT('',(-2.47871882994,-3.087586029573));
#425 = CARTESIAN_POINT('',(-2.47871882994,-4.048522441539));
#426 = CARTESIAN_POINT('',(-2.47871882994,-5.00957651774));
#427 = CARTESIAN_POINT('',(-2.47871882994,-5.97073567485));
#428 = CARTESIAN_POINT('',(-2.47871882994,-6.93198979968));
#429 = ( GEOMETRIC_REPRESENTATION_CONTEXT(2) 
PARAMETRIC_REPRESENTATION_CONTEXT() REPRESENTATION_CONTEXT('2D SPACE',''
  ) );
#430 = PCURVE('',#431,#436);
#431 = B_SPLINE_SURFACE_WITH_KNOTS('',1,1,(
    (#432,#433)
    ,(#434,#435
  )),.UNSPECIFIED.,.F.,.F.,.F.,(2,2),(2,2),(0.,12.),(0.,1.),
  .PIECEWISE_BEZIER_KNOTS.);
#432 = CARTESIAN_POINT('',(10.682367202281,31.430746135935,44.));
#433 = CARTESIAN_POINT('',(14.682367202281,12.475337104447,44.));
#434 = CARTESIAN_POINT('',(2.682367202281,31.430746135935,44.));
#435 = CARTESIAN_POINT('',(2.682367202281,12.475337104447,44.));
#436 = DEFINITIONAL_REPRESENTATION('',(#437),#452);
#437 = B_SPLINE_CURVE_WITH_KNOTS('',7,(#438,#439,#440,#441,#442,#443,
    #444,#445,#446,#447,#448,#449,#450,#451),.UNSPECIFIED.,.F.,.F.,(8,6,
    8),(0.,3.409999683252E-02,1.),.UNSPECIFIED.);
#438 = CARTESIAN_POINT('',(1.567160721972,0.646761062053));
#439 = CARTESIAN_POINT('',(1.565793583511,0.647514220307));
#440 = CARTESIAN_POINT('',(1.562798083301,0.649164254405));
#441 = CARTESIAN_POINT('',(1.559429664402,0.651024760505));
#442 = CARTESIAN_POINT('',(1.556370237699,0.652716732328));
#443 = CARTESIAN_POINT('',(1.553781457894,0.65415133972));
#444 = CARTESIAN_POINT('',(1.551324898461,0.6555126693));
#445 = CARTESIAN_POINT('',(1.460069052442,0.706184515588));
#446 = CARTESIAN_POINT('',(1.375697293837,0.755137239782));
#447 = CARTESIAN_POINT('',(1.29480974346,0.804097665101));
#448 = CARTESIAN_POINT('',(1.217153485364,0.853064864712));
#449 = CARTESIAN_POINT('',(1.142505380756,0.902038060232));
#450 = CARTESIAN_POINT('',(1.070666705979,0.951016610443));
#451 = CARTESIAN_POINT('',(1.001457790492,1.));
#452 = ( GEOMETRIC_REPRESENTATION_CONTEXT(2) 
PARAMETRIC_REPRESENTATION_CONTEXT() REPRESENTATION_CONTEXT('2D SPACE',''
  ) );
#453 = ADVANCED_FACE('',(#454),#99,.T.);
#454 = FACE_BOUND('',#455,.F.);
#455 = EDGE_LOOP('',(#456,#484,#485,#513,#541,#573));
#456 = ORIENTED_EDGE('',*,*,#457,.F.);
#457 = EDGE_CURVE('',#84,#458,#460,.T.);
#458 = VERTEX_POINT('',#459);
#459 = CARTESIAN_POINT('',(53.498370719559,13.187096843189,
    46.615588154508));
#460 = SURFACE_CURVE('',#461,(#466,#473),.PCURVE_S1.);
#461 = CIRCLE('',#462,4.8);
#462 = AXIS2_PLACEMENT_3D('',#463,#464,#465);
#463 = CARTESIAN_POINT('',(51.478726608953,12.645934834754,
    50.936257240092));
#464 = DIRECTION('',(-0.258819045103,0.965925826289,-1.110223024625E-16)
  );
#465 = DIRECTION('',(-0.960940675601,-0.257483278002,0.101466149648));
#466 = PCURVE('',#99,#467);
#467 = DEFINITIONAL_REPRESENTATION('',(#468),#472);
#468 = LINE('',#469,#470);
#469 = CARTESIAN_POINT('',(-9.323136894107,-16.55));
#470 = VECTOR('',#471,1.);
#471 = DIRECTION('',(1.,-0.));
#472 = ( GEOMETRIC_REPRESENTATION_CONTEXT(2) 
PARAMETRIC_REPRESENTATION_CONTEXT() REPRESENTATION_CONTEXT('2D SPACE',''
  ) );
#473 = PCURVE('',#128,#474);
#474 = DEFINITIONAL_REPRESENTATION('',(#475),#483);
#475 = ( BOUNDED_CURVE() B_SPLINE_CURVE(2,(#476,#477,#478,#479,#480,#481
,#482),.UNSPECIFIED.,.T.,.F.) B_SPLINE_CURVE_WITH_KNOTS((1,2,2,2,2,1),(
    -2.094395102393,0.,2.094395102393,4.188790204786,6.28318530718,
8.377580409573),.UNSPECIFIED.) CURVE() GEOMETRIC_REPRESENTATION_ITEM() 
RATIONAL_B_SPLINE_CURVE((1.,0.5,1.,0.5,1.,0.5,1.)) REPRESENTATION_ITEM(
  '') );
#476 = CARTESIAN_POINT('',(11.284913055091,23.423294758403));
#477 = CARTESIAN_POINT('',(12.128486781998,31.694230821949));
#478 = CARTESIAN_POINT('',(18.869540662652,26.828206512709));
#479 = CARTESIAN_POINT('',(25.610594543307,21.962182203469));
#480 = CARTESIAN_POINT('',(18.025966935745,18.557270449163));
#481 = CARTESIAN_POINT('',(10.441339328183,15.152358694857));
#482 = CARTESIAN_POINT('',(11.284913055091,23.423294758403));
#483 = ( GEOMETRIC_REPRESENTATION_CONTEXT(2) 
PARAMETRIC_REPRESENTATION_CONTEXT() REPRESENTATION_CONTEXT('2D SPACE',''
  ) );
#484 = ORIENTED_EDGE('',*,*,#83,.T.);
#485 = ORIENTED_EDGE('',*,*,#486,.T.);
#486 = EDGE_CURVE('',#48,#487,#489,.T.);
#487 = VERTEX_POINT('',#488);
#488 = CARTESIAN_POINT('',(50.863042425226,29.614783540718,48.));
#489 = SURFACE_CURVE('',#490,(#495,#502),.PCURVE_S1.);
#490 = CIRCLE('',#491,4.8);
#491 = AXIS2_PLACEMENT_3D('',#492,#493,#494);
#492 = CARTESIAN_POINT('',(47.195271412506,28.632007259838,
    50.936257240092));
#493 = DIRECTION('',(-0.258819045103,0.965925826289,-1.110223024625E-16)
  );
#494 = DIRECTION('',(-0.960940675601,-0.257483278002,0.101466149648));
#495 = PCURVE('',#99,#496);
#496 = DEFINITIONAL_REPRESENTATION('',(#497),#501);
#497 = LINE('',#498,#499);
#498 = CARTESIAN_POINT('',(-9.323136894107,0.));
#499 = VECTOR('',#500,1.);
#500 = DIRECTION('',(1.,-0.));
#501 = ( GEOMETRIC_REPRESENTATION_CONTEXT(2) 
PARAMETRIC_REPRESENTATION_CONTEXT() REPRESENTATION_CONTEXT('2D SPACE',''
  ) );
#502 = PCURVE('',#71,#503);
#503 = DEFINITIONAL_REPRESENTATION('',(#504),#512);
#504 = ( BOUNDED_CURVE() B_SPLINE_CURVE(2,(#505,#506,#507,#508,#509,#510
,#511),.UNSPECIFIED.,.T.,.F.) B_SPLINE_CURVE_WITH_KNOTS((1,2,2,2,2,1),(
    -2.094395102393,0.,2.094395102393,4.188790204786,6.28318530718,
8.377580409573),.UNSPECIFIED.) CURVE() GEOMETRIC_REPRESENTATION_ITEM() 
RATIONAL_B_SPLINE_CURVE((1.,0.5,1.,0.5,1.,0.5,1.)) REPRESENTATION_ITEM(
  '') );
#505 = CARTESIAN_POINT('',(11.284913055091,23.423294758403));
#506 = CARTESIAN_POINT('',(12.128486781998,31.694230821949));
#507 = CARTESIAN_POINT('',(18.869540662652,26.828206512709));
#508 = CARTESIAN_POINT('',(25.610594543307,21.962182203469));
#509 = CARTESIAN_POINT('',(18.025966935745,18.557270449163));
#510 = CARTESIAN_POINT('',(10.441339328183,15.152358694857));
#511 = CARTESIAN_POINT('',(11.284913055091,23.423294758403));
#512 = ( GEOMETRIC_REPRESENTATION_CONTEXT(2) 
PARAMETRIC_REPRESENTATION_CONTEXT() REPRESENTATION_CONTEXT('2D SPACE',''
  ) );
#513 = ORIENTED_EDGE('',*,*,#514,.F.);
#514 = EDGE_CURVE('',#515,#487,#517,.T.);
#515 = VERTEX_POINT('',#516);
#516 = CARTESIAN_POINT('',(53.155399570573,21.059590205192,48.));
#517 = SURFACE_CURVE('',#518,(#522,#529),.PCURVE_S1.);
#518 = LINE('',#519,#520);
#519 = CARTESIAN_POINT('',(50.863042425226,29.614783540718,48.));
#520 = VECTOR('',#521,1.);
#521 = DIRECTION('',(-0.258819045103,0.965925826289,-1.072393092426E-16)
  );
#522 = PCURVE('',#99,#523);
#523 = DEFINITIONAL_REPRESENTATION('',(#524),#528);
#524 = LINE('',#525,#526);
#525 = CARTESIAN_POINT('',(-5.624951954382,-4.440892098501E-16));
#526 = VECTOR('',#527,1.);
#527 = DIRECTION('',(-0.,1.));
#528 = ( GEOMETRIC_REPRESENTATION_CONTEXT(2) 
PARAMETRIC_REPRESENTATION_CONTEXT() REPRESENTATION_CONTEXT('2D SPACE',''
  ) );
#529 = PCURVE('',#530,#535);
#530 = PLANE('',#531);
#531 = AXIS2_PLACEMENT_3D('',#532,#533,#534);
#532 = CARTESIAN_POINT('',(56.73397150553,26.622373017474,48.));
#533 = DIRECTION('',(0.,1.110223024625E-16,1.));
#534 = DIRECTION('',(0.,-1.,1.110223024625E-16));
#535 = DEFINITIONAL_REPRESENTATION('',(#536),#540);
#536 = LINE('',#537,#538);
#537 = CARTESIAN_POINT('',(-2.992410523245,-5.870929080304));
#538 = VECTOR('',#539,1.);
#539 = DIRECTION('',(-0.965925826289,-0.258819045103));
#540 = ( GEOMETRIC_REPRESENTATION_CONTEXT(2) 
PARAMETRIC_REPRESENTATION_CONTEXT() REPRESENTATION_CONTEXT('2D SPACE',''
  ) );
#541 = ORIENTED_EDGE('',*,*,#542,.F.);
#542 = EDGE_CURVE('',#543,#515,#545,.T.);
#543 = VERTEX_POINT('',#544);
#544 = CARTESIAN_POINT('',(51.489487673181,20.684350438737,
    46.615588154508));
#545 = SURFACE_CURVE('',#546,(#551,#561),.PCURVE_S1.);
#546 = ELLIPSE('',#547,4.803890958162,4.8);
#547 = AXIS2_PLACEMENT_3D('',#548,#549,#550);
#548 = CARTESIAN_POINT('',(49.448049512053,20.224524934152,
    50.936257240092));
#549 = DIRECTION('',(0.219740487242,-0.975558362307,1.083087355699E-16)
  );
#550 = DIRECTION('',(-0.975558362307,-0.219740487242,2.439609483782E-17)
  );
#551 = PCURVE('',#99,#552);
#552 = DEFINITIONAL_REPRESENTATION('',(#553),#560);
#553 = B_SPLINE_CURVE_WITH_KNOTS('',5,(#554,#555,#556,#557,#558,#559),
  .UNSPECIFIED.,.F.,.F.,(6,6),(2.021503243857,2.633261308678),
  .PIECEWISE_BEZIER_KNOTS.);
#554 = CARTESIAN_POINT('',(-5.163095897446,-8.788271934035));
#555 = CARTESIAN_POINT('',(-5.285447510411,-8.809561723072));
#556 = CARTESIAN_POINT('',(-5.407799123375,-8.829276023534));
#557 = CARTESIAN_POINT('',(-5.530150736339,-8.846749558587));
#558 = CARTESIAN_POINT('',(-5.652502349304,-8.861420979087));
#559 = CARTESIAN_POINT('',(-5.774853962268,-8.87293272016));
#560 = ( GEOMETRIC_REPRESENTATION_CONTEXT(2) 
PARAMETRIC_REPRESENTATION_CONTEXT() REPRESENTATION_CONTEXT('2D SPACE',''
  ) );
#561 = PCURVE('',#562,#567);
#562 = PLANE('',#563);
#563 = AXIS2_PLACEMENT_3D('',#564,#565,#566);
#564 = CARTESIAN_POINT('',(41.682367202281,18.475337104447,45.));
#565 = DIRECTION('',(0.219740487242,-0.975558362307,1.083087355699E-16)
  );
#566 = DIRECTION('',(0.975558362307,0.219740487242,-2.439609483782E-17)
  );
#567 = DEFINITIONAL_REPRESENTATION('',(#568),#572);
#568 = ELLIPSE('',#569,4.803890958162,4.8);
#569 = AXIS2_PLACEMENT_2D('',#570,#571);
#570 = CARTESIAN_POINT('',(7.960243702293,5.936257240092));
#571 = DIRECTION('',(-1.,0.));
#572 = ( GEOMETRIC_REPRESENTATION_CONTEXT(2) 
PARAMETRIC_REPRESENTATION_CONTEXT() REPRESENTATION_CONTEXT('2D SPACE',''
  ) );
#573 = ORIENTED_EDGE('',*,*,#574,.F.);
#574 = EDGE_CURVE('',#458,#543,#575,.T.);
#575 = SURFACE_CURVE('',#576,(#580,#587),.PCURVE_S1.);
#576 = LINE('',#577,#578);
#577 = CARTESIAN_POINT('',(49.214915523112,29.173169268273,
    46.615588154508));
#578 = VECTOR('',#579,1.);
#579 = DIRECTION('',(-0.258819045103,0.965925826289,-1.072393092426E-16)
  );
#580 = PCURVE('',#99,#581);
#581 = DEFINITIONAL_REPRESENTATION('',(#582),#586);
#582 = LINE('',#583,#584);
#583 = CARTESIAN_POINT('',(-5.163095897446,0.));
#584 = VECTOR('',#585,1.);
#585 = DIRECTION('',(-0.,1.));
#586 = ( GEOMETRIC_REPRESENTATION_CONTEXT(2) 
PARAMETRIC_REPRESENTATION_CONTEXT() REPRESENTATION_CONTEXT('2D SPACE',''
  ) );
#587 = PCURVE('',#588,#593);
#588 = CYLINDRICAL_SURFACE('',#589,26.);
#589 = AXIS2_PLACEMENT_3D('',#590,#591,#592);
#590 = CARTESIAN_POINT('',(31.682367202281,24.475337104447,28.));
#591 = DIRECTION('',(-0.258819045103,0.965925826289,-1.072393092426E-16)
  );
#592 = DIRECTION('',(0.965925826289,0.258819045103,-2.873468630843E-17)
  );
#593 = DEFINITIONAL_REPRESENTATION('',(#594),#598);
#594 = LINE('',#595,#596);
#595 = CARTESIAN_POINT('',(-7.081218132223,0.));
#596 = VECTOR('',#597,1.);
#597 = DIRECTION('',(-0.,1.));
#598 = ( GEOMETRIC_REPRESENTATION_CONTEXT(2) 
PARAMETRIC_REPRESENTATION_CONTEXT() REPRESENTATION_CONTEXT('2D SPACE',''
  ) );
#599 = ADVANCED_FACE('',(#600),#530,.T.);
#600 = FACE_BOUND('',#601,.T.);
#601 = EDGE_LOOP('',(#602,#603,#626,#654,#682,#710,#738));
#602 = ORIENTED_EDGE('',*,*,#514,.F.);
#603 = ORIENTED_EDGE('',*,*,#604,.T.);
#604 = EDGE_CURVE('',#515,#605,#607,.T.);
#605 = VERTEX_POINT('',#606);
#606 = CARTESIAN_POINT('',(63.682367202281,23.430746135935,48.));
#607 = SURFACE_CURVE('',#608,(#612,#619),.PCURVE_S1.);
#608 = LINE('',#609,#610);
#609 = CARTESIAN_POINT('',(41.682367202281,18.475337104447,48.));
#610 = VECTOR('',#611,1.);
#611 = DIRECTION('',(0.975558362307,0.219740487242,-2.439609483782E-17)
  );
#612 = PCURVE('',#530,#613);
#613 = DEFINITIONAL_REPRESENTATION('',(#614),#618);
#614 = LINE('',#615,#616);
#615 = CARTESIAN_POINT('',(8.147035913027,-15.05160430324));
#616 = VECTOR('',#617,1.);
#617 = DIRECTION('',(-0.219740487242,0.975558362307));
#618 = ( GEOMETRIC_REPRESENTATION_CONTEXT(2) 
PARAMETRIC_REPRESENTATION_CONTEXT() REPRESENTATION_CONTEXT('2D SPACE',''
  ) );
#619 = PCURVE('',#562,#620);
#620 = DEFINITIONAL_REPRESENTATION('',(#621),#625);
#621 = LINE('',#622,#623);
#622 = CARTESIAN_POINT('',(-7.318828451345E-17,3.));
#623 = VECTOR('',#624,1.);
#624 = DIRECTION('',(1.,0.));
#625 = ( GEOMETRIC_REPRESENTATION_CONTEXT(2) 
PARAMETRIC_REPRESENTATION_CONTEXT() REPRESENTATION_CONTEXT('2D SPACE',''
  ) );
#626 = ORIENTED_EDGE('',*,*,#627,.T.);
#627 = EDGE_CURVE('',#605,#628,#630,.T.);
#628 = VERTEX_POINT('',#629);
#629 = CARTESIAN_POINT('',(62.682367202281,23.430746135935,48.));
#630 = SURFACE_CURVE('',#631,(#635,#642),.PCURVE_S1.);
#631 = LINE('',#632,#633);
#632 = CARTESIAN_POINT('',(59.708169353906,23.430746135935,48.));
#633 = VECTOR('',#634,1.);
#634 = DIRECTION('',(-1.,0.,0.));
#635 = PCURVE('',#530,#636);
#636 = DEFINITIONAL_REPRESENTATION('',(#637),#641);
#637 = LINE('',#638,#639);
#638 = CARTESIAN_POINT('',(3.191626881539,2.974197848376));
#639 = VECTOR('',#640,1.);
#640 = DIRECTION('',(0.,-1.));
#641 = ( GEOMETRIC_REPRESENTATION_CONTEXT(2) 
PARAMETRIC_REPRESENTATION_CONTEXT() REPRESENTATION_CONTEXT('2D SPACE',''
  ) );
#642 = PCURVE('',#643,#648);
#643 = PLANE('',#644);
#644 = AXIS2_PLACEMENT_3D('',#645,#646,#647);
#645 = CARTESIAN_POINT('',(62.682367202281,23.430746135935,0.));
#646 = DIRECTION('',(0.,-1.,1.110223024625E-16));
#647 = DIRECTION('',(1.,0.,0.));
#648 = DEFINITIONAL_REPRESENTATION('',(#649),#653);
#649 = LINE('',#650,#651);
#650 = CARTESIAN_POINT('',(-2.974197848376,48.));
#651 = VECTOR('',#652,1.);
#652 = DIRECTION('',(-1.,0.));
#653 = ( GEOMETRIC_REPRESENTATION_CONTEXT(2) 
PARAMETRIC_REPRESENTATION_CONTEXT() REPRESENTATION_CONTEXT('2D SPACE',''
  ) );
#654 = ORIENTED_EDGE('',*,*,#655,.F.);
#655 = EDGE_CURVE('',#656,#628,#658,.T.);
#656 = VERTEX_POINT('',#657);
#657 = CARTESIAN_POINT('',(62.682367202281,31.930746135935,48.));
#658 = SURFACE_CURVE('',#659,(#663,#670),.PCURVE_S1.);
#659 = LINE('',#660,#661);
#660 = CARTESIAN_POINT('',(62.682367202281,29.276559576704,48.));
#661 = VECTOR('',#662,1.);
#662 = DIRECTION('',(0.,-1.,1.110223024625E-16));
#663 = PCURVE('',#530,#664);
#664 = DEFINITIONAL_REPRESENTATION('',(#665),#669);
#665 = LINE('',#666,#667);
#666 = CARTESIAN_POINT('',(-2.654186559231,5.948395696752));
#667 = VECTOR('',#668,1.);
#668 = DIRECTION('',(1.,0.));
#669 = ( GEOMETRIC_REPRESENTATION_CONTEXT(2) 
PARAMETRIC_REPRESENTATION_CONTEXT() REPRESENTATION_CONTEXT('2D SPACE',''
  ) );
#670 = PCURVE('',#671,#676);
#671 = PLANE('',#672);
#672 = AXIS2_PLACEMENT_3D('',#673,#674,#675);
#673 = CARTESIAN_POINT('',(62.682367202281,31.930746135935,0.));
#674 = DIRECTION('',(1.,0.,0.));
#675 = DIRECTION('',(0.,-1.,1.110223024625E-16));
#676 = DEFINITIONAL_REPRESENTATION('',(#677),#681);
#677 = LINE('',#678,#679);
#678 = CARTESIAN_POINT('',(2.654186559231,-48.));
#679 = VECTOR('',#680,1.);
#680 = DIRECTION('',(1.,0.));
#681 = ( GEOMETRIC_REPRESENTATION_CONTEXT(2) 
PARAMETRIC_REPRESENTATION_CONTEXT() REPRESENTATION_CONTEXT('2D SPACE',''
  ) );
#682 = ORIENTED_EDGE('',*,*,#683,.T.);
#683 = EDGE_CURVE('',#656,#684,#686,.T.);
#684 = VERTEX_POINT('',#685);
#685 = CARTESIAN_POINT('',(41.682367202281,31.930746135935,48.));
#686 = SURFACE_CURVE('',#687,(#691,#698),.PCURVE_S1.);
#687 = LINE('',#688,#689);
#688 = CARTESIAN_POINT('',(73.682367202281,31.930746135935,48.));
#689 = VECTOR('',#690,1.);
#690 = DIRECTION('',(-1.,0.,0.));
#691 = PCURVE('',#530,#692);
#692 = DEFINITIONAL_REPRESENTATION('',(#693),#697);
#693 = LINE('',#694,#695);
#694 = CARTESIAN_POINT('',(-5.308373118461,16.948395696752));
#695 = VECTOR('',#696,1.);
#696 = DIRECTION('',(0.,-1.));
#697 = ( GEOMETRIC_REPRESENTATION_CONTEXT(2) 
PARAMETRIC_REPRESENTATION_CONTEXT() REPRESENTATION_CONTEXT('2D SPACE',''
  ) );
#698 = PCURVE('',#699,#704);
#699 = PLANE('',#700);
#700 = AXIS2_PLACEMENT_3D('',#701,#702,#703);
#701 = CARTESIAN_POINT('',(73.682367202281,31.930746135935,45.));
#702 = DIRECTION('',(-0.,1.,-1.110223024625E-16));
#703 = DIRECTION('',(-1.,0.,0.));
#704 = DEFINITIONAL_REPRESENTATION('',(#705),#709);
#705 = LINE('',#706,#707);
#706 = CARTESIAN_POINT('',(0.,3.));
#707 = VECTOR('',#708,1.);
#708 = DIRECTION('',(1.,0.));
#709 = ( GEOMETRIC_REPRESENTATION_CONTEXT(2) 
PARAMETRIC_REPRESENTATION_CONTEXT() REPRESENTATION_CONTEXT('2D SPACE',''
  ) );
#710 = ORIENTED_EDGE('',*,*,#711,.T.);
#711 = EDGE_CURVE('',#684,#712,#714,.T.);
#712 = VERTEX_POINT('',#713);
#713 = CARTESIAN_POINT('',(41.682367202281,27.154829028758,48.));
#714 = SURFACE_CURVE('',#715,(#719,#726),.PCURVE_S1.);
#715 = LINE('',#716,#717);
#716 = CARTESIAN_POINT('',(41.682367202281,31.930746135935,48.));
#717 = VECTOR('',#718,1.);
#718 = DIRECTION('',(0.,-1.,1.110223024625E-16));
#719 = PCURVE('',#530,#720);
#720 = DEFINITIONAL_REPRESENTATION('',(#721),#725);
#721 = LINE('',#722,#723);
#722 = CARTESIAN_POINT('',(-5.308373118461,-15.05160430324));
#723 = VECTOR('',#724,1.);
#724 = DIRECTION('',(1.,0.));
#725 = ( GEOMETRIC_REPRESENTATION_CONTEXT(2) 
PARAMETRIC_REPRESENTATION_CONTEXT() REPRESENTATION_CONTEXT('2D SPACE',''
  ) );
#726 = PCURVE('',#727,#732);
#727 = PLANE('',#728);
#728 = AXIS2_PLACEMENT_3D('',#729,#730,#731);
#729 = CARTESIAN_POINT('',(41.682367202281,31.930746135935,45.));
#730 = DIRECTION('',(-1.,0.,0.));
#731 = DIRECTION('',(0.,-1.,1.110223024625E-16));
#732 = DEFINITIONAL_REPRESENTATION('',(#733),#737);
#733 = LINE('',#734,#735);
#734 = CARTESIAN_POINT('',(3.330669073875E-16,3.));
#735 = VECTOR('',#736,1.);
#736 = DIRECTION('',(1.,0.));
#737 = ( GEOMETRIC_REPRESENTATION_CONTEXT(2) 
PARAMETRIC_REPRESENTATION_CONTEXT() REPRESENTATION_CONTEXT('2D SPACE',''
  ) );
#738 = ORIENTED_EDGE('',*,*,#739,.F.);
#739 = EDGE_CURVE('',#487,#712,#740,.T.);
#740 = SURFACE_CURVE('',#741,(#745,#752),.PCURVE_S1.);
#741 = LINE('',#742,#743);
#742 = CARTESIAN_POINT('',(43.637479200264,27.67869970973,48.));
#743 = VECTOR('',#744,1.);
#744 = DIRECTION('',(-0.965925826289,-0.258819045103,2.873468630843E-17)
  );
#745 = PCURVE('',#530,#746);
#746 = DEFINITIONAL_REPRESENTATION('',(#747),#751);
#747 = LINE('',#748,#749);
#748 = CARTESIAN_POINT('',(-1.056326692256,-13.09649230526));
#749 = VECTOR('',#750,1.);
#750 = DIRECTION('',(0.258819045103,-0.965925826289));
#751 = ( GEOMETRIC_REPRESENTATION_CONTEXT(2) 
PARAMETRIC_REPRESENTATION_CONTEXT() REPRESENTATION_CONTEXT('2D SPACE',''
  ) );
#752 = PCURVE('',#71,#753);
#753 = DEFINITIONAL_REPRESENTATION('',(#754),#758);
#754 = LINE('',#755,#756);
#755 = CARTESIAN_POINT('',(12.376842685646,20.));
#756 = VECTOR('',#757,1.);
#757 = DIRECTION('',(-1.,0.));
#758 = ( GEOMETRIC_REPRESENTATION_CONTEXT(2) 
PARAMETRIC_REPRESENTATION_CONTEXT() REPRESENTATION_CONTEXT('2D SPACE',''
  ) );
#759 = ADVANCED_FACE('',(#760,#1290,#1325),#643,.T.);
#760 = FACE_BOUND('',#761,.T.);
#761 = EDGE_LOOP('',(#762,#785,#786,#809,#837,#865,#893,#921,#949,#977,
    #1006,#1034,#1067,#1095,#1123,#1151,#1179,#1202,#1231,#1259));
#762 = ORIENTED_EDGE('',*,*,#763,.F.);
#763 = EDGE_CURVE('',#628,#764,#766,.T.);
#764 = VERTEX_POINT('',#765);
#765 = CARTESIAN_POINT('',(62.682367202281,23.430746135935,55.));
#766 = SURFACE_CURVE('',#767,(#771,#778),.PCURVE_S1.);
#767 = LINE('',#768,#769);
#768 = CARTESIAN_POINT('',(62.682367202281,23.430746135935,0.));
#769 = VECTOR('',#770,1.);
#770 = DIRECTION('',(0.,1.110223024625E-16,1.));
#771 = PCURVE('',#643,#772);
#772 = DEFINITIONAL_REPRESENTATION('',(#773),#777);
#773 = LINE('',#774,#775);
#774 = CARTESIAN_POINT('',(0.,0.));
#775 = VECTOR('',#776,1.);
#776 = DIRECTION('',(0.,1.));
#777 = ( GEOMETRIC_REPRESENTATION_CONTEXT(2) 
PARAMETRIC_REPRESENTATION_CONTEXT() REPRESENTATION_CONTEXT('2D SPACE',''
  ) );
#778 = PCURVE('',#671,#779);
#779 = DEFINITIONAL_REPRESENTATION('',(#780),#784);
#780 = LINE('',#781,#782);
#781 = CARTESIAN_POINT('',(8.5,9.436895709314E-16));
#782 = VECTOR('',#783,1.);
#783 = DIRECTION('',(0.,-1.));
#784 = ( GEOMETRIC_REPRESENTATION_CONTEXT(2) 
PARAMETRIC_REPRESENTATION_CONTEXT() REPRESENTATION_CONTEXT('2D SPACE',''
  ) );
#785 = ORIENTED_EDGE('',*,*,#627,.F.);
#786 = ORIENTED_EDGE('',*,*,#787,.F.);
#787 = EDGE_CURVE('',#788,#605,#790,.T.);
#788 = VERTEX_POINT('',#789);
#789 = CARTESIAN_POINT('',(63.682367202281,23.430746135935,42.));
#790 = SURFACE_CURVE('',#791,(#795,#802),.PCURVE_S1.);
#791 = LINE('',#792,#793);
#792 = CARTESIAN_POINT('',(63.682367202281,23.430746135935,42.));
#793 = VECTOR('',#794,1.);
#794 = DIRECTION('',(0.,1.110223024625E-16,1.));
#795 = PCURVE('',#643,#796);
#796 = DEFINITIONAL_REPRESENTATION('',(#797),#801);
#797 = LINE('',#798,#799);
#798 = CARTESIAN_POINT('',(1.,42.));
#799 = VECTOR('',#800,1.);
#800 = DIRECTION('',(0.,1.));
#801 = ( GEOMETRIC_REPRESENTATION_CONTEXT(2) 
PARAMETRIC_REPRESENTATION_CONTEXT() REPRESENTATION_CONTEXT('2D SPACE',''
  ) );
#802 = PCURVE('',#562,#803);
#803 = DEFINITIONAL_REPRESENTATION('',(#804),#808);
#804 = LINE('',#805,#806);
#805 = CARTESIAN_POINT('',(22.551187965811,-3.));
#806 = VECTOR('',#807,1.);
#807 = DIRECTION('',(0.,1.));
#808 = ( GEOMETRIC_REPRESENTATION_CONTEXT(2) 
PARAMETRIC_REPRESENTATION_CONTEXT() REPRESENTATION_CONTEXT('2D SPACE',''
  ) );
#809 = ORIENTED_EDGE('',*,*,#810,.T.);
#810 = EDGE_CURVE('',#788,#811,#813,.T.);
#811 = VERTEX_POINT('',#812);
#812 = CARTESIAN_POINT('',(62.682367202281,23.430746135935,42.));
#813 = SURFACE_CURVE('',#814,(#818,#825),.PCURVE_S1.);
#814 = LINE('',#815,#816);
#815 = CARTESIAN_POINT('',(59.708169353906,23.430746135935,42.));
#816 = VECTOR('',#817,1.);
#817 = DIRECTION('',(-1.,0.,0.));
#818 = PCURVE('',#643,#819);
#819 = DEFINITIONAL_REPRESENTATION('',(#820),#824);
#820 = LINE('',#821,#822);
#821 = CARTESIAN_POINT('',(-2.974197848376,42.));
#822 = VECTOR('',#823,1.);
#823 = DIRECTION('',(-1.,0.));
#824 = ( GEOMETRIC_REPRESENTATION_CONTEXT(2) 
PARAMETRIC_REPRESENTATION_CONTEXT() REPRESENTATION_CONTEXT('2D SPACE',''
  ) );
#825 = PCURVE('',#826,#831);
#826 = PLANE('',#827);
#827 = AXIS2_PLACEMENT_3D('',#828,#829,#830);
#828 = CARTESIAN_POINT('',(56.73397150553,26.622373017474,42.));
#829 = DIRECTION('',(0.,1.110223024625E-16,1.));
#830 = DIRECTION('',(0.,-1.,1.110223024625E-16));
#831 = DEFINITIONAL_REPRESENTATION('',(#832),#836);
#832 = LINE('',#833,#834);
#833 = CARTESIAN_POINT('',(3.191626881539,2.974197848376));
#834 = VECTOR('',#835,1.);
#835 = DIRECTION('',(0.,-1.));
#836 = ( GEOMETRIC_REPRESENTATION_CONTEXT(2) 
PARAMETRIC_REPRESENTATION_CONTEXT() REPRESENTATION_CONTEXT('2D SPACE',''
  ) );
#837 = ORIENTED_EDGE('',*,*,#838,.F.);
#838 = EDGE_CURVE('',#839,#811,#841,.T.);
#839 = VERTEX_POINT('',#840);
#840 = CARTESIAN_POINT('',(62.682367202281,23.430746135935,14.));
#841 = SURFACE_CURVE('',#842,(#846,#853),.PCURVE_S1.);
#842 = LINE('',#843,#844);
#843 = CARTESIAN_POINT('',(62.682367202281,23.430746135935,0.));
#844 = VECTOR('',#845,1.);
#845 = DIRECTION('',(0.,1.110223024625E-16,1.));
#846 = PCURVE('',#643,#847);
#847 = DEFINITIONAL_REPRESENTATION('',(#848),#852);
#848 = LINE('',#849,#850);
#849 = CARTESIAN_POINT('',(0.,0.));
#850 = VECTOR('',#851,1.);
#851 = DIRECTION('',(0.,1.));
#852 = ( GEOMETRIC_REPRESENTATION_CONTEXT(2) 
PARAMETRIC_REPRESENTATION_CONTEXT() REPRESENTATION_CONTEXT('2D SPACE',''
  ) );
#853 = PCURVE('',#854,#859);
#854 = PLANE('',#855);
#855 = AXIS2_PLACEMENT_3D('',#856,#857,#858);
#856 = CARTESIAN_POINT('',(62.682367202281,31.930746135935,0.));
#857 = DIRECTION('',(1.,0.,0.));
#858 = DIRECTION('',(0.,-1.,1.110223024625E-16));
#859 = DEFINITIONAL_REPRESENTATION('',(#860),#864);
#860 = LINE('',#861,#862);
#861 = CARTESIAN_POINT('',(8.5,9.436895709314E-16));
#862 = VECTOR('',#863,1.);
#863 = DIRECTION('',(0.,-1.));
#864 = ( GEOMETRIC_REPRESENTATION_CONTEXT(2) 
PARAMETRIC_REPRESENTATION_CONTEXT() REPRESENTATION_CONTEXT('2D SPACE',''
  ) );
#865 = ORIENTED_EDGE('',*,*,#866,.F.);
#866 = EDGE_CURVE('',#867,#839,#869,.T.);
#867 = VERTEX_POINT('',#868);
#868 = CARTESIAN_POINT('',(63.682367202281,23.430746135935,14.));
#869 = SURFACE_CURVE('',#870,(#874,#881),.PCURVE_S1.);
#870 = LINE('',#871,#872);
#871 = CARTESIAN_POINT('',(59.708169353906,23.430746135935,14.));
#872 = VECTOR('',#873,1.);
#873 = DIRECTION('',(-1.,0.,0.));
#874 = PCURVE('',#643,#875);
#875 = DEFINITIONAL_REPRESENTATION('',(#876),#880);
#876 = LINE('',#877,#878);
#877 = CARTESIAN_POINT('',(-2.974197848376,14.));
#878 = VECTOR('',#879,1.);
#879 = DIRECTION('',(-1.,0.));
#880 = ( GEOMETRIC_REPRESENTATION_CONTEXT(2) 
PARAMETRIC_REPRESENTATION_CONTEXT() REPRESENTATION_CONTEXT('2D SPACE',''
  ) );
#881 = PCURVE('',#882,#887);
#882 = PLANE('',#883);
#883 = AXIS2_PLACEMENT_3D('',#884,#885,#886);
#884 = CARTESIAN_POINT('',(56.73397150553,26.622373017474,14.));
#885 = DIRECTION('',(0.,1.110223024625E-16,1.));
#886 = DIRECTION('',(0.,-1.,1.110223024625E-16));
#887 = DEFINITIONAL_REPRESENTATION('',(#888),#892);
#888 = LINE('',#889,#890);
#889 = CARTESIAN_POINT('',(3.191626881539,2.974197848376));
#890 = VECTOR('',#891,1.);
#891 = DIRECTION('',(0.,-1.));
#892 = ( GEOMETRIC_REPRESENTATION_CONTEXT(2) 
PARAMETRIC_REPRESENTATION_CONTEXT() REPRESENTATION_CONTEXT('2D SPACE',''
  ) );
#893 = ORIENTED_EDGE('',*,*,#894,.F.);
#894 = EDGE_CURVE('',#895,#867,#897,.T.);
#895 = VERTEX_POINT('',#896);
#896 = CARTESIAN_POINT('',(63.682367202281,23.430746135935,8.));
#897 = SURFACE_CURVE('',#898,(#902,#909),.PCURVE_S1.);
#898 = LINE('',#899,#900);
#899 = CARTESIAN_POINT('',(63.682367202281,23.430746135935,8.));
#900 = VECTOR('',#901,1.);
#901 = DIRECTION('',(0.,1.110223024625E-16,1.));
#902 = PCURVE('',#643,#903);
#903 = DEFINITIONAL_REPRESENTATION('',(#904),#908);
#904 = LINE('',#905,#906);
#905 = CARTESIAN_POINT('',(1.,8.));
#906 = VECTOR('',#907,1.);
#907 = DIRECTION('',(0.,1.));
#908 = ( GEOMETRIC_REPRESENTATION_CONTEXT(2) 
PARAMETRIC_REPRESENTATION_CONTEXT() REPRESENTATION_CONTEXT('2D SPACE',''
  ) );
#909 = PCURVE('',#910,#915);
#910 = PLANE('',#911);
#911 = AXIS2_PLACEMENT_3D('',#912,#913,#914);
#912 = CARTESIAN_POINT('',(41.682367202281,18.475337104447,11.));
#913 = DIRECTION('',(0.219740487242,-0.975558362307,1.083087355699E-16)
  );
#914 = DIRECTION('',(0.975558362307,0.219740487242,-2.439609483782E-17)
  );
#915 = DEFINITIONAL_REPRESENTATION('',(#916),#920);
#916 = LINE('',#917,#918);
#917 = CARTESIAN_POINT('',(22.551187965811,-3.));
#918 = VECTOR('',#919,1.);
#919 = DIRECTION('',(0.,1.));
#920 = ( GEOMETRIC_REPRESENTATION_CONTEXT(2) 
PARAMETRIC_REPRESENTATION_CONTEXT() REPRESENTATION_CONTEXT('2D SPACE',''
  ) );
#921 = ORIENTED_EDGE('',*,*,#922,.T.);
#922 = EDGE_CURVE('',#895,#923,#925,.T.);
#923 = VERTEX_POINT('',#924);
#924 = CARTESIAN_POINT('',(62.682367202281,23.430746135935,8.));
#925 = SURFACE_CURVE('',#926,(#930,#937),.PCURVE_S1.);
#926 = LINE('',#927,#928);
#927 = CARTESIAN_POINT('',(59.708169353906,23.430746135935,8.));
#928 = VECTOR('',#929,1.);
#929 = DIRECTION('',(-1.,0.,0.));
#930 = PCURVE('',#643,#931);
#931 = DEFINITIONAL_REPRESENTATION('',(#932),#936);
#932 = LINE('',#933,#934);
#933 = CARTESIAN_POINT('',(-2.974197848376,8.));
#934 = VECTOR('',#935,1.);
#935 = DIRECTION('',(-1.,0.));
#936 = ( GEOMETRIC_REPRESENTATION_CONTEXT(2) 
PARAMETRIC_REPRESENTATION_CONTEXT() REPRESENTATION_CONTEXT('2D SPACE',''
  ) );
#937 = PCURVE('',#938,#943);
#938 = PLANE('',#939);
#939 = AXIS2_PLACEMENT_3D('',#940,#941,#942);
#940 = CARTESIAN_POINT('',(56.73397150553,26.622373017474,8.));
#941 = DIRECTION('',(0.,1.110223024625E-16,1.));
#942 = DIRECTION('',(0.,-1.,1.110223024625E-16));
#943 = DEFINITIONAL_REPRESENTATION('',(#944),#948);
#944 = LINE('',#945,#946);
#945 = CARTESIAN_POINT('',(3.191626881539,2.974197848376));
#946 = VECTOR('',#947,1.);
#947 = DIRECTION('',(0.,-1.));
#948 = ( GEOMETRIC_REPRESENTATION_CONTEXT(2) 
PARAMETRIC_REPRESENTATION_CONTEXT() REPRESENTATION_CONTEXT('2D SPACE',''
  ) );
#949 = ORIENTED_EDGE('',*,*,#950,.F.);
#950 = EDGE_CURVE('',#951,#923,#953,.T.);
#951 = VERTEX_POINT('',#952);
#952 = CARTESIAN_POINT('',(62.682367202281,23.430746135935,1.));
#953 = SURFACE_CURVE('',#954,(#958,#965),.PCURVE_S1.);
#954 = LINE('',#955,#956);
#955 = CARTESIAN_POINT('',(62.682367202281,23.430746135935,0.));
#956 = VECTOR('',#957,1.);
#957 = DIRECTION('',(0.,1.110223024625E-16,1.));
#958 = PCURVE('',#643,#959);
#959 = DEFINITIONAL_REPRESENTATION('',(#960),#964);
#960 = LINE('',#961,#962);
#961 = CARTESIAN_POINT('',(0.,0.));
#962 = VECTOR('',#963,1.);
#963 = DIRECTION('',(0.,1.));
#964 = ( GEOMETRIC_REPRESENTATION_CONTEXT(2) 
PARAMETRIC_REPRESENTATION_CONTEXT() REPRESENTATION_CONTEXT('2D SPACE',''
  ) );
#965 = PCURVE('',#966,#971);
#966 = PLANE('',#967);
#967 = AXIS2_PLACEMENT_3D('',#968,#969,#970);
#968 = CARTESIAN_POINT('',(62.682367202281,31.930746135935,0.));
#969 = DIRECTION('',(1.,0.,0.));
#970 = DIRECTION('',(0.,-1.,1.110223024625E-16));
#971 = DEFINITIONAL_REPRESENTATION('',(#972),#976);
#972 = LINE('',#973,#974);
#973 = CARTESIAN_POINT('',(8.5,9.436895709314E-16));
#974 = VECTOR('',#975,1.);
#975 = DIRECTION('',(0.,-1.));
#976 = ( GEOMETRIC_REPRESENTATION_CONTEXT(2) 
PARAMETRIC_REPRESENTATION_CONTEXT() REPRESENTATION_CONTEXT('2D SPACE',''
  ) );
#977 = ORIENTED_EDGE('',*,*,#978,.T.);
#978 = EDGE_CURVE('',#951,#979,#981,.T.);
#979 = VERTEX_POINT('',#980);
#980 = CARTESIAN_POINT('',(63.682367202281,23.430746135935,0.));
#981 = SURFACE_CURVE('',#982,(#987,#994),.PCURVE_S1.);
#982 = CIRCLE('',#983,1.);
#983 = AXIS2_PLACEMENT_3D('',#984,#985,#986);
#984 = CARTESIAN_POINT('',(63.682367202281,23.430746135935,1.));
#985 = DIRECTION('',(0.,-1.,1.110223024625E-16));
#986 = DIRECTION('',(0.,-1.110223024625E-16,-1.));
#987 = PCURVE('',#643,#988);
#988 = DEFINITIONAL_REPRESENTATION('',(#989),#993);
#989 = CIRCLE('',#990,1.);
#990 = AXIS2_PLACEMENT_2D('',#991,#992);
#991 = CARTESIAN_POINT('',(1.,1.));
#992 = DIRECTION('',(0.,-1.));
#993 = ( GEOMETRIC_REPRESENTATION_CONTEXT(2) 
PARAMETRIC_REPRESENTATION_CONTEXT() REPRESENTATION_CONTEXT('2D SPACE',''
  ) );
#994 = PCURVE('',#995,#1000);
#995 = CYLINDRICAL_SURFACE('',#996,1.);
#996 = AXIS2_PLACEMENT_3D('',#997,#998,#999);
#997 = CARTESIAN_POINT('',(63.682367202281,31.930746135935,1.));
#998 = DIRECTION('',(0.,-1.,1.110223024625E-16));
#999 = DIRECTION('',(-1.,-0.,0.));
#1000 = DEFINITIONAL_REPRESENTATION('',(#1001),#1005);
#1001 = LINE('',#1002,#1003);
#1002 = CARTESIAN_POINT('',(-4.712388980385,8.5));
#1003 = VECTOR('',#1004,1.);
#1004 = DIRECTION('',(1.,0.));
#1005 = ( GEOMETRIC_REPRESENTATION_CONTEXT(2) 
PARAMETRIC_REPRESENTATION_CONTEXT() REPRESENTATION_CONTEXT('2D SPACE',''
  ) );
#1006 = ORIENTED_EDGE('',*,*,#1007,.T.);
#1007 = EDGE_CURVE('',#979,#1008,#1010,.T.);
#1008 = VERTEX_POINT('',#1009);
#1009 = CARTESIAN_POINT('',(74.882367202281,23.430746135935,0.));
#1010 = SURFACE_CURVE('',#1011,(#1015,#1022),.PCURVE_S1.);
#1011 = LINE('',#1012,#1013);
#1012 = CARTESIAN_POINT('',(62.682367202281,23.430746135935,0.));
#1013 = VECTOR('',#1014,1.);
#1014 = DIRECTION('',(1.,0.,0.));
#1015 = PCURVE('',#643,#1016);
#1016 = DEFINITIONAL_REPRESENTATION('',(#1017),#1021);
#1017 = LINE('',#1018,#1019);
#1018 = CARTESIAN_POINT('',(0.,0.));
#1019 = VECTOR('',#1020,1.);
#1020 = DIRECTION('',(1.,0.));
#1021 = ( GEOMETRIC_REPRESENTATION_CONTEXT(2) 
PARAMETRIC_REPRESENTATION_CONTEXT() REPRESENTATION_CONTEXT('2D SPACE',''
  ) );
#1022 = PCURVE('',#1023,#1028);
#1023 = PLANE('',#1024);
#1024 = AXIS2_PLACEMENT_3D('',#1025,#1026,#1027);
#1025 = CARTESIAN_POINT('',(62.682367202281,31.930746135935,0.));
#1026 = DIRECTION('',(0.,1.110223024625E-16,1.));
#1027 = DIRECTION('',(0.,-1.,1.110223024625E-16));
#1028 = DEFINITIONAL_REPRESENTATION('',(#1029),#1033);
#1029 = LINE('',#1030,#1031);
#1030 = CARTESIAN_POINT('',(8.5,0.));
#1031 = VECTOR('',#1032,1.);
#1032 = DIRECTION('',(0.,1.));
#1033 = ( GEOMETRIC_REPRESENTATION_CONTEXT(2) 
PARAMETRIC_REPRESENTATION_CONTEXT() REPRESENTATION_CONTEXT('2D SPACE',''
  ) );
#1034 = ORIENTED_EDGE('',*,*,#1035,.F.);
#1035 = EDGE_CURVE('',#1036,#1008,#1038,.T.);
#1036 = VERTEX_POINT('',#1037);
#1037 = CARTESIAN_POINT('',(75.882367202281,23.430746135935,1.));
#1038 = SURFACE_CURVE('',#1039,(#1044,#1055),.PCURVE_S1.);
#1039 = CIRCLE('',#1040,1.);
#1040 = AXIS2_PLACEMENT_3D('',#1041,#1042,#1043);
#1041 = CARTESIAN_POINT('',(74.882367202281,23.430746135935,1.));
#1042 = DIRECTION('',(0.,1.,-1.110223024625E-16));
#1043 = DIRECTION('',(0.,-1.110223024625E-16,-1.));
#1044 = PCURVE('',#643,#1045);
#1045 = DEFINITIONAL_REPRESENTATION('',(#1046),#1054);
#1046 = ( BOUNDED_CURVE() B_SPLINE_CURVE(2,(#1047,#1048,#1049,#1050,
#1051,#1052,#1053),.UNSPECIFIED.,.T.,.F.) B_SPLINE_CURVE_WITH_KNOTS((1,2
    ,2,2,2,1),(-2.094395102393,0.,2.094395102393,4.188790204786,
6.28318530718,8.377580409573),.UNSPECIFIED.) CURVE() 
GEOMETRIC_REPRESENTATION_ITEM() RATIONAL_B_SPLINE_CURVE((1.,0.5,1.,0.5,
1.,0.5,1.)) REPRESENTATION_ITEM('') );
#1047 = CARTESIAN_POINT('',(12.2,0.));
#1048 = CARTESIAN_POINT('',(10.467949192431,0.));
#1049 = CARTESIAN_POINT('',(11.333974596216,1.5));
#1050 = CARTESIAN_POINT('',(12.2,3.));
#1051 = CARTESIAN_POINT('',(13.066025403784,1.5));
#1052 = CARTESIAN_POINT('',(13.932050807569,1.554312234475E-15));
#1053 = CARTESIAN_POINT('',(12.2,0.));
#1054 = ( GEOMETRIC_REPRESENTATION_CONTEXT(2) 
PARAMETRIC_REPRESENTATION_CONTEXT() REPRESENTATION_CONTEXT('2D SPACE',''
  ) );
#1055 = PCURVE('',#1056,#1061);
#1056 = CYLINDRICAL_SURFACE('',#1057,1.);
#1057 = AXIS2_PLACEMENT_3D('',#1058,#1059,#1060);
#1058 = CARTESIAN_POINT('',(74.882367202281,31.930746135935,1.));
#1059 = DIRECTION('',(0.,-1.,1.110223024625E-16));
#1060 = DIRECTION('',(1.,0.,0.));
#1061 = DEFINITIONAL_REPRESENTATION('',(#1062),#1066);
#1062 = LINE('',#1063,#1064);
#1063 = CARTESIAN_POINT('',(4.712388980385,8.5));
#1064 = VECTOR('',#1065,1.);
#1065 = DIRECTION('',(-1.,0.));
#1066 = ( GEOMETRIC_REPRESENTATION_CONTEXT(2) 
PARAMETRIC_REPRESENTATION_CONTEXT() REPRESENTATION_CONTEXT('2D SPACE',''
  ) );
#1067 = ORIENTED_EDGE('',*,*,#1068,.T.);
#1068 = EDGE_CURVE('',#1036,#1069,#1071,.T.);
#1069 = VERTEX_POINT('',#1070);
#1070 = CARTESIAN_POINT('',(75.882367202281,23.430746135935,4.));
#1071 = SURFACE_CURVE('',#1072,(#1076,#1083),.PCURVE_S1.);
#1072 = LINE('',#1073,#1074);
#1073 = CARTESIAN_POINT('',(75.882367202281,23.430746135935,0.));
#1074 = VECTOR('',#1075,1.);
#1075 = DIRECTION('',(0.,1.110223024625E-16,1.));
#1076 = PCURVE('',#643,#1077);
#1077 = DEFINITIONAL_REPRESENTATION('',(#1078),#1082);
#1078 = LINE('',#1079,#1080);
#1079 = CARTESIAN_POINT('',(13.2,0.));
#1080 = VECTOR('',#1081,1.);
#1081 = DIRECTION('',(0.,1.));
#1082 = ( GEOMETRIC_REPRESENTATION_CONTEXT(2) 
PARAMETRIC_REPRESENTATION_CONTEXT() REPRESENTATION_CONTEXT('2D SPACE',''
  ) );
#1083 = PCURVE('',#1084,#1089);
#1084 = PLANE('',#1085);
#1085 = AXIS2_PLACEMENT_3D('',#1086,#1087,#1088);
#1086 = CARTESIAN_POINT('',(75.882367202281,31.930746135935,0.));
#1087 = DIRECTION('',(1.,0.,0.));
#1088 = DIRECTION('',(0.,-1.,1.110223024625E-16));
#1089 = DEFINITIONAL_REPRESENTATION('',(#1090),#1094);
#1090 = LINE('',#1091,#1092);
#1091 = CARTESIAN_POINT('',(8.5,9.436895709314E-16));
#1092 = VECTOR('',#1093,1.);
#1093 = DIRECTION('',(0.,-1.));
#1094 = ( GEOMETRIC_REPRESENTATION_CONTEXT(2) 
PARAMETRIC_REPRESENTATION_CONTEXT() REPRESENTATION_CONTEXT('2D SPACE',''
  ) );
#1095 = ORIENTED_EDGE('',*,*,#1096,.T.);
#1096 = EDGE_CURVE('',#1069,#1097,#1099,.T.);
#1097 = VERTEX_POINT('',#1098);
#1098 = CARTESIAN_POINT('',(72.682367202281,23.430746135935,4.));
#1099 = SURFACE_CURVE('',#1100,(#1104,#1111),.PCURVE_S1.);
#1100 = LINE('',#1101,#1102);
#1101 = CARTESIAN_POINT('',(67.682367202281,23.430746135935,4.));
#1102 = VECTOR('',#1103,1.);
#1103 = DIRECTION('',(-1.,0.,0.));
#1104 = PCURVE('',#643,#1105);
#1105 = DEFINITIONAL_REPRESENTATION('',(#1106),#1110);
#1106 = LINE('',#1107,#1108);
#1107 = CARTESIAN_POINT('',(5.,4.));
#1108 = VECTOR('',#1109,1.);
#1109 = DIRECTION('',(-1.,0.));
#1110 = ( GEOMETRIC_REPRESENTATION_CONTEXT(2) 
PARAMETRIC_REPRESENTATION_CONTEXT() REPRESENTATION_CONTEXT('2D SPACE',''
  ) );
#1111 = PCURVE('',#1112,#1117);
#1112 = PLANE('',#1113);
#1113 = AXIS2_PLACEMENT_3D('',#1114,#1115,#1116);
#1114 = CARTESIAN_POINT('',(72.682367202281,31.930746135935,4.));
#1115 = DIRECTION('',(0.,1.110223024625E-16,1.));
#1116 = DIRECTION('',(0.,-1.,1.110223024625E-16));
#1117 = DEFINITIONAL_REPRESENTATION('',(#1118),#1122);
#1118 = LINE('',#1119,#1120);
#1119 = CARTESIAN_POINT('',(8.5,-5.));
#1120 = VECTOR('',#1121,1.);
#1121 = DIRECTION('',(0.,-1.));
#1122 = ( GEOMETRIC_REPRESENTATION_CONTEXT(2) 
PARAMETRIC_REPRESENTATION_CONTEXT() REPRESENTATION_CONTEXT('2D SPACE',''
  ) );
#1123 = ORIENTED_EDGE('',*,*,#1124,.T.);
#1124 = EDGE_CURVE('',#1097,#1125,#1127,.T.);
#1125 = VERTEX_POINT('',#1126);
#1126 = CARTESIAN_POINT('',(72.682367202281,23.430746135935,52.));
#1127 = SURFACE_CURVE('',#1128,(#1132,#1139),.PCURVE_S1.);
#1128 = LINE('',#1129,#1130);
#1129 = CARTESIAN_POINT('',(72.682367202281,23.430746135935,4.));
#1130 = VECTOR('',#1131,1.);
#1131 = DIRECTION('',(0.,1.110223024625E-16,1.));
#1132 = PCURVE('',#643,#1133);
#1133 = DEFINITIONAL_REPRESENTATION('',(#1134),#1138);
#1134 = LINE('',#1135,#1136);
#1135 = CARTESIAN_POINT('',(10.,4.));
#1136 = VECTOR('',#1137,1.);
#1137 = DIRECTION('',(0.,1.));
#1138 = ( GEOMETRIC_REPRESENTATION_CONTEXT(2) 
PARAMETRIC_REPRESENTATION_CONTEXT() REPRESENTATION_CONTEXT('2D SPACE',''
  ) );
#1139 = PCURVE('',#1140,#1145);
#1140 = PLANE('',#1141);
#1141 = AXIS2_PLACEMENT_3D('',#1142,#1143,#1144);
#1142 = CARTESIAN_POINT('',(72.682367202281,31.930746135935,4.));
#1143 = DIRECTION('',(1.,0.,0.));
#1144 = DIRECTION('',(0.,-1.,1.110223024625E-16));
#1145 = DEFINITIONAL_REPRESENTATION('',(#1146),#1150);
#1146 = LINE('',#1147,#1148);
#1147 = CARTESIAN_POINT('',(8.5,9.436895709314E-16));
#1148 = VECTOR('',#1149,1.);
#1149 = DIRECTION('',(0.,-1.));
#1150 = ( GEOMETRIC_REPRESENTATION_CONTEXT(2) 
PARAMETRIC_REPRESENTATION_CONTEXT() REPRESENTATION_CONTEXT('2D SPACE',''
  ) );
#1151 = ORIENTED_EDGE('',*,*,#1152,.F.);
#1152 = EDGE_CURVE('',#1153,#1125,#1155,.T.);
#1153 = VERTEX_POINT('',#1154);
#1154 = CARTESIAN_POINT('',(75.882367202281,23.430746135935,52.));
#1155 = SURFACE_CURVE('',#1156,(#1160,#1167),.PCURVE_S1.);
#1156 = LINE('',#1157,#1158);
#1157 = CARTESIAN_POINT('',(67.682367202281,23.430746135935,52.));
#1158 = VECTOR('',#1159,1.);
#1159 = DIRECTION('',(-1.,0.,0.));
#1160 = PCURVE('',#643,#1161);
#1161 = DEFINITIONAL_REPRESENTATION('',(#1162),#1166);
#1162 = LINE('',#1163,#1164);
#1163 = CARTESIAN_POINT('',(5.,52.));
#1164 = VECTOR('',#1165,1.);
#1165 = DIRECTION('',(-1.,0.));
#1166 = ( GEOMETRIC_REPRESENTATION_CONTEXT(2) 
PARAMETRIC_REPRESENTATION_CONTEXT() REPRESENTATION_CONTEXT('2D SPACE',''
  ) );
#1167 = PCURVE('',#1168,#1173);
#1168 = PLANE('',#1169);
#1169 = AXIS2_PLACEMENT_3D('',#1170,#1171,#1172);
#1170 = CARTESIAN_POINT('',(72.682367202281,31.930746135935,52.));
#1171 = DIRECTION('',(0.,1.110223024625E-16,1.));
#1172 = DIRECTION('',(0.,-1.,1.110223024625E-16));
#1173 = DEFINITIONAL_REPRESENTATION('',(#1174),#1178);
#1174 = LINE('',#1175,#1176);
#1175 = CARTESIAN_POINT('',(8.5,-5.));
#1176 = VECTOR('',#1177,1.);
#1177 = DIRECTION('',(0.,-1.));
#1178 = ( GEOMETRIC_REPRESENTATION_CONTEXT(2) 
PARAMETRIC_REPRESENTATION_CONTEXT() REPRESENTATION_CONTEXT('2D SPACE',''
  ) );
#1179 = ORIENTED_EDGE('',*,*,#1180,.T.);
#1180 = EDGE_CURVE('',#1153,#1181,#1183,.T.);
#1181 = VERTEX_POINT('',#1182);
#1182 = CARTESIAN_POINT('',(75.882367202281,23.430746135935,55.));
#1183 = SURFACE_CURVE('',#1184,(#1188,#1195),.PCURVE_S1.);
#1184 = LINE('',#1185,#1186);
#1185 = CARTESIAN_POINT('',(75.882367202281,23.430746135935,0.));
#1186 = VECTOR('',#1187,1.);
#1187 = DIRECTION('',(0.,1.110223024625E-16,1.));
#1188 = PCURVE('',#643,#1189);
#1189 = DEFINITIONAL_REPRESENTATION('',(#1190),#1194);
#1190 = LINE('',#1191,#1192);
#1191 = CARTESIAN_POINT('',(13.2,0.));
#1192 = VECTOR('',#1193,1.);
#1193 = DIRECTION('',(0.,1.));
#1194 = ( GEOMETRIC_REPRESENTATION_CONTEXT(2) 
PARAMETRIC_REPRESENTATION_CONTEXT() REPRESENTATION_CONTEXT('2D SPACE',''
  ) );
#1195 = PCURVE('',#1084,#1196);
#1196 = DEFINITIONAL_REPRESENTATION('',(#1197),#1201);
#1197 = LINE('',#1198,#1199);
#1198 = CARTESIAN_POINT('',(8.5,9.436895709314E-16));
#1199 = VECTOR('',#1200,1.);
#1200 = DIRECTION('',(0.,-1.));
#1201 = ( GEOMETRIC_REPRESENTATION_CONTEXT(2) 
PARAMETRIC_REPRESENTATION_CONTEXT() REPRESENTATION_CONTEXT('2D SPACE',''
  ) );
#1202 = ORIENTED_EDGE('',*,*,#1203,.T.);
#1203 = EDGE_CURVE('',#1181,#1204,#1206,.T.);
#1204 = VERTEX_POINT('',#1205);
#1205 = CARTESIAN_POINT('',(74.882367202281,23.430746135935,56.));
#1206 = SURFACE_CURVE('',#1207,(#1212,#1219),.PCURVE_S1.);
#1207 = CIRCLE('',#1208,1.);
#1208 = AXIS2_PLACEMENT_3D('',#1209,#1210,#1211);
#1209 = CARTESIAN_POINT('',(74.882367202281,23.430746135935,55.));
#1210 = DIRECTION('',(0.,-1.,1.110223024625E-16));
#1211 = DIRECTION('',(0.,-1.110223024625E-16,-1.));
#1212 = PCURVE('',#643,#1213);
#1213 = DEFINITIONAL_REPRESENTATION('',(#1214),#1218);
#1214 = CIRCLE('',#1215,1.);
#1215 = AXIS2_PLACEMENT_2D('',#1216,#1217);
#1216 = CARTESIAN_POINT('',(12.2,55.));
#1217 = DIRECTION('',(0.,-1.));
#1218 = ( GEOMETRIC_REPRESENTATION_CONTEXT(2) 
PARAMETRIC_REPRESENTATION_CONTEXT() REPRESENTATION_CONTEXT('2D SPACE',''
  ) );
#1219 = PCURVE('',#1220,#1225);
#1220 = CYLINDRICAL_SURFACE('',#1221,1.);
#1221 = AXIS2_PLACEMENT_3D('',#1222,#1223,#1224);
#1222 = CARTESIAN_POINT('',(74.882367202281,31.930746135935,55.));
#1223 = DIRECTION('',(0.,-1.,1.110223024625E-16));
#1224 = DIRECTION('',(1.,0.,0.));
#1225 = DEFINITIONAL_REPRESENTATION('',(#1226),#1230);
#1226 = LINE('',#1227,#1228);
#1227 = CARTESIAN_POINT('',(-1.570796326795,8.5));
#1228 = VECTOR('',#1229,1.);
#1229 = DIRECTION('',(1.,0.));
#1230 = ( GEOMETRIC_REPRESENTATION_CONTEXT(2) 
PARAMETRIC_REPRESENTATION_CONTEXT() REPRESENTATION_CONTEXT('2D SPACE',''
  ) );
#1231 = ORIENTED_EDGE('',*,*,#1232,.F.);
#1232 = EDGE_CURVE('',#1233,#1204,#1235,.T.);
#1233 = VERTEX_POINT('',#1234);
#1234 = CARTESIAN_POINT('',(63.682367202281,23.430746135935,56.));
#1235 = SURFACE_CURVE('',#1236,(#1240,#1247),.PCURVE_S1.);
#1236 = LINE('',#1237,#1238);
#1237 = CARTESIAN_POINT('',(62.682367202281,23.430746135935,56.));
#1238 = VECTOR('',#1239,1.);
#1239 = DIRECTION('',(1.,0.,0.));
#1240 = PCURVE('',#643,#1241);
#1241 = DEFINITIONAL_REPRESENTATION('',(#1242),#1246);
#1242 = LINE('',#1243,#1244);
#1243 = CARTESIAN_POINT('',(0.,56.));
#1244 = VECTOR('',#1245,1.);
#1245 = DIRECTION('',(1.,0.));
#1246 = ( GEOMETRIC_REPRESENTATION_CONTEXT(2) 
PARAMETRIC_REPRESENTATION_CONTEXT() REPRESENTATION_CONTEXT('2D SPACE',''
  ) );
#1247 = PCURVE('',#1248,#1253);
#1248 = PLANE('',#1249);
#1249 = AXIS2_PLACEMENT_3D('',#1250,#1251,#1252);
#1250 = CARTESIAN_POINT('',(62.682367202281,31.930746135935,56.));
#1251 = DIRECTION('',(0.,1.110223024625E-16,1.));
#1252 = DIRECTION('',(0.,-1.,1.110223024625E-16));
#1253 = DEFINITIONAL_REPRESENTATION('',(#1254),#1258);
#1254 = LINE('',#1255,#1256);
#1255 = CARTESIAN_POINT('',(8.5,0.));
#1256 = VECTOR('',#1257,1.);
#1257 = DIRECTION('',(0.,1.));
#1258 = ( GEOMETRIC_REPRESENTATION_CONTEXT(2) 
PARAMETRIC_REPRESENTATION_CONTEXT() REPRESENTATION_CONTEXT('2D SPACE',''
  ) );
#1259 = ORIENTED_EDGE('',*,*,#1260,.F.);
#1260 = EDGE_CURVE('',#764,#1233,#1261,.T.);
#1261 = SURFACE_CURVE('',#1262,(#1267,#1278),.PCURVE_S1.);
#1262 = CIRCLE('',#1263,1.);
#1263 = AXIS2_PLACEMENT_3D('',#1264,#1265,#1266);
#1264 = CARTESIAN_POINT('',(63.682367202281,23.430746135935,55.));
#1265 = DIRECTION('',(0.,1.,-1.110223024625E-16));
#1266 = DIRECTION('',(0.,-1.110223024625E-16,-1.));
#1267 = PCURVE('',#643,#1268);
#1268 = DEFINITIONAL_REPRESENTATION('',(#1269),#1277);
#1269 = ( BOUNDED_CURVE() B_SPLINE_CURVE(2,(#1270,#1271,#1272,#1273,
#1274,#1275,#1276),.UNSPECIFIED.,.T.,.F.) B_SPLINE_CURVE_WITH_KNOTS((1,2
    ,2,2,2,1),(-2.094395102393,0.,2.094395102393,4.188790204786,
6.28318530718,8.377580409573),.UNSPECIFIED.) CURVE() 
GEOMETRIC_REPRESENTATION_ITEM() RATIONAL_B_SPLINE_CURVE((1.,0.5,1.,0.5,
1.,0.5,1.)) REPRESENTATION_ITEM('') );
#1270 = CARTESIAN_POINT('',(1.,54.));
#1271 = CARTESIAN_POINT('',(-0.732050807569,54.));
#1272 = CARTESIAN_POINT('',(0.133974596216,55.5));
#1273 = CARTESIAN_POINT('',(1.,57.));
#1274 = CARTESIAN_POINT('',(1.866025403784,55.5));
#1275 = CARTESIAN_POINT('',(2.732050807569,54.));
#1276 = CARTESIAN_POINT('',(1.,54.));
#1277 = ( GEOMETRIC_REPRESENTATION_CONTEXT(2) 
PARAMETRIC_REPRESENTATION_CONTEXT() REPRESENTATION_CONTEXT('2D SPACE',''
  ) );
#1278 = PCURVE('',#1279,#1284);
#1279 = CYLINDRICAL_SURFACE('',#1280,1.);
#1280 = AXIS2_PLACEMENT_3D('',#1281,#1282,#1283);
#1281 = CARTESIAN_POINT('',(63.682367202281,31.930746135935,55.));
#1282 = DIRECTION('',(0.,-1.,1.110223024625E-16));
#1283 = DIRECTION('',(-1.,-0.,0.));
#1284 = DEFINITIONAL_REPRESENTATION('',(#1285),#1289);
#1285 = LINE('',#1286,#1287);
#1286 = CARTESIAN_POINT('',(1.570796326795,8.5));
#1287 = VECTOR('',#1288,1.);
#1288 = DIRECTION('',(-1.,0.));
#1289 = ( GEOMETRIC_REPRESENTATION_CONTEXT(2) 
PARAMETRIC_REPRESENTATION_CONTEXT() REPRESENTATION_CONTEXT('2D SPACE',''
  ) );
#1290 = FACE_BOUND('',#1291,.T.);
#1291 = EDGE_LOOP('',(#1292));
#1292 = ORIENTED_EDGE('',*,*,#1293,.T.);
#1293 = EDGE_CURVE('',#1294,#1294,#1296,.T.);
#1294 = VERTEX_POINT('',#1295);
#1295 = CARTESIAN_POINT('',(71.382367202281,23.430746135935,50.));
#1296 = SURFACE_CURVE('',#1297,(#1302,#1313),.PCURVE_S1.);
#1297 = CIRCLE('',#1298,1.7);
#1298 = AXIS2_PLACEMENT_3D('',#1299,#1300,#1301);
#1299 = CARTESIAN_POINT('',(69.682367202281,23.430746135935,50.));
#1300 = DIRECTION('',(0.,1.,-1.110223024625E-16));
#1301 = DIRECTION('',(1.,0.,0.));
#1302 = PCURVE('',#643,#1303);
#1303 = DEFINITIONAL_REPRESENTATION('',(#1304),#1312);
#1304 = ( BOUNDED_CURVE() B_SPLINE_CURVE(2,(#1305,#1306,#1307,#1308,
#1309,#1310,#1311),.UNSPECIFIED.,.T.,.F.) B_SPLINE_CURVE_WITH_KNOTS((1,2
    ,2,2,2,1),(-2.094395102393,0.,2.094395102393,4.188790204786,
6.28318530718,8.377580409573),.UNSPECIFIED.) CURVE() 
GEOMETRIC_REPRESENTATION_ITEM() RATIONAL_B_SPLINE_CURVE((1.,0.5,1.,0.5,
1.,0.5,1.)) REPRESENTATION_ITEM('') );
#1305 = CARTESIAN_POINT('',(8.7,50.));
#1306 = CARTESIAN_POINT('',(8.7,47.055513627133));
#1307 = CARTESIAN_POINT('',(6.15,48.527756813566));
#1308 = CARTESIAN_POINT('',(3.6,50.));
#1309 = CARTESIAN_POINT('',(6.15,51.472243186434));
#1310 = CARTESIAN_POINT('',(8.7,52.944486372867));
#1311 = CARTESIAN_POINT('',(8.7,50.));
#1312 = ( GEOMETRIC_REPRESENTATION_CONTEXT(2) 
PARAMETRIC_REPRESENTATION_CONTEXT() REPRESENTATION_CONTEXT('2D SPACE',''
  ) );
#1313 = PCURVE('',#1314,#1319);
#1314 = CYLINDRICAL_SURFACE('',#1315,1.7);
#1315 = AXIS2_PLACEMENT_3D('',#1316,#1317,#1318);
#1316 = CARTESIAN_POINT('',(69.682367202281,39.930746135935,50.));
#1317 = DIRECTION('',(-0.,1.,-1.110223024625E-16));
#1318 = DIRECTION('',(1.,0.,0.));
#1319 = DEFINITIONAL_REPRESENTATION('',(#1320),#1324);
#1320 = LINE('',#1321,#1322);
#1321 = CARTESIAN_POINT('',(-6.28318530718,-16.5));
#1322 = VECTOR('',#1323,1.);
#1323 = DIRECTION('',(1.,-0.));
#1324 = ( GEOMETRIC_REPRESENTATION_CONTEXT(2) 
PARAMETRIC_REPRESENTATION_CONTEXT() REPRESENTATION_CONTEXT('2D SPACE',''
  ) );
#1325 = FACE_BOUND('',#1326,.T.);
#1326 = EDGE_LOOP('',(#1327));
#1327 = ORIENTED_EDGE('',*,*,#1328,.T.);
#1328 = EDGE_CURVE('',#1329,#1329,#1331,.T.);
#1329 = VERTEX_POINT('',#1330);
#1330 = CARTESIAN_POINT('',(71.382367202281,23.430746135935,6.));
#1331 = SURFACE_CURVE('',#1332,(#1337,#1348),.PCURVE_S1.);
#1332 = CIRCLE('',#1333,1.7);
#1333 = AXIS2_PLACEMENT_3D('',#1334,#1335,#1336);
#1334 = CARTESIAN_POINT('',(69.682367202281,23.430746135935,6.));
#1335 = DIRECTION('',(0.,1.,-1.110223024625E-16));
#1336 = DIRECTION('',(1.,0.,0.));
#1337 = PCURVE('',#643,#1338);
#1338 = DEFINITIONAL_REPRESENTATION('',(#1339),#1347);
#1339 = ( BOUNDED_CURVE() B_SPLINE_CURVE(2,(#1340,#1341,#1342,#1343,
#1344,#1345,#1346),.UNSPECIFIED.,.T.,.F.) B_SPLINE_CURVE_WITH_KNOTS((1,2
    ,2,2,2,1),(-2.094395102393,0.,2.094395102393,4.188790204786,
6.28318530718,8.377580409573),.UNSPECIFIED.) CURVE() 
GEOMETRIC_REPRESENTATION_ITEM() RATIONAL_B_SPLINE_CURVE((1.,0.5,1.,0.5,
1.,0.5,1.)) REPRESENTATION_ITEM('') );
#1340 = CARTESIAN_POINT('',(8.7,6.));
#1341 = CARTESIAN_POINT('',(8.7,3.055513627133));
#1342 = CARTESIAN_POINT('',(6.15,4.527756813566));
#1343 = CARTESIAN_POINT('',(3.6,6.));
#1344 = CARTESIAN_POINT('',(6.15,7.472243186434));
#1345 = CARTESIAN_POINT('',(8.7,8.944486372867));
#1346 = CARTESIAN_POINT('',(8.7,6.));
#1347 = ( GEOMETRIC_REPRESENTATION_CONTEXT(2) 
PARAMETRIC_REPRESENTATION_CONTEXT() REPRESENTATION_CONTEXT('2D SPACE',''
  ) );
#1348 = PCURVE('',#1349,#1354);
#1349 = CYLINDRICAL_SURFACE('',#1350,1.7);
#1350 = AXIS2_PLACEMENT_3D('',#1351,#1352,#1353);
#1351 = CARTESIAN_POINT('',(69.682367202281,39.930746135935,6.));
#1352 = DIRECTION('',(-0.,1.,-1.110223024625E-16));
#1353 = DIRECTION('',(1.,0.,0.));
#1354 = DEFINITIONAL_REPRESENTATION('',(#1355),#1359);
#1355 = LINE('',#1356,#1357);
#1356 = CARTESIAN_POINT('',(-6.28318530718,-16.5));
#1357 = VECTOR('',#1358,1.);
#1358 = DIRECTION('',(1.,-0.));
#1359 = ( GEOMETRIC_REPRESENTATION_CONTEXT(2) 
PARAMETRIC_REPRESENTATION_CONTEXT() REPRESENTATION_CONTEXT('2D SPACE',''
  ) );
#1360 = ADVANCED_FACE('',(#1361),#1349,.F.);
#1361 = FACE_BOUND('',#1362,.T.);
#1362 = EDGE_LOOP('',(#1363,#1396,#1417,#1418));
#1363 = ORIENTED_EDGE('',*,*,#1364,.T.);
#1364 = EDGE_CURVE('',#1365,#1365,#1367,.T.);
#1365 = VERTEX_POINT('',#1366);
#1366 = CARTESIAN_POINT('',(71.382367202281,25.780746135935,6.));
#1367 = SURFACE_CURVE('',#1368,(#1373,#1380),.PCURVE_S1.);
#1368 = CIRCLE('',#1369,1.7);
#1369 = AXIS2_PLACEMENT_3D('',#1370,#1371,#1372);
#1370 = CARTESIAN_POINT('',(69.682367202281,25.780746135935,6.));
#1371 = DIRECTION('',(0.,1.,-1.110223024625E-16));
#1372 = DIRECTION('',(1.,0.,0.));
#1373 = PCURVE('',#1349,#1374);
#1374 = DEFINITIONAL_REPRESENTATION('',(#1375),#1379);
#1375 = LINE('',#1376,#1377);
#1376 = CARTESIAN_POINT('',(-6.28318530718,-14.15));
#1377 = VECTOR('',#1378,1.);
#1378 = DIRECTION('',(1.,-0.));
#1379 = ( GEOMETRIC_REPRESENTATION_CONTEXT(2) 
PARAMETRIC_REPRESENTATION_CONTEXT() REPRESENTATION_CONTEXT('2D SPACE',''
  ) );
#1380 = PCURVE('',#1381,#1386);
#1381 = PLANE('',#1382);
#1382 = AXIS2_PLACEMENT_3D('',#1383,#1384,#1385);
#1383 = CARTESIAN_POINT('',(69.682367202281,25.780746135935,6.));
#1384 = DIRECTION('',(0.,-1.,1.110223024625E-16));
#1385 = DIRECTION('',(1.,0.,0.));
#1386 = DEFINITIONAL_REPRESENTATION('',(#1387),#1395);
#1387 = ( BOUNDED_CURVE() B_SPLINE_CURVE(2,(#1388,#1389,#1390,#1391,
#1392,#1393,#1394),.UNSPECIFIED.,.T.,.F.) B_SPLINE_CURVE_WITH_KNOTS((1,2
    ,2,2,2,1),(-2.094395102393,0.,2.094395102393,4.188790204786,
6.28318530718,8.377580409573),.UNSPECIFIED.) CURVE() 
GEOMETRIC_REPRESENTATION_ITEM() RATIONAL_B_SPLINE_CURVE((1.,0.5,1.,0.5,
1.,0.5,1.)) REPRESENTATION_ITEM('') );
#1388 = CARTESIAN_POINT('',(1.7,0.));
#1389 = CARTESIAN_POINT('',(1.7,-2.944486372867));
#1390 = CARTESIAN_POINT('',(-0.85,-1.472243186434));
#1391 = CARTESIAN_POINT('',(-3.4,-4.163799117101E-16));
#1392 = CARTESIAN_POINT('',(-0.85,1.472243186434));
#1393 = CARTESIAN_POINT('',(1.7,2.944486372867));
#1394 = CARTESIAN_POINT('',(1.7,0.));
#1395 = ( GEOMETRIC_REPRESENTATION_CONTEXT(2) 
PARAMETRIC_REPRESENTATION_CONTEXT() REPRESENTATION_CONTEXT('2D SPACE',''
  ) );
#1396 = ORIENTED_EDGE('',*,*,#1397,.T.);
#1397 = EDGE_CURVE('',#1365,#1329,#1398,.T.);
#1398 = SEAM_CURVE('',#1399,(#1403,#1410),.PCURVE_S1.);
#1399 = LINE('',#1400,#1401);
#1400 = CARTESIAN_POINT('',(71.382367202281,39.930746135935,6.));
#1401 = VECTOR('',#1402,1.);
#1402 = DIRECTION('',(0.,-1.,1.110223024625E-16));
#1403 = PCURVE('',#1349,#1404);
#1404 = DEFINITIONAL_REPRESENTATION('',(#1405),#1409);
#1405 = LINE('',#1406,#1407);
#1406 = CARTESIAN_POINT('',(-6.28318530718,0.));
#1407 = VECTOR('',#1408,1.);
#1408 = DIRECTION('',(-0.,-1.));
#1409 = ( GEOMETRIC_REPRESENTATION_CONTEXT(2) 
PARAMETRIC_REPRESENTATION_CONTEXT() REPRESENTATION_CONTEXT('2D SPACE',''
  ) );
#1410 = PCURVE('',#1349,#1411);
#1411 = DEFINITIONAL_REPRESENTATION('',(#1412),#1416);
#1412 = LINE('',#1413,#1414);
#1413 = CARTESIAN_POINT('',(-0.,0.));
#1414 = VECTOR('',#1415,1.);
#1415 = DIRECTION('',(-0.,-1.));
#1416 = ( GEOMETRIC_REPRESENTATION_CONTEXT(2) 
PARAMETRIC_REPRESENTATION_CONTEXT() REPRESENTATION_CONTEXT('2D SPACE',''
  ) );
#1417 = ORIENTED_EDGE('',*,*,#1328,.F.);
#1418 = ORIENTED_EDGE('',*,*,#1397,.F.);
#1419 = ADVANCED_FACE('',(#1420,#1585),#1381,.F.);
#1420 = FACE_BOUND('',#1421,.F.);
#1421 = EDGE_LOOP('',(#1422,#1452,#1480,#1508,#1536,#1559));
#1422 = ORIENTED_EDGE('',*,*,#1423,.F.);
#1423 = EDGE_CURVE('',#1424,#1426,#1428,.T.);
#1424 = VERTEX_POINT('',#1425);
#1425 = CARTESIAN_POINT('',(71.356682982931,25.780746135935,8.9));
#1426 = VERTEX_POINT('',#1427);
#1427 = CARTESIAN_POINT('',(73.030998763581,25.780746135935,6.));
#1428 = SURFACE_CURVE('',#1429,(#1433,#1440),.PCURVE_S1.);
#1429 = LINE('',#1430,#1431);
#1430 = CARTESIAN_POINT('',(71.356682982931,25.780746135935,8.9));
#1431 = VECTOR('',#1432,1.);
#1432 = DIRECTION('',(0.5,-9.614813431918E-17,-0.866025403784));
#1433 = PCURVE('',#1381,#1434);
#1434 = DEFINITIONAL_REPRESENTATION('',(#1435),#1439);
#1435 = LINE('',#1436,#1437);
#1436 = CARTESIAN_POINT('',(1.67431578065,2.9));
#1437 = VECTOR('',#1438,1.);
#1438 = DIRECTION('',(0.5,-0.866025403784));
#1439 = ( GEOMETRIC_REPRESENTATION_CONTEXT(2) 
PARAMETRIC_REPRESENTATION_CONTEXT() REPRESENTATION_CONTEXT('2D SPACE',''
  ) );
#1440 = PCURVE('',#1441,#1446);
#1441 = PLANE('',#1442);
#1442 = AXIS2_PLACEMENT_3D('',#1443,#1444,#1445);
#1443 = CARTESIAN_POINT('',(73.030998763581,28.430746135935,6.));
#1444 = DIRECTION('',(-0.866025403784,-5.551115123126E-17,-0.5));
#1445 = DIRECTION('',(-0.5,9.614813431918E-17,0.866025403784));
#1446 = DEFINITIONAL_REPRESENTATION('',(#1447),#1451);
#1447 = LINE('',#1448,#1449);
#1448 = CARTESIAN_POINT('',(3.3486315613,-2.65));
#1449 = VECTOR('',#1450,1.);
#1450 = DIRECTION('',(-1.,0.));
#1451 = ( GEOMETRIC_REPRESENTATION_CONTEXT(2) 
PARAMETRIC_REPRESENTATION_CONTEXT() REPRESENTATION_CONTEXT('2D SPACE',''
  ) );
#1452 = ORIENTED_EDGE('',*,*,#1453,.T.);
#1453 = EDGE_CURVE('',#1424,#1454,#1456,.T.);
#1454 = VERTEX_POINT('',#1455);
#1455 = CARTESIAN_POINT('',(68.008051421632,25.780746135935,8.9));
#1456 = SURFACE_CURVE('',#1457,(#1461,#1468),.PCURVE_S1.);
#1457 = LINE('',#1458,#1459);
#1458 = CARTESIAN_POINT('',(71.356682982931,25.780746135935,8.9));
#1459 = VECTOR('',#1460,1.);
#1460 = DIRECTION('',(-1.,1.472356862012E-32,1.326181163023E-16));
#1461 = PCURVE('',#1381,#1462);
#1462 = DEFINITIONAL_REPRESENTATION('',(#1463),#1467);
#1463 = LINE('',#1464,#1465);
#1464 = CARTESIAN_POINT('',(1.67431578065,2.9));
#1465 = VECTOR('',#1466,1.);
#1466 = DIRECTION('',(-1.,1.326181163023E-16));
#1467 = ( GEOMETRIC_REPRESENTATION_CONTEXT(2) 
PARAMETRIC_REPRESENTATION_CONTEXT() REPRESENTATION_CONTEXT('2D SPACE',''
  ) );
#1468 = PCURVE('',#1469,#1474);
#1469 = PLANE('',#1470);
#1470 = AXIS2_PLACEMENT_3D('',#1471,#1472,#1473);
#1471 = CARTESIAN_POINT('',(71.356682982931,28.430746135935,8.9));
#1472 = DIRECTION('',(-1.326181163023E-16,-1.110223024625E-16,-1.));
#1473 = DIRECTION('',(-1.,1.472356862012E-32,1.326181163023E-16));
#1474 = DEFINITIONAL_REPRESENTATION('',(#1475),#1479);
#1475 = LINE('',#1476,#1477);
#1476 = CARTESIAN_POINT('',(-3.901745684333E-32,-2.65));
#1477 = VECTOR('',#1478,1.);
#1478 = DIRECTION('',(1.,0.));
#1479 = ( GEOMETRIC_REPRESENTATION_CONTEXT(2) 
PARAMETRIC_REPRESENTATION_CONTEXT() REPRESENTATION_CONTEXT('2D SPACE',''
  ) );
#1480 = ORIENTED_EDGE('',*,*,#1481,.F.);
#1481 = EDGE_CURVE('',#1482,#1454,#1484,.T.);
#1482 = VERTEX_POINT('',#1483);
#1483 = CARTESIAN_POINT('',(66.333735640982,25.780746135935,6.));
#1484 = SURFACE_CURVE('',#1485,(#1489,#1496),.PCURVE_S1.);
#1485 = LINE('',#1486,#1487);
#1486 = CARTESIAN_POINT('',(66.333735640982,25.780746135935,6.));
#1487 = VECTOR('',#1488,1.);
#1488 = DIRECTION('',(0.5,9.614813431918E-17,0.866025403784));
#1489 = PCURVE('',#1381,#1490);
#1490 = DEFINITIONAL_REPRESENTATION('',(#1491),#1495);
#1491 = LINE('',#1492,#1493);
#1492 = CARTESIAN_POINT('',(-3.3486315613,0.));
#1493 = VECTOR('',#1494,1.);
#1494 = DIRECTION('',(0.5,0.866025403784));
#1495 = ( GEOMETRIC_REPRESENTATION_CONTEXT(2) 
PARAMETRIC_REPRESENTATION_CONTEXT() REPRESENTATION_CONTEXT('2D SPACE',''
  ) );
#1496 = PCURVE('',#1497,#1502);
#1497 = PLANE('',#1498);
#1498 = AXIS2_PLACEMENT_3D('',#1499,#1500,#1501);
#1499 = CARTESIAN_POINT('',(68.008051421632,28.430746135935,8.9));
#1500 = DIRECTION('',(0.866025403784,-5.551115123126E-17,-0.5));
#1501 = DIRECTION('',(-0.5,-9.614813431918E-17,-0.866025403784));
#1502 = DEFINITIONAL_REPRESENTATION('',(#1503),#1507);
#1503 = LINE('',#1504,#1505);
#1504 = CARTESIAN_POINT('',(3.3486315613,-2.65));
#1505 = VECTOR('',#1506,1.);
#1506 = DIRECTION('',(-1.,0.));
#1507 = ( GEOMETRIC_REPRESENTATION_CONTEXT(2) 
PARAMETRIC_REPRESENTATION_CONTEXT() REPRESENTATION_CONTEXT('2D SPACE',''
  ) );
#1508 = ORIENTED_EDGE('',*,*,#1509,.F.);
#1509 = EDGE_CURVE('',#1510,#1482,#1512,.T.);
#1510 = VERTEX_POINT('',#1511);
#1511 = CARTESIAN_POINT('',(66.333735640982,25.780746135935,0.));
#1512 = SURFACE_CURVE('',#1513,(#1517,#1524),.PCURVE_S1.);
#1513 = LINE('',#1514,#1515);
#1514 = CARTESIAN_POINT('',(66.333735640982,25.780746135935,-1.));
#1515 = VECTOR('',#1516,1.);
#1516 = DIRECTION('',(0.,1.110223024625E-16,1.));
#1517 = PCURVE('',#1381,#1518);
#1518 = DEFINITIONAL_REPRESENTATION('',(#1519),#1523);
#1519 = LINE('',#1520,#1521);
#1520 = CARTESIAN_POINT('',(-3.3486315613,-7.));
#1521 = VECTOR('',#1522,1.);
#1522 = DIRECTION('',(0.,1.));
#1523 = ( GEOMETRIC_REPRESENTATION_CONTEXT(2) 
PARAMETRIC_REPRESENTATION_CONTEXT() REPRESENTATION_CONTEXT('2D SPACE',''
  ) );
#1524 = PCURVE('',#1525,#1530);
#1525 = PLANE('',#1526);
#1526 = AXIS2_PLACEMENT_3D('',#1527,#1528,#1529);
#1527 = CARTESIAN_POINT('',(66.333735640982,28.430746135935,-1.));
#1528 = DIRECTION('',(1.,0.,0.));
#1529 = DIRECTION('',(0.,-1.,1.110223024625E-16));
#1530 = DEFINITIONAL_REPRESENTATION('',(#1531),#1535);
#1531 = LINE('',#1532,#1533);
#1532 = CARTESIAN_POINT('',(2.65,2.942091015257E-16));
#1533 = VECTOR('',#1534,1.);
#1534 = DIRECTION('',(0.,-1.));
#1535 = ( GEOMETRIC_REPRESENTATION_CONTEXT(2) 
PARAMETRIC_REPRESENTATION_CONTEXT() REPRESENTATION_CONTEXT('2D SPACE',''
  ) );
#1536 = ORIENTED_EDGE('',*,*,#1537,.T.);
#1537 = EDGE_CURVE('',#1510,#1538,#1540,.T.);
#1538 = VERTEX_POINT('',#1539);
#1539 = CARTESIAN_POINT('',(73.030998763581,25.780746135935,0.));
#1540 = SURFACE_CURVE('',#1541,(#1545,#1552),.PCURVE_S1.);
#1541 = LINE('',#1542,#1543);
#1542 = CARTESIAN_POINT('',(66.182367202281,25.780746135935,0.));
#1543 = VECTOR('',#1544,1.);
#1544 = DIRECTION('',(1.,0.,0.));
#1545 = PCURVE('',#1381,#1546);
#1546 = DEFINITIONAL_REPRESENTATION('',(#1547),#1551);
#1547 = LINE('',#1548,#1549);
#1548 = CARTESIAN_POINT('',(-3.5,-6.));
#1549 = VECTOR('',#1550,1.);
#1550 = DIRECTION('',(1.,0.));
#1551 = ( GEOMETRIC_REPRESENTATION_CONTEXT(2) 
PARAMETRIC_REPRESENTATION_CONTEXT() REPRESENTATION_CONTEXT('2D SPACE',''
  ) );
#1552 = PCURVE('',#1023,#1553);
#1553 = DEFINITIONAL_REPRESENTATION('',(#1554),#1558);
#1554 = LINE('',#1555,#1556);
#1555 = CARTESIAN_POINT('',(6.15,3.5));
#1556 = VECTOR('',#1557,1.);
#1557 = DIRECTION('',(0.,1.));
#1558 = ( GEOMETRIC_REPRESENTATION_CONTEXT(2) 
PARAMETRIC_REPRESENTATION_CONTEXT() REPRESENTATION_CONTEXT('2D SPACE',''
  ) );
#1559 = ORIENTED_EDGE('',*,*,#1560,.T.);
#1560 = EDGE_CURVE('',#1538,#1426,#1561,.T.);
#1561 = SURFACE_CURVE('',#1562,(#1566,#1573),.PCURVE_S1.);
#1562 = LINE('',#1563,#1564);
#1563 = CARTESIAN_POINT('',(73.030998763581,25.780746135935,-1.));
#1564 = VECTOR('',#1565,1.);
#1565 = DIRECTION('',(0.,1.110223024625E-16,1.));
#1566 = PCURVE('',#1381,#1567);
#1567 = DEFINITIONAL_REPRESENTATION('',(#1568),#1572);
#1568 = LINE('',#1569,#1570);
#1569 = CARTESIAN_POINT('',(3.3486315613,-7.));
#1570 = VECTOR('',#1571,1.);
#1571 = DIRECTION('',(0.,1.));
#1572 = ( GEOMETRIC_REPRESENTATION_CONTEXT(2) 
PARAMETRIC_REPRESENTATION_CONTEXT() REPRESENTATION_CONTEXT('2D SPACE',''
  ) );
#1573 = PCURVE('',#1574,#1579);
#1574 = PLANE('',#1575);
#1575 = AXIS2_PLACEMENT_3D('',#1576,#1577,#1578);
#1576 = CARTESIAN_POINT('',(73.030998763581,28.430746135935,-1.));
#1577 = DIRECTION('',(1.,0.,0.));
#1578 = DIRECTION('',(0.,-1.,1.110223024625E-16));
#1579 = DEFINITIONAL_REPRESENTATION('',(#1580),#1584);
#1580 = LINE('',#1581,#1582);
#1581 = CARTESIAN_POINT('',(2.65,2.942091015257E-16));
#1582 = VECTOR('',#1583,1.);
#1583 = DIRECTION('',(0.,-1.));
#1584 = ( GEOMETRIC_REPRESENTATION_CONTEXT(2) 
PARAMETRIC_REPRESENTATION_CONTEXT() REPRESENTATION_CONTEXT('2D SPACE',''
  ) );
#1585 = FACE_BOUND('',#1586,.F.);
#1586 = EDGE_LOOP('',(#1587));
#1587 = ORIENTED_EDGE('',*,*,#1364,.T.);
#1588 = ADVANCED_FACE('',(#1589),#1574,.F.);
#1589 = FACE_BOUND('',#1590,.F.);
#1590 = EDGE_LOOP('',(#1591,#1592,#1615,#1643));
#1591 = ORIENTED_EDGE('',*,*,#1560,.F.);
#1592 = ORIENTED_EDGE('',*,*,#1593,.T.);
#1593 = EDGE_CURVE('',#1538,#1594,#1596,.T.);
#1594 = VERTEX_POINT('',#1595);
#1595 = CARTESIAN_POINT('',(73.030998763581,28.430746135935,0.));
#1596 = SURFACE_CURVE('',#1597,(#1601,#1608),.PCURVE_S1.);
#1597 = LINE('',#1598,#1599);
#1598 = CARTESIAN_POINT('',(73.030998763581,30.180746135935,0.));
#1599 = VECTOR('',#1600,1.);
#1600 = DIRECTION('',(0.,1.,-1.110223024625E-16));
#1601 = PCURVE('',#1574,#1602);
#1602 = DEFINITIONAL_REPRESENTATION('',(#1603),#1607);
#1603 = LINE('',#1604,#1605);
#1604 = CARTESIAN_POINT('',(-1.75,-1.));
#1605 = VECTOR('',#1606,1.);
#1606 = DIRECTION('',(-1.,0.));
#1607 = ( GEOMETRIC_REPRESENTATION_CONTEXT(2) 
PARAMETRIC_REPRESENTATION_CONTEXT() REPRESENTATION_CONTEXT('2D SPACE',''
  ) );
#1608 = PCURVE('',#1023,#1609);
#1609 = DEFINITIONAL_REPRESENTATION('',(#1610),#1614);
#1610 = LINE('',#1611,#1612);
#1611 = CARTESIAN_POINT('',(1.75,10.3486315613));
#1612 = VECTOR('',#1613,1.);
#1613 = DIRECTION('',(-1.,0.));
#1614 = ( GEOMETRIC_REPRESENTATION_CONTEXT(2) 
PARAMETRIC_REPRESENTATION_CONTEXT() REPRESENTATION_CONTEXT('2D SPACE',''
  ) );
#1615 = ORIENTED_EDGE('',*,*,#1616,.T.);
#1616 = EDGE_CURVE('',#1594,#1617,#1619,.T.);
#1617 = VERTEX_POINT('',#1618);
#1618 = CARTESIAN_POINT('',(73.030998763581,28.430746135935,6.));
#1619 = SURFACE_CURVE('',#1620,(#1624,#1631),.PCURVE_S1.);
#1620 = LINE('',#1621,#1622);
#1621 = CARTESIAN_POINT('',(73.030998763581,28.430746135935,-1.));
#1622 = VECTOR('',#1623,1.);
#1623 = DIRECTION('',(0.,1.110223024625E-16,1.));
#1624 = PCURVE('',#1574,#1625);
#1625 = DEFINITIONAL_REPRESENTATION('',(#1626),#1630);
#1626 = LINE('',#1627,#1628);
#1627 = CARTESIAN_POINT('',(0.,0.));
#1628 = VECTOR('',#1629,1.);
#1629 = DIRECTION('',(0.,-1.));
#1630 = ( GEOMETRIC_REPRESENTATION_CONTEXT(2) 
PARAMETRIC_REPRESENTATION_CONTEXT() REPRESENTATION_CONTEXT('2D SPACE',''
  ) );
#1631 = PCURVE('',#1632,#1637);
#1632 = PLANE('',#1633);
#1633 = AXIS2_PLACEMENT_3D('',#1634,#1635,#1636);
#1634 = CARTESIAN_POINT('',(69.682367202281,28.430746135935,6.));
#1635 = DIRECTION('',(0.,-1.,1.110223024625E-16));
#1636 = DIRECTION('',(1.,0.,0.));
#1637 = DEFINITIONAL_REPRESENTATION('',(#1638),#1642);
#1638 = LINE('',#1639,#1640);
#1639 = CARTESIAN_POINT('',(3.3486315613,-7.));
#1640 = VECTOR('',#1641,1.);
#1641 = DIRECTION('',(0.,1.));
#1642 = ( GEOMETRIC_REPRESENTATION_CONTEXT(2) 
PARAMETRIC_REPRESENTATION_CONTEXT() REPRESENTATION_CONTEXT('2D SPACE',''
  ) );
#1643 = ORIENTED_EDGE('',*,*,#1644,.T.);
#1644 = EDGE_CURVE('',#1617,#1426,#1645,.T.);
#1645 = SURFACE_CURVE('',#1646,(#1650,#1657),.PCURVE_S1.);
#1646 = LINE('',#1647,#1648);
#1647 = CARTESIAN_POINT('',(73.030998763581,28.430746135935,6.));
#1648 = VECTOR('',#1649,1.);
#1649 = DIRECTION('',(0.,-1.,1.110223024625E-16));
#1650 = PCURVE('',#1574,#1651);
#1651 = DEFINITIONAL_REPRESENTATION('',(#1652),#1656);
#1652 = LINE('',#1653,#1654);
#1653 = CARTESIAN_POINT('',(7.771561172376E-16,-7.));
#1654 = VECTOR('',#1655,1.);
#1655 = DIRECTION('',(1.,0.));
#1656 = ( GEOMETRIC_REPRESENTATION_CONTEXT(2) 
PARAMETRIC_REPRESENTATION_CONTEXT() REPRESENTATION_CONTEXT('2D SPACE',''
  ) );
#1657 = PCURVE('',#1441,#1658);
#1658 = DEFINITIONAL_REPRESENTATION('',(#1659),#1663);
#1659 = LINE('',#1660,#1661);
#1660 = CARTESIAN_POINT('',(0.,0.));
#1661 = VECTOR('',#1662,1.);
#1662 = DIRECTION('',(0.,-1.));
#1663 = ( GEOMETRIC_REPRESENTATION_CONTEXT(2) 
PARAMETRIC_REPRESENTATION_CONTEXT() REPRESENTATION_CONTEXT('2D SPACE',''
  ) );
#1664 = ADVANCED_FACE('',(#1665,#1781),#1632,.T.);
#1665 = FACE_BOUND('',#1666,.T.);
#1666 = EDGE_LOOP('',(#1667,#1690,#1713,#1736,#1759,#1780));
#1667 = ORIENTED_EDGE('',*,*,#1668,.T.);
#1668 = EDGE_CURVE('',#1617,#1669,#1671,.T.);
#1669 = VERTEX_POINT('',#1670);
#1670 = CARTESIAN_POINT('',(71.356682982931,28.430746135935,8.9));
#1671 = SURFACE_CURVE('',#1672,(#1676,#1683),.PCURVE_S1.);
#1672 = LINE('',#1673,#1674);
#1673 = CARTESIAN_POINT('',(73.030998763581,28.430746135935,6.));
#1674 = VECTOR('',#1675,1.);
#1675 = DIRECTION('',(-0.5,9.614813431918E-17,0.866025403784));
#1676 = PCURVE('',#1632,#1677);
#1677 = DEFINITIONAL_REPRESENTATION('',(#1678),#1682);
#1678 = LINE('',#1679,#1680);
#1679 = CARTESIAN_POINT('',(3.3486315613,0.));
#1680 = VECTOR('',#1681,1.);
#1681 = DIRECTION('',(-0.5,0.866025403784));
#1682 = ( GEOMETRIC_REPRESENTATION_CONTEXT(2) 
PARAMETRIC_REPRESENTATION_CONTEXT() REPRESENTATION_CONTEXT('2D SPACE',''
  ) );
#1683 = PCURVE('',#1441,#1684);
#1684 = DEFINITIONAL_REPRESENTATION('',(#1685),#1689);
#1685 = LINE('',#1686,#1687);
#1686 = CARTESIAN_POINT('',(0.,0.));
#1687 = VECTOR('',#1688,1.);
#1688 = DIRECTION('',(1.,0.));
#1689 = ( GEOMETRIC_REPRESENTATION_CONTEXT(2) 
PARAMETRIC_REPRESENTATION_CONTEXT() REPRESENTATION_CONTEXT('2D SPACE',''
  ) );
#1690 = ORIENTED_EDGE('',*,*,#1691,.T.);
#1691 = EDGE_CURVE('',#1669,#1692,#1694,.T.);
#1692 = VERTEX_POINT('',#1693);
#1693 = CARTESIAN_POINT('',(68.008051421632,28.430746135935,8.9));
#1694 = SURFACE_CURVE('',#1695,(#1699,#1706),.PCURVE_S1.);
#1695 = LINE('',#1696,#1697);
#1696 = CARTESIAN_POINT('',(71.356682982931,28.430746135935,8.9));
#1697 = VECTOR('',#1698,1.);
#1698 = DIRECTION('',(-1.,1.472356862012E-32,1.326181163023E-16));
#1699 = PCURVE('',#1632,#1700);
#1700 = DEFINITIONAL_REPRESENTATION('',(#1701),#1705);
#1701 = LINE('',#1702,#1703);
#1702 = CARTESIAN_POINT('',(1.67431578065,2.9));
#1703 = VECTOR('',#1704,1.);
#1704 = DIRECTION('',(-1.,1.326181163023E-16));
#1705 = ( GEOMETRIC_REPRESENTATION_CONTEXT(2) 
PARAMETRIC_REPRESENTATION_CONTEXT() REPRESENTATION_CONTEXT('2D SPACE',''
  ) );
#1706 = PCURVE('',#1469,#1707);
#1707 = DEFINITIONAL_REPRESENTATION('',(#1708),#1712);
#1708 = LINE('',#1709,#1710);
#1709 = CARTESIAN_POINT('',(0.,0.));
#1710 = VECTOR('',#1711,1.);
#1711 = DIRECTION('',(1.,0.));
#1712 = ( GEOMETRIC_REPRESENTATION_CONTEXT(2) 
PARAMETRIC_REPRESENTATION_CONTEXT() REPRESENTATION_CONTEXT('2D SPACE',''
  ) );
#1713 = ORIENTED_EDGE('',*,*,#1714,.T.);
#1714 = EDGE_CURVE('',#1692,#1715,#1717,.T.);
#1715 = VERTEX_POINT('',#1716);
#1716 = CARTESIAN_POINT('',(66.333735640982,28.430746135935,6.));
#1717 = SURFACE_CURVE('',#1718,(#1722,#1729),.PCURVE_S1.);
#1718 = LINE('',#1719,#1720);
#1719 = CARTESIAN_POINT('',(68.008051421632,28.430746135935,8.9));
#1720 = VECTOR('',#1721,1.);
#1721 = DIRECTION('',(-0.5,-9.614813431918E-17,-0.866025403784));
#1722 = PCURVE('',#1632,#1723);
#1723 = DEFINITIONAL_REPRESENTATION('',(#1724),#1728);
#1724 = LINE('',#1725,#1726);
#1725 = CARTESIAN_POINT('',(-1.67431578065,2.9));
#1726 = VECTOR('',#1727,1.);
#1727 = DIRECTION('',(-0.5,-0.866025403784));
#1728 = ( GEOMETRIC_REPRESENTATION_CONTEXT(2) 
PARAMETRIC_REPRESENTATION_CONTEXT() REPRESENTATION_CONTEXT('2D SPACE',''
  ) );
#1729 = PCURVE('',#1497,#1730);
#1730 = DEFINITIONAL_REPRESENTATION('',(#1731),#1735);
#1731 = LINE('',#1732,#1733);
#1732 = CARTESIAN_POINT('',(-0.,0.));
#1733 = VECTOR('',#1734,1.);
#1734 = DIRECTION('',(1.,0.));
#1735 = ( GEOMETRIC_REPRESENTATION_CONTEXT(2) 
PARAMETRIC_REPRESENTATION_CONTEXT() REPRESENTATION_CONTEXT('2D SPACE',''
  ) );
#1736 = ORIENTED_EDGE('',*,*,#1737,.F.);
#1737 = EDGE_CURVE('',#1738,#1715,#1740,.T.);
#1738 = VERTEX_POINT('',#1739);
#1739 = CARTESIAN_POINT('',(66.333735640982,28.430746135935,0.));
#1740 = SURFACE_CURVE('',#1741,(#1745,#1752),.PCURVE_S1.);
#1741 = LINE('',#1742,#1743);
#1742 = CARTESIAN_POINT('',(66.333735640982,28.430746135935,-1.));
#1743 = VECTOR('',#1744,1.);
#1744 = DIRECTION('',(0.,1.110223024625E-16,1.));
#1745 = PCURVE('',#1632,#1746);
#1746 = DEFINITIONAL_REPRESENTATION('',(#1747),#1751);
#1747 = LINE('',#1748,#1749);
#1748 = CARTESIAN_POINT('',(-3.3486315613,-7.));
#1749 = VECTOR('',#1750,1.);
#1750 = DIRECTION('',(0.,1.));
#1751 = ( GEOMETRIC_REPRESENTATION_CONTEXT(2) 
PARAMETRIC_REPRESENTATION_CONTEXT() REPRESENTATION_CONTEXT('2D SPACE',''
  ) );
#1752 = PCURVE('',#1525,#1753);
#1753 = DEFINITIONAL_REPRESENTATION('',(#1754),#1758);
#1754 = LINE('',#1755,#1756);
#1755 = CARTESIAN_POINT('',(0.,0.));
#1756 = VECTOR('',#1757,1.);
#1757 = DIRECTION('',(0.,-1.));
#1758 = ( GEOMETRIC_REPRESENTATION_CONTEXT(2) 
PARAMETRIC_REPRESENTATION_CONTEXT() REPRESENTATION_CONTEXT('2D SPACE',''
  ) );
#1759 = ORIENTED_EDGE('',*,*,#1760,.T.);
#1760 = EDGE_CURVE('',#1738,#1594,#1761,.T.);
#1761 = SURFACE_CURVE('',#1762,(#1766,#1773),.PCURVE_S1.);
#1762 = LINE('',#1763,#1764);
#1763 = CARTESIAN_POINT('',(66.182367202281,28.430746135935,0.));
#1764 = VECTOR('',#1765,1.);
#1765 = DIRECTION('',(1.,0.,0.));
#1766 = PCURVE('',#1632,#1767);
#1767 = DEFINITIONAL_REPRESENTATION('',(#1768),#1772);
#1768 = LINE('',#1769,#1770);
#1769 = CARTESIAN_POINT('',(-3.5,-6.));
#1770 = VECTOR('',#1771,1.);
#1771 = DIRECTION('',(1.,0.));
#1772 = ( GEOMETRIC_REPRESENTATION_CONTEXT(2) 
PARAMETRIC_REPRESENTATION_CONTEXT() REPRESENTATION_CONTEXT('2D SPACE',''
  ) );
#1773 = PCURVE('',#1023,#1774);
#1774 = DEFINITIONAL_REPRESENTATION('',(#1775),#1779);
#1775 = LINE('',#1776,#1777);
#1776 = CARTESIAN_POINT('',(3.5,3.5));
#1777 = VECTOR('',#1778,1.);
#1778 = DIRECTION('',(0.,1.));
#1779 = ( GEOMETRIC_REPRESENTATION_CONTEXT(2) 
PARAMETRIC_REPRESENTATION_CONTEXT() REPRESENTATION_CONTEXT('2D SPACE',''
  ) );
#1780 = ORIENTED_EDGE('',*,*,#1616,.T.);
#1781 = FACE_BOUND('',#1782,.T.);
#1782 = EDGE_LOOP('',(#1783));
#1783 = ORIENTED_EDGE('',*,*,#1784,.T.);
#1784 = EDGE_CURVE('',#1785,#1785,#1787,.T.);
#1785 = VERTEX_POINT('',#1786);
#1786 = CARTESIAN_POINT('',(71.382367202281,28.430746135935,6.));
#1787 = SURFACE_CURVE('',#1788,(#1793,#1804),.PCURVE_S1.);
#1788 = CIRCLE('',#1789,1.7);
#1789 = AXIS2_PLACEMENT_3D('',#1790,#1791,#1792);
#1790 = CARTESIAN_POINT('',(69.682367202281,28.430746135935,6.));
#1791 = DIRECTION('',(0.,1.,-1.110223024625E-16));
#1792 = DIRECTION('',(1.,0.,0.));
#1793 = PCURVE('',#1632,#1794);
#1794 = DEFINITIONAL_REPRESENTATION('',(#1795),#1803);
#1795 = ( BOUNDED_CURVE() B_SPLINE_CURVE(2,(#1796,#1797,#1798,#1799,
#1800,#1801,#1802),.UNSPECIFIED.,.T.,.F.) B_SPLINE_CURVE_WITH_KNOTS((1,2
    ,2,2,2,1),(-2.094395102393,0.,2.094395102393,4.188790204786,
6.28318530718,8.377580409573),.UNSPECIFIED.) CURVE() 
GEOMETRIC_REPRESENTATION_ITEM() RATIONAL_B_SPLINE_CURVE((1.,0.5,1.,0.5,
1.,0.5,1.)) REPRESENTATION_ITEM('') );
#1796 = CARTESIAN_POINT('',(1.7,0.));
#1797 = CARTESIAN_POINT('',(1.7,-2.944486372867));
#1798 = CARTESIAN_POINT('',(-0.85,-1.472243186434));
#1799 = CARTESIAN_POINT('',(-3.4,-4.163799117101E-16));
#1800 = CARTESIAN_POINT('',(-0.85,1.472243186434));
#1801 = CARTESIAN_POINT('',(1.7,2.944486372867));
#1802 = CARTESIAN_POINT('',(1.7,0.));
#1803 = ( GEOMETRIC_REPRESENTATION_CONTEXT(2) 
PARAMETRIC_REPRESENTATION_CONTEXT() REPRESENTATION_CONTEXT('2D SPACE',''
  ) );
#1804 = PCURVE('',#1805,#1810);
#1805 = CYLINDRICAL_SURFACE('',#1806,1.7);
#1806 = AXIS2_PLACEMENT_3D('',#1807,#1808,#1809);
#1807 = CARTESIAN_POINT('',(69.682367202281,39.930746135935,6.));
#1808 = DIRECTION('',(-0.,1.,-1.110223024625E-16));
#1809 = DIRECTION('',(1.,0.,0.));
#1810 = DEFINITIONAL_REPRESENTATION('',(#1811),#1815);
#1811 = LINE('',#1812,#1813);
#1812 = CARTESIAN_POINT('',(-6.28318530718,-11.5));
#1813 = VECTOR('',#1814,1.);
#1814 = DIRECTION('',(1.,-0.));
#1815 = ( GEOMETRIC_REPRESENTATION_CONTEXT(2) 
PARAMETRIC_REPRESENTATION_CONTEXT() REPRESENTATION_CONTEXT('2D SPACE',''
  ) );
#1816 = ADVANCED_FACE('',(#1817),#1805,.F.);
#1817 = FACE_BOUND('',#1818,.T.);
#1818 = EDGE_LOOP('',(#1819,#1842,#1864,#1865));
#1819 = ORIENTED_EDGE('',*,*,#1820,.F.);
#1820 = EDGE_CURVE('',#1821,#1785,#1823,.T.);
#1821 = VERTEX_POINT('',#1822);
#1822 = CARTESIAN_POINT('',(71.382367202281,31.930746135935,6.));
#1823 = SEAM_CURVE('',#1824,(#1828,#1835),.PCURVE_S1.);
#1824 = LINE('',#1825,#1826);
#1825 = CARTESIAN_POINT('',(71.382367202281,39.930746135935,6.));
#1826 = VECTOR('',#1827,1.);
#1827 = DIRECTION('',(0.,-1.,1.110223024625E-16));
#1828 = PCURVE('',#1805,#1829);
#1829 = DEFINITIONAL_REPRESENTATION('',(#1830),#1834);
#1830 = LINE('',#1831,#1832);
#1831 = CARTESIAN_POINT('',(-6.28318530718,0.));
#1832 = VECTOR('',#1833,1.);
#1833 = DIRECTION('',(-0.,-1.));
#1834 = ( GEOMETRIC_REPRESENTATION_CONTEXT(2) 
PARAMETRIC_REPRESENTATION_CONTEXT() REPRESENTATION_CONTEXT('2D SPACE',''
  ) );
#1835 = PCURVE('',#1805,#1836);
#1836 = DEFINITIONAL_REPRESENTATION('',(#1837),#1841);
#1837 = LINE('',#1838,#1839);
#1838 = CARTESIAN_POINT('',(-0.,0.));
#1839 = VECTOR('',#1840,1.);
#1840 = DIRECTION('',(-0.,-1.));
#1841 = ( GEOMETRIC_REPRESENTATION_CONTEXT(2) 
PARAMETRIC_REPRESENTATION_CONTEXT() REPRESENTATION_CONTEXT('2D SPACE',''
  ) );
#1842 = ORIENTED_EDGE('',*,*,#1843,.T.);
#1843 = EDGE_CURVE('',#1821,#1821,#1844,.T.);
#1844 = SURFACE_CURVE('',#1845,(#1850,#1857),.PCURVE_S1.);
#1845 = CIRCLE('',#1846,1.7);
#1846 = AXIS2_PLACEMENT_3D('',#1847,#1848,#1849);
#1847 = CARTESIAN_POINT('',(69.682367202281,31.930746135935,6.));
#1848 = DIRECTION('',(0.,1.,-1.110223024625E-16));
#1849 = DIRECTION('',(1.,0.,0.));
#1850 = PCURVE('',#1805,#1851);
#1851 = DEFINITIONAL_REPRESENTATION('',(#1852),#1856);
#1852 = LINE('',#1853,#1854);
#1853 = CARTESIAN_POINT('',(-6.28318530718,-8.));
#1854 = VECTOR('',#1855,1.);
#1855 = DIRECTION('',(1.,-0.));
#1856 = ( GEOMETRIC_REPRESENTATION_CONTEXT(2) 
PARAMETRIC_REPRESENTATION_CONTEXT() REPRESENTATION_CONTEXT('2D SPACE',''
  ) );
#1857 = PCURVE('',#699,#1858);
#1858 = DEFINITIONAL_REPRESENTATION('',(#1859),#1863);
#1859 = CIRCLE('',#1860,1.7);
#1860 = AXIS2_PLACEMENT_2D('',#1861,#1862);
#1861 = CARTESIAN_POINT('',(4.,-39.));
#1862 = DIRECTION('',(-1.,0.));
#1863 = ( GEOMETRIC_REPRESENTATION_CONTEXT(2) 
PARAMETRIC_REPRESENTATION_CONTEXT() REPRESENTATION_CONTEXT('2D SPACE',''
  ) );
#1864 = ORIENTED_EDGE('',*,*,#1820,.T.);
#1865 = ORIENTED_EDGE('',*,*,#1784,.F.);
#1866 = ADVANCED_FACE('',(#1867),#1525,.T.);
#1867 = FACE_BOUND('',#1868,.T.);
#1868 = EDGE_LOOP('',(#1869,#1870,#1891,#1892));
#1869 = ORIENTED_EDGE('',*,*,#1509,.F.);
#1870 = ORIENTED_EDGE('',*,*,#1871,.T.);
#1871 = EDGE_CURVE('',#1510,#1738,#1872,.T.);
#1872 = SURFACE_CURVE('',#1873,(#1877,#1884),.PCURVE_S1.);
#1873 = LINE('',#1874,#1875);
#1874 = CARTESIAN_POINT('',(66.333735640982,30.180746135935,0.));
#1875 = VECTOR('',#1876,1.);
#1876 = DIRECTION('',(0.,1.,-1.110223024625E-16));
#1877 = PCURVE('',#1525,#1878);
#1878 = DEFINITIONAL_REPRESENTATION('',(#1879),#1883);
#1879 = LINE('',#1880,#1881);
#1880 = CARTESIAN_POINT('',(-1.75,-1.));
#1881 = VECTOR('',#1882,1.);
#1882 = DIRECTION('',(-1.,0.));
#1883 = ( GEOMETRIC_REPRESENTATION_CONTEXT(2) 
PARAMETRIC_REPRESENTATION_CONTEXT() REPRESENTATION_CONTEXT('2D SPACE',''
  ) );
#1884 = PCURVE('',#1023,#1885);
#1885 = DEFINITIONAL_REPRESENTATION('',(#1886),#1890);
#1886 = LINE('',#1887,#1888);
#1887 = CARTESIAN_POINT('',(1.75,3.6513684387));
#1888 = VECTOR('',#1889,1.);
#1889 = DIRECTION('',(-1.,0.));
#1890 = ( GEOMETRIC_REPRESENTATION_CONTEXT(2) 
PARAMETRIC_REPRESENTATION_CONTEXT() REPRESENTATION_CONTEXT('2D SPACE',''
  ) );
#1891 = ORIENTED_EDGE('',*,*,#1737,.T.);
#1892 = ORIENTED_EDGE('',*,*,#1893,.T.);
#1893 = EDGE_CURVE('',#1715,#1482,#1894,.T.);
#1894 = SURFACE_CURVE('',#1895,(#1899,#1906),.PCURVE_S1.);
#1895 = LINE('',#1896,#1897);
#1896 = CARTESIAN_POINT('',(66.333735640982,28.430746135935,6.));
#1897 = VECTOR('',#1898,1.);
#1898 = DIRECTION('',(0.,-1.,1.110223024625E-16));
#1899 = PCURVE('',#1525,#1900);
#1900 = DEFINITIONAL_REPRESENTATION('',(#1901),#1905);
#1901 = LINE('',#1902,#1903);
#1902 = CARTESIAN_POINT('',(7.771561172376E-16,-7.));
#1903 = VECTOR('',#1904,1.);
#1904 = DIRECTION('',(1.,0.));
#1905 = ( GEOMETRIC_REPRESENTATION_CONTEXT(2) 
PARAMETRIC_REPRESENTATION_CONTEXT() REPRESENTATION_CONTEXT('2D SPACE',''
  ) );
#1906 = PCURVE('',#1497,#1907);
#1907 = DEFINITIONAL_REPRESENTATION('',(#1908),#1912);
#1908 = LINE('',#1909,#1910);
#1909 = CARTESIAN_POINT('',(3.3486315613,-3.230749001659E-15));
#1910 = VECTOR('',#1911,1.);
#1911 = DIRECTION('',(0.,-1.));
#1912 = ( GEOMETRIC_REPRESENTATION_CONTEXT(2) 
PARAMETRIC_REPRESENTATION_CONTEXT() REPRESENTATION_CONTEXT('2D SPACE',''
  ) );
#1913 = ADVANCED_FACE('',(#1914),#1497,.T.);
#1914 = FACE_BOUND('',#1915,.T.);
#1915 = EDGE_LOOP('',(#1916,#1917,#1938,#1939));
#1916 = ORIENTED_EDGE('',*,*,#1714,.F.);
#1917 = ORIENTED_EDGE('',*,*,#1918,.T.);
#1918 = EDGE_CURVE('',#1692,#1454,#1919,.T.);
#1919 = SURFACE_CURVE('',#1920,(#1924,#1931),.PCURVE_S1.);
#1920 = LINE('',#1921,#1922);
#1921 = CARTESIAN_POINT('',(68.008051421632,28.430746135935,8.9));
#1922 = VECTOR('',#1923,1.);
#1923 = DIRECTION('',(0.,-1.,1.110223024625E-16));
#1924 = PCURVE('',#1497,#1925);
#1925 = DEFINITIONAL_REPRESENTATION('',(#1926),#1930);
#1926 = LINE('',#1927,#1928);
#1927 = CARTESIAN_POINT('',(-0.,0.));
#1928 = VECTOR('',#1929,1.);
#1929 = DIRECTION('',(0.,-1.));
#1930 = ( GEOMETRIC_REPRESENTATION_CONTEXT(2) 
PARAMETRIC_REPRESENTATION_CONTEXT() REPRESENTATION_CONTEXT('2D SPACE',''
  ) );
#1931 = PCURVE('',#1469,#1932);
#1932 = DEFINITIONAL_REPRESENTATION('',(#1933),#1937);
#1933 = LINE('',#1934,#1935);
#1934 = CARTESIAN_POINT('',(3.3486315613,0.));
#1935 = VECTOR('',#1936,1.);
#1936 = DIRECTION('',(0.,-1.));
#1937 = ( GEOMETRIC_REPRESENTATION_CONTEXT(2) 
PARAMETRIC_REPRESENTATION_CONTEXT() REPRESENTATION_CONTEXT('2D SPACE',''
  ) );
#1938 = ORIENTED_EDGE('',*,*,#1481,.F.);
#1939 = ORIENTED_EDGE('',*,*,#1893,.F.);
#1940 = ADVANCED_FACE('',(#1941),#1469,.T.);
#1941 = FACE_BOUND('',#1942,.T.);
#1942 = EDGE_LOOP('',(#1943,#1964,#1965,#1966));
#1943 = ORIENTED_EDGE('',*,*,#1944,.T.);
#1944 = EDGE_CURVE('',#1669,#1424,#1945,.T.);
#1945 = SURFACE_CURVE('',#1946,(#1950,#1957),.PCURVE_S1.);
#1946 = LINE('',#1947,#1948);
#1947 = CARTESIAN_POINT('',(71.356682982931,28.430746135935,8.9));
#1948 = VECTOR('',#1949,1.);
#1949 = DIRECTION('',(0.,-1.,1.110223024625E-16));
#1950 = PCURVE('',#1469,#1951);
#1951 = DEFINITIONAL_REPRESENTATION('',(#1952),#1956);
#1952 = LINE('',#1953,#1954);
#1953 = CARTESIAN_POINT('',(0.,0.));
#1954 = VECTOR('',#1955,1.);
#1955 = DIRECTION('',(0.,-1.));
#1956 = ( GEOMETRIC_REPRESENTATION_CONTEXT(2) 
PARAMETRIC_REPRESENTATION_CONTEXT() REPRESENTATION_CONTEXT('2D SPACE',''
  ) );
#1957 = PCURVE('',#1441,#1958);
#1958 = DEFINITIONAL_REPRESENTATION('',(#1959),#1963);
#1959 = LINE('',#1960,#1961);
#1960 = CARTESIAN_POINT('',(3.3486315613,3.230749001659E-15));
#1961 = VECTOR('',#1962,1.);
#1962 = DIRECTION('',(0.,-1.));
#1963 = ( GEOMETRIC_REPRESENTATION_CONTEXT(2) 
PARAMETRIC_REPRESENTATION_CONTEXT() REPRESENTATION_CONTEXT('2D SPACE',''
  ) );
#1964 = ORIENTED_EDGE('',*,*,#1453,.T.);
#1965 = ORIENTED_EDGE('',*,*,#1918,.F.);
#1966 = ORIENTED_EDGE('',*,*,#1691,.F.);
#1967 = ADVANCED_FACE('',(#1968),#1441,.T.);
#1968 = FACE_BOUND('',#1969,.T.);
#1969 = EDGE_LOOP('',(#1970,#1971,#1972,#1973));
#1970 = ORIENTED_EDGE('',*,*,#1668,.F.);
#1971 = ORIENTED_EDGE('',*,*,#1644,.T.);
#1972 = ORIENTED_EDGE('',*,*,#1423,.F.);
#1973 = ORIENTED_EDGE('',*,*,#1944,.F.);
#1974 = ADVANCED_FACE('',(#1975),#1314,.F.);
#1975 = FACE_BOUND('',#1976,.T.);
#1976 = EDGE_LOOP('',(#1977,#2010,#2031,#2032));
#1977 = ORIENTED_EDGE('',*,*,#1978,.T.);
#1978 = EDGE_CURVE('',#1979,#1979,#1981,.T.);
#1979 = VERTEX_POINT('',#1980);
#1980 = CARTESIAN_POINT('',(71.382367202281,25.780746135935,50.));
#1981 = SURFACE_CURVE('',#1982,(#1987,#1994),.PCURVE_S1.);
#1982 = CIRCLE('',#1983,1.7);
#1983 = AXIS2_PLACEMENT_3D('',#1984,#1985,#1986);
#1984 = CARTESIAN_POINT('',(69.682367202281,25.780746135935,50.));
#1985 = DIRECTION('',(0.,1.,-1.110223024625E-16));
#1986 = DIRECTION('',(1.,0.,0.));
#1987 = PCURVE('',#1314,#1988);
#1988 = DEFINITIONAL_REPRESENTATION('',(#1989),#1993);
#1989 = LINE('',#1990,#1991);
#1990 = CARTESIAN_POINT('',(-6.28318530718,-14.15));
#1991 = VECTOR('',#1992,1.);
#1992 = DIRECTION('',(1.,-0.));
#1993 = ( GEOMETRIC_REPRESENTATION_CONTEXT(2) 
PARAMETRIC_REPRESENTATION_CONTEXT() REPRESENTATION_CONTEXT('2D SPACE',''
  ) );
#1994 = PCURVE('',#1995,#2000);
#1995 = PLANE('',#1996);
#1996 = AXIS2_PLACEMENT_3D('',#1997,#1998,#1999);
#1997 = CARTESIAN_POINT('',(69.682367202281,25.780746135935,50.));
#1998 = DIRECTION('',(0.,-1.,1.110223024625E-16));
#1999 = DIRECTION('',(1.,0.,0.));
#2000 = DEFINITIONAL_REPRESENTATION('',(#2001),#2009);
#2001 = ( BOUNDED_CURVE() B_SPLINE_CURVE(2,(#2002,#2003,#2004,#2005,
#2006,#2007,#2008),.UNSPECIFIED.,.T.,.F.) B_SPLINE_CURVE_WITH_KNOTS((1,2
    ,2,2,2,1),(-2.094395102393,0.,2.094395102393,4.188790204786,
6.28318530718,8.377580409573),.UNSPECIFIED.) CURVE() 
GEOMETRIC_REPRESENTATION_ITEM() RATIONAL_B_SPLINE_CURVE((1.,0.5,1.,0.5,
1.,0.5,1.)) REPRESENTATION_ITEM('') );
#2002 = CARTESIAN_POINT('',(1.7,0.));
#2003 = CARTESIAN_POINT('',(1.7,-2.944486372867));
#2004 = CARTESIAN_POINT('',(-0.85,-1.472243186434));
#2005 = CARTESIAN_POINT('',(-3.4,-4.163799117101E-16));
#2006 = CARTESIAN_POINT('',(-0.85,1.472243186434));
#2007 = CARTESIAN_POINT('',(1.7,2.944486372867));
#2008 = CARTESIAN_POINT('',(1.7,0.));
#2009 = ( GEOMETRIC_REPRESENTATION_CONTEXT(2) 
PARAMETRIC_REPRESENTATION_CONTEXT() REPRESENTATION_CONTEXT('2D SPACE',''
  ) );
#2010 = ORIENTED_EDGE('',*,*,#2011,.T.);
#2011 = EDGE_CURVE('',#1979,#1294,#2012,.T.);
#2012 = SEAM_CURVE('',#2013,(#2017,#2024),.PCURVE_S1.);
#2013 = LINE('',#2014,#2015);
#2014 = CARTESIAN_POINT('',(71.382367202281,39.930746135935,50.));
#2015 = VECTOR('',#2016,1.);
#2016 = DIRECTION('',(0.,-1.,1.110223024625E-16));
#2017 = PCURVE('',#1314,#2018);
#2018 = DEFINITIONAL_REPRESENTATION('',(#2019),#2023);
#2019 = LINE('',#2020,#2021);
#2020 = CARTESIAN_POINT('',(-6.28318530718,0.));
#2021 = VECTOR('',#2022,1.);
#2022 = DIRECTION('',(-0.,-1.));
#2023 = ( GEOMETRIC_REPRESENTATION_CONTEXT(2) 
PARAMETRIC_REPRESENTATION_CONTEXT() REPRESENTATION_CONTEXT('2D SPACE',''
  ) );
#2024 = PCURVE('',#1314,#2025);
#2025 = DEFINITIONAL_REPRESENTATION('',(#2026),#2030);
#2026 = LINE('',#2027,#2028);
#2027 = CARTESIAN_POINT('',(-0.,0.));
#2028 = VECTOR('',#2029,1.);
#2029 = DIRECTION('',(-0.,-1.));
#2030 = ( GEOMETRIC_REPRESENTATION_CONTEXT(2) 
PARAMETRIC_REPRESENTATION_CONTEXT() REPRESENTATION_CONTEXT('2D SPACE',''
  ) );
#2031 = ORIENTED_EDGE('',*,*,#1293,.F.);
#2032 = ORIENTED_EDGE('',*,*,#2011,.F.);
#2033 = ADVANCED_FACE('',(#2034,#2199),#1995,.F.);
#2034 = FACE_BOUND('',#2035,.F.);
#2035 = EDGE_LOOP('',(#2036,#2066,#2094,#2122,#2150,#2173));
#2036 = ORIENTED_EDGE('',*,*,#2037,.F.);
#2037 = EDGE_CURVE('',#2038,#2040,#2042,.T.);
#2038 = VERTEX_POINT('',#2039);
#2039 = CARTESIAN_POINT('',(68.008051421632,25.780746135935,47.1));
#2040 = VERTEX_POINT('',#2041);
#2041 = CARTESIAN_POINT('',(66.333735640982,25.780746135935,50.));
#2042 = SURFACE_CURVE('',#2043,(#2047,#2054),.PCURVE_S1.);
#2043 = LINE('',#2044,#2045);
#2044 = CARTESIAN_POINT('',(68.008051421632,25.780746135935,47.1));
#2045 = VECTOR('',#2046,1.);
#2046 = DIRECTION('',(-0.5,9.614813431918E-17,0.866025403784));
#2047 = PCURVE('',#1995,#2048);
#2048 = DEFINITIONAL_REPRESENTATION('',(#2049),#2053);
#2049 = LINE('',#2050,#2051);
#2050 = CARTESIAN_POINT('',(-1.67431578065,-2.9));
#2051 = VECTOR('',#2052,1.);
#2052 = DIRECTION('',(-0.5,0.866025403784));
#2053 = ( GEOMETRIC_REPRESENTATION_CONTEXT(2) 
PARAMETRIC_REPRESENTATION_CONTEXT() REPRESENTATION_CONTEXT('2D SPACE',''
  ) );
#2054 = PCURVE('',#2055,#2060);
#2055 = PLANE('',#2056);
#2056 = AXIS2_PLACEMENT_3D('',#2057,#2058,#2059);
#2057 = CARTESIAN_POINT('',(66.333735640982,28.430746135935,50.));
#2058 = DIRECTION('',(0.866025403784,5.551115123126E-17,0.5));
#2059 = DIRECTION('',(0.5,-9.614813431918E-17,-0.866025403784));
#2060 = DEFINITIONAL_REPRESENTATION('',(#2061),#2065);
#2061 = LINE('',#2062,#2063);
#2062 = CARTESIAN_POINT('',(3.3486315613,-2.65));
#2063 = VECTOR('',#2064,1.);
#2064 = DIRECTION('',(-1.,0.));
#2065 = ( GEOMETRIC_REPRESENTATION_CONTEXT(2) 
PARAMETRIC_REPRESENTATION_CONTEXT() REPRESENTATION_CONTEXT('2D SPACE',''
  ) );
#2066 = ORIENTED_EDGE('',*,*,#2067,.T.);
#2067 = EDGE_CURVE('',#2038,#2068,#2070,.T.);
#2068 = VERTEX_POINT('',#2069);
#2069 = CARTESIAN_POINT('',(71.356682982931,25.780746135935,47.1));
#2070 = SURFACE_CURVE('',#2071,(#2075,#2082),.PCURVE_S1.);
#2071 = LINE('',#2072,#2073);
#2072 = CARTESIAN_POINT('',(68.008051421632,25.780746135935,47.1));
#2073 = VECTOR('',#2074,1.);
#2074 = DIRECTION('',(1.,-7.361784310062E-32,-6.630905815116E-16));
#2075 = PCURVE('',#1995,#2076);
#2076 = DEFINITIONAL_REPRESENTATION('',(#2077),#2081);
#2077 = LINE('',#2078,#2079);
#2078 = CARTESIAN_POINT('',(-1.67431578065,-2.9));
#2079 = VECTOR('',#2080,1.);
#2080 = DIRECTION('',(1.,-6.630905815116E-16));
#2081 = ( GEOMETRIC_REPRESENTATION_CONTEXT(2) 
PARAMETRIC_REPRESENTATION_CONTEXT() REPRESENTATION_CONTEXT('2D SPACE',''
  ) );
#2082 = PCURVE('',#2083,#2088);
#2083 = PLANE('',#2084);
#2084 = AXIS2_PLACEMENT_3D('',#2085,#2086,#2087);
#2085 = CARTESIAN_POINT('',(68.008051421632,28.430746135935,47.1));
#2086 = DIRECTION('',(6.630905815116E-16,1.110223024625E-16,1.));
#2087 = DIRECTION('',(1.,-7.361784310062E-32,-6.630905815116E-16));
#2088 = DEFINITIONAL_REPRESENTATION('',(#2089),#2093);
#2089 = LINE('',#2090,#2091);
#2090 = CARTESIAN_POINT('',(1.950872842167E-31,-2.65));
#2091 = VECTOR('',#2092,1.);
#2092 = DIRECTION('',(1.,0.));
#2093 = ( GEOMETRIC_REPRESENTATION_CONTEXT(2) 
PARAMETRIC_REPRESENTATION_CONTEXT() REPRESENTATION_CONTEXT('2D SPACE',''
  ) );
#2094 = ORIENTED_EDGE('',*,*,#2095,.F.);
#2095 = EDGE_CURVE('',#2096,#2068,#2098,.T.);
#2096 = VERTEX_POINT('',#2097);
#2097 = CARTESIAN_POINT('',(73.030998763581,25.780746135935,50.));
#2098 = SURFACE_CURVE('',#2099,(#2103,#2110),.PCURVE_S1.);
#2099 = LINE('',#2100,#2101);
#2100 = CARTESIAN_POINT('',(73.030998763581,25.780746135935,50.));
#2101 = VECTOR('',#2102,1.);
#2102 = DIRECTION('',(-0.5,-9.614813431918E-17,-0.866025403784));
#2103 = PCURVE('',#1995,#2104);
#2104 = DEFINITIONAL_REPRESENTATION('',(#2105),#2109);
#2105 = LINE('',#2106,#2107);
#2106 = CARTESIAN_POINT('',(3.3486315613,0.));
#2107 = VECTOR('',#2108,1.);
#2108 = DIRECTION('',(-0.5,-0.866025403784));
#2109 = ( GEOMETRIC_REPRESENTATION_CONTEXT(2) 
PARAMETRIC_REPRESENTATION_CONTEXT() REPRESENTATION_CONTEXT('2D SPACE',''
  ) );
#2110 = PCURVE('',#2111,#2116);
#2111 = PLANE('',#2112);
#2112 = AXIS2_PLACEMENT_3D('',#2113,#2114,#2115);
#2113 = CARTESIAN_POINT('',(71.356682982931,28.430746135935,47.1));
#2114 = DIRECTION('',(-0.866025403784,5.551115123126E-17,0.5));
#2115 = DIRECTION('',(0.5,9.614813431918E-17,0.866025403784));
#2116 = DEFINITIONAL_REPRESENTATION('',(#2117),#2121);
#2117 = LINE('',#2118,#2119);
#2118 = CARTESIAN_POINT('',(3.3486315613,-2.65));
#2119 = VECTOR('',#2120,1.);
#2120 = DIRECTION('',(-1.,0.));
#2121 = ( GEOMETRIC_REPRESENTATION_CONTEXT(2) 
PARAMETRIC_REPRESENTATION_CONTEXT() REPRESENTATION_CONTEXT('2D SPACE',''
  ) );
#2122 = ORIENTED_EDGE('',*,*,#2123,.T.);
#2123 = EDGE_CURVE('',#2096,#2124,#2126,.T.);
#2124 = VERTEX_POINT('',#2125);
#2125 = CARTESIAN_POINT('',(73.030998763581,25.780746135935,56.));
#2126 = SURFACE_CURVE('',#2127,(#2131,#2138),.PCURVE_S1.);
#2127 = LINE('',#2128,#2129);
#2128 = CARTESIAN_POINT('',(73.030998763581,25.780746135935,50.));
#2129 = VECTOR('',#2130,1.);
#2130 = DIRECTION('',(0.,1.110223024625E-16,1.));
#2131 = PCURVE('',#1995,#2132);
#2132 = DEFINITIONAL_REPRESENTATION('',(#2133),#2137);
#2133 = LINE('',#2134,#2135);
#2134 = CARTESIAN_POINT('',(3.3486315613,0.));
#2135 = VECTOR('',#2136,1.);
#2136 = DIRECTION('',(0.,1.));
#2137 = ( GEOMETRIC_REPRESENTATION_CONTEXT(2) 
PARAMETRIC_REPRESENTATION_CONTEXT() REPRESENTATION_CONTEXT('2D SPACE',''
  ) );
#2138 = PCURVE('',#2139,#2144);
#2139 = PLANE('',#2140);
#2140 = AXIS2_PLACEMENT_3D('',#2141,#2142,#2143);
#2141 = CARTESIAN_POINT('',(73.030998763581,28.430746135935,50.));
#2142 = DIRECTION('',(1.,0.,0.));
#2143 = DIRECTION('',(0.,-1.,1.110223024625E-16));
#2144 = DEFINITIONAL_REPRESENTATION('',(#2145),#2149);
#2145 = LINE('',#2146,#2147);
#2146 = CARTESIAN_POINT('',(2.65,2.942091015257E-16));
#2147 = VECTOR('',#2148,1.);
#2148 = DIRECTION('',(0.,-1.));
#2149 = ( GEOMETRIC_REPRESENTATION_CONTEXT(2) 
PARAMETRIC_REPRESENTATION_CONTEXT() REPRESENTATION_CONTEXT('2D SPACE',''
  ) );
#2150 = ORIENTED_EDGE('',*,*,#2151,.F.);
#2151 = EDGE_CURVE('',#2152,#2124,#2154,.T.);
#2152 = VERTEX_POINT('',#2153);
#2153 = CARTESIAN_POINT('',(66.333735640982,25.780746135935,56.));
#2154 = SURFACE_CURVE('',#2155,(#2159,#2166),.PCURVE_S1.);
#2155 = LINE('',#2156,#2157);
#2156 = CARTESIAN_POINT('',(66.182367202281,25.780746135935,56.));
#2157 = VECTOR('',#2158,1.);
#2158 = DIRECTION('',(1.,0.,0.));
#2159 = PCURVE('',#1995,#2160);
#2160 = DEFINITIONAL_REPRESENTATION('',(#2161),#2165);
#2161 = LINE('',#2162,#2163);
#2162 = CARTESIAN_POINT('',(-3.5,6.));
#2163 = VECTOR('',#2164,1.);
#2164 = DIRECTION('',(1.,0.));
#2165 = ( GEOMETRIC_REPRESENTATION_CONTEXT(2) 
PARAMETRIC_REPRESENTATION_CONTEXT() REPRESENTATION_CONTEXT('2D SPACE',''
  ) );
#2166 = PCURVE('',#1248,#2167);
#2167 = DEFINITIONAL_REPRESENTATION('',(#2168),#2172);
#2168 = LINE('',#2169,#2170);
#2169 = CARTESIAN_POINT('',(6.15,3.5));
#2170 = VECTOR('',#2171,1.);
#2171 = DIRECTION('',(0.,1.));
#2172 = ( GEOMETRIC_REPRESENTATION_CONTEXT(2) 
PARAMETRIC_REPRESENTATION_CONTEXT() REPRESENTATION_CONTEXT('2D SPACE',''
  ) );
#2173 = ORIENTED_EDGE('',*,*,#2174,.F.);
#2174 = EDGE_CURVE('',#2040,#2152,#2175,.T.);
#2175 = SURFACE_CURVE('',#2176,(#2180,#2187),.PCURVE_S1.);
#2176 = LINE('',#2177,#2178);
#2177 = CARTESIAN_POINT('',(66.333735640982,25.780746135935,50.));
#2178 = VECTOR('',#2179,1.);
#2179 = DIRECTION('',(0.,1.110223024625E-16,1.));
#2180 = PCURVE('',#1995,#2181);
#2181 = DEFINITIONAL_REPRESENTATION('',(#2182),#2186);
#2182 = LINE('',#2183,#2184);
#2183 = CARTESIAN_POINT('',(-3.3486315613,0.));
#2184 = VECTOR('',#2185,1.);
#2185 = DIRECTION('',(0.,1.));
#2186 = ( GEOMETRIC_REPRESENTATION_CONTEXT(2) 
PARAMETRIC_REPRESENTATION_CONTEXT() REPRESENTATION_CONTEXT('2D SPACE',''
  ) );
#2187 = PCURVE('',#2188,#2193);
#2188 = PLANE('',#2189);
#2189 = AXIS2_PLACEMENT_3D('',#2190,#2191,#2192);
#2190 = CARTESIAN_POINT('',(66.333735640982,28.430746135935,50.));
#2191 = DIRECTION('',(1.,0.,0.));
#2192 = DIRECTION('',(0.,-1.,1.110223024625E-16));
#2193 = DEFINITIONAL_REPRESENTATION('',(#2194),#2198);
#2194 = LINE('',#2195,#2196);
#2195 = CARTESIAN_POINT('',(2.65,2.942091015257E-16));
#2196 = VECTOR('',#2197,1.);
#2197 = DIRECTION('',(0.,-1.));
#2198 = ( GEOMETRIC_REPRESENTATION_CONTEXT(2) 
PARAMETRIC_REPRESENTATION_CONTEXT() REPRESENTATION_CONTEXT('2D SPACE',''
  ) );
#2199 = FACE_BOUND('',#2200,.F.);
#2200 = EDGE_LOOP('',(#2201));
#2201 = ORIENTED_EDGE('',*,*,#1978,.T.);
#2202 = ADVANCED_FACE('',(#2203),#2188,.T.);
#2203 = FACE_BOUND('',#2204,.T.);
#2204 = EDGE_LOOP('',(#2205,#2228,#2256,#2277));
#2205 = ORIENTED_EDGE('',*,*,#2206,.F.);
#2206 = EDGE_CURVE('',#2207,#2040,#2209,.T.);
#2207 = VERTEX_POINT('',#2208);
#2208 = CARTESIAN_POINT('',(66.333735640982,28.430746135935,50.));
#2209 = SURFACE_CURVE('',#2210,(#2214,#2221),.PCURVE_S1.);
#2210 = LINE('',#2211,#2212);
#2211 = CARTESIAN_POINT('',(66.333735640982,28.430746135935,50.));
#2212 = VECTOR('',#2213,1.);
#2213 = DIRECTION('',(0.,-1.,1.110223024625E-16));
#2214 = PCURVE('',#2188,#2215);
#2215 = DEFINITIONAL_REPRESENTATION('',(#2216),#2220);
#2216 = LINE('',#2217,#2218);
#2217 = CARTESIAN_POINT('',(0.,0.));
#2218 = VECTOR('',#2219,1.);
#2219 = DIRECTION('',(1.,0.));
#2220 = ( GEOMETRIC_REPRESENTATION_CONTEXT(2) 
PARAMETRIC_REPRESENTATION_CONTEXT() REPRESENTATION_CONTEXT('2D SPACE',''
  ) );
#2221 = PCURVE('',#2055,#2222);
#2222 = DEFINITIONAL_REPRESENTATION('',(#2223),#2227);
#2223 = LINE('',#2224,#2225);
#2224 = CARTESIAN_POINT('',(0.,0.));
#2225 = VECTOR('',#2226,1.);
#2226 = DIRECTION('',(0.,-1.));
#2227 = ( GEOMETRIC_REPRESENTATION_CONTEXT(2) 
PARAMETRIC_REPRESENTATION_CONTEXT() REPRESENTATION_CONTEXT('2D SPACE',''
  ) );
#2228 = ORIENTED_EDGE('',*,*,#2229,.T.);
#2229 = EDGE_CURVE('',#2207,#2230,#2232,.T.);
#2230 = VERTEX_POINT('',#2231);
#2231 = CARTESIAN_POINT('',(66.333735640982,28.430746135935,56.));
#2232 = SURFACE_CURVE('',#2233,(#2237,#2244),.PCURVE_S1.);
#2233 = LINE('',#2234,#2235);
#2234 = CARTESIAN_POINT('',(66.333735640982,28.430746135935,50.));
#2235 = VECTOR('',#2236,1.);
#2236 = DIRECTION('',(0.,1.110223024625E-16,1.));
#2237 = PCURVE('',#2188,#2238);
#2238 = DEFINITIONAL_REPRESENTATION('',(#2239),#2243);
#2239 = LINE('',#2240,#2241);
#2240 = CARTESIAN_POINT('',(0.,0.));
#2241 = VECTOR('',#2242,1.);
#2242 = DIRECTION('',(0.,-1.));
#2243 = ( GEOMETRIC_REPRESENTATION_CONTEXT(2) 
PARAMETRIC_REPRESENTATION_CONTEXT() REPRESENTATION_CONTEXT('2D SPACE',''
  ) );
#2244 = PCURVE('',#2245,#2250);
#2245 = PLANE('',#2246);
#2246 = AXIS2_PLACEMENT_3D('',#2247,#2248,#2249);
#2247 = CARTESIAN_POINT('',(69.682367202281,28.430746135935,50.));
#2248 = DIRECTION('',(0.,-1.,1.110223024625E-16));
#2249 = DIRECTION('',(1.,0.,0.));
#2250 = DEFINITIONAL_REPRESENTATION('',(#2251),#2255);
#2251 = LINE('',#2252,#2253);
#2252 = CARTESIAN_POINT('',(-3.3486315613,0.));
#2253 = VECTOR('',#2254,1.);
#2254 = DIRECTION('',(0.,1.));
#2255 = ( GEOMETRIC_REPRESENTATION_CONTEXT(2) 
PARAMETRIC_REPRESENTATION_CONTEXT() REPRESENTATION_CONTEXT('2D SPACE',''
  ) );
#2256 = ORIENTED_EDGE('',*,*,#2257,.F.);
#2257 = EDGE_CURVE('',#2152,#2230,#2258,.T.);
#2258 = SURFACE_CURVE('',#2259,(#2263,#2270),.PCURVE_S1.);
#2259 = LINE('',#2260,#2261);
#2260 = CARTESIAN_POINT('',(66.333735640982,30.180746135935,56.));
#2261 = VECTOR('',#2262,1.);
#2262 = DIRECTION('',(0.,1.,-1.110223024625E-16));
#2263 = PCURVE('',#2188,#2264);
#2264 = DEFINITIONAL_REPRESENTATION('',(#2265),#2269);
#2265 = LINE('',#2266,#2267);
#2266 = CARTESIAN_POINT('',(-1.75,-6.));
#2267 = VECTOR('',#2268,1.);
#2268 = DIRECTION('',(-1.,0.));
#2269 = ( GEOMETRIC_REPRESENTATION_CONTEXT(2) 
PARAMETRIC_REPRESENTATION_CONTEXT() REPRESENTATION_CONTEXT('2D SPACE',''
  ) );
#2270 = PCURVE('',#1248,#2271);
#2271 = DEFINITIONAL_REPRESENTATION('',(#2272),#2276);
#2272 = LINE('',#2273,#2274);
#2273 = CARTESIAN_POINT('',(1.75,3.6513684387));
#2274 = VECTOR('',#2275,1.);
#2275 = DIRECTION('',(-1.,0.));
#2276 = ( GEOMETRIC_REPRESENTATION_CONTEXT(2) 
PARAMETRIC_REPRESENTATION_CONTEXT() REPRESENTATION_CONTEXT('2D SPACE',''
  ) );
#2277 = ORIENTED_EDGE('',*,*,#2174,.F.);
#2278 = ADVANCED_FACE('',(#2279,#2395),#2245,.T.);
#2279 = FACE_BOUND('',#2280,.T.);
#2280 = EDGE_LOOP('',(#2281,#2304,#2327,#2350,#2373,#2394));
#2281 = ORIENTED_EDGE('',*,*,#2282,.T.);
#2282 = EDGE_CURVE('',#2207,#2283,#2285,.T.);
#2283 = VERTEX_POINT('',#2284);
#2284 = CARTESIAN_POINT('',(68.008051421632,28.430746135935,47.1));
#2285 = SURFACE_CURVE('',#2286,(#2290,#2297),.PCURVE_S1.);
#2286 = LINE('',#2287,#2288);
#2287 = CARTESIAN_POINT('',(66.333735640982,28.430746135935,50.));
#2288 = VECTOR('',#2289,1.);
#2289 = DIRECTION('',(0.5,-9.614813431918E-17,-0.866025403784));
#2290 = PCURVE('',#2245,#2291);
#2291 = DEFINITIONAL_REPRESENTATION('',(#2292),#2296);
#2292 = LINE('',#2293,#2294);
#2293 = CARTESIAN_POINT('',(-3.3486315613,0.));
#2294 = VECTOR('',#2295,1.);
#2295 = DIRECTION('',(0.5,-0.866025403784));
#2296 = ( GEOMETRIC_REPRESENTATION_CONTEXT(2) 
PARAMETRIC_REPRESENTATION_CONTEXT() REPRESENTATION_CONTEXT('2D SPACE',''
  ) );
#2297 = PCURVE('',#2055,#2298);
#2298 = DEFINITIONAL_REPRESENTATION('',(#2299),#2303);
#2299 = LINE('',#2300,#2301);
#2300 = CARTESIAN_POINT('',(0.,0.));
#2301 = VECTOR('',#2302,1.);
#2302 = DIRECTION('',(1.,0.));
#2303 = ( GEOMETRIC_REPRESENTATION_CONTEXT(2) 
PARAMETRIC_REPRESENTATION_CONTEXT() REPRESENTATION_CONTEXT('2D SPACE',''
  ) );
#2304 = ORIENTED_EDGE('',*,*,#2305,.T.);
#2305 = EDGE_CURVE('',#2283,#2306,#2308,.T.);
#2306 = VERTEX_POINT('',#2307);
#2307 = CARTESIAN_POINT('',(71.356682982931,28.430746135935,47.1));
#2308 = SURFACE_CURVE('',#2309,(#2313,#2320),.PCURVE_S1.);
#2309 = LINE('',#2310,#2311);
#2310 = CARTESIAN_POINT('',(68.008051421632,28.430746135935,47.1));
#2311 = VECTOR('',#2312,1.);
#2312 = DIRECTION('',(1.,-7.361784310062E-32,-6.630905815116E-16));
#2313 = PCURVE('',#2245,#2314);
#2314 = DEFINITIONAL_REPRESENTATION('',(#2315),#2319);
#2315 = LINE('',#2316,#2317);
#2316 = CARTESIAN_POINT('',(-1.67431578065,-2.9));
#2317 = VECTOR('',#2318,1.);
#2318 = DIRECTION('',(1.,-6.630905815116E-16));
#2319 = ( GEOMETRIC_REPRESENTATION_CONTEXT(2) 
PARAMETRIC_REPRESENTATION_CONTEXT() REPRESENTATION_CONTEXT('2D SPACE',''
  ) );
#2320 = PCURVE('',#2083,#2321);
#2321 = DEFINITIONAL_REPRESENTATION('',(#2322),#2326);
#2322 = LINE('',#2323,#2324);
#2323 = CARTESIAN_POINT('',(0.,0.));
#2324 = VECTOR('',#2325,1.);
#2325 = DIRECTION('',(1.,0.));
#2326 = ( GEOMETRIC_REPRESENTATION_CONTEXT(2) 
PARAMETRIC_REPRESENTATION_CONTEXT() REPRESENTATION_CONTEXT('2D SPACE',''
  ) );
#2327 = ORIENTED_EDGE('',*,*,#2328,.T.);
#2328 = EDGE_CURVE('',#2306,#2329,#2331,.T.);
#2329 = VERTEX_POINT('',#2330);
#2330 = CARTESIAN_POINT('',(73.030998763581,28.430746135935,50.));
#2331 = SURFACE_CURVE('',#2332,(#2336,#2343),.PCURVE_S1.);
#2332 = LINE('',#2333,#2334);
#2333 = CARTESIAN_POINT('',(71.356682982931,28.430746135935,47.1));
#2334 = VECTOR('',#2335,1.);
#2335 = DIRECTION('',(0.5,9.614813431918E-17,0.866025403784));
#2336 = PCURVE('',#2245,#2337);
#2337 = DEFINITIONAL_REPRESENTATION('',(#2338),#2342);
#2338 = LINE('',#2339,#2340);
#2339 = CARTESIAN_POINT('',(1.67431578065,-2.9));
#2340 = VECTOR('',#2341,1.);
#2341 = DIRECTION('',(0.5,0.866025403784));
#2342 = ( GEOMETRIC_REPRESENTATION_CONTEXT(2) 
PARAMETRIC_REPRESENTATION_CONTEXT() REPRESENTATION_CONTEXT('2D SPACE',''
  ) );
#2343 = PCURVE('',#2111,#2344);
#2344 = DEFINITIONAL_REPRESENTATION('',(#2345),#2349);
#2345 = LINE('',#2346,#2347);
#2346 = CARTESIAN_POINT('',(0.,0.));
#2347 = VECTOR('',#2348,1.);
#2348 = DIRECTION('',(1.,0.));
#2349 = ( GEOMETRIC_REPRESENTATION_CONTEXT(2) 
PARAMETRIC_REPRESENTATION_CONTEXT() REPRESENTATION_CONTEXT('2D SPACE',''
  ) );
#2350 = ORIENTED_EDGE('',*,*,#2351,.T.);
#2351 = EDGE_CURVE('',#2329,#2352,#2354,.T.);
#2352 = VERTEX_POINT('',#2353);
#2353 = CARTESIAN_POINT('',(73.030998763581,28.430746135935,56.));
#2354 = SURFACE_CURVE('',#2355,(#2359,#2366),.PCURVE_S1.);
#2355 = LINE('',#2356,#2357);
#2356 = CARTESIAN_POINT('',(73.030998763581,28.430746135935,50.));
#2357 = VECTOR('',#2358,1.);
#2358 = DIRECTION('',(0.,1.110223024625E-16,1.));
#2359 = PCURVE('',#2245,#2360);
#2360 = DEFINITIONAL_REPRESENTATION('',(#2361),#2365);
#2361 = LINE('',#2362,#2363);
#2362 = CARTESIAN_POINT('',(3.3486315613,0.));
#2363 = VECTOR('',#2364,1.);
#2364 = DIRECTION('',(0.,1.));
#2365 = ( GEOMETRIC_REPRESENTATION_CONTEXT(2) 
PARAMETRIC_REPRESENTATION_CONTEXT() REPRESENTATION_CONTEXT('2D SPACE',''
  ) );
#2366 = PCURVE('',#2139,#2367);
#2367 = DEFINITIONAL_REPRESENTATION('',(#2368),#2372);
#2368 = LINE('',#2369,#2370);
#2369 = CARTESIAN_POINT('',(0.,0.));
#2370 = VECTOR('',#2371,1.);
#2371 = DIRECTION('',(0.,-1.));
#2372 = ( GEOMETRIC_REPRESENTATION_CONTEXT(2) 
PARAMETRIC_REPRESENTATION_CONTEXT() REPRESENTATION_CONTEXT('2D SPACE',''
  ) );
#2373 = ORIENTED_EDGE('',*,*,#2374,.F.);
#2374 = EDGE_CURVE('',#2230,#2352,#2375,.T.);
#2375 = SURFACE_CURVE('',#2376,(#2380,#2387),.PCURVE_S1.);
#2376 = LINE('',#2377,#2378);
#2377 = CARTESIAN_POINT('',(66.182367202281,28.430746135935,56.));
#2378 = VECTOR('',#2379,1.);
#2379 = DIRECTION('',(1.,0.,0.));
#2380 = PCURVE('',#2245,#2381);
#2381 = DEFINITIONAL_REPRESENTATION('',(#2382),#2386);
#2382 = LINE('',#2383,#2384);
#2383 = CARTESIAN_POINT('',(-3.5,6.));
#2384 = VECTOR('',#2385,1.);
#2385 = DIRECTION('',(1.,0.));
#2386 = ( GEOMETRIC_REPRESENTATION_CONTEXT(2) 
PARAMETRIC_REPRESENTATION_CONTEXT() REPRESENTATION_CONTEXT('2D SPACE',''
  ) );
#2387 = PCURVE('',#1248,#2388);
#2388 = DEFINITIONAL_REPRESENTATION('',(#2389),#2393);
#2389 = LINE('',#2390,#2391);
#2390 = CARTESIAN_POINT('',(3.5,3.5));
#2391 = VECTOR('',#2392,1.);
#2392 = DIRECTION('',(0.,1.));
#2393 = ( GEOMETRIC_REPRESENTATION_CONTEXT(2) 
PARAMETRIC_REPRESENTATION_CONTEXT() REPRESENTATION_CONTEXT('2D SPACE',''
  ) );
#2394 = ORIENTED_EDGE('',*,*,#2229,.F.);
#2395 = FACE_BOUND('',#2396,.T.);
#2396 = EDGE_LOOP('',(#2397));
#2397 = ORIENTED_EDGE('',*,*,#2398,.T.);
#2398 = EDGE_CURVE('',#2399,#2399,#2401,.T.);
#2399 = VERTEX_POINT('',#2400);
#2400 = CARTESIAN_POINT('',(71.382367202281,28.430746135935,50.));
#2401 = SURFACE_CURVE('',#2402,(#2407,#2418),.PCURVE_S1.);
#2402 = CIRCLE('',#2403,1.7);
#2403 = AXIS2_PLACEMENT_3D('',#2404,#2405,#2406);
#2404 = CARTESIAN_POINT('',(69.682367202281,28.430746135935,50.));
#2405 = DIRECTION('',(0.,1.,-1.110223024625E-16));
#2406 = DIRECTION('',(1.,0.,0.));
#2407 = PCURVE('',#2245,#2408);
#2408 = DEFINITIONAL_REPRESENTATION('',(#2409),#2417);
#2409 = ( BOUNDED_CURVE() B_SPLINE_CURVE(2,(#2410,#2411,#2412,#2413,
#2414,#2415,#2416),.UNSPECIFIED.,.T.,.F.) B_SPLINE_CURVE_WITH_KNOTS((1,2
    ,2,2,2,1),(-2.094395102393,0.,2.094395102393,4.188790204786,
6.28318530718,8.377580409573),.UNSPECIFIED.) CURVE() 
GEOMETRIC_REPRESENTATION_ITEM() RATIONAL_B_SPLINE_CURVE((1.,0.5,1.,0.5,
1.,0.5,1.)) REPRESENTATION_ITEM('') );
#2410 = CARTESIAN_POINT('',(1.7,0.));
#2411 = CARTESIAN_POINT('',(1.7,-2.944486372867));
#2412 = CARTESIAN_POINT('',(-0.85,-1.472243186434));
#2413 = CARTESIAN_POINT('',(-3.4,-4.163799117101E-16));
#2414 = CARTESIAN_POINT('',(-0.85,1.472243186434));
#2415 = CARTESIAN_POINT('',(1.7,2.944486372867));
#2416 = CARTESIAN_POINT('',(1.7,0.));
#2417 = ( GEOMETRIC_REPRESENTATION_CONTEXT(2) 
PARAMETRIC_REPRESENTATION_CONTEXT() REPRESENTATION_CONTEXT('2D SPACE',''
  ) );
#2418 = PCURVE('',#2419,#2424);
#2419 = CYLINDRICAL_SURFACE('',#2420,1.7);
#2420 = AXIS2_PLACEMENT_3D('',#2421,#2422,#2423);
#2421 = CARTESIAN_POINT('',(69.682367202281,39.930746135935,50.));
#2422 = DIRECTION('',(-0.,1.,-1.110223024625E-16));
#2423 = DIRECTION('',(1.,0.,0.));
#2424 = DEFINITIONAL_REPRESENTATION('',(#2425),#2429);
#2425 = LINE('',#2426,#2427);
#2426 = CARTESIAN_POINT('',(-6.28318530718,-11.5));
#2427 = VECTOR('',#2428,1.);
#2428 = DIRECTION('',(1.,-0.));
#2429 = ( GEOMETRIC_REPRESENTATION_CONTEXT(2) 
PARAMETRIC_REPRESENTATION_CONTEXT() REPRESENTATION_CONTEXT('2D SPACE',''
  ) );
#2430 = ADVANCED_FACE('',(#2431),#2419,.F.);
#2431 = FACE_BOUND('',#2432,.T.);
#2432 = EDGE_LOOP('',(#2433,#2456,#2478,#2479));
#2433 = ORIENTED_EDGE('',*,*,#2434,.F.);
#2434 = EDGE_CURVE('',#2435,#2399,#2437,.T.);
#2435 = VERTEX_POINT('',#2436);
#2436 = CARTESIAN_POINT('',(71.382367202281,31.930746135935,50.));
#2437 = SEAM_CURVE('',#2438,(#2442,#2449),.PCURVE_S1.);
#2438 = LINE('',#2439,#2440);
#2439 = CARTESIAN_POINT('',(71.382367202281,39.930746135935,50.));
#2440 = VECTOR('',#2441,1.);
#2441 = DIRECTION('',(0.,-1.,1.110223024625E-16));
#2442 = PCURVE('',#2419,#2443);
#2443 = DEFINITIONAL_REPRESENTATION('',(#2444),#2448);
#2444 = LINE('',#2445,#2446);
#2445 = CARTESIAN_POINT('',(-6.28318530718,0.));
#2446 = VECTOR('',#2447,1.);
#2447 = DIRECTION('',(-0.,-1.));
#2448 = ( GEOMETRIC_REPRESENTATION_CONTEXT(2) 
PARAMETRIC_REPRESENTATION_CONTEXT() REPRESENTATION_CONTEXT('2D SPACE',''
  ) );
#2449 = PCURVE('',#2419,#2450);
#2450 = DEFINITIONAL_REPRESENTATION('',(#2451),#2455);
#2451 = LINE('',#2452,#2453);
#2452 = CARTESIAN_POINT('',(-0.,0.));
#2453 = VECTOR('',#2454,1.);
#2454 = DIRECTION('',(-0.,-1.));
#2455 = ( GEOMETRIC_REPRESENTATION_CONTEXT(2) 
PARAMETRIC_REPRESENTATION_CONTEXT() REPRESENTATION_CONTEXT('2D SPACE',''
  ) );
#2456 = ORIENTED_EDGE('',*,*,#2457,.T.);
#2457 = EDGE_CURVE('',#2435,#2435,#2458,.T.);
#2458 = SURFACE_CURVE('',#2459,(#2464,#2471),.PCURVE_S1.);
#2459 = CIRCLE('',#2460,1.7);
#2460 = AXIS2_PLACEMENT_3D('',#2461,#2462,#2463);
#2461 = CARTESIAN_POINT('',(69.682367202281,31.930746135935,50.));
#2462 = DIRECTION('',(0.,1.,-1.110223024625E-16));
#2463 = DIRECTION('',(1.,0.,0.));
#2464 = PCURVE('',#2419,#2465);
#2465 = DEFINITIONAL_REPRESENTATION('',(#2466),#2470);
#2466 = LINE('',#2467,#2468);
#2467 = CARTESIAN_POINT('',(-6.28318530718,-8.));
#2468 = VECTOR('',#2469,1.);
#2469 = DIRECTION('',(1.,-0.));
#2470 = ( GEOMETRIC_REPRESENTATION_CONTEXT(2) 
PARAMETRIC_REPRESENTATION_CONTEXT() REPRESENTATION_CONTEXT('2D SPACE',''
  ) );
#2471 = PCURVE('',#699,#2472);
#2472 = DEFINITIONAL_REPRESENTATION('',(#2473),#2477);
#2473 = CIRCLE('',#2474,1.7);
#2474 = AXIS2_PLACEMENT_2D('',#2475,#2476);
#2475 = CARTESIAN_POINT('',(4.,5.));
#2476 = DIRECTION('',(-1.,0.));
#2477 = ( GEOMETRIC_REPRESENTATION_CONTEXT(2) 
PARAMETRIC_REPRESENTATION_CONTEXT() REPRESENTATION_CONTEXT('2D SPACE',''
  ) );
#2478 = ORIENTED_EDGE('',*,*,#2434,.T.);
#2479 = ORIENTED_EDGE('',*,*,#2398,.F.);
#2480 = ADVANCED_FACE('',(#2481),#2139,.F.);
#2481 = FACE_BOUND('',#2482,.F.);
#2482 = EDGE_LOOP('',(#2483,#2504,#2505,#2526));
#2483 = ORIENTED_EDGE('',*,*,#2484,.F.);
#2484 = EDGE_CURVE('',#2329,#2096,#2485,.T.);
#2485 = SURFACE_CURVE('',#2486,(#2490,#2497),.PCURVE_S1.);
#2486 = LINE('',#2487,#2488);
#2487 = CARTESIAN_POINT('',(73.030998763581,28.430746135935,50.));
#2488 = VECTOR('',#2489,1.);
#2489 = DIRECTION('',(0.,-1.,1.110223024625E-16));
#2490 = PCURVE('',#2139,#2491);
#2491 = DEFINITIONAL_REPRESENTATION('',(#2492),#2496);
#2492 = LINE('',#2493,#2494);
#2493 = CARTESIAN_POINT('',(0.,0.));
#2494 = VECTOR('',#2495,1.);
#2495 = DIRECTION('',(1.,0.));
#2496 = ( GEOMETRIC_REPRESENTATION_CONTEXT(2) 
PARAMETRIC_REPRESENTATION_CONTEXT() REPRESENTATION_CONTEXT('2D SPACE',''
  ) );
#2497 = PCURVE('',#2111,#2498);
#2498 = DEFINITIONAL_REPRESENTATION('',(#2499),#2503);
#2499 = LINE('',#2500,#2501);
#2500 = CARTESIAN_POINT('',(3.3486315613,-3.219646771413E-16));
#2501 = VECTOR('',#2502,1.);
#2502 = DIRECTION('',(0.,-1.));
#2503 = ( GEOMETRIC_REPRESENTATION_CONTEXT(2) 
PARAMETRIC_REPRESENTATION_CONTEXT() REPRESENTATION_CONTEXT('2D SPACE',''
  ) );
#2504 = ORIENTED_EDGE('',*,*,#2351,.T.);
#2505 = ORIENTED_EDGE('',*,*,#2506,.F.);
#2506 = EDGE_CURVE('',#2124,#2352,#2507,.T.);
#2507 = SURFACE_CURVE('',#2508,(#2512,#2519),.PCURVE_S1.);
#2508 = LINE('',#2509,#2510);
#2509 = CARTESIAN_POINT('',(73.030998763581,30.180746135935,56.));
#2510 = VECTOR('',#2511,1.);
#2511 = DIRECTION('',(0.,1.,-1.110223024625E-16));
#2512 = PCURVE('',#2139,#2513);
#2513 = DEFINITIONAL_REPRESENTATION('',(#2514),#2518);
#2514 = LINE('',#2515,#2516);
#2515 = CARTESIAN_POINT('',(-1.75,-6.));
#2516 = VECTOR('',#2517,1.);
#2517 = DIRECTION('',(-1.,0.));
#2518 = ( GEOMETRIC_REPRESENTATION_CONTEXT(2) 
PARAMETRIC_REPRESENTATION_CONTEXT() REPRESENTATION_CONTEXT('2D SPACE',''
  ) );
#2519 = PCURVE('',#1248,#2520);
#2520 = DEFINITIONAL_REPRESENTATION('',(#2521),#2525);
#2521 = LINE('',#2522,#2523);
#2522 = CARTESIAN_POINT('',(1.75,10.3486315613));
#2523 = VECTOR('',#2524,1.);
#2524 = DIRECTION('',(-1.,0.));
#2525 = ( GEOMETRIC_REPRESENTATION_CONTEXT(2) 
PARAMETRIC_REPRESENTATION_CONTEXT() REPRESENTATION_CONTEXT('2D SPACE',''
  ) );
#2526 = ORIENTED_EDGE('',*,*,#2123,.F.);
#2527 = ADVANCED_FACE('',(#2528),#2111,.T.);
#2528 = FACE_BOUND('',#2529,.T.);
#2529 = EDGE_LOOP('',(#2530,#2531,#2552,#2553));
#2530 = ORIENTED_EDGE('',*,*,#2328,.F.);
#2531 = ORIENTED_EDGE('',*,*,#2532,.T.);
#2532 = EDGE_CURVE('',#2306,#2068,#2533,.T.);
#2533 = SURFACE_CURVE('',#2534,(#2538,#2545),.PCURVE_S1.);
#2534 = LINE('',#2535,#2536);
#2535 = CARTESIAN_POINT('',(71.356682982931,28.430746135935,47.1));
#2536 = VECTOR('',#2537,1.);
#2537 = DIRECTION('',(0.,-1.,1.110223024625E-16));
#2538 = PCURVE('',#2111,#2539);
#2539 = DEFINITIONAL_REPRESENTATION('',(#2540),#2544);
#2540 = LINE('',#2541,#2542);
#2541 = CARTESIAN_POINT('',(0.,0.));
#2542 = VECTOR('',#2543,1.);
#2543 = DIRECTION('',(0.,-1.));
#2544 = ( GEOMETRIC_REPRESENTATION_CONTEXT(2) 
PARAMETRIC_REPRESENTATION_CONTEXT() REPRESENTATION_CONTEXT('2D SPACE',''
  ) );
#2545 = PCURVE('',#2083,#2546);
#2546 = DEFINITIONAL_REPRESENTATION('',(#2547),#2551);
#2547 = LINE('',#2548,#2549);
#2548 = CARTESIAN_POINT('',(3.3486315613,0.));
#2549 = VECTOR('',#2550,1.);
#2550 = DIRECTION('',(0.,-1.));
#2551 = ( GEOMETRIC_REPRESENTATION_CONTEXT(2) 
PARAMETRIC_REPRESENTATION_CONTEXT() REPRESENTATION_CONTEXT('2D SPACE',''
  ) );
#2552 = ORIENTED_EDGE('',*,*,#2095,.F.);
#2553 = ORIENTED_EDGE('',*,*,#2484,.F.);
#2554 = ADVANCED_FACE('',(#2555),#2083,.T.);
#2555 = FACE_BOUND('',#2556,.T.);
#2556 = EDGE_LOOP('',(#2557,#2578,#2579,#2580));
#2557 = ORIENTED_EDGE('',*,*,#2558,.T.);
#2558 = EDGE_CURVE('',#2283,#2038,#2559,.T.);
#2559 = SURFACE_CURVE('',#2560,(#2564,#2571),.PCURVE_S1.);
#2560 = LINE('',#2561,#2562);
#2561 = CARTESIAN_POINT('',(68.008051421632,28.430746135935,47.1));
#2562 = VECTOR('',#2563,1.);
#2563 = DIRECTION('',(0.,-1.,1.110223024625E-16));
#2564 = PCURVE('',#2083,#2565);
#2565 = DEFINITIONAL_REPRESENTATION('',(#2566),#2570);
#2566 = LINE('',#2567,#2568);
#2567 = CARTESIAN_POINT('',(0.,0.));
#2568 = VECTOR('',#2569,1.);
#2569 = DIRECTION('',(0.,-1.));
#2570 = ( GEOMETRIC_REPRESENTATION_CONTEXT(2) 
PARAMETRIC_REPRESENTATION_CONTEXT() REPRESENTATION_CONTEXT('2D SPACE',''
  ) );
#2571 = PCURVE('',#2055,#2572);
#2572 = DEFINITIONAL_REPRESENTATION('',(#2573),#2577);
#2573 = LINE('',#2574,#2575);
#2574 = CARTESIAN_POINT('',(3.3486315613,3.219646771413E-16));
#2575 = VECTOR('',#2576,1.);
#2576 = DIRECTION('',(0.,-1.));
#2577 = ( GEOMETRIC_REPRESENTATION_CONTEXT(2) 
PARAMETRIC_REPRESENTATION_CONTEXT() REPRESENTATION_CONTEXT('2D SPACE',''
  ) );
#2578 = ORIENTED_EDGE('',*,*,#2067,.T.);
#2579 = ORIENTED_EDGE('',*,*,#2532,.F.);
#2580 = ORIENTED_EDGE('',*,*,#2305,.F.);
#2581 = ADVANCED_FACE('',(#2582),#2055,.T.);
#2582 = FACE_BOUND('',#2583,.T.);
#2583 = EDGE_LOOP('',(#2584,#2585,#2586,#2587));
#2584 = ORIENTED_EDGE('',*,*,#2282,.F.);
#2585 = ORIENTED_EDGE('',*,*,#2206,.T.);
#2586 = ORIENTED_EDGE('',*,*,#2037,.F.);
#2587 = ORIENTED_EDGE('',*,*,#2558,.F.);
#2588 = ADVANCED_FACE('',(#2589),#1279,.T.);
#2589 = FACE_BOUND('',#2590,.F.);
#2590 = EDGE_LOOP('',(#2591,#2617,#2638,#2639));
#2591 = ORIENTED_EDGE('',*,*,#2592,.T.);
#2592 = EDGE_CURVE('',#2593,#2595,#2597,.T.);
#2593 = VERTEX_POINT('',#2594);
#2594 = CARTESIAN_POINT('',(62.682367202281,31.930746135935,55.));
#2595 = VERTEX_POINT('',#2596);
#2596 = CARTESIAN_POINT('',(63.682367202281,31.930746135935,56.));
#2597 = SURFACE_CURVE('',#2598,(#2603,#2610),.PCURVE_S1.);
#2598 = CIRCLE('',#2599,1.);
#2599 = AXIS2_PLACEMENT_3D('',#2600,#2601,#2602);
#2600 = CARTESIAN_POINT('',(63.682367202281,31.930746135935,55.));
#2601 = DIRECTION('',(0.,1.,-1.110223024625E-16));
#2602 = DIRECTION('',(0.,-1.110223024625E-16,-1.));
#2603 = PCURVE('',#1279,#2604);
#2604 = DEFINITIONAL_REPRESENTATION('',(#2605),#2609);
#2605 = LINE('',#2606,#2607);
#2606 = CARTESIAN_POINT('',(1.570796326795,-0.));
#2607 = VECTOR('',#2608,1.);
#2608 = DIRECTION('',(-1.,0.));
#2609 = ( GEOMETRIC_REPRESENTATION_CONTEXT(2) 
PARAMETRIC_REPRESENTATION_CONTEXT() REPRESENTATION_CONTEXT('2D SPACE',''
  ) );
#2610 = PCURVE('',#699,#2611);
#2611 = DEFINITIONAL_REPRESENTATION('',(#2612),#2616);
#2612 = CIRCLE('',#2613,1.);
#2613 = AXIS2_PLACEMENT_2D('',#2614,#2615);
#2614 = CARTESIAN_POINT('',(10.,10.));
#2615 = DIRECTION('',(-0.,-1.));
#2616 = ( GEOMETRIC_REPRESENTATION_CONTEXT(2) 
PARAMETRIC_REPRESENTATION_CONTEXT() REPRESENTATION_CONTEXT('2D SPACE',''
  ) );
#2617 = ORIENTED_EDGE('',*,*,#2618,.F.);
#2618 = EDGE_CURVE('',#1233,#2595,#2619,.T.);
#2619 = SURFACE_CURVE('',#2620,(#2624,#2631),.PCURVE_S1.);
#2620 = LINE('',#2621,#2622);
#2621 = CARTESIAN_POINT('',(63.682367202281,23.430746135935,56.));
#2622 = VECTOR('',#2623,1.);
#2623 = DIRECTION('',(0.,1.,-1.110223024625E-16));
#2624 = PCURVE('',#1279,#2625);
#2625 = DEFINITIONAL_REPRESENTATION('',(#2626),#2630);
#2626 = LINE('',#2627,#2628);
#2627 = CARTESIAN_POINT('',(-1.570796326795,8.5));
#2628 = VECTOR('',#2629,1.);
#2629 = DIRECTION('',(-0.,-1.));
#2630 = ( GEOMETRIC_REPRESENTATION_CONTEXT(2) 
PARAMETRIC_REPRESENTATION_CONTEXT() REPRESENTATION_CONTEXT('2D SPACE',''
  ) );
#2631 = PCURVE('',#1248,#2632);
#2632 = DEFINITIONAL_REPRESENTATION('',(#2633),#2637);
#2633 = LINE('',#2634,#2635);
#2634 = CARTESIAN_POINT('',(8.5,1.));
#2635 = VECTOR('',#2636,1.);
#2636 = DIRECTION('',(-1.,0.));
#2637 = ( GEOMETRIC_REPRESENTATION_CONTEXT(2) 
PARAMETRIC_REPRESENTATION_CONTEXT() REPRESENTATION_CONTEXT('2D SPACE',''
  ) );
#2638 = ORIENTED_EDGE('',*,*,#1260,.F.);
#2639 = ORIENTED_EDGE('',*,*,#2640,.T.);
#2640 = EDGE_CURVE('',#764,#2593,#2641,.T.);
#2641 = SURFACE_CURVE('',#2642,(#2646,#2653),.PCURVE_S1.);
#2642 = LINE('',#2643,#2644);
#2643 = CARTESIAN_POINT('',(62.682367202281,23.430746135935,55.));
#2644 = VECTOR('',#2645,1.);
#2645 = DIRECTION('',(0.,1.,-1.110223024625E-16));
#2646 = PCURVE('',#1279,#2647);
#2647 = DEFINITIONAL_REPRESENTATION('',(#2648),#2652);
#2648 = LINE('',#2649,#2650);
#2649 = CARTESIAN_POINT('',(-0.,8.5));
#2650 = VECTOR('',#2651,1.);
#2651 = DIRECTION('',(-0.,-1.));
#2652 = ( GEOMETRIC_REPRESENTATION_CONTEXT(2) 
PARAMETRIC_REPRESENTATION_CONTEXT() REPRESENTATION_CONTEXT('2D SPACE',''
  ) );
#2653 = PCURVE('',#671,#2654);
#2654 = DEFINITIONAL_REPRESENTATION('',(#2655),#2659);
#2655 = LINE('',#2656,#2657);
#2656 = CARTESIAN_POINT('',(8.5,-55.));
#2657 = VECTOR('',#2658,1.);
#2658 = DIRECTION('',(-1.,0.));
#2659 = ( GEOMETRIC_REPRESENTATION_CONTEXT(2) 
PARAMETRIC_REPRESENTATION_CONTEXT() REPRESENTATION_CONTEXT('2D SPACE',''
  ) );
#2660 = ADVANCED_FACE('',(#2661,#2765),#1248,.T.);
#2661 = FACE_BOUND('',#2662,.T.);
#2662 = EDGE_LOOP('',(#2663,#2686,#2687,#2688,#2711,#2739));
#2663 = ORIENTED_EDGE('',*,*,#2664,.F.);
#2664 = EDGE_CURVE('',#2595,#2665,#2667,.T.);
#2665 = VERTEX_POINT('',#2666);
#2666 = CARTESIAN_POINT('',(83.682367202281,31.930746135935,56.));
#2667 = SURFACE_CURVE('',#2668,(#2672,#2679),.PCURVE_S1.);
#2668 = LINE('',#2669,#2670);
#2669 = CARTESIAN_POINT('',(63.682367202281,31.930746135935,56.));
#2670 = VECTOR('',#2671,1.);
#2671 = DIRECTION('',(1.,0.,0.));
#2672 = PCURVE('',#1248,#2673);
#2673 = DEFINITIONAL_REPRESENTATION('',(#2674),#2678);
#2674 = LINE('',#2675,#2676);
#2675 = CARTESIAN_POINT('',(0.,1.));
#2676 = VECTOR('',#2677,1.);
#2677 = DIRECTION('',(0.,1.));
#2678 = ( GEOMETRIC_REPRESENTATION_CONTEXT(2) 
PARAMETRIC_REPRESENTATION_CONTEXT() REPRESENTATION_CONTEXT('2D SPACE',''
  ) );
#2679 = PCURVE('',#699,#2680);
#2680 = DEFINITIONAL_REPRESENTATION('',(#2681),#2685);
#2681 = LINE('',#2682,#2683);
#2682 = CARTESIAN_POINT('',(10.,11.));
#2683 = VECTOR('',#2684,1.);
#2684 = DIRECTION('',(-1.,0.));
#2685 = ( GEOMETRIC_REPRESENTATION_CONTEXT(2) 
PARAMETRIC_REPRESENTATION_CONTEXT() REPRESENTATION_CONTEXT('2D SPACE',''
  ) );
#2686 = ORIENTED_EDGE('',*,*,#2618,.F.);
#2687 = ORIENTED_EDGE('',*,*,#1232,.T.);
#2688 = ORIENTED_EDGE('',*,*,#2689,.F.);
#2689 = EDGE_CURVE('',#2690,#1204,#2692,.T.);
#2690 = VERTEX_POINT('',#2691);
#2691 = CARTESIAN_POINT('',(74.882367202281,30.730746135935,56.));
#2692 = SURFACE_CURVE('',#2693,(#2697,#2704),.PCURVE_S1.);
#2693 = LINE('',#2694,#2695);
#2694 = CARTESIAN_POINT('',(74.882367202281,31.930746135935,56.));
#2695 = VECTOR('',#2696,1.);
#2696 = DIRECTION('',(0.,-1.,1.110223024625E-16));
#2697 = PCURVE('',#1248,#2698);
#2698 = DEFINITIONAL_REPRESENTATION('',(#2699),#2703);
#2699 = LINE('',#2700,#2701);
#2700 = CARTESIAN_POINT('',(0.,12.2));
#2701 = VECTOR('',#2702,1.);
#2702 = DIRECTION('',(1.,0.));
#2703 = ( GEOMETRIC_REPRESENTATION_CONTEXT(2) 
PARAMETRIC_REPRESENTATION_CONTEXT() REPRESENTATION_CONTEXT('2D SPACE',''
  ) );
#2704 = PCURVE('',#1220,#2705);
#2705 = DEFINITIONAL_REPRESENTATION('',(#2706),#2710);
#2706 = LINE('',#2707,#2708);
#2707 = CARTESIAN_POINT('',(1.570796326795,0.));
#2708 = VECTOR('',#2709,1.);
#2709 = DIRECTION('',(0.,1.));
#2710 = ( GEOMETRIC_REPRESENTATION_CONTEXT(2) 
PARAMETRIC_REPRESENTATION_CONTEXT() REPRESENTATION_CONTEXT('2D SPACE',''
  ) );
#2711 = ORIENTED_EDGE('',*,*,#2712,.T.);
#2712 = EDGE_CURVE('',#2690,#2713,#2715,.T.);
#2713 = VERTEX_POINT('',#2714);
#2714 = CARTESIAN_POINT('',(83.682367202281,30.730746135935,56.));
#2715 = SURFACE_CURVE('',#2716,(#2720,#2727),.PCURVE_S1.);
#2716 = LINE('',#2717,#2718);
#2717 = CARTESIAN_POINT('',(62.682367202281,30.730746135935,56.));
#2718 = VECTOR('',#2719,1.);
#2719 = DIRECTION('',(1.,0.,0.));
#2720 = PCURVE('',#1248,#2721);
#2721 = DEFINITIONAL_REPRESENTATION('',(#2722),#2726);
#2722 = LINE('',#2723,#2724);
#2723 = CARTESIAN_POINT('',(1.2,0.));
#2724 = VECTOR('',#2725,1.);
#2725 = DIRECTION('',(0.,1.));
#2726 = ( GEOMETRIC_REPRESENTATION_CONTEXT(2) 
PARAMETRIC_REPRESENTATION_CONTEXT() REPRESENTATION_CONTEXT('2D SPACE',''
  ) );
#2727 = PCURVE('',#2728,#2733);
#2728 = PLANE('',#2729);
#2729 = AXIS2_PLACEMENT_3D('',#2730,#2731,#2732);
#2730 = CARTESIAN_POINT('',(62.682367202281,30.730746135935,0.));
#2731 = DIRECTION('',(0.,-1.,1.110223024625E-16));
#2732 = DIRECTION('',(1.,0.,0.));
#2733 = DEFINITIONAL_REPRESENTATION('',(#2734),#2738);
#2734 = LINE('',#2735,#2736);
#2735 = CARTESIAN_POINT('',(0.,56.));
#2736 = VECTOR('',#2737,1.);
#2737 = DIRECTION('',(1.,0.));
#2738 = ( GEOMETRIC_REPRESENTATION_CONTEXT(2) 
PARAMETRIC_REPRESENTATION_CONTEXT() REPRESENTATION_CONTEXT('2D SPACE',''
  ) );
#2739 = ORIENTED_EDGE('',*,*,#2740,.F.);
#2740 = EDGE_CURVE('',#2665,#2713,#2741,.T.);
#2741 = SURFACE_CURVE('',#2742,(#2746,#2753),.PCURVE_S1.);
#2742 = LINE('',#2743,#2744);
#2743 = CARTESIAN_POINT('',(83.682367202281,31.930746135935,56.));
#2744 = VECTOR('',#2745,1.);
#2745 = DIRECTION('',(0.,-1.,1.110223024625E-16));
#2746 = PCURVE('',#1248,#2747);
#2747 = DEFINITIONAL_REPRESENTATION('',(#2748),#2752);
#2748 = LINE('',#2749,#2750);
#2749 = CARTESIAN_POINT('',(0.,21.));
#2750 = VECTOR('',#2751,1.);
#2751 = DIRECTION('',(1.,0.));
#2752 = ( GEOMETRIC_REPRESENTATION_CONTEXT(2) 
PARAMETRIC_REPRESENTATION_CONTEXT() REPRESENTATION_CONTEXT('2D SPACE',''
  ) );
#2753 = PCURVE('',#2754,#2759);
#2754 = CYLINDRICAL_SURFACE('',#2755,1.);
#2755 = AXIS2_PLACEMENT_3D('',#2756,#2757,#2758);
#2756 = CARTESIAN_POINT('',(83.682367202281,31.930746135935,55.));
#2757 = DIRECTION('',(0.,-1.,1.110223024625E-16));
#2758 = DIRECTION('',(1.,0.,0.));
#2759 = DEFINITIONAL_REPRESENTATION('',(#2760),#2764);
#2760 = LINE('',#2761,#2762);
#2761 = CARTESIAN_POINT('',(1.570796326795,0.));
#2762 = VECTOR('',#2763,1.);
#2763 = DIRECTION('',(0.,1.));
#2764 = ( GEOMETRIC_REPRESENTATION_CONTEXT(2) 
PARAMETRIC_REPRESENTATION_CONTEXT() REPRESENTATION_CONTEXT('2D SPACE',''
  ) );
#2765 = FACE_BOUND('',#2766,.T.);
#2766 = EDGE_LOOP('',(#2767,#2768,#2769,#2770));
#2767 = ORIENTED_EDGE('',*,*,#2257,.T.);
#2768 = ORIENTED_EDGE('',*,*,#2374,.T.);
#2769 = ORIENTED_EDGE('',*,*,#2506,.F.);
#2770 = ORIENTED_EDGE('',*,*,#2151,.F.);
#2771 = ADVANCED_FACE('',(#2772),#2728,.T.);
#2772 = FACE_BOUND('',#2773,.T.);
#2773 = EDGE_LOOP('',(#2774,#2800,#2823,#2856,#2884,#2906,#2907,#2931));
#2774 = ORIENTED_EDGE('',*,*,#2775,.F.);
#2775 = EDGE_CURVE('',#2776,#2778,#2780,.T.);
#2776 = VERTEX_POINT('',#2777);
#2777 = CARTESIAN_POINT('',(74.882367202281,30.730746135935,0.));
#2778 = VERTEX_POINT('',#2779);
#2779 = CARTESIAN_POINT('',(75.882367202281,30.730746135935,1.));
#2780 = SURFACE_CURVE('',#2781,(#2786,#2793),.PCURVE_S1.);
#2781 = CIRCLE('',#2782,1.);
#2782 = AXIS2_PLACEMENT_3D('',#2783,#2784,#2785);
#2783 = CARTESIAN_POINT('',(74.882367202281,30.730746135935,1.));
#2784 = DIRECTION('',(0.,-1.,1.110223024625E-16));
#2785 = DIRECTION('',(1.,0.,0.));
#2786 = PCURVE('',#2728,#2787);
#2787 = DEFINITIONAL_REPRESENTATION('',(#2788),#2792);
#2788 = CIRCLE('',#2789,1.);
#2789 = AXIS2_PLACEMENT_2D('',#2790,#2791);
#2790 = CARTESIAN_POINT('',(12.2,1.));
#2791 = DIRECTION('',(1.,0.));
#2792 = ( GEOMETRIC_REPRESENTATION_CONTEXT(2) 
PARAMETRIC_REPRESENTATION_CONTEXT() REPRESENTATION_CONTEXT('2D SPACE',''
  ) );
#2793 = PCURVE('',#1056,#2794);
#2794 = DEFINITIONAL_REPRESENTATION('',(#2795),#2799);
#2795 = LINE('',#2796,#2797);
#2796 = CARTESIAN_POINT('',(-6.28318530718,1.2));
#2797 = VECTOR('',#2798,1.);
#2798 = DIRECTION('',(1.,-0.));
#2799 = ( GEOMETRIC_REPRESENTATION_CONTEXT(2) 
PARAMETRIC_REPRESENTATION_CONTEXT() REPRESENTATION_CONTEXT('2D SPACE',''
  ) );
#2800 = ORIENTED_EDGE('',*,*,#2801,.T.);
#2801 = EDGE_CURVE('',#2776,#2802,#2804,.T.);
#2802 = VERTEX_POINT('',#2803);
#2803 = CARTESIAN_POINT('',(83.682367202281,30.730746135935,0.));
#2804 = SURFACE_CURVE('',#2805,(#2809,#2816),.PCURVE_S1.);
#2805 = LINE('',#2806,#2807);
#2806 = CARTESIAN_POINT('',(62.682367202281,30.730746135935,0.));
#2807 = VECTOR('',#2808,1.);
#2808 = DIRECTION('',(1.,0.,0.));
#2809 = PCURVE('',#2728,#2810);
#2810 = DEFINITIONAL_REPRESENTATION('',(#2811),#2815);
#2811 = LINE('',#2812,#2813);
#2812 = CARTESIAN_POINT('',(0.,0.));
#2813 = VECTOR('',#2814,1.);
#2814 = DIRECTION('',(1.,0.));
#2815 = ( GEOMETRIC_REPRESENTATION_CONTEXT(2) 
PARAMETRIC_REPRESENTATION_CONTEXT() REPRESENTATION_CONTEXT('2D SPACE',''
  ) );
#2816 = PCURVE('',#1023,#2817);
#2817 = DEFINITIONAL_REPRESENTATION('',(#2818),#2822);
#2818 = LINE('',#2819,#2820);
#2819 = CARTESIAN_POINT('',(1.2,0.));
#2820 = VECTOR('',#2821,1.);
#2821 = DIRECTION('',(0.,1.));
#2822 = ( GEOMETRIC_REPRESENTATION_CONTEXT(2) 
PARAMETRIC_REPRESENTATION_CONTEXT() REPRESENTATION_CONTEXT('2D SPACE',''
  ) );
#2823 = ORIENTED_EDGE('',*,*,#2824,.F.);
#2824 = EDGE_CURVE('',#2825,#2802,#2827,.T.);
#2825 = VERTEX_POINT('',#2826);
#2826 = CARTESIAN_POINT('',(84.682367202281,30.730746135935,1.));
#2827 = SURFACE_CURVE('',#2828,(#2833,#2844),.PCURVE_S1.);
#2828 = CIRCLE('',#2829,1.);
#2829 = AXIS2_PLACEMENT_3D('',#2830,#2831,#2832);
#2830 = CARTESIAN_POINT('',(83.682367202281,30.730746135935,1.));
#2831 = DIRECTION('',(0.,1.,-1.110223024625E-16));
#2832 = DIRECTION('',(0.,-1.110223024625E-16,-1.));
#2833 = PCURVE('',#2728,#2834);
#2834 = DEFINITIONAL_REPRESENTATION('',(#2835),#2843);
#2835 = ( BOUNDED_CURVE() B_SPLINE_CURVE(2,(#2836,#2837,#2838,#2839,
#2840,#2841,#2842),.UNSPECIFIED.,.T.,.F.) B_SPLINE_CURVE_WITH_KNOTS((1,2
    ,2,2,2,1),(-2.094395102393,0.,2.094395102393,4.188790204786,
6.28318530718,8.377580409573),.UNSPECIFIED.) CURVE() 
GEOMETRIC_REPRESENTATION_ITEM() RATIONAL_B_SPLINE_CURVE((1.,0.5,1.,0.5,
1.,0.5,1.)) REPRESENTATION_ITEM('') );
#2836 = CARTESIAN_POINT('',(21.,0.));
#2837 = CARTESIAN_POINT('',(19.267949192431,0.));
#2838 = CARTESIAN_POINT('',(20.133974596216,1.5));
#2839 = CARTESIAN_POINT('',(21.,3.));
#2840 = CARTESIAN_POINT('',(21.866025403784,1.5));
#2841 = CARTESIAN_POINT('',(22.732050807569,1.554312234475E-15));
#2842 = CARTESIAN_POINT('',(21.,0.));
#2843 = ( GEOMETRIC_REPRESENTATION_CONTEXT(2) 
PARAMETRIC_REPRESENTATION_CONTEXT() REPRESENTATION_CONTEXT('2D SPACE',''
  ) );
#2844 = PCURVE('',#2845,#2850);
#2845 = CYLINDRICAL_SURFACE('',#2846,1.);
#2846 = AXIS2_PLACEMENT_3D('',#2847,#2848,#2849);
#2847 = CARTESIAN_POINT('',(83.682367202281,31.930746135935,1.));
#2848 = DIRECTION('',(0.,-1.,1.110223024625E-16));
#2849 = DIRECTION('',(1.,0.,0.));
#2850 = DEFINITIONAL_REPRESENTATION('',(#2851),#2855);
#2851 = LINE('',#2852,#2853);
#2852 = CARTESIAN_POINT('',(4.712388980385,1.2));
#2853 = VECTOR('',#2854,1.);
#2854 = DIRECTION('',(-1.,0.));
#2855 = ( GEOMETRIC_REPRESENTATION_CONTEXT(2) 
PARAMETRIC_REPRESENTATION_CONTEXT() REPRESENTATION_CONTEXT('2D SPACE',''
  ) );
#2856 = ORIENTED_EDGE('',*,*,#2857,.T.);
#2857 = EDGE_CURVE('',#2825,#2858,#2860,.T.);
#2858 = VERTEX_POINT('',#2859);
#2859 = CARTESIAN_POINT('',(84.682367202281,30.730746135935,55.));
#2860 = SURFACE_CURVE('',#2861,(#2865,#2872),.PCURVE_S1.);
#2861 = LINE('',#2862,#2863);
#2862 = CARTESIAN_POINT('',(84.682367202281,30.730746135935,0.));
#2863 = VECTOR('',#2864,1.);
#2864 = DIRECTION('',(0.,1.110223024625E-16,1.));
#2865 = PCURVE('',#2728,#2866);
#2866 = DEFINITIONAL_REPRESENTATION('',(#2867),#2871);
#2867 = LINE('',#2868,#2869);
#2868 = CARTESIAN_POINT('',(22.,0.));
#2869 = VECTOR('',#2870,1.);
#2870 = DIRECTION('',(0.,1.));
#2871 = ( GEOMETRIC_REPRESENTATION_CONTEXT(2) 
PARAMETRIC_REPRESENTATION_CONTEXT() REPRESENTATION_CONTEXT('2D SPACE',''
  ) );
#2872 = PCURVE('',#2873,#2878);
#2873 = PLANE('',#2874);
#2874 = AXIS2_PLACEMENT_3D('',#2875,#2876,#2877);
#2875 = CARTESIAN_POINT('',(84.682367202281,31.930746135935,0.));
#2876 = DIRECTION('',(1.,0.,0.));
#2877 = DIRECTION('',(0.,-1.,1.110223024625E-16));
#2878 = DEFINITIONAL_REPRESENTATION('',(#2879),#2883);
#2879 = LINE('',#2880,#2881);
#2880 = CARTESIAN_POINT('',(1.2,1.33226762955E-16));
#2881 = VECTOR('',#2882,1.);
#2882 = DIRECTION('',(0.,-1.));
#2883 = ( GEOMETRIC_REPRESENTATION_CONTEXT(2) 
PARAMETRIC_REPRESENTATION_CONTEXT() REPRESENTATION_CONTEXT('2D SPACE',''
  ) );
#2884 = ORIENTED_EDGE('',*,*,#2885,.T.);
#2885 = EDGE_CURVE('',#2858,#2713,#2886,.T.);
#2886 = SURFACE_CURVE('',#2887,(#2892,#2899),.PCURVE_S1.);
#2887 = CIRCLE('',#2888,1.);
#2888 = AXIS2_PLACEMENT_3D('',#2889,#2890,#2891);
#2889 = CARTESIAN_POINT('',(83.682367202281,30.730746135935,55.));
#2890 = DIRECTION('',(0.,-1.,1.110223024625E-16));
#2891 = DIRECTION('',(0.,-1.110223024625E-16,-1.));
#2892 = PCURVE('',#2728,#2893);
#2893 = DEFINITIONAL_REPRESENTATION('',(#2894),#2898);
#2894 = CIRCLE('',#2895,1.);
#2895 = AXIS2_PLACEMENT_2D('',#2896,#2897);
#2896 = CARTESIAN_POINT('',(21.,55.));
#2897 = DIRECTION('',(0.,-1.));
#2898 = ( GEOMETRIC_REPRESENTATION_CONTEXT(2) 
PARAMETRIC_REPRESENTATION_CONTEXT() REPRESENTATION_CONTEXT('2D SPACE',''
  ) );
#2899 = PCURVE('',#2754,#2900);
#2900 = DEFINITIONAL_REPRESENTATION('',(#2901),#2905);
#2901 = LINE('',#2902,#2903);
#2902 = CARTESIAN_POINT('',(-1.570796326795,1.2));
#2903 = VECTOR('',#2904,1.);
#2904 = DIRECTION('',(1.,0.));
#2905 = ( GEOMETRIC_REPRESENTATION_CONTEXT(2) 
PARAMETRIC_REPRESENTATION_CONTEXT() REPRESENTATION_CONTEXT('2D SPACE',''
  ) );
#2906 = ORIENTED_EDGE('',*,*,#2712,.F.);
#2907 = ORIENTED_EDGE('',*,*,#2908,.F.);
#2908 = EDGE_CURVE('',#2909,#2690,#2911,.T.);
#2909 = VERTEX_POINT('',#2910);
#2910 = CARTESIAN_POINT('',(75.882367202281,30.730746135935,55.));
#2911 = SURFACE_CURVE('',#2912,(#2917,#2924),.PCURVE_S1.);
#2912 = CIRCLE('',#2913,1.);
#2913 = AXIS2_PLACEMENT_3D('',#2914,#2915,#2916);
#2914 = CARTESIAN_POINT('',(74.882367202281,30.730746135935,55.));
#2915 = DIRECTION('',(0.,-1.,1.110223024625E-16));
#2916 = DIRECTION('',(1.,0.,0.));
#2917 = PCURVE('',#2728,#2918);
#2918 = DEFINITIONAL_REPRESENTATION('',(#2919),#2923);
#2919 = CIRCLE('',#2920,1.);
#2920 = AXIS2_PLACEMENT_2D('',#2921,#2922);
#2921 = CARTESIAN_POINT('',(12.2,55.));
#2922 = DIRECTION('',(1.,0.));
#2923 = ( GEOMETRIC_REPRESENTATION_CONTEXT(2) 
PARAMETRIC_REPRESENTATION_CONTEXT() REPRESENTATION_CONTEXT('2D SPACE',''
  ) );
#2924 = PCURVE('',#1220,#2925);
#2925 = DEFINITIONAL_REPRESENTATION('',(#2926),#2930);
#2926 = LINE('',#2927,#2928);
#2927 = CARTESIAN_POINT('',(0.,1.2));
#2928 = VECTOR('',#2929,1.);
#2929 = DIRECTION('',(1.,0.));
#2930 = ( GEOMETRIC_REPRESENTATION_CONTEXT(2) 
PARAMETRIC_REPRESENTATION_CONTEXT() REPRESENTATION_CONTEXT('2D SPACE',''
  ) );
#2931 = ORIENTED_EDGE('',*,*,#2932,.F.);
#2932 = EDGE_CURVE('',#2778,#2909,#2933,.T.);
#2933 = SURFACE_CURVE('',#2934,(#2938,#2945),.PCURVE_S1.);
#2934 = LINE('',#2935,#2936);
#2935 = CARTESIAN_POINT('',(75.882367202281,30.730746135935,1.));
#2936 = VECTOR('',#2937,1.);
#2937 = DIRECTION('',(0.,1.110223024625E-16,1.));
#2938 = PCURVE('',#2728,#2939);
#2939 = DEFINITIONAL_REPRESENTATION('',(#2940),#2944);
#2940 = LINE('',#2941,#2942);
#2941 = CARTESIAN_POINT('',(13.2,1.));
#2942 = VECTOR('',#2943,1.);
#2943 = DIRECTION('',(0.,1.));
#2944 = ( GEOMETRIC_REPRESENTATION_CONTEXT(2) 
PARAMETRIC_REPRESENTATION_CONTEXT() REPRESENTATION_CONTEXT('2D SPACE',''
  ) );
#2945 = PCURVE('',#1084,#2946);
#2946 = DEFINITIONAL_REPRESENTATION('',(#2947),#2951);
#2947 = LINE('',#2948,#2949);
#2948 = CARTESIAN_POINT('',(1.2,-1.));
#2949 = VECTOR('',#2950,1.);
#2950 = DIRECTION('',(0.,-1.));
#2951 = ( GEOMETRIC_REPRESENTATION_CONTEXT(2) 
PARAMETRIC_REPRESENTATION_CONTEXT() REPRESENTATION_CONTEXT('2D SPACE',''
  ) );
#2952 = ADVANCED_FACE('',(#2953),#2873,.T.);
#2953 = FACE_BOUND('',#2954,.T.);
#2954 = EDGE_LOOP('',(#2955,#2956,#2979,#3002));
#2955 = ORIENTED_EDGE('',*,*,#2857,.F.);
#2956 = ORIENTED_EDGE('',*,*,#2957,.F.);
#2957 = EDGE_CURVE('',#2958,#2825,#2960,.T.);
#2958 = VERTEX_POINT('',#2959);
#2959 = CARTESIAN_POINT('',(84.682367202281,31.930746135935,1.));
#2960 = SURFACE_CURVE('',#2961,(#2965,#2972),.PCURVE_S1.);
#2961 = LINE('',#2962,#2963);
#2962 = CARTESIAN_POINT('',(84.682367202281,31.930746135935,1.));
#2963 = VECTOR('',#2964,1.);
#2964 = DIRECTION('',(0.,-1.,1.110223024625E-16));
#2965 = PCURVE('',#2873,#2966);
#2966 = DEFINITIONAL_REPRESENTATION('',(#2967),#2971);
#2967 = LINE('',#2968,#2969);
#2968 = CARTESIAN_POINT('',(1.110223024625E-16,-1.));
#2969 = VECTOR('',#2970,1.);
#2970 = DIRECTION('',(1.,0.));
#2971 = ( GEOMETRIC_REPRESENTATION_CONTEXT(2) 
PARAMETRIC_REPRESENTATION_CONTEXT() REPRESENTATION_CONTEXT('2D SPACE',''
  ) );
#2972 = PCURVE('',#2845,#2973);
#2973 = DEFINITIONAL_REPRESENTATION('',(#2974),#2978);
#2974 = LINE('',#2975,#2976);
#2975 = CARTESIAN_POINT('',(-0.,0.));
#2976 = VECTOR('',#2977,1.);
#2977 = DIRECTION('',(-0.,1.));
#2978 = ( GEOMETRIC_REPRESENTATION_CONTEXT(2) 
PARAMETRIC_REPRESENTATION_CONTEXT() REPRESENTATION_CONTEXT('2D SPACE',''
  ) );
#2979 = ORIENTED_EDGE('',*,*,#2980,.T.);
#2980 = EDGE_CURVE('',#2958,#2981,#2983,.T.);
#2981 = VERTEX_POINT('',#2982);
#2982 = CARTESIAN_POINT('',(84.682367202281,31.930746135935,55.));
#2983 = SURFACE_CURVE('',#2984,(#2988,#2995),.PCURVE_S1.);
#2984 = LINE('',#2985,#2986);
#2985 = CARTESIAN_POINT('',(84.682367202281,31.930746135935,0.));
#2986 = VECTOR('',#2987,1.);
#2987 = DIRECTION('',(0.,1.110223024625E-16,1.));
#2988 = PCURVE('',#2873,#2989);
#2989 = DEFINITIONAL_REPRESENTATION('',(#2990),#2994);
#2990 = LINE('',#2991,#2992);
#2991 = CARTESIAN_POINT('',(0.,0.));
#2992 = VECTOR('',#2993,1.);
#2993 = DIRECTION('',(0.,-1.));
#2994 = ( GEOMETRIC_REPRESENTATION_CONTEXT(2) 
PARAMETRIC_REPRESENTATION_CONTEXT() REPRESENTATION_CONTEXT('2D SPACE',''
  ) );
#2995 = PCURVE('',#699,#2996);
#2996 = DEFINITIONAL_REPRESENTATION('',(#2997),#3001);
#2997 = LINE('',#2998,#2999);
#2998 = CARTESIAN_POINT('',(-11.,-45.));
#2999 = VECTOR('',#3000,1.);
#3000 = DIRECTION('',(0.,1.));
#3001 = ( GEOMETRIC_REPRESENTATION_CONTEXT(2) 
PARAMETRIC_REPRESENTATION_CONTEXT() REPRESENTATION_CONTEXT('2D SPACE',''
  ) );
#3002 = ORIENTED_EDGE('',*,*,#3003,.T.);
#3003 = EDGE_CURVE('',#2981,#2858,#3004,.T.);
#3004 = SURFACE_CURVE('',#3005,(#3009,#3016),.PCURVE_S1.);
#3005 = LINE('',#3006,#3007);
#3006 = CARTESIAN_POINT('',(84.682367202281,31.930746135935,55.));
#3007 = VECTOR('',#3008,1.);
#3008 = DIRECTION('',(0.,-1.,1.110223024625E-16));
#3009 = PCURVE('',#2873,#3010);
#3010 = DEFINITIONAL_REPRESENTATION('',(#3011),#3015);
#3011 = LINE('',#3012,#3013);
#3012 = CARTESIAN_POINT('',(-9.992007221626E-16,-55.));
#3013 = VECTOR('',#3014,1.);
#3014 = DIRECTION('',(1.,0.));
#3015 = ( GEOMETRIC_REPRESENTATION_CONTEXT(2) 
PARAMETRIC_REPRESENTATION_CONTEXT() REPRESENTATION_CONTEXT('2D SPACE',''
  ) );
#3016 = PCURVE('',#2754,#3017);
#3017 = DEFINITIONAL_REPRESENTATION('',(#3018),#3022);
#3018 = LINE('',#3019,#3020);
#3019 = CARTESIAN_POINT('',(0.,0.));
#3020 = VECTOR('',#3021,1.);
#3021 = DIRECTION('',(0.,1.));
#3022 = ( GEOMETRIC_REPRESENTATION_CONTEXT(2) 
PARAMETRIC_REPRESENTATION_CONTEXT() REPRESENTATION_CONTEXT('2D SPACE',''
  ) );
#3023 = ADVANCED_FACE('',(#3024),#2845,.T.);
#3024 = FACE_BOUND('',#3025,.F.);
#3025 = EDGE_LOOP('',(#3026,#3050,#3071,#3072));
#3026 = ORIENTED_EDGE('',*,*,#3027,.T.);
#3027 = EDGE_CURVE('',#2958,#3028,#3030,.T.);
#3028 = VERTEX_POINT('',#3029);
#3029 = CARTESIAN_POINT('',(83.682367202281,31.930746135935,0.));
#3030 = SURFACE_CURVE('',#3031,(#3036,#3043),.PCURVE_S1.);
#3031 = CIRCLE('',#3032,1.);
#3032 = AXIS2_PLACEMENT_3D('',#3033,#3034,#3035);
#3033 = CARTESIAN_POINT('',(83.682367202281,31.930746135935,1.));
#3034 = DIRECTION('',(0.,1.,-1.110223024625E-16));
#3035 = DIRECTION('',(0.,-1.110223024625E-16,-1.));
#3036 = PCURVE('',#2845,#3037);
#3037 = DEFINITIONAL_REPRESENTATION('',(#3038),#3042);
#3038 = LINE('',#3039,#3040);
#3039 = CARTESIAN_POINT('',(4.712388980385,-0.));
#3040 = VECTOR('',#3041,1.);
#3041 = DIRECTION('',(-1.,0.));
#3042 = ( GEOMETRIC_REPRESENTATION_CONTEXT(2) 
PARAMETRIC_REPRESENTATION_CONTEXT() REPRESENTATION_CONTEXT('2D SPACE',''
  ) );
#3043 = PCURVE('',#699,#3044);
#3044 = DEFINITIONAL_REPRESENTATION('',(#3045),#3049);
#3045 = CIRCLE('',#3046,1.);
#3046 = AXIS2_PLACEMENT_2D('',#3047,#3048);
#3047 = CARTESIAN_POINT('',(-10.,-44.));
#3048 = DIRECTION('',(-0.,-1.));
#3049 = ( GEOMETRIC_REPRESENTATION_CONTEXT(2) 
PARAMETRIC_REPRESENTATION_CONTEXT() REPRESENTATION_CONTEXT('2D SPACE',''
  ) );
#3050 = ORIENTED_EDGE('',*,*,#3051,.T.);
#3051 = EDGE_CURVE('',#3028,#2802,#3052,.T.);
#3052 = SURFACE_CURVE('',#3053,(#3057,#3064),.PCURVE_S1.);
#3053 = LINE('',#3054,#3055);
#3054 = CARTESIAN_POINT('',(83.682367202281,31.930746135935,0.));
#3055 = VECTOR('',#3056,1.);
#3056 = DIRECTION('',(0.,-1.,1.110223024625E-16));
#3057 = PCURVE('',#2845,#3058);
#3058 = DEFINITIONAL_REPRESENTATION('',(#3059),#3063);
#3059 = LINE('',#3060,#3061);
#3060 = CARTESIAN_POINT('',(-1.570796326795,0.));
#3061 = VECTOR('',#3062,1.);
#3062 = DIRECTION('',(-0.,1.));
#3063 = ( GEOMETRIC_REPRESENTATION_CONTEXT(2) 
PARAMETRIC_REPRESENTATION_CONTEXT() REPRESENTATION_CONTEXT('2D SPACE',''
  ) );
#3064 = PCURVE('',#1023,#3065);
#3065 = DEFINITIONAL_REPRESENTATION('',(#3066),#3070);
#3066 = LINE('',#3067,#3068);
#3067 = CARTESIAN_POINT('',(0.,21.));
#3068 = VECTOR('',#3069,1.);
#3069 = DIRECTION('',(1.,0.));
#3070 = ( GEOMETRIC_REPRESENTATION_CONTEXT(2) 
PARAMETRIC_REPRESENTATION_CONTEXT() REPRESENTATION_CONTEXT('2D SPACE',''
  ) );
#3071 = ORIENTED_EDGE('',*,*,#2824,.F.);
#3072 = ORIENTED_EDGE('',*,*,#2957,.F.);
#3073 = ADVANCED_FACE('',(#3074),#2754,.T.);
#3074 = FACE_BOUND('',#3075,.T.);
#3075 = EDGE_LOOP('',(#3076,#3102,#3103,#3104));
#3076 = ORIENTED_EDGE('',*,*,#3077,.T.);
#3077 = EDGE_CURVE('',#2981,#2665,#3078,.T.);
#3078 = SURFACE_CURVE('',#3079,(#3084,#3091),.PCURVE_S1.);
#3079 = CIRCLE('',#3080,1.);
#3080 = AXIS2_PLACEMENT_3D('',#3081,#3082,#3083);
#3081 = CARTESIAN_POINT('',(83.682367202281,31.930746135935,55.));
#3082 = DIRECTION('',(0.,-1.,1.110223024625E-16));
#3083 = DIRECTION('',(0.,-1.110223024625E-16,-1.));
#3084 = PCURVE('',#2754,#3085);
#3085 = DEFINITIONAL_REPRESENTATION('',(#3086),#3090);
#3086 = LINE('',#3087,#3088);
#3087 = CARTESIAN_POINT('',(-1.570796326795,0.));
#3088 = VECTOR('',#3089,1.);
#3089 = DIRECTION('',(1.,0.));
#3090 = ( GEOMETRIC_REPRESENTATION_CONTEXT(2) 
PARAMETRIC_REPRESENTATION_CONTEXT() REPRESENTATION_CONTEXT('2D SPACE',''
  ) );
#3091 = PCURVE('',#699,#3092);
#3092 = DEFINITIONAL_REPRESENTATION('',(#3093),#3101);
#3093 = ( BOUNDED_CURVE() B_SPLINE_CURVE(2,(#3094,#3095,#3096,#3097,
#3098,#3099,#3100),.UNSPECIFIED.,.T.,.F.) B_SPLINE_CURVE_WITH_KNOTS((1,2
    ,2,2,2,1),(-2.094395102393,0.,2.094395102393,4.188790204786,
6.28318530718,8.377580409573),.UNSPECIFIED.) CURVE() 
GEOMETRIC_REPRESENTATION_ITEM() RATIONAL_B_SPLINE_CURVE((1.,0.5,1.,0.5,
1.,0.5,1.)) REPRESENTATION_ITEM('') );
#3094 = CARTESIAN_POINT('',(-10.,9.));
#3095 = CARTESIAN_POINT('',(-11.73205080756,9.));
#3096 = CARTESIAN_POINT('',(-10.86602540378,10.5));
#3097 = CARTESIAN_POINT('',(-10.,12.));
#3098 = CARTESIAN_POINT('',(-9.133974596216,10.5));
#3099 = CARTESIAN_POINT('',(-8.267949192431,9.));
#3100 = CARTESIAN_POINT('',(-10.,9.));
#3101 = ( GEOMETRIC_REPRESENTATION_CONTEXT(2) 
PARAMETRIC_REPRESENTATION_CONTEXT() REPRESENTATION_CONTEXT('2D SPACE',''
  ) );
#3102 = ORIENTED_EDGE('',*,*,#2740,.T.);
#3103 = ORIENTED_EDGE('',*,*,#2885,.F.);
#3104 = ORIENTED_EDGE('',*,*,#3003,.F.);
#3105 = ADVANCED_FACE('',(#3106),#1220,.T.);
#3106 = FACE_BOUND('',#3107,.T.);
#3107 = EDGE_LOOP('',(#3108,#3129,#3130,#3131));
#3108 = ORIENTED_EDGE('',*,*,#3109,.F.);
#3109 = EDGE_CURVE('',#2909,#1181,#3110,.T.);
#3110 = SURFACE_CURVE('',#3111,(#3115,#3122),.PCURVE_S1.);
#3111 = LINE('',#3112,#3113);
#3112 = CARTESIAN_POINT('',(75.882367202281,31.930746135935,55.));
#3113 = VECTOR('',#3114,1.);
#3114 = DIRECTION('',(0.,-1.,1.110223024625E-16));
#3115 = PCURVE('',#1220,#3116);
#3116 = DEFINITIONAL_REPRESENTATION('',(#3117),#3121);
#3117 = LINE('',#3118,#3119);
#3118 = CARTESIAN_POINT('',(0.,0.));
#3119 = VECTOR('',#3120,1.);
#3120 = DIRECTION('',(0.,1.));
#3121 = ( GEOMETRIC_REPRESENTATION_CONTEXT(2) 
PARAMETRIC_REPRESENTATION_CONTEXT() REPRESENTATION_CONTEXT('2D SPACE',''
  ) );
#3122 = PCURVE('',#1084,#3123);
#3123 = DEFINITIONAL_REPRESENTATION('',(#3124),#3128);
#3124 = LINE('',#3125,#3126);
#3125 = CARTESIAN_POINT('',(-9.992007221626E-16,-55.));
#3126 = VECTOR('',#3127,1.);
#3127 = DIRECTION('',(1.,0.));
#3128 = ( GEOMETRIC_REPRESENTATION_CONTEXT(2) 
PARAMETRIC_REPRESENTATION_CONTEXT() REPRESENTATION_CONTEXT('2D SPACE',''
  ) );
#3129 = ORIENTED_EDGE('',*,*,#2908,.T.);
#3130 = ORIENTED_EDGE('',*,*,#2689,.T.);
#3131 = ORIENTED_EDGE('',*,*,#1203,.F.);
#3132 = ADVANCED_FACE('',(#3133),#1168,.T.);
#3133 = FACE_BOUND('',#3134,.T.);
#3134 = EDGE_LOOP('',(#3135,#3136,#3159,#3187));
#3135 = ORIENTED_EDGE('',*,*,#1152,.T.);
#3136 = ORIENTED_EDGE('',*,*,#3137,.T.);
#3137 = EDGE_CURVE('',#1125,#3138,#3140,.T.);
#3138 = VERTEX_POINT('',#3139);
#3139 = CARTESIAN_POINT('',(72.682367202281,22.030746135935,52.));
#3140 = SURFACE_CURVE('',#3141,(#3145,#3152),.PCURVE_S1.);
#3141 = LINE('',#3142,#3143);
#3142 = CARTESIAN_POINT('',(72.682367202281,31.930746135935,52.));
#3143 = VECTOR('',#3144,1.);
#3144 = DIRECTION('',(0.,-1.,1.110223024625E-16));
#3145 = PCURVE('',#1168,#3146);
#3146 = DEFINITIONAL_REPRESENTATION('',(#3147),#3151);
#3147 = LINE('',#3148,#3149);
#3148 = CARTESIAN_POINT('',(0.,0.));
#3149 = VECTOR('',#3150,1.);
#3150 = DIRECTION('',(1.,0.));
#3151 = ( GEOMETRIC_REPRESENTATION_CONTEXT(2) 
PARAMETRIC_REPRESENTATION_CONTEXT() REPRESENTATION_CONTEXT('2D SPACE',''
  ) );
#3152 = PCURVE('',#1140,#3153);
#3153 = DEFINITIONAL_REPRESENTATION('',(#3154),#3158);
#3154 = LINE('',#3155,#3156);
#3155 = CARTESIAN_POINT('',(-1.7763568394E-15,-48.));
#3156 = VECTOR('',#3157,1.);
#3157 = DIRECTION('',(1.,0.));
#3158 = ( GEOMETRIC_REPRESENTATION_CONTEXT(2) 
PARAMETRIC_REPRESENTATION_CONTEXT() REPRESENTATION_CONTEXT('2D SPACE',''
  ) );
#3159 = ORIENTED_EDGE('',*,*,#3160,.T.);
#3160 = EDGE_CURVE('',#3138,#3161,#3163,.T.);
#3161 = VERTEX_POINT('',#3162);
#3162 = CARTESIAN_POINT('',(75.882367202281,22.030746135935,52.));
#3163 = SURFACE_CURVE('',#3164,(#3168,#3175),.PCURVE_S1.);
#3164 = LINE('',#3165,#3166);
#3165 = CARTESIAN_POINT('',(72.682367202281,22.030746135935,52.));
#3166 = VECTOR('',#3167,1.);
#3167 = DIRECTION('',(1.,0.,0.));
#3168 = PCURVE('',#1168,#3169);
#3169 = DEFINITIONAL_REPRESENTATION('',(#3170),#3174);
#3170 = LINE('',#3171,#3172);
#3171 = CARTESIAN_POINT('',(9.9,0.));
#3172 = VECTOR('',#3173,1.);
#3173 = DIRECTION('',(0.,1.));
#3174 = ( GEOMETRIC_REPRESENTATION_CONTEXT(2) 
PARAMETRIC_REPRESENTATION_CONTEXT() REPRESENTATION_CONTEXT('2D SPACE',''
  ) );
#3175 = PCURVE('',#3176,#3181);
#3176 = PLANE('',#3177);
#3177 = AXIS2_PLACEMENT_3D('',#3178,#3179,#3180);
#3178 = CARTESIAN_POINT('',(72.682367202281,22.030746135935,4.));
#3179 = DIRECTION('',(0.,-1.,1.110223024625E-16));
#3180 = DIRECTION('',(1.,0.,0.));
#3181 = DEFINITIONAL_REPRESENTATION('',(#3182),#3186);
#3182 = LINE('',#3183,#3184);
#3183 = CARTESIAN_POINT('',(0.,48.));
#3184 = VECTOR('',#3185,1.);
#3185 = DIRECTION('',(1.,0.));
#3186 = ( GEOMETRIC_REPRESENTATION_CONTEXT(2) 
PARAMETRIC_REPRESENTATION_CONTEXT() REPRESENTATION_CONTEXT('2D SPACE',''
  ) );
#3187 = ORIENTED_EDGE('',*,*,#3188,.F.);
#3188 = EDGE_CURVE('',#1153,#3161,#3189,.T.);
#3189 = SURFACE_CURVE('',#3190,(#3194,#3201),.PCURVE_S1.);
#3190 = LINE('',#3191,#3192);
#3191 = CARTESIAN_POINT('',(75.882367202281,31.930746135935,52.));
#3192 = VECTOR('',#3193,1.);
#3193 = DIRECTION('',(0.,-1.,1.110223024625E-16));
#3194 = PCURVE('',#1168,#3195);
#3195 = DEFINITIONAL_REPRESENTATION('',(#3196),#3200);
#3196 = LINE('',#3197,#3198);
#3197 = CARTESIAN_POINT('',(0.,3.2));
#3198 = VECTOR('',#3199,1.);
#3199 = DIRECTION('',(1.,0.));
#3200 = ( GEOMETRIC_REPRESENTATION_CONTEXT(2) 
PARAMETRIC_REPRESENTATION_CONTEXT() REPRESENTATION_CONTEXT('2D SPACE',''
  ) );
#3201 = PCURVE('',#1084,#3202);
#3202 = DEFINITIONAL_REPRESENTATION('',(#3203),#3207);
#3203 = LINE('',#3204,#3205);
#3204 = CARTESIAN_POINT('',(-1.33226762955E-15,-52.));
#3205 = VECTOR('',#3206,1.);
#3206 = DIRECTION('',(1.,0.));
#3207 = ( GEOMETRIC_REPRESENTATION_CONTEXT(2) 
PARAMETRIC_REPRESENTATION_CONTEXT() REPRESENTATION_CONTEXT('2D SPACE',''
  ) );
#3208 = ADVANCED_FACE('',(#3209),#3176,.T.);
#3209 = FACE_BOUND('',#3210,.T.);
#3210 = EDGE_LOOP('',(#3211,#3234,#3257,#3278));
#3211 = ORIENTED_EDGE('',*,*,#3212,.F.);
#3212 = EDGE_CURVE('',#3213,#3138,#3215,.T.);
#3213 = VERTEX_POINT('',#3214);
#3214 = CARTESIAN_POINT('',(72.682367202281,22.030746135935,4.));
#3215 = SURFACE_CURVE('',#3216,(#3220,#3227),.PCURVE_S1.);
#3216 = LINE('',#3217,#3218);
#3217 = CARTESIAN_POINT('',(72.682367202281,22.030746135935,4.));
#3218 = VECTOR('',#3219,1.);
#3219 = DIRECTION('',(0.,1.110223024625E-16,1.));
#3220 = PCURVE('',#3176,#3221);
#3221 = DEFINITIONAL_REPRESENTATION('',(#3222),#3226);
#3222 = LINE('',#3223,#3224);
#3223 = CARTESIAN_POINT('',(0.,0.));
#3224 = VECTOR('',#3225,1.);
#3225 = DIRECTION('',(0.,1.));
#3226 = ( GEOMETRIC_REPRESENTATION_CONTEXT(2) 
PARAMETRIC_REPRESENTATION_CONTEXT() REPRESENTATION_CONTEXT('2D SPACE',''
  ) );
#3227 = PCURVE('',#1140,#3228);
#3228 = DEFINITIONAL_REPRESENTATION('',(#3229),#3233);
#3229 = LINE('',#3230,#3231);
#3230 = CARTESIAN_POINT('',(9.9,1.099120794379E-15));
#3231 = VECTOR('',#3232,1.);
#3232 = DIRECTION('',(0.,-1.));
#3233 = ( GEOMETRIC_REPRESENTATION_CONTEXT(2) 
PARAMETRIC_REPRESENTATION_CONTEXT() REPRESENTATION_CONTEXT('2D SPACE',''
  ) );
#3234 = ORIENTED_EDGE('',*,*,#3235,.T.);
#3235 = EDGE_CURVE('',#3213,#3236,#3238,.T.);
#3236 = VERTEX_POINT('',#3237);
#3237 = CARTESIAN_POINT('',(75.882367202281,22.030746135935,4.));
#3238 = SURFACE_CURVE('',#3239,(#3243,#3250),.PCURVE_S1.);
#3239 = LINE('',#3240,#3241);
#3240 = CARTESIAN_POINT('',(72.682367202281,22.030746135935,4.));
#3241 = VECTOR('',#3242,1.);
#3242 = DIRECTION('',(1.,0.,0.));
#3243 = PCURVE('',#3176,#3244);
#3244 = DEFINITIONAL_REPRESENTATION('',(#3245),#3249);
#3245 = LINE('',#3246,#3247);
#3246 = CARTESIAN_POINT('',(0.,0.));
#3247 = VECTOR('',#3248,1.);
#3248 = DIRECTION('',(1.,0.));
#3249 = ( GEOMETRIC_REPRESENTATION_CONTEXT(2) 
PARAMETRIC_REPRESENTATION_CONTEXT() REPRESENTATION_CONTEXT('2D SPACE',''
  ) );
#3250 = PCURVE('',#1112,#3251);
#3251 = DEFINITIONAL_REPRESENTATION('',(#3252),#3256);
#3252 = LINE('',#3253,#3254);
#3253 = CARTESIAN_POINT('',(9.9,0.));
#3254 = VECTOR('',#3255,1.);
#3255 = DIRECTION('',(0.,1.));
#3256 = ( GEOMETRIC_REPRESENTATION_CONTEXT(2) 
PARAMETRIC_REPRESENTATION_CONTEXT() REPRESENTATION_CONTEXT('2D SPACE',''
  ) );
#3257 = ORIENTED_EDGE('',*,*,#3258,.T.);
#3258 = EDGE_CURVE('',#3236,#3161,#3259,.T.);
#3259 = SURFACE_CURVE('',#3260,(#3264,#3271),.PCURVE_S1.);
#3260 = LINE('',#3261,#3262);
#3261 = CARTESIAN_POINT('',(75.882367202281,22.030746135935,4.));
#3262 = VECTOR('',#3263,1.);
#3263 = DIRECTION('',(0.,1.110223024625E-16,1.));
#3264 = PCURVE('',#3176,#3265);
#3265 = DEFINITIONAL_REPRESENTATION('',(#3266),#3270);
#3266 = LINE('',#3267,#3268);
#3267 = CARTESIAN_POINT('',(3.2,0.));
#3268 = VECTOR('',#3269,1.);
#3269 = DIRECTION('',(0.,1.));
#3270 = ( GEOMETRIC_REPRESENTATION_CONTEXT(2) 
PARAMETRIC_REPRESENTATION_CONTEXT() REPRESENTATION_CONTEXT('2D SPACE',''
  ) );
#3271 = PCURVE('',#1084,#3272);
#3272 = DEFINITIONAL_REPRESENTATION('',(#3273),#3277);
#3273 = LINE('',#3274,#3275);
#3274 = CARTESIAN_POINT('',(9.9,-4.));
#3275 = VECTOR('',#3276,1.);
#3276 = DIRECTION('',(0.,-1.));
#3277 = ( GEOMETRIC_REPRESENTATION_CONTEXT(2) 
PARAMETRIC_REPRESENTATION_CONTEXT() REPRESENTATION_CONTEXT('2D SPACE',''
  ) );
#3278 = ORIENTED_EDGE('',*,*,#3160,.F.);
#3279 = ADVANCED_FACE('',(#3280),#1140,.F.);
#3280 = FACE_BOUND('',#3281,.F.);
#3281 = EDGE_LOOP('',(#3282,#3303,#3304,#3305));
#3282 = ORIENTED_EDGE('',*,*,#3283,.F.);
#3283 = EDGE_CURVE('',#1097,#3213,#3284,.T.);
#3284 = SURFACE_CURVE('',#3285,(#3289,#3296),.PCURVE_S1.);
#3285 = LINE('',#3286,#3287);
#3286 = CARTESIAN_POINT('',(72.682367202281,31.930746135935,4.));
#3287 = VECTOR('',#3288,1.);
#3288 = DIRECTION('',(0.,-1.,1.110223024625E-16));
#3289 = PCURVE('',#1140,#3290);
#3290 = DEFINITIONAL_REPRESENTATION('',(#3291),#3295);
#3291 = LINE('',#3292,#3293);
#3292 = CARTESIAN_POINT('',(0.,0.));
#3293 = VECTOR('',#3294,1.);
#3294 = DIRECTION('',(1.,0.));
#3295 = ( GEOMETRIC_REPRESENTATION_CONTEXT(2) 
PARAMETRIC_REPRESENTATION_CONTEXT() REPRESENTATION_CONTEXT('2D SPACE',''
  ) );
#3296 = PCURVE('',#1112,#3297);
#3297 = DEFINITIONAL_REPRESENTATION('',(#3298),#3302);
#3298 = LINE('',#3299,#3300);
#3299 = CARTESIAN_POINT('',(0.,0.));
#3300 = VECTOR('',#3301,1.);
#3301 = DIRECTION('',(1.,0.));
#3302 = ( GEOMETRIC_REPRESENTATION_CONTEXT(2) 
PARAMETRIC_REPRESENTATION_CONTEXT() REPRESENTATION_CONTEXT('2D SPACE',''
  ) );
#3303 = ORIENTED_EDGE('',*,*,#1124,.T.);
#3304 = ORIENTED_EDGE('',*,*,#3137,.T.);
#3305 = ORIENTED_EDGE('',*,*,#3212,.F.);
#3306 = ADVANCED_FACE('',(#3307),#1112,.F.);
#3307 = FACE_BOUND('',#3308,.F.);
#3308 = EDGE_LOOP('',(#3309,#3310,#3311,#3312));
#3309 = ORIENTED_EDGE('',*,*,#1096,.T.);
#3310 = ORIENTED_EDGE('',*,*,#3283,.T.);
#3311 = ORIENTED_EDGE('',*,*,#3235,.T.);
#3312 = ORIENTED_EDGE('',*,*,#3313,.F.);
#3313 = EDGE_CURVE('',#1069,#3236,#3314,.T.);
#3314 = SURFACE_CURVE('',#3315,(#3319,#3326),.PCURVE_S1.);
#3315 = LINE('',#3316,#3317);
#3316 = CARTESIAN_POINT('',(75.882367202281,31.930746135935,4.));
#3317 = VECTOR('',#3318,1.);
#3318 = DIRECTION('',(0.,-1.,1.110223024625E-16));
#3319 = PCURVE('',#1112,#3320);
#3320 = DEFINITIONAL_REPRESENTATION('',(#3321),#3325);
#3321 = LINE('',#3322,#3323);
#3322 = CARTESIAN_POINT('',(0.,3.2));
#3323 = VECTOR('',#3324,1.);
#3324 = DIRECTION('',(1.,0.));
#3325 = ( GEOMETRIC_REPRESENTATION_CONTEXT(2) 
PARAMETRIC_REPRESENTATION_CONTEXT() REPRESENTATION_CONTEXT('2D SPACE',''
  ) );
#3326 = PCURVE('',#1084,#3327);
#3327 = DEFINITIONAL_REPRESENTATION('',(#3328),#3332);
#3328 = LINE('',#3329,#3330);
#3329 = CARTESIAN_POINT('',(4.440892098501E-16,-4.));
#3330 = VECTOR('',#3331,1.);
#3331 = DIRECTION('',(1.,0.));
#3332 = ( GEOMETRIC_REPRESENTATION_CONTEXT(2) 
PARAMETRIC_REPRESENTATION_CONTEXT() REPRESENTATION_CONTEXT('2D SPACE',''
  ) );
#3333 = ADVANCED_FACE('',(#3334),#1084,.T.);
#3334 = FACE_BOUND('',#3335,.T.);
#3335 = EDGE_LOOP('',(#3336,#3337,#3338,#3339,#3340,#3341,#3362,#3363));
#3336 = ORIENTED_EDGE('',*,*,#1180,.F.);
#3337 = ORIENTED_EDGE('',*,*,#3188,.T.);
#3338 = ORIENTED_EDGE('',*,*,#3258,.F.);
#3339 = ORIENTED_EDGE('',*,*,#3313,.F.);
#3340 = ORIENTED_EDGE('',*,*,#1068,.F.);
#3341 = ORIENTED_EDGE('',*,*,#3342,.F.);
#3342 = EDGE_CURVE('',#2778,#1036,#3343,.T.);
#3343 = SURFACE_CURVE('',#3344,(#3348,#3355),.PCURVE_S1.);
#3344 = LINE('',#3345,#3346);
#3345 = CARTESIAN_POINT('',(75.882367202281,31.930746135935,1.));
#3346 = VECTOR('',#3347,1.);
#3347 = DIRECTION('',(0.,-1.,1.110223024625E-16));
#3348 = PCURVE('',#1084,#3349);
#3349 = DEFINITIONAL_REPRESENTATION('',(#3350),#3354);
#3350 = LINE('',#3351,#3352);
#3351 = CARTESIAN_POINT('',(1.110223024625E-16,-1.));
#3352 = VECTOR('',#3353,1.);
#3353 = DIRECTION('',(1.,0.));
#3354 = ( GEOMETRIC_REPRESENTATION_CONTEXT(2) 
PARAMETRIC_REPRESENTATION_CONTEXT() REPRESENTATION_CONTEXT('2D SPACE',''
  ) );
#3355 = PCURVE('',#1056,#3356);
#3356 = DEFINITIONAL_REPRESENTATION('',(#3357),#3361);
#3357 = LINE('',#3358,#3359);
#3358 = CARTESIAN_POINT('',(-0.,0.));
#3359 = VECTOR('',#3360,1.);
#3360 = DIRECTION('',(-0.,1.));
#3361 = ( GEOMETRIC_REPRESENTATION_CONTEXT(2) 
PARAMETRIC_REPRESENTATION_CONTEXT() REPRESENTATION_CONTEXT('2D SPACE',''
  ) );
#3362 = ORIENTED_EDGE('',*,*,#2932,.T.);
#3363 = ORIENTED_EDGE('',*,*,#3109,.T.);
#3364 = ADVANCED_FACE('',(#3365),#1056,.T.);
#3365 = FACE_BOUND('',#3366,.F.);
#3366 = EDGE_LOOP('',(#3367,#3368,#3369,#3390));
#3367 = ORIENTED_EDGE('',*,*,#3342,.F.);
#3368 = ORIENTED_EDGE('',*,*,#2775,.F.);
#3369 = ORIENTED_EDGE('',*,*,#3370,.T.);
#3370 = EDGE_CURVE('',#2776,#1008,#3371,.T.);
#3371 = SURFACE_CURVE('',#3372,(#3376,#3383),.PCURVE_S1.);
#3372 = LINE('',#3373,#3374);
#3373 = CARTESIAN_POINT('',(74.882367202281,31.930746135935,0.));
#3374 = VECTOR('',#3375,1.);
#3375 = DIRECTION('',(0.,-1.,1.110223024625E-16));
#3376 = PCURVE('',#1056,#3377);
#3377 = DEFINITIONAL_REPRESENTATION('',(#3378),#3382);
#3378 = LINE('',#3379,#3380);
#3379 = CARTESIAN_POINT('',(-1.570796326795,0.));
#3380 = VECTOR('',#3381,1.);
#3381 = DIRECTION('',(-0.,1.));
#3382 = ( GEOMETRIC_REPRESENTATION_CONTEXT(2) 
PARAMETRIC_REPRESENTATION_CONTEXT() REPRESENTATION_CONTEXT('2D SPACE',''
  ) );
#3383 = PCURVE('',#1023,#3384);
#3384 = DEFINITIONAL_REPRESENTATION('',(#3385),#3389);
#3385 = LINE('',#3386,#3387);
#3386 = CARTESIAN_POINT('',(0.,12.2));
#3387 = VECTOR('',#3388,1.);
#3388 = DIRECTION('',(1.,0.));
#3389 = ( GEOMETRIC_REPRESENTATION_CONTEXT(2) 
PARAMETRIC_REPRESENTATION_CONTEXT() REPRESENTATION_CONTEXT('2D SPACE',''
  ) );
#3390 = ORIENTED_EDGE('',*,*,#1035,.F.);
#3391 = ADVANCED_FACE('',(#3392,#3442),#1023,.F.);
#3392 = FACE_BOUND('',#3393,.F.);
#3393 = EDGE_LOOP('',(#3394,#3417,#3418,#3419,#3420,#3421));
#3394 = ORIENTED_EDGE('',*,*,#3395,.T.);
#3395 = EDGE_CURVE('',#3396,#979,#3398,.T.);
#3396 = VERTEX_POINT('',#3397);
#3397 = CARTESIAN_POINT('',(63.682367202281,31.930746135935,0.));
#3398 = SURFACE_CURVE('',#3399,(#3403,#3410),.PCURVE_S1.);
#3399 = LINE('',#3400,#3401);
#3400 = CARTESIAN_POINT('',(63.682367202281,31.930746135935,0.));
#3401 = VECTOR('',#3402,1.);
#3402 = DIRECTION('',(0.,-1.,1.110223024625E-16));
#3403 = PCURVE('',#1023,#3404);
#3404 = DEFINITIONAL_REPRESENTATION('',(#3405),#3409);
#3405 = LINE('',#3406,#3407);
#3406 = CARTESIAN_POINT('',(0.,1.));
#3407 = VECTOR('',#3408,1.);
#3408 = DIRECTION('',(1.,0.));
#3409 = ( GEOMETRIC_REPRESENTATION_CONTEXT(2) 
PARAMETRIC_REPRESENTATION_CONTEXT() REPRESENTATION_CONTEXT('2D SPACE',''
  ) );
#3410 = PCURVE('',#995,#3411);
#3411 = DEFINITIONAL_REPRESENTATION('',(#3412),#3416);
#3412 = LINE('',#3413,#3414);
#3413 = CARTESIAN_POINT('',(1.570796326795,0.));
#3414 = VECTOR('',#3415,1.);
#3415 = DIRECTION('',(0.,1.));
#3416 = ( GEOMETRIC_REPRESENTATION_CONTEXT(2) 
PARAMETRIC_REPRESENTATION_CONTEXT() REPRESENTATION_CONTEXT('2D SPACE',''
  ) );
#3417 = ORIENTED_EDGE('',*,*,#1007,.T.);
#3418 = ORIENTED_EDGE('',*,*,#3370,.F.);
#3419 = ORIENTED_EDGE('',*,*,#2801,.T.);
#3420 = ORIENTED_EDGE('',*,*,#3051,.F.);
#3421 = ORIENTED_EDGE('',*,*,#3422,.T.);
#3422 = EDGE_CURVE('',#3028,#3396,#3423,.T.);
#3423 = SURFACE_CURVE('',#3424,(#3428,#3435),.PCURVE_S1.);
#3424 = LINE('',#3425,#3426);
#3425 = CARTESIAN_POINT('',(83.682367202281,31.930746135935,0.));
#3426 = VECTOR('',#3427,1.);
#3427 = DIRECTION('',(-1.,0.,0.));
#3428 = PCURVE('',#1023,#3429);
#3429 = DEFINITIONAL_REPRESENTATION('',(#3430),#3434);
#3430 = LINE('',#3431,#3432);
#3431 = CARTESIAN_POINT('',(0.,21.));
#3432 = VECTOR('',#3433,1.);
#3433 = DIRECTION('',(0.,-1.));
#3434 = ( GEOMETRIC_REPRESENTATION_CONTEXT(2) 
PARAMETRIC_REPRESENTATION_CONTEXT() REPRESENTATION_CONTEXT('2D SPACE',''
  ) );
#3435 = PCURVE('',#699,#3436);
#3436 = DEFINITIONAL_REPRESENTATION('',(#3437),#3441);
#3437 = LINE('',#3438,#3439);
#3438 = CARTESIAN_POINT('',(-10.,-45.));
#3439 = VECTOR('',#3440,1.);
#3440 = DIRECTION('',(1.,0.));
#3441 = ( GEOMETRIC_REPRESENTATION_CONTEXT(2) 
PARAMETRIC_REPRESENTATION_CONTEXT() REPRESENTATION_CONTEXT('2D SPACE',''
  ) );
#3442 = FACE_BOUND('',#3443,.F.);
#3443 = EDGE_LOOP('',(#3444,#3445,#3446,#3447));
#3444 = ORIENTED_EDGE('',*,*,#1593,.F.);
#3445 = ORIENTED_EDGE('',*,*,#1537,.F.);
#3446 = ORIENTED_EDGE('',*,*,#1871,.T.);
#3447 = ORIENTED_EDGE('',*,*,#1760,.T.);
#3448 = ADVANCED_FACE('',(#3449),#995,.T.);
#3449 = FACE_BOUND('',#3450,.T.);
#3450 = EDGE_LOOP('',(#3451,#3479,#3480,#3481));
#3451 = ORIENTED_EDGE('',*,*,#3452,.T.);
#3452 = EDGE_CURVE('',#3453,#3396,#3455,.T.);
#3453 = VERTEX_POINT('',#3454);
#3454 = CARTESIAN_POINT('',(62.682367202281,31.930746135935,1.));
#3455 = SURFACE_CURVE('',#3456,(#3461,#3468),.PCURVE_S1.);
#3456 = CIRCLE('',#3457,1.);
#3457 = AXIS2_PLACEMENT_3D('',#3458,#3459,#3460);
#3458 = CARTESIAN_POINT('',(63.682367202281,31.930746135935,1.));
#3459 = DIRECTION('',(0.,-1.,1.110223024625E-16));
#3460 = DIRECTION('',(0.,-1.110223024625E-16,-1.));
#3461 = PCURVE('',#995,#3462);
#3462 = DEFINITIONAL_REPRESENTATION('',(#3463),#3467);
#3463 = LINE('',#3464,#3465);
#3464 = CARTESIAN_POINT('',(-4.712388980385,0.));
#3465 = VECTOR('',#3466,1.);
#3466 = DIRECTION('',(1.,0.));
#3467 = ( GEOMETRIC_REPRESENTATION_CONTEXT(2) 
PARAMETRIC_REPRESENTATION_CONTEXT() REPRESENTATION_CONTEXT('2D SPACE',''
  ) );
#3468 = PCURVE('',#699,#3469);
#3469 = DEFINITIONAL_REPRESENTATION('',(#3470),#3478);
#3470 = ( BOUNDED_CURVE() B_SPLINE_CURVE(2,(#3471,#3472,#3473,#3474,
#3475,#3476,#3477),.UNSPECIFIED.,.T.,.F.) B_SPLINE_CURVE_WITH_KNOTS((1,2
    ,2,2,2,1),(-2.094395102393,0.,2.094395102393,4.188790204786,
6.28318530718,8.377580409573),.UNSPECIFIED.) CURVE() 
GEOMETRIC_REPRESENTATION_ITEM() RATIONAL_B_SPLINE_CURVE((1.,0.5,1.,0.5,
1.,0.5,1.)) REPRESENTATION_ITEM('') );
#3471 = CARTESIAN_POINT('',(10.,-45.));
#3472 = CARTESIAN_POINT('',(8.267949192431,-45.));
#3473 = CARTESIAN_POINT('',(9.133974596216,-43.5));
#3474 = CARTESIAN_POINT('',(10.,-42.));
#3475 = CARTESIAN_POINT('',(10.866025403784,-43.5));
#3476 = CARTESIAN_POINT('',(11.732050807569,-45.));
#3477 = CARTESIAN_POINT('',(10.,-45.));
#3478 = ( GEOMETRIC_REPRESENTATION_CONTEXT(2) 
PARAMETRIC_REPRESENTATION_CONTEXT() REPRESENTATION_CONTEXT('2D SPACE',''
  ) );
#3479 = ORIENTED_EDGE('',*,*,#3395,.T.);
#3480 = ORIENTED_EDGE('',*,*,#978,.F.);
#3481 = ORIENTED_EDGE('',*,*,#3482,.F.);
#3482 = EDGE_CURVE('',#3453,#951,#3483,.T.);
#3483 = SURFACE_CURVE('',#3484,(#3488,#3495),.PCURVE_S1.);
#3484 = LINE('',#3485,#3486);
#3485 = CARTESIAN_POINT('',(62.682367202281,31.930746135935,1.));
#3486 = VECTOR('',#3487,1.);
#3487 = DIRECTION('',(0.,-1.,1.110223024625E-16));
#3488 = PCURVE('',#995,#3489);
#3489 = DEFINITIONAL_REPRESENTATION('',(#3490),#3494);
#3490 = LINE('',#3491,#3492);
#3491 = CARTESIAN_POINT('',(0.,0.));
#3492 = VECTOR('',#3493,1.);
#3493 = DIRECTION('',(0.,1.));
#3494 = ( GEOMETRIC_REPRESENTATION_CONTEXT(2) 
PARAMETRIC_REPRESENTATION_CONTEXT() REPRESENTATION_CONTEXT('2D SPACE',''
  ) );
#3495 = PCURVE('',#966,#3496);
#3496 = DEFINITIONAL_REPRESENTATION('',(#3497),#3501);
#3497 = LINE('',#3498,#3499);
#3498 = CARTESIAN_POINT('',(1.110223024625E-16,-1.));
#3499 = VECTOR('',#3500,1.);
#3500 = DIRECTION('',(1.,0.));
#3501 = ( GEOMETRIC_REPRESENTATION_CONTEXT(2) 
PARAMETRIC_REPRESENTATION_CONTEXT() REPRESENTATION_CONTEXT('2D SPACE',''
  ) );
#3502 = ADVANCED_FACE('',(#3503),#966,.F.);
#3503 = FACE_BOUND('',#3504,.F.);
#3504 = EDGE_LOOP('',(#3505,#3506,#3529,#3550));
#3505 = ORIENTED_EDGE('',*,*,#3482,.F.);
#3506 = ORIENTED_EDGE('',*,*,#3507,.T.);
#3507 = EDGE_CURVE('',#3453,#3508,#3510,.T.);
#3508 = VERTEX_POINT('',#3509);
#3509 = CARTESIAN_POINT('',(62.682367202281,31.930746135935,8.));
#3510 = SURFACE_CURVE('',#3511,(#3515,#3522),.PCURVE_S1.);
#3511 = LINE('',#3512,#3513);
#3512 = CARTESIAN_POINT('',(62.682367202281,31.930746135935,0.));
#3513 = VECTOR('',#3514,1.);
#3514 = DIRECTION('',(0.,1.110223024625E-16,1.));
#3515 = PCURVE('',#966,#3516);
#3516 = DEFINITIONAL_REPRESENTATION('',(#3517),#3521);
#3517 = LINE('',#3518,#3519);
#3518 = CARTESIAN_POINT('',(0.,0.));
#3519 = VECTOR('',#3520,1.);
#3520 = DIRECTION('',(0.,-1.));
#3521 = ( GEOMETRIC_REPRESENTATION_CONTEXT(2) 
PARAMETRIC_REPRESENTATION_CONTEXT() REPRESENTATION_CONTEXT('2D SPACE',''
  ) );
#3522 = PCURVE('',#699,#3523);
#3523 = DEFINITIONAL_REPRESENTATION('',(#3524),#3528);
#3524 = LINE('',#3525,#3526);
#3525 = CARTESIAN_POINT('',(11.,-45.));
#3526 = VECTOR('',#3527,1.);
#3527 = DIRECTION('',(0.,1.));
#3528 = ( GEOMETRIC_REPRESENTATION_CONTEXT(2) 
PARAMETRIC_REPRESENTATION_CONTEXT() REPRESENTATION_CONTEXT('2D SPACE',''
  ) );
#3529 = ORIENTED_EDGE('',*,*,#3530,.T.);
#3530 = EDGE_CURVE('',#3508,#923,#3531,.T.);
#3531 = SURFACE_CURVE('',#3532,(#3536,#3543),.PCURVE_S1.);
#3532 = LINE('',#3533,#3534);
#3533 = CARTESIAN_POINT('',(62.682367202281,29.276559576704,8.));
#3534 = VECTOR('',#3535,1.);
#3535 = DIRECTION('',(0.,-1.,1.110223024625E-16));
#3536 = PCURVE('',#966,#3537);
#3537 = DEFINITIONAL_REPRESENTATION('',(#3538),#3542);
#3538 = LINE('',#3539,#3540);
#3539 = CARTESIAN_POINT('',(2.654186559231,-8.));
#3540 = VECTOR('',#3541,1.);
#3541 = DIRECTION('',(1.,0.));
#3542 = ( GEOMETRIC_REPRESENTATION_CONTEXT(2) 
PARAMETRIC_REPRESENTATION_CONTEXT() REPRESENTATION_CONTEXT('2D SPACE',''
  ) );
#3543 = PCURVE('',#938,#3544);
#3544 = DEFINITIONAL_REPRESENTATION('',(#3545),#3549);
#3545 = LINE('',#3546,#3547);
#3546 = CARTESIAN_POINT('',(-2.654186559231,5.948395696752));
#3547 = VECTOR('',#3548,1.);
#3548 = DIRECTION('',(1.,0.));
#3549 = ( GEOMETRIC_REPRESENTATION_CONTEXT(2) 
PARAMETRIC_REPRESENTATION_CONTEXT() REPRESENTATION_CONTEXT('2D SPACE',''
  ) );
#3550 = ORIENTED_EDGE('',*,*,#950,.F.);
#3551 = ADVANCED_FACE('',(#3552),#938,.F.);
#3552 = FACE_BOUND('',#3553,.F.);
#3553 = EDGE_LOOP('',(#3554,#3584,#3605,#3606,#3607,#3630,#3658));
#3554 = ORIENTED_EDGE('',*,*,#3555,.F.);
#3555 = EDGE_CURVE('',#3556,#3558,#3560,.T.);
#3556 = VERTEX_POINT('',#3557);
#3557 = CARTESIAN_POINT('',(53.155399570573,21.059590205192,8.));
#3558 = VERTEX_POINT('',#3559);
#3559 = CARTESIAN_POINT('',(50.863042425226,29.614783540718,8.));
#3560 = SURFACE_CURVE('',#3561,(#3565,#3572),.PCURVE_S1.);
#3561 = LINE('',#3562,#3563);
#3562 = CARTESIAN_POINT('',(50.863042425226,29.614783540718,8.));
#3563 = VECTOR('',#3564,1.);
#3564 = DIRECTION('',(-0.258819045103,0.965925826289,-1.072393092426E-16
    ));
#3565 = PCURVE('',#938,#3566);
#3566 = DEFINITIONAL_REPRESENTATION('',(#3567),#3571);
#3567 = LINE('',#3568,#3569);
#3568 = CARTESIAN_POINT('',(-2.992410523245,-5.870929080304));
#3569 = VECTOR('',#3570,1.);
#3570 = DIRECTION('',(-0.965925826289,-0.258819045103));
#3571 = ( GEOMETRIC_REPRESENTATION_CONTEXT(2) 
PARAMETRIC_REPRESENTATION_CONTEXT() REPRESENTATION_CONTEXT('2D SPACE',''
  ) );
#3572 = PCURVE('',#3573,#3578);
#3573 = CYLINDRICAL_SURFACE('',#3574,4.8);
#3574 = AXIS2_PLACEMENT_3D('',#3575,#3576,#3577);
#3575 = CARTESIAN_POINT('',(47.195271412506,28.632007259838,
    5.063742759908));
#3576 = DIRECTION('',(-0.258819045103,0.965925826289,-1.072393092426E-16
    ));
#3577 = DIRECTION('',(0.965925826289,0.258819045103,-2.873468630843E-17)
  );
#3578 = DEFINITIONAL_REPRESENTATION('',(#3579),#3583);
#3579 = LINE('',#3580,#3581);
#3580 = CARTESIAN_POINT('',(-6.941418659978,-4.440892098501E-16));
#3581 = VECTOR('',#3582,1.);
#3582 = DIRECTION('',(-0.,1.));
#3583 = ( GEOMETRIC_REPRESENTATION_CONTEXT(2) 
PARAMETRIC_REPRESENTATION_CONTEXT() REPRESENTATION_CONTEXT('2D SPACE',''
  ) );
#3584 = ORIENTED_EDGE('',*,*,#3585,.T.);
#3585 = EDGE_CURVE('',#3556,#895,#3586,.T.);
#3586 = SURFACE_CURVE('',#3587,(#3591,#3598),.PCURVE_S1.);
#3587 = LINE('',#3588,#3589);
#3588 = CARTESIAN_POINT('',(41.682367202281,18.475337104447,8.));
#3589 = VECTOR('',#3590,1.);
#3590 = DIRECTION('',(0.975558362307,0.219740487242,-2.439609483782E-17)
  );
#3591 = PCURVE('',#938,#3592);
#3592 = DEFINITIONAL_REPRESENTATION('',(#3593),#3597);
#3593 = LINE('',#3594,#3595);
#3594 = CARTESIAN_POINT('',(8.147035913027,-15.05160430324));
#3595 = VECTOR('',#3596,1.);
#3596 = DIRECTION('',(-0.219740487242,0.975558362307));
#3597 = ( GEOMETRIC_REPRESENTATION_CONTEXT(2) 
PARAMETRIC_REPRESENTATION_CONTEXT() REPRESENTATION_CONTEXT('2D SPACE',''
  ) );
#3598 = PCURVE('',#910,#3599);
#3599 = DEFINITIONAL_REPRESENTATION('',(#3600),#3604);
#3600 = LINE('',#3601,#3602);
#3601 = CARTESIAN_POINT('',(7.318828451345E-17,-3.));
#3602 = VECTOR('',#3603,1.);
#3603 = DIRECTION('',(1.,0.));
#3604 = ( GEOMETRIC_REPRESENTATION_CONTEXT(2) 
PARAMETRIC_REPRESENTATION_CONTEXT() REPRESENTATION_CONTEXT('2D SPACE',''
  ) );
#3605 = ORIENTED_EDGE('',*,*,#922,.T.);
#3606 = ORIENTED_EDGE('',*,*,#3530,.F.);
#3607 = ORIENTED_EDGE('',*,*,#3608,.T.);
#3608 = EDGE_CURVE('',#3508,#3609,#3611,.T.);
#3609 = VERTEX_POINT('',#3610);
#3610 = CARTESIAN_POINT('',(41.682367202281,31.930746135935,8.));
#3611 = SURFACE_CURVE('',#3612,(#3616,#3623),.PCURVE_S1.);
#3612 = LINE('',#3613,#3614);
#3613 = CARTESIAN_POINT('',(73.682367202281,31.930746135935,8.));
#3614 = VECTOR('',#3615,1.);
#3615 = DIRECTION('',(-1.,0.,0.));
#3616 = PCURVE('',#938,#3617);
#3617 = DEFINITIONAL_REPRESENTATION('',(#3618),#3622);
#3618 = LINE('',#3619,#3620);
#3619 = CARTESIAN_POINT('',(-5.308373118461,16.948395696752));
#3620 = VECTOR('',#3621,1.);
#3621 = DIRECTION('',(0.,-1.));
#3622 = ( GEOMETRIC_REPRESENTATION_CONTEXT(2) 
PARAMETRIC_REPRESENTATION_CONTEXT() REPRESENTATION_CONTEXT('2D SPACE',''
  ) );
#3623 = PCURVE('',#699,#3624);
#3624 = DEFINITIONAL_REPRESENTATION('',(#3625),#3629);
#3625 = LINE('',#3626,#3627);
#3626 = CARTESIAN_POINT('',(-0.,-37.));
#3627 = VECTOR('',#3628,1.);
#3628 = DIRECTION('',(1.,0.));
#3629 = ( GEOMETRIC_REPRESENTATION_CONTEXT(2) 
PARAMETRIC_REPRESENTATION_CONTEXT() REPRESENTATION_CONTEXT('2D SPACE',''
  ) );
#3630 = ORIENTED_EDGE('',*,*,#3631,.T.);
#3631 = EDGE_CURVE('',#3609,#3632,#3634,.T.);
#3632 = VERTEX_POINT('',#3633);
#3633 = CARTESIAN_POINT('',(41.682367202281,27.154829028758,8.));
#3634 = SURFACE_CURVE('',#3635,(#3639,#3646),.PCURVE_S1.);
#3635 = LINE('',#3636,#3637);
#3636 = CARTESIAN_POINT('',(41.682367202281,31.930746135935,8.));
#3637 = VECTOR('',#3638,1.);
#3638 = DIRECTION('',(0.,-1.,1.110223024625E-16));
#3639 = PCURVE('',#938,#3640);
#3640 = DEFINITIONAL_REPRESENTATION('',(#3641),#3645);
#3641 = LINE('',#3642,#3643);
#3642 = CARTESIAN_POINT('',(-5.308373118461,-15.05160430324));
#3643 = VECTOR('',#3644,1.);
#3644 = DIRECTION('',(1.,0.));
#3645 = ( GEOMETRIC_REPRESENTATION_CONTEXT(2) 
PARAMETRIC_REPRESENTATION_CONTEXT() REPRESENTATION_CONTEXT('2D SPACE',''
  ) );
#3646 = PCURVE('',#3647,#3652);
#3647 = PLANE('',#3648);
#3648 = AXIS2_PLACEMENT_3D('',#3649,#3650,#3651);
#3649 = CARTESIAN_POINT('',(41.682367202281,31.930746135935,11.));
#3650 = DIRECTION('',(-1.,0.,0.));
#3651 = DIRECTION('',(0.,-1.,1.110223024625E-16));
#3652 = DEFINITIONAL_REPRESENTATION('',(#3653),#3657);
#3653 = LINE('',#3654,#3655);
#3654 = CARTESIAN_POINT('',(-3.330669073875E-16,-3.));
#3655 = VECTOR('',#3656,1.);
#3656 = DIRECTION('',(1.,0.));
#3657 = ( GEOMETRIC_REPRESENTATION_CONTEXT(2) 
PARAMETRIC_REPRESENTATION_CONTEXT() REPRESENTATION_CONTEXT('2D SPACE',''
  ) );
#3658 = ORIENTED_EDGE('',*,*,#3659,.F.);
#3659 = EDGE_CURVE('',#3558,#3632,#3660,.T.);
#3660 = SURFACE_CURVE('',#3661,(#3665,#3672),.PCURVE_S1.);
#3661 = LINE('',#3662,#3663);
#3662 = CARTESIAN_POINT('',(43.637479200264,27.67869970973,8.));
#3663 = VECTOR('',#3664,1.);
#3664 = DIRECTION('',(-0.965925826289,-0.258819045103,2.873468630843E-17
    ));
#3665 = PCURVE('',#938,#3666);
#3666 = DEFINITIONAL_REPRESENTATION('',(#3667),#3671);
#3667 = LINE('',#3668,#3669);
#3668 = CARTESIAN_POINT('',(-1.056326692256,-13.09649230526));
#3669 = VECTOR('',#3670,1.);
#3670 = DIRECTION('',(0.258819045103,-0.965925826289));
#3671 = ( GEOMETRIC_REPRESENTATION_CONTEXT(2) 
PARAMETRIC_REPRESENTATION_CONTEXT() REPRESENTATION_CONTEXT('2D SPACE',''
  ) );
#3672 = PCURVE('',#71,#3673);
#3673 = DEFINITIONAL_REPRESENTATION('',(#3674),#3678);
#3674 = LINE('',#3675,#3676);
#3675 = CARTESIAN_POINT('',(12.376842685646,-20.));
#3676 = VECTOR('',#3677,1.);
#3677 = DIRECTION('',(-1.,0.));
#3678 = ( GEOMETRIC_REPRESENTATION_CONTEXT(2) 
PARAMETRIC_REPRESENTATION_CONTEXT() REPRESENTATION_CONTEXT('2D SPACE',''
  ) );
#3679 = ADVANCED_FACE('',(#3680),#3647,.T.);
#3680 = FACE_BOUND('',#3681,.T.);
#3681 = EDGE_LOOP('',(#3682,#3712,#3733,#3734,#3757));
#3682 = ORIENTED_EDGE('',*,*,#3683,.F.);
#3683 = EDGE_CURVE('',#3684,#3686,#3688,.T.);
#3684 = VERTEX_POINT('',#3685);
#3685 = CARTESIAN_POINT('',(41.682367202281,31.930746135935,14.));
#3686 = VERTEX_POINT('',#3687);
#3687 = CARTESIAN_POINT('',(41.682367202281,30.86764194986,14.));
#3688 = SURFACE_CURVE('',#3689,(#3693,#3700),.PCURVE_S1.);
#3689 = LINE('',#3690,#3691);
#3690 = CARTESIAN_POINT('',(41.682367202281,31.930746135935,14.));
#3691 = VECTOR('',#3692,1.);
#3692 = DIRECTION('',(0.,-1.,1.110223024625E-16));
#3693 = PCURVE('',#3647,#3694);
#3694 = DEFINITIONAL_REPRESENTATION('',(#3695),#3699);
#3695 = LINE('',#3696,#3697);
#3696 = CARTESIAN_POINT('',(3.330669073875E-16,3.));
#3697 = VECTOR('',#3698,1.);
#3698 = DIRECTION('',(1.,0.));
#3699 = ( GEOMETRIC_REPRESENTATION_CONTEXT(2) 
PARAMETRIC_REPRESENTATION_CONTEXT() REPRESENTATION_CONTEXT('2D SPACE',''
  ) );
#3700 = PCURVE('',#3701,#3706);
#3701 = PLANE('',#3702);
#3702 = AXIS2_PLACEMENT_3D('',#3703,#3704,#3705);
#3703 = CARTESIAN_POINT('',(56.73397150553,26.622373017474,14.));
#3704 = DIRECTION('',(0.,1.110223024625E-16,1.));
#3705 = DIRECTION('',(0.,-1.,1.110223024625E-16));
#3706 = DEFINITIONAL_REPRESENTATION('',(#3707),#3711);
#3707 = LINE('',#3708,#3709);
#3708 = CARTESIAN_POINT('',(-5.308373118461,-15.05160430324));
#3709 = VECTOR('',#3710,1.);
#3710 = DIRECTION('',(1.,0.));
#3711 = ( GEOMETRIC_REPRESENTATION_CONTEXT(2) 
PARAMETRIC_REPRESENTATION_CONTEXT() REPRESENTATION_CONTEXT('2D SPACE',''
  ) );
#3712 = ORIENTED_EDGE('',*,*,#3713,.T.);
#3713 = EDGE_CURVE('',#3684,#3609,#3714,.T.);
#3714 = SURFACE_CURVE('',#3715,(#3719,#3726),.PCURVE_S1.);
#3715 = LINE('',#3716,#3717);
#3716 = CARTESIAN_POINT('',(41.682367202281,31.930746135935,14.));
#3717 = VECTOR('',#3718,1.);
#3718 = DIRECTION('',(0.,-1.110223024625E-16,-1.));
#3719 = PCURVE('',#3647,#3720);
#3720 = DEFINITIONAL_REPRESENTATION('',(#3721),#3725);
#3721 = LINE('',#3722,#3723);
#3722 = CARTESIAN_POINT('',(3.330669073875E-16,3.));
#3723 = VECTOR('',#3724,1.);
#3724 = DIRECTION('',(0.,-1.));
#3725 = ( GEOMETRIC_REPRESENTATION_CONTEXT(2) 
PARAMETRIC_REPRESENTATION_CONTEXT() REPRESENTATION_CONTEXT('2D SPACE',''
  ) );
#3726 = PCURVE('',#699,#3727);
#3727 = DEFINITIONAL_REPRESENTATION('',(#3728),#3732);
#3728 = LINE('',#3729,#3730);
#3729 = CARTESIAN_POINT('',(32.,-31.));
#3730 = VECTOR('',#3731,1.);
#3731 = DIRECTION('',(-0.,-1.));
#3732 = ( GEOMETRIC_REPRESENTATION_CONTEXT(2) 
PARAMETRIC_REPRESENTATION_CONTEXT() REPRESENTATION_CONTEXT('2D SPACE',''
  ) );
#3733 = ORIENTED_EDGE('',*,*,#3631,.T.);
#3734 = ORIENTED_EDGE('',*,*,#3735,.F.);
#3735 = EDGE_CURVE('',#3736,#3632,#3738,.T.);
#3736 = VERTEX_POINT('',#3737);
#3737 = CARTESIAN_POINT('',(41.682367202281,27.154829028758,
    13.275180034121));
#3738 = SURFACE_CURVE('',#3739,(#3743,#3750),.PCURVE_S1.);
#3739 = LINE('',#3740,#3741);
#3740 = CARTESIAN_POINT('',(41.682367202281,27.154829028758,19.5));
#3741 = VECTOR('',#3742,1.);
#3742 = DIRECTION('',(0.,-1.110223024625E-16,-1.));
#3743 = PCURVE('',#3647,#3744);
#3744 = DEFINITIONAL_REPRESENTATION('',(#3745),#3749);
#3745 = LINE('',#3746,#3747);
#3746 = CARTESIAN_POINT('',(4.775917107177,8.5));
#3747 = VECTOR('',#3748,1.);
#3748 = DIRECTION('',(0.,-1.));
#3749 = ( GEOMETRIC_REPRESENTATION_CONTEXT(2) 
PARAMETRIC_REPRESENTATION_CONTEXT() REPRESENTATION_CONTEXT('2D SPACE',''
  ) );
#3750 = PCURVE('',#71,#3751);
#3751 = DEFINITIONAL_REPRESENTATION('',(#3752),#3756);
#3752 = LINE('',#3753,#3754);
#3753 = CARTESIAN_POINT('',(10.352761804101,-8.5));
#3754 = VECTOR('',#3755,1.);
#3755 = DIRECTION('',(0.,-1.));
#3756 = ( GEOMETRIC_REPRESENTATION_CONTEXT(2) 
PARAMETRIC_REPRESENTATION_CONTEXT() REPRESENTATION_CONTEXT('2D SPACE',''
  ) );
#3757 = ORIENTED_EDGE('',*,*,#3758,.F.);
#3758 = EDGE_CURVE('',#3686,#3736,#3759,.T.);
#3759 = SURFACE_CURVE('',#3760,(#3765,#3772),.PCURVE_S1.);
#3760 = ELLIPSE('',#3761,69.546659492813,18.);
#3761 = AXIS2_PLACEMENT_3D('',#3762,#3763,#3764);
#3762 = CARTESIAN_POINT('',(41.682367202281,-12.84517097124,28.));
#3763 = DIRECTION('',(-1.,0.,-0.));
#3764 = DIRECTION('',(0.,1.,-1.110223024625E-16));
#3765 = PCURVE('',#3647,#3766);
#3766 = DEFINITIONAL_REPRESENTATION('',(#3767),#3771);
#3767 = ELLIPSE('',#3768,69.546659492813,18.);
#3768 = AXIS2_PLACEMENT_2D('',#3769,#3770);
#3769 = CARTESIAN_POINT('',(44.775917107177,17.));
#3770 = DIRECTION('',(-1.,0.));
#3771 = ( GEOMETRIC_REPRESENTATION_CONTEXT(2) 
PARAMETRIC_REPRESENTATION_CONTEXT() REPRESENTATION_CONTEXT('2D SPACE',''
  ) );
#3772 = PCURVE('',#3773,#3778);
#3773 = CYLINDRICAL_SURFACE('',#3774,18.);
#3774 = AXIS2_PLACEMENT_3D('',#3775,#3776,#3777);
#3775 = CARTESIAN_POINT('',(22.623700623693,58.282741024564,28.));
#3776 = DIRECTION('',(-0.258819045103,0.965925826289,-1.072393092426E-16
    ));
#3777 = DIRECTION('',(0.965925826289,0.258819045103,-2.873468630843E-17)
  );
#3778 = DEFINITIONAL_REPRESENTATION('',(#3779),#3786);
#3779 = B_SPLINE_CURVE_WITH_KNOTS('',5,(#3780,#3781,#3782,#3783,#3784,
    #3785),.UNSPECIFIED.,.F.,.F.,(6,6),(0.862299910024,0.966374757395),
  .PIECEWISE_BEZIER_KNOTS.);
#3780 = CARTESIAN_POINT('',(-11.70407070433,-29.92550015415));
#3781 = CARTESIAN_POINT('',(-11.68325573486,-30.98727575381));
#3782 = CARTESIAN_POINT('',(-11.66244076538,-32.07272458672));
#3783 = CARTESIAN_POINT('',(-11.64162579591,-33.18088827167));
#3784 = CARTESIAN_POINT('',(-11.62081082643,-34.31076564364));
#3785 = CARTESIAN_POINT('',(-11.59999585696,-35.4613181678));
#3786 = ( GEOMETRIC_REPRESENTATION_CONTEXT(2) 
PARAMETRIC_REPRESENTATION_CONTEXT() REPRESENTATION_CONTEXT('2D SPACE',''
  ) );
#3787 = ADVANCED_FACE('',(#3788),#3773,.F.);
#3788 = FACE_BOUND('',#3789,.T.);
#3789 = EDGE_LOOP('',(#3790,#3818,#3846,#3875,#3903,#3936,#3957));
#3790 = ORIENTED_EDGE('',*,*,#3791,.T.);
#3791 = EDGE_CURVE('',#3736,#3792,#3794,.T.);
#3792 = VERTEX_POINT('',#3793);
#3793 = CARTESIAN_POINT('',(19.778763765208,21.285776176463,
    14.880132382544));
#3794 = SURFACE_CURVE('',#3795,(#3800,#3807),.PCURVE_S1.);
#3795 = CIRCLE('',#3796,18.);
#3796 = AXIS2_PLACEMENT_3D('',#3797,#3798,#3799);
#3797 = CARTESIAN_POINT('',(31.682367202281,24.475337104447,28.));
#3798 = DIRECTION('',(-0.258819045103,0.965925826289,-1.072393092426E-16
    ));
#3799 = DIRECTION('',(0.965925826289,0.258819045103,-2.873468630843E-17)
  );
#3800 = PCURVE('',#3773,#3801);
#3801 = DEFINITIONAL_REPRESENTATION('',(#3802),#3806);
#3802 = LINE('',#3803,#3804);
#3803 = CARTESIAN_POINT('',(-12.56637061435,-35.));
#3804 = VECTOR('',#3805,1.);
#3805 = DIRECTION('',(1.,-0.));
#3806 = ( GEOMETRIC_REPRESENTATION_CONTEXT(2) 
PARAMETRIC_REPRESENTATION_CONTEXT() REPRESENTATION_CONTEXT('2D SPACE',''
  ) );
#3807 = PCURVE('',#71,#3808);
#3808 = DEFINITIONAL_REPRESENTATION('',(#3809),#3817);
#3809 = ( BOUNDED_CURVE() B_SPLINE_CURVE(2,(#3810,#3811,#3812,#3813,
#3814,#3815,#3816),.UNSPECIFIED.,.T.,.F.) B_SPLINE_CURVE_WITH_KNOTS((1,2
    ,2,2,2,1),(-2.094395102393,0.,2.094395102393,4.188790204786,
6.28318530718,8.377580409573),.UNSPECIFIED.) CURVE() 
GEOMETRIC_REPRESENTATION_ITEM() RATIONAL_B_SPLINE_CURVE((1.,0.5,1.,0.5,
1.,0.5,1.)) REPRESENTATION_ITEM('') );
#3810 = CARTESIAN_POINT('',(18.,-3.552713678801E-15));
#3811 = CARTESIAN_POINT('',(18.,-31.17691453624));
#3812 = CARTESIAN_POINT('',(-9.,-15.58845726812));
#3813 = CARTESIAN_POINT('',(-36.,-7.961442155731E-15));
#3814 = CARTESIAN_POINT('',(-9.,15.58845726812));
#3815 = CARTESIAN_POINT('',(18.,31.17691453624));
#3816 = CARTESIAN_POINT('',(18.,-3.552713678801E-15));
#3817 = ( GEOMETRIC_REPRESENTATION_CONTEXT(2) 
PARAMETRIC_REPRESENTATION_CONTEXT() REPRESENTATION_CONTEXT('2D SPACE',''
  ) );
#3818 = ORIENTED_EDGE('',*,*,#3819,.F.);
#3819 = EDGE_CURVE('',#3820,#3792,#3822,.T.);
#3820 = VERTEX_POINT('',#3821);
#3821 = CARTESIAN_POINT('',(20.503457091495,18.581183862853,
    14.880132382544));
#3822 = SURFACE_CURVE('',#3823,(#3827,#3834),.PCURVE_S1.);
#3823 = LINE('',#3824,#3825);
#3824 = CARTESIAN_POINT('',(10.72009718662,55.09318009658,
    14.880132382544));
#3825 = VECTOR('',#3826,1.);
#3826 = DIRECTION('',(-0.258819045103,0.965925826289,-1.072393092426E-16
    ));
#3827 = PCURVE('',#3773,#3828);
#3828 = DEFINITIONAL_REPRESENTATION('',(#3829),#3833);
#3829 = LINE('',#3830,#3831);
#3830 = CARTESIAN_POINT('',(-10.24146483196,8.881784197001E-16));
#3831 = VECTOR('',#3832,1.);
#3832 = DIRECTION('',(-0.,1.));
#3833 = ( GEOMETRIC_REPRESENTATION_CONTEXT(2) 
PARAMETRIC_REPRESENTATION_CONTEXT() REPRESENTATION_CONTEXT('2D SPACE',''
  ) );
#3834 = PCURVE('',#3835,#3840);
#3835 = CYLINDRICAL_SURFACE('',#3836,2.65);
#3836 = AXIS2_PLACEMENT_3D('',#3837,#3838,#3839);
#3837 = CARTESIAN_POINT('',(8.231405811986,54.426337252537,15.5));
#3838 = DIRECTION('',(-0.258819045103,0.965925826289,-1.072393092426E-16
    ));
#3839 = DIRECTION('',(0.965925826289,0.258819045103,-2.873468630843E-17)
  );
#3840 = DEFINITIONAL_REPRESENTATION('',(#3841),#3845);
#3841 = LINE('',#3842,#3843);
#3842 = CARTESIAN_POINT('',(-6.047085617517,3.663735981263E-15));
#3843 = VECTOR('',#3844,1.);
#3844 = DIRECTION('',(-0.,1.));
#3845 = ( GEOMETRIC_REPRESENTATION_CONTEXT(2) 
PARAMETRIC_REPRESENTATION_CONTEXT() REPRESENTATION_CONTEXT('2D SPACE',''
  ) );
#3846 = ORIENTED_EDGE('',*,*,#3847,.T.);
#3847 = EDGE_CURVE('',#3820,#3848,#3850,.T.);
#3848 = VERTEX_POINT('',#3849);
#3849 = CARTESIAN_POINT('',(44.310663965641,24.960305718821,
    14.880132382543));
#3850 = SURFACE_CURVE('',#3851,(#3856,#3863),.PCURVE_S1.);
#3851 = CIRCLE('',#3852,18.);
#3852 = AXIS2_PLACEMENT_3D('',#3853,#3854,#3855);
#3853 = CARTESIAN_POINT('',(32.407060528568,21.770744790837,28.));
#3854 = DIRECTION('',(0.258819045103,-0.965925826289,5.551115123126E-17)
  );
#3855 = DIRECTION('',(0.80829265409,0.216581363911,-0.54749931338));
#3856 = PCURVE('',#3773,#3857);
#3857 = DEFINITIONAL_REPRESENTATION('',(#3858),#3862);
#3858 = LINE('',#3859,#3860);
#3859 = CARTESIAN_POINT('',(-5.703812371284,-37.8));
#3860 = VECTOR('',#3861,1.);
#3861 = DIRECTION('',(-1.,0.));
#3862 = ( GEOMETRIC_REPRESENTATION_CONTEXT(2) 
PARAMETRIC_REPRESENTATION_CONTEXT() REPRESENTATION_CONTEXT('2D SPACE',''
  ) );
#3863 = PCURVE('',#3864,#3869);
#3864 = PLANE('',#3865);
#3865 = AXIS2_PLACEMENT_3D('',#3866,#3867,#3868);
#3866 = CARTESIAN_POINT('',(32.407060528568,21.770744790837,28.));
#3867 = DIRECTION('',(0.258819045103,-0.965925826289,1.072393092426E-16)
  );
#3868 = DIRECTION('',(0.965925826289,0.258819045103,-2.873468630843E-17)
  );
#3869 = DEFINITIONAL_REPRESENTATION('',(#3870),#3874);
#3870 = CIRCLE('',#3871,18.);
#3871 = AXIS2_PLACEMENT_2D('',#3872,#3873);
#3872 = CARTESIAN_POINT('',(0.,0.));
#3873 = DIRECTION('',(0.836806131579,-0.54749931338));
#3874 = ( GEOMETRIC_REPRESENTATION_CONTEXT(2) 
PARAMETRIC_REPRESENTATION_CONTEXT() REPRESENTATION_CONTEXT('2D SPACE',''
  ) );
#3875 = ORIENTED_EDGE('',*,*,#3876,.T.);
#3876 = EDGE_CURVE('',#3848,#3877,#3879,.T.);
#3877 = VERTEX_POINT('',#3878);
#3878 = CARTESIAN_POINT('',(43.585970639355,27.664898032431,
    14.880132382544));
#3879 = SURFACE_CURVE('',#3880,(#3884,#3891),.PCURVE_S1.);
#3880 = LINE('',#3881,#3882);
#3881 = CARTESIAN_POINT('',(34.527304060766,61.472301952548,
    14.880132382544));
#3882 = VECTOR('',#3883,1.);
#3883 = DIRECTION('',(-0.258819045103,0.965925826289,-1.072393092426E-16
    ));
#3884 = PCURVE('',#3773,#3885);
#3885 = DEFINITIONAL_REPRESENTATION('',(#3886),#3890);
#3886 = LINE('',#3887,#3888);
#3887 = CARTESIAN_POINT('',(-11.74968374316,-1.7763568394E-15));
#3888 = VECTOR('',#3889,1.);
#3889 = DIRECTION('',(-0.,1.));
#3890 = ( GEOMETRIC_REPRESENTATION_CONTEXT(2) 
PARAMETRIC_REPRESENTATION_CONTEXT() REPRESENTATION_CONTEXT('2D SPACE',''
  ) );
#3891 = PCURVE('',#3892,#3897);
#3892 = CYLINDRICAL_SURFACE('',#3893,2.65);
#3893 = AXIS2_PLACEMENT_3D('',#3894,#3895,#3896);
#3894 = CARTESIAN_POINT('',(37.0159954354,62.139144796592,15.5));
#3895 = DIRECTION('',(-0.258819045103,0.965925826289,-1.072393092426E-16
    ));
#3896 = DIRECTION('',(0.965925826289,0.258819045103,-2.873468630843E-17)
  );
#3897 = DEFINITIONAL_REPRESENTATION('',(#3898),#3902);
#3898 = LINE('',#3899,#3900);
#3899 = CARTESIAN_POINT('',(-3.377692343252,-3.219646771413E-15));
#3900 = VECTOR('',#3901,1.);
#3901 = DIRECTION('',(-0.,1.));
#3902 = ( GEOMETRIC_REPRESENTATION_CONTEXT(2) 
PARAMETRIC_REPRESENTATION_CONTEXT() REPRESENTATION_CONTEXT('2D SPACE',''
  ) );
#3903 = ORIENTED_EDGE('',*,*,#3904,.T.);
#3904 = EDGE_CURVE('',#3877,#3905,#3907,.T.);
#3905 = VERTEX_POINT('',#3906);
#3906 = CARTESIAN_POINT('',(42.610570432557,27.403540334722,14.));
#3907 = SURFACE_CURVE('',#3908,(#3913,#3920),.PCURVE_S1.);
#3908 = CIRCLE('',#3909,18.);
#3909 = AXIS2_PLACEMENT_3D('',#3910,#3911,#3912);
#3910 = CARTESIAN_POINT('',(31.682367202281,24.475337104447,28.));
#3911 = DIRECTION('',(-0.258819045103,0.965925826289,-1.072393092426E-16
    ));
#3912 = DIRECTION('',(0.965925826289,0.258819045103,-2.873468630843E-17)
  );
#3913 = PCURVE('',#3773,#3914);
#3914 = DEFINITIONAL_REPRESENTATION('',(#3915),#3919);
#3915 = LINE('',#3916,#3917);
#3916 = CARTESIAN_POINT('',(-12.56637061435,-35.));
#3917 = VECTOR('',#3918,1.);
#3918 = DIRECTION('',(1.,-0.));
#3919 = ( GEOMETRIC_REPRESENTATION_CONTEXT(2) 
PARAMETRIC_REPRESENTATION_CONTEXT() REPRESENTATION_CONTEXT('2D SPACE',''
  ) );
#3920 = PCURVE('',#3921,#3926);
#3921 = PLANE('',#3922);
#3922 = AXIS2_PLACEMENT_3D('',#3923,#3924,#3925);
#3923 = CARTESIAN_POINT('',(31.682367202281,24.475337104447,28.));
#3924 = DIRECTION('',(0.258819045103,-0.965925826289,1.072393092426E-16)
  );
#3925 = DIRECTION('',(0.965925826289,0.258819045103,-2.873468630843E-17)
  );
#3926 = DEFINITIONAL_REPRESENTATION('',(#3927),#3935);
#3927 = ( BOUNDED_CURVE() B_SPLINE_CURVE(2,(#3928,#3929,#3930,#3931,
#3932,#3933,#3934),.UNSPECIFIED.,.T.,.F.) B_SPLINE_CURVE_WITH_KNOTS((1,2
    ,2,2,2,1),(-2.094395102393,0.,2.094395102393,4.188790204786,
6.28318530718,8.377580409573),.UNSPECIFIED.) CURVE() 
GEOMETRIC_REPRESENTATION_ITEM() RATIONAL_B_SPLINE_CURVE((1.,0.5,1.,0.5,
1.,0.5,1.)) REPRESENTATION_ITEM('') );
#3928 = CARTESIAN_POINT('',(18.,-3.552713678801E-15));
#3929 = CARTESIAN_POINT('',(18.,-31.17691453624));
#3930 = CARTESIAN_POINT('',(-9.,-15.58845726812));
#3931 = CARTESIAN_POINT('',(-36.,-7.961442155731E-15));
#3932 = CARTESIAN_POINT('',(-9.,15.58845726812));
#3933 = CARTESIAN_POINT('',(18.,31.17691453624));
#3934 = CARTESIAN_POINT('',(18.,-3.552713678801E-15));
#3935 = ( GEOMETRIC_REPRESENTATION_CONTEXT(2) 
PARAMETRIC_REPRESENTATION_CONTEXT() REPRESENTATION_CONTEXT('2D SPACE',''
  ) );
#3936 = ORIENTED_EDGE('',*,*,#3937,.T.);
#3937 = EDGE_CURVE('',#3905,#3686,#3938,.T.);
#3938 = SURFACE_CURVE('',#3939,(#3943,#3950),.PCURVE_S1.);
#3939 = LINE('',#3940,#3941);
#3940 = CARTESIAN_POINT('',(33.551903853969,61.21094425484,14.));
#3941 = VECTOR('',#3942,1.);
#3942 = DIRECTION('',(-0.258819045103,0.965925826289,-1.072393092426E-16
    ));
#3943 = PCURVE('',#3773,#3944);
#3944 = DEFINITIONAL_REPRESENTATION('',(#3945),#3949);
#3945 = LINE('',#3946,#3947);
#3946 = CARTESIAN_POINT('',(-11.67524810647,4.440892098501E-16));
#3947 = VECTOR('',#3948,1.);
#3948 = DIRECTION('',(-0.,1.));
#3949 = ( GEOMETRIC_REPRESENTATION_CONTEXT(2) 
PARAMETRIC_REPRESENTATION_CONTEXT() REPRESENTATION_CONTEXT('2D SPACE',''
  ) );
#3950 = PCURVE('',#3701,#3951);
#3951 = DEFINITIONAL_REPRESENTATION('',(#3952),#3956);
#3952 = LINE('',#3953,#3954);
#3953 = CARTESIAN_POINT('',(-34.58857123736,-23.18206765156));
#3954 = VECTOR('',#3955,1.);
#3955 = DIRECTION('',(-0.965925826289,-0.258819045103));
#3956 = ( GEOMETRIC_REPRESENTATION_CONTEXT(2) 
PARAMETRIC_REPRESENTATION_CONTEXT() REPRESENTATION_CONTEXT('2D SPACE',''
  ) );
#3957 = ORIENTED_EDGE('',*,*,#3758,.T.);
#3958 = ADVANCED_FACE('',(#3959),#3835,.F.);
#3959 = FACE_BOUND('',#3960,.T.);
#3960 = EDGE_LOOP('',(#3961,#3991,#4013,#4014));
#3961 = ORIENTED_EDGE('',*,*,#3962,.F.);
#3962 = EDGE_CURVE('',#3963,#3965,#3967,.T.);
#3963 = VERTEX_POINT('',#3964);
#3964 = CARTESIAN_POINT('',(17.857792754955,17.872280240434,
    18.145012359168));
#3965 = VERTEX_POINT('',#3966);
#3966 = CARTESIAN_POINT('',(17.133099428668,20.576872554043,
    18.145012359168));
#3967 = SURFACE_CURVE('',#3968,(#3972,#3979),.PCURVE_S1.);
#3968 = LINE('',#3969,#3970);
#3969 = CARTESIAN_POINT('',(8.07443285008,54.38427647416,18.145012359168
    ));
#3970 = VECTOR('',#3971,1.);
#3971 = DIRECTION('',(-0.258819045103,0.965925826289,-1.072393092426E-16
    ));
#3972 = PCURVE('',#3835,#3973);
#3973 = DEFINITIONAL_REPRESENTATION('',(#3974),#3978);
#3974 = LINE('',#3975,#3976);
#3975 = CARTESIAN_POINT('',(-1.632159496752,4.19109191796E-15));
#3976 = VECTOR('',#3977,1.);
#3977 = DIRECTION('',(-0.,1.));
#3978 = ( GEOMETRIC_REPRESENTATION_CONTEXT(2) 
PARAMETRIC_REPRESENTATION_CONTEXT() REPRESENTATION_CONTEXT('2D SPACE',''
  ) );
#3979 = PCURVE('',#3980,#3985);
#3980 = CYLINDRICAL_SURFACE('',#3981,18.);
#3981 = AXIS2_PLACEMENT_3D('',#3982,#3983,#3984);
#3982 = CARTESIAN_POINT('',(22.623700623693,58.282741024564,28.));
#3983 = DIRECTION('',(-0.258819045103,0.965925826289,-1.072393092426E-16
    ));
#3984 = DIRECTION('',(0.965925826289,0.258819045103,-2.873468630843E-17)
  );
#3985 = DEFINITIONAL_REPRESENTATION('',(#3986),#3990);
#3986 = LINE('',#3987,#3988);
#3987 = CARTESIAN_POINT('',(-10.00415089666,8.881784197001E-16));
#3988 = VECTOR('',#3989,1.);
#3989 = DIRECTION('',(-0.,1.));
#3990 = ( GEOMETRIC_REPRESENTATION_CONTEXT(2) 
PARAMETRIC_REPRESENTATION_CONTEXT() REPRESENTATION_CONTEXT('2D SPACE',''
  ) );
#3991 = ORIENTED_EDGE('',*,*,#3992,.T.);
#3992 = EDGE_CURVE('',#3963,#3820,#3993,.T.);
#3993 = SURFACE_CURVE('',#3994,(#3999,#4006),.PCURVE_S1.);
#3994 = CIRCLE('',#3995,2.65);
#3995 = AXIS2_PLACEMENT_3D('',#3996,#3997,#3998);
#3996 = CARTESIAN_POINT('',(18.014765716861,17.91434101881,15.5));
#3997 = DIRECTION('',(0.258819045103,-0.965925826289,1.072393092426E-16)
  );
#3998 = DIRECTION('',(0.965925826289,0.258819045103,-2.873468630843E-17)
  );
#3999 = PCURVE('',#3835,#4000);
#4000 = DEFINITIONAL_REPRESENTATION('',(#4001),#4005);
#4001 = LINE('',#4002,#4003);
#4002 = CARTESIAN_POINT('',(-0.,-37.8));
#4003 = VECTOR('',#4004,1.);
#4004 = DIRECTION('',(-1.,0.));
#4005 = ( GEOMETRIC_REPRESENTATION_CONTEXT(2) 
PARAMETRIC_REPRESENTATION_CONTEXT() REPRESENTATION_CONTEXT('2D SPACE',''
  ) );
#4006 = PCURVE('',#3864,#4007);
#4007 = DEFINITIONAL_REPRESENTATION('',(#4008),#4012);
#4008 = CIRCLE('',#4009,2.65);
#4009 = AXIS2_PLACEMENT_2D('',#4010,#4011);
#4010 = CARTESIAN_POINT('',(-14.9,-12.5));
#4011 = DIRECTION('',(1.,0.));
#4012 = ( GEOMETRIC_REPRESENTATION_CONTEXT(2) 
PARAMETRIC_REPRESENTATION_CONTEXT() REPRESENTATION_CONTEXT('2D SPACE',''
  ) );
#4013 = ORIENTED_EDGE('',*,*,#3819,.T.);
#4014 = ORIENTED_EDGE('',*,*,#4015,.T.);
#4015 = EDGE_CURVE('',#3792,#3965,#4016,.T.);
#4016 = SURFACE_CURVE('',#4017,(#4022,#4029),.PCURVE_S1.);
#4017 = CIRCLE('',#4018,2.65);
#4018 = AXIS2_PLACEMENT_3D('',#4019,#4020,#4021);
#4019 = CARTESIAN_POINT('',(17.290072390574,20.618933332419,15.5));
#4020 = DIRECTION('',(-0.258819045103,0.965925826289,-1.072393092426E-16
    ));
#4021 = DIRECTION('',(0.965925826289,0.258819045103,-2.873468630843E-17)
  );
#4022 = PCURVE('',#3835,#4023);
#4023 = DEFINITIONAL_REPRESENTATION('',(#4024),#4028);
#4024 = LINE('',#4025,#4026);
#4025 = CARTESIAN_POINT('',(-6.28318530718,-35.));
#4026 = VECTOR('',#4027,1.);
#4027 = DIRECTION('',(1.,-0.));
#4028 = ( GEOMETRIC_REPRESENTATION_CONTEXT(2) 
PARAMETRIC_REPRESENTATION_CONTEXT() REPRESENTATION_CONTEXT('2D SPACE',''
  ) );
#4029 = PCURVE('',#71,#4030);
#4030 = DEFINITIONAL_REPRESENTATION('',(#4031),#4039);
#4031 = ( BOUNDED_CURVE() B_SPLINE_CURVE(2,(#4032,#4033,#4034,#4035,
#4036,#4037,#4038),.UNSPECIFIED.,.T.,.F.) B_SPLINE_CURVE_WITH_KNOTS((1,2
    ,2,2,2,1),(-2.094395102393,0.,2.094395102393,4.188790204786,
6.28318530718,8.377580409573),.UNSPECIFIED.) CURVE() 
GEOMETRIC_REPRESENTATION_ITEM() RATIONAL_B_SPLINE_CURVE((1.,0.5,1.,0.5,
1.,0.5,1.)) REPRESENTATION_ITEM('') );
#4032 = CARTESIAN_POINT('',(-12.25,-12.5));
#4033 = CARTESIAN_POINT('',(-12.25,-17.08993464005));
#4034 = CARTESIAN_POINT('',(-16.225,-14.79496732002));
#4035 = CARTESIAN_POINT('',(-20.2,-12.5));
#4036 = CARTESIAN_POINT('',(-16.225,-10.20503267997));
#4037 = CARTESIAN_POINT('',(-12.25,-7.910065359942));
#4038 = CARTESIAN_POINT('',(-12.25,-12.5));
#4039 = ( GEOMETRIC_REPRESENTATION_CONTEXT(2) 
PARAMETRIC_REPRESENTATION_CONTEXT() REPRESENTATION_CONTEXT('2D SPACE',''
  ) );
#4040 = ADVANCED_FACE('',(#4041),#3980,.F.);
#4041 = FACE_BOUND('',#4042,.T.);
#4042 = EDGE_LOOP('',(#4043,#4071,#4099,#4121));
#4043 = ORIENTED_EDGE('',*,*,#4044,.T.);
#4044 = EDGE_CURVE('',#3965,#4045,#4047,.T.);
#4045 = VERTEX_POINT('',#4046);
#4046 = CARTESIAN_POINT('',(17.133099428668,20.576872554043,
    37.854987640832));
#4047 = SURFACE_CURVE('',#4048,(#4053,#4060),.PCURVE_S1.);
#4048 = CIRCLE('',#4049,18.);
#4049 = AXIS2_PLACEMENT_3D('',#4050,#4051,#4052);
#4050 = CARTESIAN_POINT('',(31.682367202281,24.475337104447,28.));
#4051 = DIRECTION('',(-0.258819045103,0.965925826289,-1.072393092426E-16
    ));
#4052 = DIRECTION('',(0.965925826289,0.258819045103,-2.873468630843E-17)
  );
#4053 = PCURVE('',#3980,#4054);
#4054 = DEFINITIONAL_REPRESENTATION('',(#4055),#4059);
#4055 = LINE('',#4056,#4057);
#4056 = CARTESIAN_POINT('',(-12.56637061435,-35.));
#4057 = VECTOR('',#4058,1.);
#4058 = DIRECTION('',(1.,-0.));
#4059 = ( GEOMETRIC_REPRESENTATION_CONTEXT(2) 
PARAMETRIC_REPRESENTATION_CONTEXT() REPRESENTATION_CONTEXT('2D SPACE',''
  ) );
#4060 = PCURVE('',#71,#4061);
#4061 = DEFINITIONAL_REPRESENTATION('',(#4062),#4070);
#4062 = ( BOUNDED_CURVE() B_SPLINE_CURVE(2,(#4063,#4064,#4065,#4066,
#4067,#4068,#4069),.UNSPECIFIED.,.T.,.F.) B_SPLINE_CURVE_WITH_KNOTS((1,2
    ,2,2,2,1),(-2.094395102393,0.,2.094395102393,4.188790204786,
6.28318530718,8.377580409573),.UNSPECIFIED.) CURVE() 
GEOMETRIC_REPRESENTATION_ITEM() RATIONAL_B_SPLINE_CURVE((1.,0.5,1.,0.5,
1.,0.5,1.)) REPRESENTATION_ITEM('') );
#4063 = CARTESIAN_POINT('',(18.,-3.552713678801E-15));
#4064 = CARTESIAN_POINT('',(18.,-31.17691453624));
#4065 = CARTESIAN_POINT('',(-9.,-15.58845726812));
#4066 = CARTESIAN_POINT('',(-36.,-7.961442155731E-15));
#4067 = CARTESIAN_POINT('',(-9.,15.58845726812));
#4068 = CARTESIAN_POINT('',(18.,31.17691453624));
#4069 = CARTESIAN_POINT('',(18.,-3.552713678801E-15));
#4070 = ( GEOMETRIC_REPRESENTATION_CONTEXT(2) 
PARAMETRIC_REPRESENTATION_CONTEXT() REPRESENTATION_CONTEXT('2D SPACE',''
  ) );
#4071 = ORIENTED_EDGE('',*,*,#4072,.F.);
#4072 = EDGE_CURVE('',#4073,#4045,#4075,.T.);
#4073 = VERTEX_POINT('',#4074);
#4074 = CARTESIAN_POINT('',(17.857792754956,17.872280240434,
    37.854987640832));
#4075 = SURFACE_CURVE('',#4076,(#4080,#4087),.PCURVE_S1.);
#4076 = LINE('',#4077,#4078);
#4077 = CARTESIAN_POINT('',(8.07443285008,54.38427647416,37.854987640832
    ));
#4078 = VECTOR('',#4079,1.);
#4079 = DIRECTION('',(-0.258819045103,0.965925826289,-1.072393092426E-16
    ));
#4080 = PCURVE('',#3980,#4081);
#4081 = DEFINITIONAL_REPRESENTATION('',(#4082),#4086);
#4082 = LINE('',#4083,#4084);
#4083 = CARTESIAN_POINT('',(-8.845405024874,8.881784197001E-16));
#4084 = VECTOR('',#4085,1.);
#4085 = DIRECTION('',(-0.,1.));
#4086 = ( GEOMETRIC_REPRESENTATION_CONTEXT(2) 
PARAMETRIC_REPRESENTATION_CONTEXT() REPRESENTATION_CONTEXT('2D SPACE',''
  ) );
#4087 = PCURVE('',#4088,#4093);
#4088 = CYLINDRICAL_SURFACE('',#4089,2.65);
#4089 = AXIS2_PLACEMENT_3D('',#4090,#4091,#4092);
#4090 = CARTESIAN_POINT('',(8.231405811986,54.426337252537,40.5));
#4091 = DIRECTION('',(-0.258819045103,0.965925826289,-1.072393092426E-16
    ));
#4092 = DIRECTION('',(0.965925826289,0.258819045103,-2.873468630843E-17)
  );
#4093 = DEFINITIONAL_REPRESENTATION('',(#4094),#4098);
#4094 = LINE('',#4095,#4096);
#4095 = CARTESIAN_POINT('',(-4.651025810427,4.19109191796E-15));
#4096 = VECTOR('',#4097,1.);
#4097 = DIRECTION('',(-0.,1.));
#4098 = ( GEOMETRIC_REPRESENTATION_CONTEXT(2) 
PARAMETRIC_REPRESENTATION_CONTEXT() REPRESENTATION_CONTEXT('2D SPACE',''
  ) );
#4099 = ORIENTED_EDGE('',*,*,#4100,.T.);
#4100 = EDGE_CURVE('',#4073,#3963,#4101,.T.);
#4101 = SURFACE_CURVE('',#4102,(#4107,#4114),.PCURVE_S1.);
#4102 = CIRCLE('',#4103,18.);
#4103 = AXIS2_PLACEMENT_3D('',#4104,#4105,#4106);
#4104 = CARTESIAN_POINT('',(32.407060528568,21.770744790837,28.));
#4105 = DIRECTION('',(0.258819045103,-0.965925826289,5.551115123126E-17)
  );
#4106 = DIRECTION('',(0.80829265409,0.216581363911,-0.54749931338));
#4107 = PCURVE('',#3980,#4108);
#4108 = DEFINITIONAL_REPRESENTATION('',(#4109),#4113);
#4109 = LINE('',#4110,#4111);
#4110 = CARTESIAN_POINT('',(-5.703812371284,-37.8));
#4111 = VECTOR('',#4112,1.);
#4112 = DIRECTION('',(-1.,0.));
#4113 = ( GEOMETRIC_REPRESENTATION_CONTEXT(2) 
PARAMETRIC_REPRESENTATION_CONTEXT() REPRESENTATION_CONTEXT('2D SPACE',''
  ) );
#4114 = PCURVE('',#3864,#4115);
#4115 = DEFINITIONAL_REPRESENTATION('',(#4116),#4120);
#4116 = CIRCLE('',#4117,18.);
#4117 = AXIS2_PLACEMENT_2D('',#4118,#4119);
#4118 = CARTESIAN_POINT('',(0.,0.));
#4119 = DIRECTION('',(0.836806131579,-0.54749931338));
#4120 = ( GEOMETRIC_REPRESENTATION_CONTEXT(2) 
PARAMETRIC_REPRESENTATION_CONTEXT() REPRESENTATION_CONTEXT('2D SPACE',''
  ) );
#4121 = ORIENTED_EDGE('',*,*,#3962,.T.);
#4122 = ADVANCED_FACE('',(#4123),#4088,.F.);
#4123 = FACE_BOUND('',#4124,.T.);
#4124 = EDGE_LOOP('',(#4125,#4155,#4177,#4178));
#4125 = ORIENTED_EDGE('',*,*,#4126,.F.);
#4126 = EDGE_CURVE('',#4127,#4129,#4131,.T.);
#4127 = VERTEX_POINT('',#4128);
#4128 = CARTESIAN_POINT('',(20.503457091495,18.581183862853,
    41.119867617456));
#4129 = VERTEX_POINT('',#4130);
#4130 = CARTESIAN_POINT('',(19.778763765208,21.285776176463,
    41.119867617456));
#4131 = SURFACE_CURVE('',#4132,(#4136,#4143),.PCURVE_S1.);
#4132 = LINE('',#4133,#4134);
#4133 = CARTESIAN_POINT('',(10.72009718662,55.09318009658,
    41.119867617456));
#4134 = VECTOR('',#4135,1.);
#4135 = DIRECTION('',(-0.258819045103,0.965925826289,-1.072393092426E-16
    ));
#4136 = PCURVE('',#4088,#4137);
#4137 = DEFINITIONAL_REPRESENTATION('',(#4138),#4142);
#4138 = LINE('',#4139,#4140);
#4139 = CARTESIAN_POINT('',(-0.236099689662,3.663735981263E-15));
#4140 = VECTOR('',#4141,1.);
#4141 = DIRECTION('',(-0.,1.));
#4142 = ( GEOMETRIC_REPRESENTATION_CONTEXT(2) 
PARAMETRIC_REPRESENTATION_CONTEXT() REPRESENTATION_CONTEXT('2D SPACE',''
  ) );
#4143 = PCURVE('',#4144,#4149);
#4144 = CYLINDRICAL_SURFACE('',#4145,18.);
#4145 = AXIS2_PLACEMENT_3D('',#4146,#4147,#4148);
#4146 = CARTESIAN_POINT('',(22.623700623693,58.282741024564,28.));
#4147 = DIRECTION('',(-0.258819045103,0.965925826289,-1.072393092426E-16
    ));
#4148 = DIRECTION('',(0.965925826289,0.258819045103,-2.873468630843E-17)
  );
#4149 = DEFINITIONAL_REPRESENTATION('',(#4150),#4154);
#4150 = LINE('',#4151,#4152);
#4151 = CARTESIAN_POINT('',(-8.608091089575,8.881784197001E-16));
#4152 = VECTOR('',#4153,1.);
#4153 = DIRECTION('',(-0.,1.));
#4154 = ( GEOMETRIC_REPRESENTATION_CONTEXT(2) 
PARAMETRIC_REPRESENTATION_CONTEXT() REPRESENTATION_CONTEXT('2D SPACE',''
  ) );
#4155 = ORIENTED_EDGE('',*,*,#4156,.T.);
#4156 = EDGE_CURVE('',#4127,#4073,#4157,.T.);
#4157 = SURFACE_CURVE('',#4158,(#4163,#4170),.PCURVE_S1.);
#4158 = CIRCLE('',#4159,2.65);
#4159 = AXIS2_PLACEMENT_3D('',#4160,#4161,#4162);
#4160 = CARTESIAN_POINT('',(18.014765716861,17.91434101881,40.5));
#4161 = DIRECTION('',(0.258819045103,-0.965925826289,1.072393092426E-16)
  );
#4162 = DIRECTION('',(0.965925826289,0.258819045103,-2.873468630843E-17)
  );
#4163 = PCURVE('',#4088,#4164);
#4164 = DEFINITIONAL_REPRESENTATION('',(#4165),#4169);
#4165 = LINE('',#4166,#4167);
#4166 = CARTESIAN_POINT('',(-0.,-37.8));
#4167 = VECTOR('',#4168,1.);
#4168 = DIRECTION('',(-1.,0.));
#4169 = ( GEOMETRIC_REPRESENTATION_CONTEXT(2) 
PARAMETRIC_REPRESENTATION_CONTEXT() REPRESENTATION_CONTEXT('2D SPACE',''
  ) );
#4170 = PCURVE('',#3864,#4171);
#4171 = DEFINITIONAL_REPRESENTATION('',(#4172),#4176);
#4172 = CIRCLE('',#4173,2.65);
#4173 = AXIS2_PLACEMENT_2D('',#4174,#4175);
#4174 = CARTESIAN_POINT('',(-14.9,12.5));
#4175 = DIRECTION('',(1.,0.));
#4176 = ( GEOMETRIC_REPRESENTATION_CONTEXT(2) 
PARAMETRIC_REPRESENTATION_CONTEXT() REPRESENTATION_CONTEXT('2D SPACE',''
  ) );
#4177 = ORIENTED_EDGE('',*,*,#4072,.T.);
#4178 = ORIENTED_EDGE('',*,*,#4179,.T.);
#4179 = EDGE_CURVE('',#4045,#4129,#4180,.T.);
#4180 = SURFACE_CURVE('',#4181,(#4186,#4193),.PCURVE_S1.);
#4181 = CIRCLE('',#4182,2.65);
#4182 = AXIS2_PLACEMENT_3D('',#4183,#4184,#4185);
#4183 = CARTESIAN_POINT('',(17.290072390574,20.618933332419,40.5));
#4184 = DIRECTION('',(-0.258819045103,0.965925826289,-1.072393092426E-16
    ));
#4185 = DIRECTION('',(0.965925826289,0.258819045103,-2.873468630843E-17)
  );
#4186 = PCURVE('',#4088,#4187);
#4187 = DEFINITIONAL_REPRESENTATION('',(#4188),#4192);
#4188 = LINE('',#4189,#4190);
#4189 = CARTESIAN_POINT('',(-6.28318530718,-35.));
#4190 = VECTOR('',#4191,1.);
#4191 = DIRECTION('',(1.,-0.));
#4192 = ( GEOMETRIC_REPRESENTATION_CONTEXT(2) 
PARAMETRIC_REPRESENTATION_CONTEXT() REPRESENTATION_CONTEXT('2D SPACE',''
  ) );
#4193 = PCURVE('',#71,#4194);
#4194 = DEFINITIONAL_REPRESENTATION('',(#4195),#4203);
#4195 = ( BOUNDED_CURVE() B_SPLINE_CURVE(2,(#4196,#4197,#4198,#4199,
#4200,#4201,#4202),.UNSPECIFIED.,.T.,.F.) B_SPLINE_CURVE_WITH_KNOTS((1,2
    ,2,2,2,1),(-2.094395102393,0.,2.094395102393,4.188790204786,
6.28318530718,8.377580409573),.UNSPECIFIED.) CURVE() 
GEOMETRIC_REPRESENTATION_ITEM() RATIONAL_B_SPLINE_CURVE((1.,0.5,1.,0.5,
1.,0.5,1.)) REPRESENTATION_ITEM('') );
#4196 = CARTESIAN_POINT('',(-12.25,12.5));
#4197 = CARTESIAN_POINT('',(-12.25,7.910065359942));
#4198 = CARTESIAN_POINT('',(-16.225,10.205032679971));
#4199 = CARTESIAN_POINT('',(-20.2,12.5));
#4200 = CARTESIAN_POINT('',(-16.225,14.794967320029));
#4201 = CARTESIAN_POINT('',(-12.25,17.089934640058));
#4202 = CARTESIAN_POINT('',(-12.25,12.5));
#4203 = ( GEOMETRIC_REPRESENTATION_CONTEXT(2) 
PARAMETRIC_REPRESENTATION_CONTEXT() REPRESENTATION_CONTEXT('2D SPACE',''
  ) );
#4204 = ADVANCED_FACE('',(#4205),#4144,.F.);
#4205 = FACE_BOUND('',#4206,.T.);
#4206 = EDGE_LOOP('',(#4207,#4237,#4270,#4298,#4320,#4321,#4349));
#4207 = ORIENTED_EDGE('',*,*,#4208,.F.);
#4208 = EDGE_CURVE('',#4209,#4211,#4213,.T.);
#4209 = VERTEX_POINT('',#4210);
#4210 = CARTESIAN_POINT('',(42.610570432557,27.403540334722,42.));
#4211 = VERTEX_POINT('',#4212);
#4212 = CARTESIAN_POINT('',(41.682367202281,30.86764194986,42.));
#4213 = SURFACE_CURVE('',#4214,(#4218,#4225),.PCURVE_S1.);
#4214 = LINE('',#4215,#4216);
#4215 = CARTESIAN_POINT('',(33.551903853969,61.21094425484,42.));
#4216 = VECTOR('',#4217,1.);
#4217 = DIRECTION('',(-0.258819045103,0.965925826289,-1.072393092426E-16
    ));
#4218 = PCURVE('',#4144,#4219);
#4219 = DEFINITIONAL_REPRESENTATION('',(#4220),#4224);
#4220 = LINE('',#4221,#4222);
#4221 = CARTESIAN_POINT('',(-7.174307815066,4.440892098501E-16));
#4222 = VECTOR('',#4223,1.);
#4223 = DIRECTION('',(-0.,1.));
#4224 = ( GEOMETRIC_REPRESENTATION_CONTEXT(2) 
PARAMETRIC_REPRESENTATION_CONTEXT() REPRESENTATION_CONTEXT('2D SPACE',''
  ) );
#4225 = PCURVE('',#4226,#4231);
#4226 = PLANE('',#4227);
#4227 = AXIS2_PLACEMENT_3D('',#4228,#4229,#4230);
#4228 = CARTESIAN_POINT('',(56.73397150553,26.622373017474,42.));
#4229 = DIRECTION('',(0.,1.110223024625E-16,1.));
#4230 = DIRECTION('',(0.,-1.,1.110223024625E-16));
#4231 = DEFINITIONAL_REPRESENTATION('',(#4232),#4236);
#4232 = LINE('',#4233,#4234);
#4233 = CARTESIAN_POINT('',(-34.58857123736,-23.18206765156));
#4234 = VECTOR('',#4235,1.);
#4235 = DIRECTION('',(-0.965925826289,-0.258819045103));
#4236 = ( GEOMETRIC_REPRESENTATION_CONTEXT(2) 
PARAMETRIC_REPRESENTATION_CONTEXT() REPRESENTATION_CONTEXT('2D SPACE',''
  ) );
#4237 = ORIENTED_EDGE('',*,*,#4238,.T.);
#4238 = EDGE_CURVE('',#4209,#4239,#4241,.T.);
#4239 = VERTEX_POINT('',#4240);
#4240 = CARTESIAN_POINT('',(43.585970639355,27.664898032431,
    41.119867617456));
#4241 = SURFACE_CURVE('',#4242,(#4247,#4254),.PCURVE_S1.);
#4242 = CIRCLE('',#4243,18.);
#4243 = AXIS2_PLACEMENT_3D('',#4244,#4245,#4246);
#4244 = CARTESIAN_POINT('',(31.682367202281,24.475337104447,28.));
#4245 = DIRECTION('',(-0.258819045103,0.965925826289,1.387778780781E-17)
  );
#4246 = DIRECTION('',(0.607122401682,0.162677957238,0.777777777778));
#4247 = PCURVE('',#4144,#4248);
#4248 = DEFINITIONAL_REPRESENTATION('',(#4249),#4253);
#4249 = LINE('',#4250,#4251);
#4250 = CARTESIAN_POINT('',(-7.174307815066,-35.));
#4251 = VECTOR('',#4252,1.);
#4252 = DIRECTION('',(1.,-0.));
#4253 = ( GEOMETRIC_REPRESENTATION_CONTEXT(2) 
PARAMETRIC_REPRESENTATION_CONTEXT() REPRESENTATION_CONTEXT('2D SPACE',''
  ) );
#4254 = PCURVE('',#4255,#4260);
#4255 = PLANE('',#4256);
#4256 = AXIS2_PLACEMENT_3D('',#4257,#4258,#4259);
#4257 = CARTESIAN_POINT('',(31.682367202281,24.475337104447,28.));
#4258 = DIRECTION('',(0.258819045103,-0.965925826289,1.072393092426E-16)
  );
#4259 = DIRECTION('',(0.965925826289,0.258819045103,-2.873468630843E-17)
  );
#4260 = DEFINITIONAL_REPRESENTATION('',(#4261),#4269);
#4261 = ( BOUNDED_CURVE() B_SPLINE_CURVE(2,(#4262,#4263,#4264,#4265,
#4266,#4267,#4268),.UNSPECIFIED.,.T.,.F.) B_SPLINE_CURVE_WITH_KNOTS((1,2
    ,2,2,2,1),(-2.094395102393,0.,2.094395102393,4.188790204786,
6.28318530718,8.377580409573),.UNSPECIFIED.) CURVE() 
GEOMETRIC_REPRESENTATION_ITEM() RATIONAL_B_SPLINE_CURVE((1.,0.5,1.,0.5,
1.,0.5,1.)) REPRESENTATION_ITEM('') );
#4262 = CARTESIAN_POINT('',(11.313708498985,14.));
#4263 = CARTESIAN_POINT('',(35.562419804949,-5.595917942265));
#4264 = CARTESIAN_POINT('',(6.46750140349,-16.79795897113));
#4265 = CARTESIAN_POINT('',(-22.62741699796,-28.));
#4266 = CARTESIAN_POINT('',(-17.78120990247,2.797958971133));
#4267 = CARTESIAN_POINT('',(-12.93500280698,33.595917942265));
#4268 = CARTESIAN_POINT('',(11.313708498985,14.));
#4269 = ( GEOMETRIC_REPRESENTATION_CONTEXT(2) 
PARAMETRIC_REPRESENTATION_CONTEXT() REPRESENTATION_CONTEXT('2D SPACE',''
  ) );
#4270 = ORIENTED_EDGE('',*,*,#4271,.F.);
#4271 = EDGE_CURVE('',#4272,#4239,#4274,.T.);
#4272 = VERTEX_POINT('',#4273);
#4273 = CARTESIAN_POINT('',(44.310663965642,24.960305718821,
    41.119867617456));
#4274 = SURFACE_CURVE('',#4275,(#4279,#4286),.PCURVE_S1.);
#4275 = LINE('',#4276,#4277);
#4276 = CARTESIAN_POINT('',(34.527304060766,61.472301952548,
    41.119867617456));
#4277 = VECTOR('',#4278,1.);
#4278 = DIRECTION('',(-0.258819045103,0.965925826289,-1.072393092426E-16
    ));
#4279 = PCURVE('',#4144,#4280);
#4280 = DEFINITIONAL_REPRESENTATION('',(#4281),#4285);
#4281 = LINE('',#4282,#4283);
#4282 = CARTESIAN_POINT('',(-7.099872178374,-1.7763568394E-15));
#4283 = VECTOR('',#4284,1.);
#4284 = DIRECTION('',(-0.,1.));
#4285 = ( GEOMETRIC_REPRESENTATION_CONTEXT(2) 
PARAMETRIC_REPRESENTATION_CONTEXT() REPRESENTATION_CONTEXT('2D SPACE',''
  ) );
#4286 = PCURVE('',#4287,#4292);
#4287 = CYLINDRICAL_SURFACE('',#4288,2.65);
#4288 = AXIS2_PLACEMENT_3D('',#4289,#4290,#4291);
#4289 = CARTESIAN_POINT('',(37.0159954354,62.139144796592,40.5));
#4290 = DIRECTION('',(-0.258819045103,0.965925826289,-1.072393092426E-16
    ));
#4291 = DIRECTION('',(0.965925826289,0.258819045103,-2.873468630843E-17)
  );
#4292 = DEFINITIONAL_REPRESENTATION('',(#4293),#4297);
#4293 = LINE('',#4294,#4295);
#4294 = CARTESIAN_POINT('',(-9.188678271107,-3.219646771413E-15));
#4295 = VECTOR('',#4296,1.);
#4296 = DIRECTION('',(-0.,1.));
#4297 = ( GEOMETRIC_REPRESENTATION_CONTEXT(2) 
PARAMETRIC_REPRESENTATION_CONTEXT() REPRESENTATION_CONTEXT('2D SPACE',''
  ) );
#4298 = ORIENTED_EDGE('',*,*,#4299,.T.);
#4299 = EDGE_CURVE('',#4272,#4127,#4300,.T.);
#4300 = SURFACE_CURVE('',#4301,(#4306,#4313),.PCURVE_S1.);
#4301 = CIRCLE('',#4302,18.);
#4302 = AXIS2_PLACEMENT_3D('',#4303,#4304,#4305);
#4303 = CARTESIAN_POINT('',(32.407060528568,21.770744790837,28.));
#4304 = DIRECTION('',(0.258819045103,-0.965925826289,5.551115123126E-17)
  );
#4305 = DIRECTION('',(0.80829265409,0.216581363911,-0.54749931338));
#4306 = PCURVE('',#4144,#4307);
#4307 = DEFINITIONAL_REPRESENTATION('',(#4308),#4312);
#4308 = LINE('',#4309,#4310);
#4309 = CARTESIAN_POINT('',(-5.703812371284,-37.8));
#4310 = VECTOR('',#4311,1.);
#4311 = DIRECTION('',(-1.,0.));
#4312 = ( GEOMETRIC_REPRESENTATION_CONTEXT(2) 
PARAMETRIC_REPRESENTATION_CONTEXT() REPRESENTATION_CONTEXT('2D SPACE',''
  ) );
#4313 = PCURVE('',#3864,#4314);
#4314 = DEFINITIONAL_REPRESENTATION('',(#4315),#4319);
#4315 = CIRCLE('',#4316,18.);
#4316 = AXIS2_PLACEMENT_2D('',#4317,#4318);
#4317 = CARTESIAN_POINT('',(0.,0.));
#4318 = DIRECTION('',(0.836806131579,-0.54749931338));
#4319 = ( GEOMETRIC_REPRESENTATION_CONTEXT(2) 
PARAMETRIC_REPRESENTATION_CONTEXT() REPRESENTATION_CONTEXT('2D SPACE',''
  ) );
#4320 = ORIENTED_EDGE('',*,*,#4126,.T.);
#4321 = ORIENTED_EDGE('',*,*,#4322,.T.);
#4322 = EDGE_CURVE('',#4129,#4323,#4325,.T.);
#4323 = VERTEX_POINT('',#4324);
#4324 = CARTESIAN_POINT('',(41.682367202281,27.154829028758,
    42.724819965879));
#4325 = SURFACE_CURVE('',#4326,(#4331,#4338),.PCURVE_S1.);
#4326 = CIRCLE('',#4327,18.);
#4327 = AXIS2_PLACEMENT_3D('',#4328,#4329,#4330);
#4328 = CARTESIAN_POINT('',(31.682367202281,24.475337104447,28.));
#4329 = DIRECTION('',(-0.258819045103,0.965925826289,-1.072393092426E-16
    ));
#4330 = DIRECTION('',(0.965925826289,0.258819045103,-2.873468630843E-17)
  );
#4331 = PCURVE('',#4144,#4332);
#4332 = DEFINITIONAL_REPRESENTATION('',(#4333),#4337);
#4333 = LINE('',#4334,#4335);
#4334 = CARTESIAN_POINT('',(-12.56637061435,-35.));
#4335 = VECTOR('',#4336,1.);
#4336 = DIRECTION('',(1.,-0.));
#4337 = ( GEOMETRIC_REPRESENTATION_CONTEXT(2) 
PARAMETRIC_REPRESENTATION_CONTEXT() REPRESENTATION_CONTEXT('2D SPACE',''
  ) );
#4338 = PCURVE('',#71,#4339);
#4339 = DEFINITIONAL_REPRESENTATION('',(#4340),#4348);
#4340 = ( BOUNDED_CURVE() B_SPLINE_CURVE(2,(#4341,#4342,#4343,#4344,
#4345,#4346,#4347),.UNSPECIFIED.,.T.,.F.) B_SPLINE_CURVE_WITH_KNOTS((1,2
    ,2,2,2,1),(-2.094395102393,0.,2.094395102393,4.188790204786,
6.28318530718,8.377580409573),.UNSPECIFIED.) CURVE() 
GEOMETRIC_REPRESENTATION_ITEM() RATIONAL_B_SPLINE_CURVE((1.,0.5,1.,0.5,
1.,0.5,1.)) REPRESENTATION_ITEM('') );
#4341 = CARTESIAN_POINT('',(18.,-3.552713678801E-15));
#4342 = CARTESIAN_POINT('',(18.,-31.17691453624));
#4343 = CARTESIAN_POINT('',(-9.,-15.58845726812));
#4344 = CARTESIAN_POINT('',(-36.,-7.961442155731E-15));
#4345 = CARTESIAN_POINT('',(-9.,15.58845726812));
#4346 = CARTESIAN_POINT('',(18.,31.17691453624));
#4347 = CARTESIAN_POINT('',(18.,-3.552713678801E-15));
#4348 = ( GEOMETRIC_REPRESENTATION_CONTEXT(2) 
PARAMETRIC_REPRESENTATION_CONTEXT() REPRESENTATION_CONTEXT('2D SPACE',''
  ) );
#4349 = ORIENTED_EDGE('',*,*,#4350,.T.);
#4350 = EDGE_CURVE('',#4323,#4211,#4351,.T.);
#4351 = SURFACE_CURVE('',#4352,(#4357,#4367),.PCURVE_S1.);
#4352 = ELLIPSE('',#4353,69.546659492813,18.);
#4353 = AXIS2_PLACEMENT_3D('',#4354,#4355,#4356);
#4354 = CARTESIAN_POINT('',(41.682367202281,-12.84517097124,28.));
#4355 = DIRECTION('',(-1.,0.,-0.));
#4356 = DIRECTION('',(0.,1.,-1.110223024625E-16));
#4357 = PCURVE('',#4144,#4358);
#4358 = DEFINITIONAL_REPRESENTATION('',(#4359),#4366);
#4359 = B_SPLINE_CURVE_WITH_KNOTS('',5,(#4360,#4361,#4362,#4363,#4364,
    #4365),.UNSPECIFIED.,.F.,.F.,(6,6),(5.316810549784,5.420885397156),
  .PIECEWISE_BEZIER_KNOTS.);
#4360 = CARTESIAN_POINT('',(-7.249560064575,-35.4613181678));
#4361 = CARTESIAN_POINT('',(-7.2287450951,-34.31076564364));
#4362 = CARTESIAN_POINT('',(-7.207930125626,-33.18088827167));
#4363 = CARTESIAN_POINT('',(-7.187115156152,-32.07272458672));
#4364 = CARTESIAN_POINT('',(-7.166300186678,-30.98727575381));
#4365 = CARTESIAN_POINT('',(-7.145485217203,-29.92550015415));
#4366 = ( GEOMETRIC_REPRESENTATION_CONTEXT(2) 
PARAMETRIC_REPRESENTATION_CONTEXT() REPRESENTATION_CONTEXT('2D SPACE',''
  ) );
#4367 = PCURVE('',#727,#4368);
#4368 = DEFINITIONAL_REPRESENTATION('',(#4369),#4373);
#4369 = ELLIPSE('',#4370,69.546659492813,18.);
#4370 = AXIS2_PLACEMENT_2D('',#4371,#4372);
#4371 = CARTESIAN_POINT('',(44.775917107177,-17.));
#4372 = DIRECTION('',(-1.,0.));
#4373 = ( GEOMETRIC_REPRESENTATION_CONTEXT(2) 
PARAMETRIC_REPRESENTATION_CONTEXT() REPRESENTATION_CONTEXT('2D SPACE',''
  ) );
#4374 = ADVANCED_FACE('',(#4375),#4255,.F.);
#4375 = FACE_BOUND('',#4376,.F.);
#4376 = EDGE_LOOP('',(#4377,#4405,#4426));
#4377 = ORIENTED_EDGE('',*,*,#4378,.T.);
#4378 = EDGE_CURVE('',#4239,#4379,#4381,.T.);
#4379 = VERTEX_POINT('',#4380);
#4380 = CARTESIAN_POINT('',(43.964495404505,27.766323437568,42.));
#4381 = SURFACE_CURVE('',#4382,(#4387,#4398),.PCURVE_S1.);
#4382 = CIRCLE('',#4383,2.65);
#4383 = AXIS2_PLACEMENT_3D('',#4384,#4385,#4386);
#4384 = CARTESIAN_POINT('',(46.074662013989,28.331740876474,40.5));
#4385 = DIRECTION('',(-0.258819045103,0.965925826289,-1.072393092426E-16
    ));
#4386 = DIRECTION('',(0.965925826289,0.258819045103,-2.873468630843E-17)
  );
#4387 = PCURVE('',#4255,#4388);
#4388 = DEFINITIONAL_REPRESENTATION('',(#4389),#4397);
#4389 = ( BOUNDED_CURVE() B_SPLINE_CURVE(2,(#4390,#4391,#4392,#4393,
#4394,#4395,#4396),.UNSPECIFIED.,.T.,.F.) B_SPLINE_CURVE_WITH_KNOTS((1,2
    ,2,2,2,1),(-2.094395102393,0.,2.094395102393,4.188790204786,
6.28318530718,8.377580409573),.UNSPECIFIED.) CURVE() 
GEOMETRIC_REPRESENTATION_ITEM() RATIONAL_B_SPLINE_CURVE((1.,0.5,1.,0.5,
1.,0.5,1.)) REPRESENTATION_ITEM('') );
#4390 = CARTESIAN_POINT('',(17.55,12.5));
#4391 = CARTESIAN_POINT('',(17.55,7.910065359942));
#4392 = CARTESIAN_POINT('',(13.575,10.205032679971));
#4393 = CARTESIAN_POINT('',(9.6,12.5));
#4394 = CARTESIAN_POINT('',(13.575,14.794967320029));
#4395 = CARTESIAN_POINT('',(17.55,17.089934640058));
#4396 = CARTESIAN_POINT('',(17.55,12.5));
#4397 = ( GEOMETRIC_REPRESENTATION_CONTEXT(2) 
PARAMETRIC_REPRESENTATION_CONTEXT() REPRESENTATION_CONTEXT('2D SPACE',''
  ) );
#4398 = PCURVE('',#4287,#4399);
#4399 = DEFINITIONAL_REPRESENTATION('',(#4400),#4404);
#4400 = LINE('',#4401,#4402);
#4401 = CARTESIAN_POINT('',(-12.56637061435,-35.));
#4402 = VECTOR('',#4403,1.);
#4403 = DIRECTION('',(1.,-0.));
#4404 = ( GEOMETRIC_REPRESENTATION_CONTEXT(2) 
PARAMETRIC_REPRESENTATION_CONTEXT() REPRESENTATION_CONTEXT('2D SPACE',''
  ) );
#4405 = ORIENTED_EDGE('',*,*,#4406,.T.);
#4406 = EDGE_CURVE('',#4379,#4209,#4407,.T.);
#4407 = SURFACE_CURVE('',#4408,(#4412,#4419),.PCURVE_S1.);
#4408 = LINE('',#4409,#4410);
#4409 = CARTESIAN_POINT('',(43.637479200264,27.67869970973,42.));
#4410 = VECTOR('',#4411,1.);
#4411 = DIRECTION('',(-0.965925826289,-0.258819045103,2.873468630843E-17
    ));
#4412 = PCURVE('',#4255,#4413);
#4413 = DEFINITIONAL_REPRESENTATION('',(#4414),#4418);
#4414 = LINE('',#4415,#4416);
#4415 = CARTESIAN_POINT('',(12.376842685646,14.));
#4416 = VECTOR('',#4417,1.);
#4417 = DIRECTION('',(-1.,0.));
#4418 = ( GEOMETRIC_REPRESENTATION_CONTEXT(2) 
PARAMETRIC_REPRESENTATION_CONTEXT() REPRESENTATION_CONTEXT('2D SPACE',''
  ) );
#4419 = PCURVE('',#4226,#4420);
#4420 = DEFINITIONAL_REPRESENTATION('',(#4421),#4425);
#4421 = LINE('',#4422,#4423);
#4422 = CARTESIAN_POINT('',(-1.056326692256,-13.09649230526));
#4423 = VECTOR('',#4424,1.);
#4424 = DIRECTION('',(0.258819045103,-0.965925826289));
#4425 = ( GEOMETRIC_REPRESENTATION_CONTEXT(2) 
PARAMETRIC_REPRESENTATION_CONTEXT() REPRESENTATION_CONTEXT('2D SPACE',''
  ) );
#4426 = ORIENTED_EDGE('',*,*,#4238,.T.);
#4427 = ADVANCED_FACE('',(#4428),#4287,.F.);
#4428 = FACE_BOUND('',#4429,.T.);
#4429 = EDGE_LOOP('',(#4430,#4465,#4493,#4519,#4520,#4521,#4544,#4588));
#4430 = ORIENTED_EDGE('',*,*,#4431,.T.);
#4431 = EDGE_CURVE('',#4432,#4434,#4436,.T.);
#4432 = VERTEX_POINT('',#4433);
#4433 = CARTESIAN_POINT('',(48.184828623472,28.897158315381,42.));
#4434 = VERTEX_POINT('',#4435);
#4435 = CARTESIAN_POINT('',(46.231634975895,28.373801654851,
    37.854987640832));
#4436 = SURFACE_CURVE('',#4437,(#4442,#4449),.PCURVE_S1.);
#4437 = CIRCLE('',#4438,2.65);
#4438 = AXIS2_PLACEMENT_3D('',#4439,#4440,#4441);
#4439 = CARTESIAN_POINT('',(46.074662013989,28.331740876474,40.5));
#4440 = DIRECTION('',(-0.258819045103,0.965925826289,3.025357742104E-15)
  );
#4441 = DIRECTION('',(0.796289286598,0.213365071285,0.566037735849));
#4442 = PCURVE('',#4287,#4443);
#4443 = DEFINITIONAL_REPRESENTATION('',(#4444),#4448);
#4444 = LINE('',#4445,#4446);
#4445 = CARTESIAN_POINT('',(-6.88487682622,-35.));
#4446 = VECTOR('',#4447,1.);
#4447 = DIRECTION('',(1.,-0.));
#4448 = ( GEOMETRIC_REPRESENTATION_CONTEXT(2) 
PARAMETRIC_REPRESENTATION_CONTEXT() REPRESENTATION_CONTEXT('2D SPACE',''
  ) );
#4449 = PCURVE('',#4450,#4455);
#4450 = PLANE('',#4451);
#4451 = AXIS2_PLACEMENT_3D('',#4452,#4453,#4454);
#4452 = CARTESIAN_POINT('',(31.682367202281,24.475337104447,28.));
#4453 = DIRECTION('',(0.258819045103,-0.965925826289,1.072393092426E-16)
  );
#4454 = DIRECTION('',(0.965925826289,0.258819045103,-2.873468630843E-17)
  );
#4455 = DEFINITIONAL_REPRESENTATION('',(#4456),#4464);
#4456 = ( BOUNDED_CURVE() B_SPLINE_CURVE(2,(#4457,#4458,#4459,#4460,
#4461,#4462,#4463),.UNSPECIFIED.,.T.,.F.) B_SPLINE_CURVE_WITH_KNOTS((1,2
    ,2,2,2,1),(-2.094395102393,0.,2.094395102393,4.188790204786,
6.28318530718,8.377580409573),.UNSPECIFIED.) CURVE() 
GEOMETRIC_REPRESENTATION_ITEM() RATIONAL_B_SPLINE_CURVE((1.,0.5,1.,0.5,
1.,0.5,1.)) REPRESENTATION_ITEM('') );
#4457 = CARTESIAN_POINT('',(17.084605227495,14.));
#4458 = CARTESIAN_POINT('',(19.682681438849,10.216152751497));
#4459 = CARTESIAN_POINT('',(15.106735491929,9.858076375749));
#4460 = CARTESIAN_POINT('',(10.530789545009,9.5));
#4461 = CARTESIAN_POINT('',(12.508659280576,13.641923624251));
#4462 = CARTESIAN_POINT('',(14.486529016142,17.783847248503));
#4463 = CARTESIAN_POINT('',(17.084605227495,14.));
#4464 = ( GEOMETRIC_REPRESENTATION_CONTEXT(2) 
PARAMETRIC_REPRESENTATION_CONTEXT() REPRESENTATION_CONTEXT('2D SPACE',''
  ) );
#4465 = ORIENTED_EDGE('',*,*,#4466,.F.);
#4466 = EDGE_CURVE('',#4467,#4434,#4469,.T.);
#4467 = VERTEX_POINT('',#4468);
#4468 = CARTESIAN_POINT('',(46.956328302182,25.669209341241,
    37.854987640832));
#4469 = SURFACE_CURVE('',#4470,(#4474,#4481),.PCURVE_S1.);
#4470 = LINE('',#4471,#4472);
#4471 = CARTESIAN_POINT('',(37.172968397306,62.181205574968,
    37.854987640832));
#4472 = VECTOR('',#4473,1.);
#4473 = DIRECTION('',(-0.258819045103,0.965925826289,-1.072393092426E-16
    ));
#4474 = PCURVE('',#4287,#4475);
#4475 = DEFINITIONAL_REPRESENTATION('',(#4476),#4480);
#4476 = LINE('',#4477,#4478);
#4477 = CARTESIAN_POINT('',(-4.773752150342,-9.992007221626E-16));
#4478 = VECTOR('',#4479,1.);
#4479 = DIRECTION('',(-0.,1.));
#4480 = ( GEOMETRIC_REPRESENTATION_CONTEXT(2) 
PARAMETRIC_REPRESENTATION_CONTEXT() REPRESENTATION_CONTEXT('2D SPACE',''
  ) );
#4481 = PCURVE('',#4482,#4487);
#4482 = CYLINDRICAL_SURFACE('',#4483,18.);
#4483 = AXIS2_PLACEMENT_3D('',#4484,#4485,#4486);
#4484 = CARTESIAN_POINT('',(22.623700623693,58.282741024564,28.));
#4485 = DIRECTION('',(-0.258819045103,0.965925826289,-1.072393092426E-16
    ));
#4486 = DIRECTION('',(0.965925826289,0.258819045103,-2.873468630843E-17)
  );
#4487 = DEFINITIONAL_REPRESENTATION('',(#4488),#4492);
#4488 = LINE('',#4489,#4490);
#4489 = CARTESIAN_POINT('',(-6.862558243075,4.440892098501E-16));
#4490 = VECTOR('',#4491,1.);
#4491 = DIRECTION('',(-0.,1.));
#4492 = ( GEOMETRIC_REPRESENTATION_CONTEXT(2) 
PARAMETRIC_REPRESENTATION_CONTEXT() REPRESENTATION_CONTEXT('2D SPACE',''
  ) );
#4493 = ORIENTED_EDGE('',*,*,#4494,.F.);
#4494 = EDGE_CURVE('',#4272,#4467,#4495,.T.);
#4495 = SURFACE_CURVE('',#4496,(#4501,#4508),.PCURVE_S1.);
#4496 = CIRCLE('',#4497,2.65);
#4497 = AXIS2_PLACEMENT_3D('',#4498,#4499,#4500);
#4498 = CARTESIAN_POINT('',(46.799355340276,25.627148562865,40.5));
#4499 = DIRECTION('',(-0.258819045103,0.965925826289,1.040834085586E-16)
  );
#4500 = DIRECTION('',(-0.939128820617,-0.251638809073,0.233912308474));
#4501 = PCURVE('',#4287,#4502);
#4502 = DEFINITIONAL_REPRESENTATION('',(#4503),#4507);
#4503 = LINE('',#4504,#4505);
#4504 = CARTESIAN_POINT('',(-9.188678271107,-37.8));
#4505 = VECTOR('',#4506,1.);
#4506 = DIRECTION('',(1.,-0.));
#4507 = ( GEOMETRIC_REPRESENTATION_CONTEXT(2) 
PARAMETRIC_REPRESENTATION_CONTEXT() REPRESENTATION_CONTEXT('2D SPACE',''
  ) );
#4508 = PCURVE('',#3864,#4509);
#4509 = DEFINITIONAL_REPRESENTATION('',(#4510),#4518);
#4510 = ( BOUNDED_CURVE() B_SPLINE_CURVE(2,(#4511,#4512,#4513,#4514,
#4515,#4516,#4517),.UNSPECIFIED.,.T.,.F.) B_SPLINE_CURVE_WITH_KNOTS((1,2
    ,2,2,2,1),(-2.094395102393,0.,2.094395102393,4.188790204786,
6.28318530718,8.377580409573),.UNSPECIFIED.) CURVE() 
GEOMETRIC_REPRESENTATION_ITEM() RATIONAL_B_SPLINE_CURVE((1.,0.5,1.,0.5,
1.,0.5,1.)) REPRESENTATION_ITEM('') );
#4511 = CARTESIAN_POINT('',(12.32351709945,13.119867617456));
#4512 = CARTESIAN_POINT('',(13.39715930685,17.582466906042));
#4513 = CARTESIAN_POINT('',(16.725062553976,14.421365835565));
#4514 = CARTESIAN_POINT('',(20.052965801101,11.260264765087));
#4515 = CARTESIAN_POINT('',(15.651420346575,9.958766546979));
#4516 = CARTESIAN_POINT('',(11.249874892049,8.65726832887));
#4517 = CARTESIAN_POINT('',(12.32351709945,13.119867617456));
#4518 = ( GEOMETRIC_REPRESENTATION_CONTEXT(2) 
PARAMETRIC_REPRESENTATION_CONTEXT() REPRESENTATION_CONTEXT('2D SPACE',''
  ) );
#4519 = ORIENTED_EDGE('',*,*,#4271,.T.);
#4520 = ORIENTED_EDGE('',*,*,#4378,.T.);
#4521 = ORIENTED_EDGE('',*,*,#4522,.T.);
#4522 = EDGE_CURVE('',#4379,#4523,#4525,.T.);
#4523 = VERTEX_POINT('',#4524);
#4524 = CARTESIAN_POINT('',(42.848641705535,31.930746135935,42.));
#4525 = SURFACE_CURVE('',#4526,(#4530,#4537),.PCURVE_S1.);
#4526 = LINE('',#4527,#4528);
#4527 = CARTESIAN_POINT('',(34.905828825916,61.573727357685,42.));
#4528 = VECTOR('',#4529,1.);
#4529 = DIRECTION('',(-0.258819045103,0.965925826289,-1.072393092426E-16
    ));
#4530 = PCURVE('',#4287,#4531);
#4531 = DEFINITIONAL_REPRESENTATION('',(#4532),#4536);
#4532 = LINE('',#4533,#4534);
#4533 = CARTESIAN_POINT('',(-8.823086441729,1.665334536938E-15));
#4534 = VECTOR('',#4535,1.);
#4535 = DIRECTION('',(-0.,1.));
#4536 = ( GEOMETRIC_REPRESENTATION_CONTEXT(2) 
PARAMETRIC_REPRESENTATION_CONTEXT() REPRESENTATION_CONTEXT('2D SPACE',''
  ) );
#4537 = PCURVE('',#4226,#4538);
#4538 = DEFINITIONAL_REPRESENTATION('',(#4539),#4543);
#4539 = LINE('',#4540,#4541);
#4540 = CARTESIAN_POINT('',(-34.95135434021,-21.82814267961));
#4541 = VECTOR('',#4542,1.);
#4542 = DIRECTION('',(-0.965925826289,-0.258819045103));
#4543 = ( GEOMETRIC_REPRESENTATION_CONTEXT(2) 
PARAMETRIC_REPRESENTATION_CONTEXT() REPRESENTATION_CONTEXT('2D SPACE',''
  ) );
#4544 = ORIENTED_EDGE('',*,*,#4545,.T.);
#4545 = EDGE_CURVE('',#4523,#4546,#4548,.T.);
#4546 = VERTEX_POINT('',#4547);
#4547 = CARTESIAN_POINT('',(47.371981216786,31.930746135935,42.));
#4548 = SURFACE_CURVE('',#4549,(#4554,#4581),.PCURVE_S1.);
#4549 = ELLIPSE('',#4550,2.743481878087,2.65);
#4550 = AXIS2_PLACEMENT_3D('',#4551,#4552,#4553);
#4551 = CARTESIAN_POINT('',(45.110311461161,31.930746135935,40.5));
#4552 = DIRECTION('',(0.,1.,-1.110223024625E-16));
#4553 = DIRECTION('',(-1.,0.,0.));
#4554 = PCURVE('',#4287,#4555);
#4555 = DEFINITIONAL_REPRESENTATION('',(#4556),#4580);
#4556 = B_SPLINE_CURVE_WITH_KNOTS('',8,(#4557,#4558,#4559,#4560,#4561,
    #4562,#4563,#4564,#4565,#4566,#4567,#4568,#4569,#4570,#4571,#4572,
    #4573,#4574,#4575,#4576,#4577,#4578,#4579),.UNSPECIFIED.,.F.,.F.,(9,
    7,7,9),(3.14159265359,4.712388980385,7.068583470577,9.424777960769),
  .UNSPECIFIED.);
#4557 = CARTESIAN_POINT('',(-12.56637061435,-31.98410094165));
#4558 = CARTESIAN_POINT('',(-12.37002107351,-31.98410094165));
#4559 = CARTESIAN_POINT('',(-12.17367153266,-31.95281439363));
#4560 = CARTESIAN_POINT('',(-11.97732199181,-31.89024507976));
#4561 = CARTESIAN_POINT('',(-11.78097245096,-31.79895471164));
#4562 = CARTESIAN_POINT('',(-11.58462291011,-31.68410971004));
#4563 = CARTESIAN_POINT('',(-11.38827336926,-31.55287711124));
#4564 = CARTESIAN_POINT('',(-11.19192382841,-31.4134565891));
#4565 = CARTESIAN_POINT('',(-10.70104997629,-31.06490407061));
#4566 = CARTESIAN_POINT('',(-10.40652566502,-30.85577180165));
#4567 = CARTESIAN_POINT('',(-10.11200135373,-30.67428940747));
#4568 = CARTESIAN_POINT('',(-9.817477042493,-30.54806737051));
#4569 = CARTESIAN_POINT('',(-9.522952731183,-30.4971798647));
#4570 = CARTESIAN_POINT('',(-9.228428419924,-30.5259631729));
#4571 = CARTESIAN_POINT('',(-8.933904108646,-30.62406524095));
#4572 = CARTESIAN_POINT('',(-8.344855486098,-30.91982186026));
#4573 = CARTESIAN_POINT('',(-8.050331174824,-31.11747748333));
#4574 = CARTESIAN_POINT('',(-7.755806863574,-31.34534903819));
#4575 = CARTESIAN_POINT('',(-7.46128255227,-31.57474146055));
#4576 = CARTESIAN_POINT('',(-7.166758241021,-31.77292929841));
#4577 = CARTESIAN_POINT('',(-6.872233929725,-31.91370594783));
#4578 = CARTESIAN_POINT('',(-6.577709618454,-31.98410094165));
#4579 = CARTESIAN_POINT('',(-6.28318530718,-31.98410094165));
#4580 = ( GEOMETRIC_REPRESENTATION_CONTEXT(2) 
PARAMETRIC_REPRESENTATION_CONTEXT() REPRESENTATION_CONTEXT('2D SPACE',''
  ) );
#4581 = PCURVE('',#699,#4582);
#4582 = DEFINITIONAL_REPRESENTATION('',(#4583),#4587);
#4583 = ELLIPSE('',#4584,2.743481878087,2.65);
#4584 = AXIS2_PLACEMENT_2D('',#4585,#4586);
#4585 = CARTESIAN_POINT('',(28.572055741121,-4.5));
#4586 = DIRECTION('',(1.,0.));
#4587 = ( GEOMETRIC_REPRESENTATION_CONTEXT(2) 
PARAMETRIC_REPRESENTATION_CONTEXT() REPRESENTATION_CONTEXT('2D SPACE',''
  ) );
#4588 = ORIENTED_EDGE('',*,*,#4589,.F.);
#4589 = EDGE_CURVE('',#4432,#4546,#4590,.T.);
#4590 = SURFACE_CURVE('',#4591,(#4595,#4602),.PCURVE_S1.);
#4591 = LINE('',#4592,#4593);
#4592 = CARTESIAN_POINT('',(39.126162044884,62.704562235498,42.));
#4593 = VECTOR('',#4594,1.);
#4594 = DIRECTION('',(-0.258819045103,0.965925826289,-1.072393092426E-16
    ));
#4595 = PCURVE('',#4287,#4596);
#4596 = DEFINITIONAL_REPRESENTATION('',(#4597),#4601);
#4597 = LINE('',#4598,#4599);
#4598 = CARTESIAN_POINT('',(-6.88487682622,1.7763568394E-15));
#4599 = VECTOR('',#4600,1.);
#4600 = DIRECTION('',(-0.,1.));
#4601 = ( GEOMETRIC_REPRESENTATION_CONTEXT(2) 
PARAMETRIC_REPRESENTATION_CONTEXT() REPRESENTATION_CONTEXT('2D SPACE',''
  ) );
#4602 = PCURVE('',#826,#4603);
#4603 = DEFINITIONAL_REPRESENTATION('',(#4604),#4608);
#4604 = LINE('',#4605,#4606);
#4605 = CARTESIAN_POINT('',(-36.08218921802,-17.60780946064));
#4606 = VECTOR('',#4607,1.);
#4607 = DIRECTION('',(-0.965925826289,-0.258819045103));
#4608 = ( GEOMETRIC_REPRESENTATION_CONTEXT(2) 
PARAMETRIC_REPRESENTATION_CONTEXT() REPRESENTATION_CONTEXT('2D SPACE',''
  ) );
#4609 = ADVANCED_FACE('',(#4610),#4482,.F.);
#4610 = FACE_BOUND('',#4611,.T.);
#4611 = EDGE_LOOP('',(#4612,#4613,#4641,#4664));
#4612 = ORIENTED_EDGE('',*,*,#4466,.T.);
#4613 = ORIENTED_EDGE('',*,*,#4614,.T.);
#4614 = EDGE_CURVE('',#4434,#4615,#4617,.T.);
#4615 = VERTEX_POINT('',#4616);
#4616 = CARTESIAN_POINT('',(46.231634975895,28.373801654851,
    18.145012359168));
#4617 = SURFACE_CURVE('',#4618,(#4623,#4630),.PCURVE_S1.);
#4618 = CIRCLE('',#4619,18.);
#4619 = AXIS2_PLACEMENT_3D('',#4620,#4621,#4622);
#4620 = CARTESIAN_POINT('',(31.682367202281,24.475337104447,28.));
#4621 = DIRECTION('',(-0.258819045103,0.965925826289,1.387778780781E-17)
  );
#4622 = DIRECTION('',(0.607122401682,0.162677957238,0.777777777778));
#4623 = PCURVE('',#4482,#4624);
#4624 = DEFINITIONAL_REPRESENTATION('',(#4625),#4629);
#4625 = LINE('',#4626,#4627);
#4626 = CARTESIAN_POINT('',(-7.174307815066,-35.));
#4627 = VECTOR('',#4628,1.);
#4628 = DIRECTION('',(1.,-0.));
#4629 = ( GEOMETRIC_REPRESENTATION_CONTEXT(2) 
PARAMETRIC_REPRESENTATION_CONTEXT() REPRESENTATION_CONTEXT('2D SPACE',''
  ) );
#4630 = PCURVE('',#4450,#4631);
#4631 = DEFINITIONAL_REPRESENTATION('',(#4632),#4640);
#4632 = ( BOUNDED_CURVE() B_SPLINE_CURVE(2,(#4633,#4634,#4635,#4636,
#4637,#4638,#4639),.UNSPECIFIED.,.T.,.F.) B_SPLINE_CURVE_WITH_KNOTS((1,2
    ,2,2,2,1),(-2.094395102393,0.,2.094395102393,4.188790204786,
6.28318530718,8.377580409573),.UNSPECIFIED.) CURVE() 
GEOMETRIC_REPRESENTATION_ITEM() RATIONAL_B_SPLINE_CURVE((1.,0.5,1.,0.5,
1.,0.5,1.)) REPRESENTATION_ITEM('') );
#4633 = CARTESIAN_POINT('',(11.313708498985,14.));
#4634 = CARTESIAN_POINT('',(35.562419804949,-5.595917942265));
#4635 = CARTESIAN_POINT('',(6.46750140349,-16.79795897113));
#4636 = CARTESIAN_POINT('',(-22.62741699796,-28.));
#4637 = CARTESIAN_POINT('',(-17.78120990247,2.797958971133));
#4638 = CARTESIAN_POINT('',(-12.93500280698,33.595917942265));
#4639 = CARTESIAN_POINT('',(11.313708498985,14.));
#4640 = ( GEOMETRIC_REPRESENTATION_CONTEXT(2) 
PARAMETRIC_REPRESENTATION_CONTEXT() REPRESENTATION_CONTEXT('2D SPACE',''
  ) );
#4641 = ORIENTED_EDGE('',*,*,#4642,.F.);
#4642 = EDGE_CURVE('',#4643,#4615,#4645,.T.);
#4643 = VERTEX_POINT('',#4644);
#4644 = CARTESIAN_POINT('',(46.956328302181,25.669209341241,
    18.145012359168));
#4645 = SURFACE_CURVE('',#4646,(#4650,#4657),.PCURVE_S1.);
#4646 = LINE('',#4647,#4648);
#4647 = CARTESIAN_POINT('',(37.172968397306,62.181205574968,
    18.145012359168));
#4648 = VECTOR('',#4649,1.);
#4649 = DIRECTION('',(-0.258819045103,0.965925826289,-1.072393092426E-16
    ));
#4650 = PCURVE('',#4482,#4651);
#4651 = DEFINITIONAL_REPRESENTATION('',(#4652),#4656);
#4652 = LINE('',#4653,#4654);
#4653 = CARTESIAN_POINT('',(-5.703812371284,4.440892098501E-16));
#4654 = VECTOR('',#4655,1.);
#4655 = DIRECTION('',(-0.,1.));
#4656 = ( GEOMETRIC_REPRESENTATION_CONTEXT(2) 
PARAMETRIC_REPRESENTATION_CONTEXT() REPRESENTATION_CONTEXT('2D SPACE',''
  ) );
#4657 = PCURVE('',#3892,#4658);
#4658 = DEFINITIONAL_REPRESENTATION('',(#4659),#4663);
#4659 = LINE('',#4660,#4661);
#4660 = CARTESIAN_POINT('',(-7.792618464017,-9.992007221626E-16));
#4661 = VECTOR('',#4662,1.);
#4662 = DIRECTION('',(-0.,1.));
#4663 = ( GEOMETRIC_REPRESENTATION_CONTEXT(2) 
PARAMETRIC_REPRESENTATION_CONTEXT() REPRESENTATION_CONTEXT('2D SPACE',''
  ) );
#4664 = ORIENTED_EDGE('',*,*,#4665,.T.);
#4665 = EDGE_CURVE('',#4643,#4467,#4666,.T.);
#4666 = SURFACE_CURVE('',#4667,(#4672,#4679),.PCURVE_S1.);
#4667 = CIRCLE('',#4668,18.);
#4668 = AXIS2_PLACEMENT_3D('',#4669,#4670,#4671);
#4669 = CARTESIAN_POINT('',(32.407060528568,21.770744790837,28.));
#4670 = DIRECTION('',(0.258819045103,-0.965925826289,5.551115123126E-17)
  );
#4671 = DIRECTION('',(0.80829265409,0.216581363911,-0.54749931338));
#4672 = PCURVE('',#4482,#4673);
#4673 = DEFINITIONAL_REPRESENTATION('',(#4674),#4678);
#4674 = LINE('',#4675,#4676);
#4675 = CARTESIAN_POINT('',(-5.703812371284,-37.8));
#4676 = VECTOR('',#4677,1.);
#4677 = DIRECTION('',(-1.,0.));
#4678 = ( GEOMETRIC_REPRESENTATION_CONTEXT(2) 
PARAMETRIC_REPRESENTATION_CONTEXT() REPRESENTATION_CONTEXT('2D SPACE',''
  ) );
#4679 = PCURVE('',#3864,#4680);
#4680 = DEFINITIONAL_REPRESENTATION('',(#4681),#4685);
#4681 = CIRCLE('',#4682,18.);
#4682 = AXIS2_PLACEMENT_2D('',#4683,#4684);
#4683 = CARTESIAN_POINT('',(0.,0.));
#4684 = DIRECTION('',(0.836806131579,-0.54749931338));
#4685 = ( GEOMETRIC_REPRESENTATION_CONTEXT(2) 
PARAMETRIC_REPRESENTATION_CONTEXT() REPRESENTATION_CONTEXT('2D SPACE',''
  ) );
#4686 = ADVANCED_FACE('',(#4687),#4450,.F.);
#4687 = FACE_BOUND('',#4688,.F.);
#4688 = EDGE_LOOP('',(#4689,#4714,#4738,#4759,#4760,#4761));
#4689 = ORIENTED_EDGE('',*,*,#4690,.F.);
#4690 = EDGE_CURVE('',#4691,#4693,#4695,.T.);
#4691 = VERTEX_POINT('',#4692);
#4692 = CARTESIAN_POINT('',(52.844741759695,30.145778277031,14.));
#4693 = VERTEX_POINT('',#4694);
#4694 = CARTESIAN_POINT('',(48.184828623472,28.897158315381,14.));
#4695 = SURFACE_CURVE('',#4696,(#4700,#4707),.PCURVE_S1.);
#4696 = LINE('',#4697,#4698);
#4697 = CARTESIAN_POINT('',(43.637479200264,27.67869970973,14.));
#4698 = VECTOR('',#4699,1.);
#4699 = DIRECTION('',(-0.965925826289,-0.258819045103,2.873468630843E-17
    ));
#4700 = PCURVE('',#4450,#4701);
#4701 = DEFINITIONAL_REPRESENTATION('',(#4702),#4706);
#4702 = LINE('',#4703,#4704);
#4703 = CARTESIAN_POINT('',(12.376842685646,-14.));
#4704 = VECTOR('',#4705,1.);
#4705 = DIRECTION('',(-1.,0.));
#4706 = ( GEOMETRIC_REPRESENTATION_CONTEXT(2) 
PARAMETRIC_REPRESENTATION_CONTEXT() REPRESENTATION_CONTEXT('2D SPACE',''
  ) );
#4707 = PCURVE('',#882,#4708);
#4708 = DEFINITIONAL_REPRESENTATION('',(#4709),#4713);
#4709 = LINE('',#4710,#4711);
#4710 = CARTESIAN_POINT('',(-1.056326692256,-13.09649230526));
#4711 = VECTOR('',#4712,1.);
#4712 = DIRECTION('',(0.258819045103,-0.965925826289));
#4713 = ( GEOMETRIC_REPRESENTATION_CONTEXT(2) 
PARAMETRIC_REPRESENTATION_CONTEXT() REPRESENTATION_CONTEXT('2D SPACE',''
  ) );
#4714 = ORIENTED_EDGE('',*,*,#4715,.T.);
#4715 = EDGE_CURVE('',#4691,#4716,#4718,.T.);
#4716 = VERTEX_POINT('',#4717);
#4717 = CARTESIAN_POINT('',(52.844741759695,30.145778277031,42.));
#4718 = SURFACE_CURVE('',#4719,(#4724,#4731),.PCURVE_S1.);
#4719 = CIRCLE('',#4720,26.);
#4720 = AXIS2_PLACEMENT_3D('',#4721,#4722,#4723);
#4721 = CARTESIAN_POINT('',(31.682367202281,24.475337104447,28.));
#4722 = DIRECTION('',(0.258819045103,-0.965925826289,9.71445146547E-17)
  );
#4723 = DIRECTION('',(0.419245729513,0.112336554653,0.900895952246));
#4724 = PCURVE('',#4450,#4725);
#4725 = DEFINITIONAL_REPRESENTATION('',(#4726),#4730);
#4726 = CIRCLE('',#4727,26.);
#4727 = AXIS2_PLACEMENT_2D('',#4728,#4729);
#4728 = CARTESIAN_POINT('',(1.02086113104E-31,-3.552713678801E-15));
#4729 = DIRECTION('',(0.434035117503,0.900895952246));
#4730 = ( GEOMETRIC_REPRESENTATION_CONTEXT(2) 
PARAMETRIC_REPRESENTATION_CONTEXT() REPRESENTATION_CONTEXT('2D SPACE',''
  ) );
#4731 = PCURVE('',#588,#4732);
#4732 = DEFINITIONAL_REPRESENTATION('',(#4733),#4737);
#4733 = LINE('',#4734,#4735);
#4734 = CARTESIAN_POINT('',(-1.121829352151,0.));
#4735 = VECTOR('',#4736,1.);
#4736 = DIRECTION('',(-1.,0.));
#4737 = ( GEOMETRIC_REPRESENTATION_CONTEXT(2) 
PARAMETRIC_REPRESENTATION_CONTEXT() REPRESENTATION_CONTEXT('2D SPACE',''
  ) );
#4738 = ORIENTED_EDGE('',*,*,#4739,.T.);
#4739 = EDGE_CURVE('',#4716,#4432,#4740,.T.);
#4740 = SURFACE_CURVE('',#4741,(#4745,#4752),.PCURVE_S1.);
#4741 = LINE('',#4742,#4743);
#4742 = CARTESIAN_POINT('',(43.637479200264,27.67869970973,42.));
#4743 = VECTOR('',#4744,1.);
#4744 = DIRECTION('',(-0.965925826289,-0.258819045103,2.873468630843E-17
    ));
#4745 = PCURVE('',#4450,#4746);
#4746 = DEFINITIONAL_REPRESENTATION('',(#4747),#4751);
#4747 = LINE('',#4748,#4749);
#4748 = CARTESIAN_POINT('',(12.376842685646,14.));
#4749 = VECTOR('',#4750,1.);
#4750 = DIRECTION('',(-1.,0.));
#4751 = ( GEOMETRIC_REPRESENTATION_CONTEXT(2) 
PARAMETRIC_REPRESENTATION_CONTEXT() REPRESENTATION_CONTEXT('2D SPACE',''
  ) );
#4752 = PCURVE('',#826,#4753);
#4753 = DEFINITIONAL_REPRESENTATION('',(#4754),#4758);
#4754 = LINE('',#4755,#4756);
#4755 = CARTESIAN_POINT('',(-1.056326692256,-13.09649230526));
#4756 = VECTOR('',#4757,1.);
#4757 = DIRECTION('',(0.258819045103,-0.965925826289));
#4758 = ( GEOMETRIC_REPRESENTATION_CONTEXT(2) 
PARAMETRIC_REPRESENTATION_CONTEXT() REPRESENTATION_CONTEXT('2D SPACE',''
  ) );
#4759 = ORIENTED_EDGE('',*,*,#4431,.T.);
#4760 = ORIENTED_EDGE('',*,*,#4614,.T.);
#4761 = ORIENTED_EDGE('',*,*,#4762,.T.);
#4762 = EDGE_CURVE('',#4615,#4693,#4763,.T.);
#4763 = SURFACE_CURVE('',#4764,(#4769,#4780),.PCURVE_S1.);
#4764 = CIRCLE('',#4765,2.65);
#4765 = AXIS2_PLACEMENT_3D('',#4766,#4767,#4768);
#4766 = CARTESIAN_POINT('',(46.074662013989,28.331740876474,15.5));
#4767 = DIRECTION('',(-0.258819045103,0.965925826289,7.147060721024E-16)
  );
#4768 = DIRECTION('',(5.923507996454E-02,1.587199184009E-02,
    0.998117871384));
#4769 = PCURVE('',#4450,#4770);
#4770 = DEFINITIONAL_REPRESENTATION('',(#4771),#4779);
#4771 = ( BOUNDED_CURVE() B_SPLINE_CURVE(2,(#4772,#4773,#4774,#4775,
#4776,#4777,#4778),.UNSPECIFIED.,.T.,.F.) B_SPLINE_CURVE_WITH_KNOTS((1,2
    ,2,2,2,1),(-2.094395102393,0.,2.094395102393,4.188790204786,
6.28318530718,8.377580409573),.UNSPECIFIED.) CURVE() 
GEOMETRIC_REPRESENTATION_ITEM() RATIONAL_B_SPLINE_CURVE((1.,0.5,1.,0.5,
1.,0.5,1.)) REPRESENTATION_ITEM('') );
#4772 = CARTESIAN_POINT('',(15.06251036843,-9.854987640832));
#4773 = CARTESIAN_POINT('',(19.643806161157,-10.1364638557));
#4774 = CARTESIAN_POINT('',(17.109392712149,-13.96324428702));
#4775 = CARTESIAN_POINT('',(14.574979263141,-17.79002471833));
#4776 = CARTESIAN_POINT('',(12.528096919422,-13.68176807214));
#4777 = CARTESIAN_POINT('',(10.481214575703,-9.573511425955));
#4778 = CARTESIAN_POINT('',(15.06251036843,-9.854987640832));
#4779 = ( GEOMETRIC_REPRESENTATION_CONTEXT(2) 
PARAMETRIC_REPRESENTATION_CONTEXT() REPRESENTATION_CONTEXT('2D SPACE',''
  ) );
#4780 = PCURVE('',#3892,#4781);
#4781 = DEFINITIONAL_REPRESENTATION('',(#4782),#4786);
#4782 = LINE('',#4783,#4784);
#4783 = CARTESIAN_POINT('',(-7.792618464017,-35.));
#4784 = VECTOR('',#4785,1.);
#4785 = DIRECTION('',(1.,-0.));
#4786 = ( GEOMETRIC_REPRESENTATION_CONTEXT(2) 
PARAMETRIC_REPRESENTATION_CONTEXT() REPRESENTATION_CONTEXT('2D SPACE',''
  ) );
#4787 = ADVANCED_FACE('',(#4788),#4226,.F.);
#4788 = FACE_BOUND('',#4789,.F.);
#4789 = EDGE_LOOP('',(#4790,#4791,#4792,#4815,#4836));
#4790 = ORIENTED_EDGE('',*,*,#4406,.F.);
#4791 = ORIENTED_EDGE('',*,*,#4522,.T.);
#4792 = ORIENTED_EDGE('',*,*,#4793,.T.);
#4793 = EDGE_CURVE('',#4523,#4794,#4796,.T.);
#4794 = VERTEX_POINT('',#4795);
#4795 = CARTESIAN_POINT('',(41.682367202281,31.930746135935,42.));
#4796 = SURFACE_CURVE('',#4797,(#4801,#4808),.PCURVE_S1.);
#4797 = LINE('',#4798,#4799);
#4798 = CARTESIAN_POINT('',(73.682367202281,31.930746135935,42.));
#4799 = VECTOR('',#4800,1.);
#4800 = DIRECTION('',(-1.,0.,0.));
#4801 = PCURVE('',#4226,#4802);
#4802 = DEFINITIONAL_REPRESENTATION('',(#4803),#4807);
#4803 = LINE('',#4804,#4805);
#4804 = CARTESIAN_POINT('',(-5.308373118461,16.948395696752));
#4805 = VECTOR('',#4806,1.);
#4806 = DIRECTION('',(0.,-1.));
#4807 = ( GEOMETRIC_REPRESENTATION_CONTEXT(2) 
PARAMETRIC_REPRESENTATION_CONTEXT() REPRESENTATION_CONTEXT('2D SPACE',''
  ) );
#4808 = PCURVE('',#699,#4809);
#4809 = DEFINITIONAL_REPRESENTATION('',(#4810),#4814);
#4810 = LINE('',#4811,#4812);
#4811 = CARTESIAN_POINT('',(0.,-3.));
#4812 = VECTOR('',#4813,1.);
#4813 = DIRECTION('',(1.,0.));
#4814 = ( GEOMETRIC_REPRESENTATION_CONTEXT(2) 
PARAMETRIC_REPRESENTATION_CONTEXT() REPRESENTATION_CONTEXT('2D SPACE',''
  ) );
#4815 = ORIENTED_EDGE('',*,*,#4816,.T.);
#4816 = EDGE_CURVE('',#4794,#4211,#4817,.T.);
#4817 = SURFACE_CURVE('',#4818,(#4822,#4829),.PCURVE_S1.);
#4818 = LINE('',#4819,#4820);
#4819 = CARTESIAN_POINT('',(41.682367202281,31.930746135935,42.));
#4820 = VECTOR('',#4821,1.);
#4821 = DIRECTION('',(0.,-1.,1.110223024625E-16));
#4822 = PCURVE('',#4226,#4823);
#4823 = DEFINITIONAL_REPRESENTATION('',(#4824),#4828);
#4824 = LINE('',#4825,#4826);
#4825 = CARTESIAN_POINT('',(-5.308373118461,-15.05160430324));
#4826 = VECTOR('',#4827,1.);
#4827 = DIRECTION('',(1.,0.));
#4828 = ( GEOMETRIC_REPRESENTATION_CONTEXT(2) 
PARAMETRIC_REPRESENTATION_CONTEXT() REPRESENTATION_CONTEXT('2D SPACE',''
  ) );
#4829 = PCURVE('',#727,#4830);
#4830 = DEFINITIONAL_REPRESENTATION('',(#4831),#4835);
#4831 = LINE('',#4832,#4833);
#4832 = CARTESIAN_POINT('',(-3.330669073875E-16,-3.));
#4833 = VECTOR('',#4834,1.);
#4834 = DIRECTION('',(1.,0.));
#4835 = ( GEOMETRIC_REPRESENTATION_CONTEXT(2) 
PARAMETRIC_REPRESENTATION_CONTEXT() REPRESENTATION_CONTEXT('2D SPACE',''
  ) );
#4836 = ORIENTED_EDGE('',*,*,#4208,.F.);
#4837 = ADVANCED_FACE('',(#4838,#4869),#3864,.T.);
#4838 = FACE_BOUND('',#4839,.T.);
#4839 = EDGE_LOOP('',(#4840));
#4840 = ORIENTED_EDGE('',*,*,#4841,.T.);
#4841 = EDGE_CURVE('',#4842,#4842,#4844,.T.);
#4842 = VERTEX_POINT('',#4843);
#4843 = CARTESIAN_POINT('',(54.864835989789,27.788287589471,28.));
#4844 = SURFACE_CURVE('',#4845,(#4850,#4857),.PCURVE_S1.);
#4845 = CIRCLE('',#4846,23.25);
#4846 = AXIS2_PLACEMENT_3D('',#4847,#4848,#4849);
#4847 = CARTESIAN_POINT('',(32.407060528568,21.770744790837,28.));
#4848 = DIRECTION('',(0.258819045103,-0.965925826289,1.072393092426E-16)
  );
#4849 = DIRECTION('',(0.965925826289,0.258819045103,-2.873468630843E-17)
  );
#4850 = PCURVE('',#3864,#4851);
#4851 = DEFINITIONAL_REPRESENTATION('',(#4852),#4856);
#4852 = CIRCLE('',#4853,23.25);
#4853 = AXIS2_PLACEMENT_2D('',#4854,#4855);
#4854 = CARTESIAN_POINT('',(0.,0.));
#4855 = DIRECTION('',(1.,0.));
#4856 = ( GEOMETRIC_REPRESENTATION_CONTEXT(2) 
PARAMETRIC_REPRESENTATION_CONTEXT() REPRESENTATION_CONTEXT('2D SPACE',''
  ) );
#4857 = PCURVE('',#4858,#4863);
#4858 = CYLINDRICAL_SURFACE('',#4859,23.25);
#4859 = AXIS2_PLACEMENT_3D('',#4860,#4861,#4862);
#4860 = CARTESIAN_POINT('',(32.407060528568,21.770744790837,28.));
#4861 = DIRECTION('',(-0.258819045103,0.965925826289,-1.072393092426E-16
    ));
#4862 = DIRECTION('',(0.965925826289,0.258819045103,-2.873468630843E-17)
  );
#4863 = DEFINITIONAL_REPRESENTATION('',(#4864),#4868);
#4864 = LINE('',#4865,#4866);
#4865 = CARTESIAN_POINT('',(-0.,0.));
#4866 = VECTOR('',#4867,1.);
#4867 = DIRECTION('',(-1.,0.));
#4868 = ( GEOMETRIC_REPRESENTATION_CONTEXT(2) 
PARAMETRIC_REPRESENTATION_CONTEXT() REPRESENTATION_CONTEXT('2D SPACE',''
  ) );
#4869 = FACE_BOUND('',#4870,.T.);
#4870 = EDGE_LOOP('',(#4871,#4893,#4894,#4895,#4896,#4897,#4898,#4899));
#4871 = ORIENTED_EDGE('',*,*,#4872,.F.);
#4872 = EDGE_CURVE('',#3848,#4643,#4873,.T.);
#4873 = SURFACE_CURVE('',#4874,(#4879,#4886),.PCURVE_S1.);
#4874 = CIRCLE('',#4875,2.65);
#4875 = AXIS2_PLACEMENT_3D('',#4876,#4877,#4878);
#4876 = CARTESIAN_POINT('',(46.799355340276,25.627148562865,15.5));
#4877 = DIRECTION('',(0.258819045103,-0.965925826289,-1.249000902703E-16
    ));
#4878 = DIRECTION('',(-0.939128820617,-0.251638809073,-0.233912308474));
#4879 = PCURVE('',#3864,#4880);
#4880 = DEFINITIONAL_REPRESENTATION('',(#4881),#4885);
#4881 = CIRCLE('',#4882,2.65);
#4882 = AXIS2_PLACEMENT_2D('',#4883,#4884);
#4883 = CARTESIAN_POINT('',(14.9,-12.5));
#4884 = DIRECTION('',(-0.972257698321,-0.233912308474));
#4885 = ( GEOMETRIC_REPRESENTATION_CONTEXT(2) 
PARAMETRIC_REPRESENTATION_CONTEXT() REPRESENTATION_CONTEXT('2D SPACE',''
  ) );
#4886 = PCURVE('',#3892,#4887);
#4887 = DEFINITIONAL_REPRESENTATION('',(#4888),#4892);
#4888 = LINE('',#4889,#4890);
#4889 = CARTESIAN_POINT('',(-3.377692343252,-37.8));
#4890 = VECTOR('',#4891,1.);
#4891 = DIRECTION('',(-1.,0.));
#4892 = ( GEOMETRIC_REPRESENTATION_CONTEXT(2) 
PARAMETRIC_REPRESENTATION_CONTEXT() REPRESENTATION_CONTEXT('2D SPACE',''
  ) );
#4893 = ORIENTED_EDGE('',*,*,#3847,.F.);
#4894 = ORIENTED_EDGE('',*,*,#3992,.F.);
#4895 = ORIENTED_EDGE('',*,*,#4100,.F.);
#4896 = ORIENTED_EDGE('',*,*,#4156,.F.);
#4897 = ORIENTED_EDGE('',*,*,#4299,.F.);
#4898 = ORIENTED_EDGE('',*,*,#4494,.T.);
#4899 = ORIENTED_EDGE('',*,*,#4665,.F.);
#4900 = ADVANCED_FACE('',(#4901),#4858,.F.);
#4901 = FACE_BOUND('',#4902,.T.);
#4902 = EDGE_LOOP('',(#4903,#4926,#4927,#4928,#4956,#4979,#5007,#5030));
#4903 = ORIENTED_EDGE('',*,*,#4904,.F.);
#4904 = EDGE_CURVE('',#4842,#4905,#4907,.T.);
#4905 = VERTEX_POINT('',#4906);
#4906 = CARTESIAN_POINT('',(58.423597859949,14.506807477996,28.));
#4907 = SEAM_CURVE('',#4908,(#4912,#4919),.PCURVE_S1.);
#4908 = LINE('',#4909,#4910);
#4909 = CARTESIAN_POINT('',(54.864835989789,27.788287589471,28.));
#4910 = VECTOR('',#4911,1.);
#4911 = DIRECTION('',(0.258819045103,-0.965925826289,1.072393092426E-16)
  );
#4912 = PCURVE('',#4858,#4913);
#4913 = DEFINITIONAL_REPRESENTATION('',(#4914),#4918);
#4914 = LINE('',#4915,#4916);
#4915 = CARTESIAN_POINT('',(-6.28318530718,0.));
#4916 = VECTOR('',#4917,1.);
#4917 = DIRECTION('',(-0.,-1.));
#4918 = ( GEOMETRIC_REPRESENTATION_CONTEXT(2) 
PARAMETRIC_REPRESENTATION_CONTEXT() REPRESENTATION_CONTEXT('2D SPACE',''
  ) );
#4919 = PCURVE('',#4858,#4920);
#4920 = DEFINITIONAL_REPRESENTATION('',(#4921),#4925);
#4921 = LINE('',#4922,#4923);
#4922 = CARTESIAN_POINT('',(-0.,0.));
#4923 = VECTOR('',#4924,1.);
#4924 = DIRECTION('',(-0.,-1.));
#4925 = ( GEOMETRIC_REPRESENTATION_CONTEXT(2) 
PARAMETRIC_REPRESENTATION_CONTEXT() REPRESENTATION_CONTEXT('2D SPACE',''
  ) );
#4926 = ORIENTED_EDGE('',*,*,#4841,.F.);
#4927 = ORIENTED_EDGE('',*,*,#4904,.T.);
#4928 = ORIENTED_EDGE('',*,*,#4929,.F.);
#4929 = EDGE_CURVE('',#4930,#4905,#4932,.T.);
#4930 = VERTEX_POINT('',#4931);
#4931 = CARTESIAN_POINT('',(45.335302913732,10.999809416857,
    49.129895882375));
#4932 = SURFACE_CURVE('',#4933,(#4938,#4945),.PCURVE_S1.);
#4933 = CIRCLE('',#4934,23.25);
#4934 = AXIS2_PLACEMENT_3D('',#4935,#4936,#4937);
#4935 = CARTESIAN_POINT('',(35.965822398728,8.489264679363,28.));
#4936 = DIRECTION('',(-0.258819045103,0.965925826289,-1.072393092426E-16
    ));
#4937 = DIRECTION('',(0.965925826289,0.258819045103,-2.873468630843E-17)
  );
#4938 = PCURVE('',#4858,#4939);
#4939 = DEFINITIONAL_REPRESENTATION('',(#4940),#4944);
#4940 = LINE('',#4941,#4942);
#4941 = CARTESIAN_POINT('',(-6.28318530718,-13.75));
#4942 = VECTOR('',#4943,1.);
#4943 = DIRECTION('',(1.,-0.));
#4944 = ( GEOMETRIC_REPRESENTATION_CONTEXT(2) 
PARAMETRIC_REPRESENTATION_CONTEXT() REPRESENTATION_CONTEXT('2D SPACE',''
  ) );
#4945 = PCURVE('',#128,#4946);
#4946 = DEFINITIONAL_REPRESENTATION('',(#4947),#4955);
#4947 = ( BOUNDED_CURVE() B_SPLINE_CURVE(2,(#4948,#4949,#4950,#4951,
#4952,#4953,#4954),.UNSPECIFIED.,.T.,.F.) B_SPLINE_CURVE_WITH_KNOTS((1,2
    ,2,2,2,1),(-2.094395102393,0.,2.094395102393,4.188790204786,
6.28318530718,8.377580409573),.UNSPECIFIED.) CURVE() 
GEOMETRIC_REPRESENTATION_ITEM() RATIONAL_B_SPLINE_CURVE((1.,0.5,1.,0.5,
1.,0.5,1.)) REPRESENTATION_ITEM('') );
#4948 = CARTESIAN_POINT('',(23.25,1.972152263053E-31));
#4949 = CARTESIAN_POINT('',(23.25,-40.27018127597));
#4950 = CARTESIAN_POINT('',(-11.625,-20.13509063798));
#4951 = CARTESIAN_POINT('',(-46.5,-5.694607616035E-15));
#4952 = CARTESIAN_POINT('',(-11.625,20.135090637988));
#4953 = CARTESIAN_POINT('',(23.25,40.270181275976));
#4954 = CARTESIAN_POINT('',(23.25,1.972152263053E-31));
#4955 = ( GEOMETRIC_REPRESENTATION_CONTEXT(2) 
PARAMETRIC_REPRESENTATION_CONTEXT() REPRESENTATION_CONTEXT('2D SPACE',''
  ) );
#4956 = ORIENTED_EDGE('',*,*,#4957,.T.);
#4957 = EDGE_CURVE('',#4930,#4958,#4960,.T.);
#4958 = VERTEX_POINT('',#4959);
#4959 = CARTESIAN_POINT('',(42.397706751819,21.963067545238,
    49.129895882375));
#4960 = SURFACE_CURVE('',#4961,(#4965,#4972),.PCURVE_S1.);
#4961 = LINE('',#4962,#4963);
#4962 = CARTESIAN_POINT('',(41.776541043572,24.281289528332,
    49.129895882375));
#4963 = VECTOR('',#4964,1.);
#4964 = DIRECTION('',(-0.258819045103,0.965925826289,-1.072393092426E-16
    ));
#4965 = PCURVE('',#4858,#4966);
#4966 = DEFINITIONAL_REPRESENTATION('',(#4967),#4971);
#4967 = LINE('',#4968,#4969);
#4968 = CARTESIAN_POINT('',(-1.140429396889,8.881784197001E-16));
#4969 = VECTOR('',#4970,1.);
#4970 = DIRECTION('',(-0.,1.));
#4971 = ( GEOMETRIC_REPRESENTATION_CONTEXT(2) 
PARAMETRIC_REPRESENTATION_CONTEXT() REPRESENTATION_CONTEXT('2D SPACE',''
  ) );
#4972 = PCURVE('',#160,#4973);
#4973 = DEFINITIONAL_REPRESENTATION('',(#4974),#4978);
#4974 = LINE('',#4975,#4976);
#4975 = CARTESIAN_POINT('',(-2.4,-4.129895882375));
#4976 = VECTOR('',#4977,1.);
#4977 = DIRECTION('',(-1.,0.));
#4978 = ( GEOMETRIC_REPRESENTATION_CONTEXT(2) 
PARAMETRIC_REPRESENTATION_CONTEXT() REPRESENTATION_CONTEXT('2D SPACE',''
  ) );
#4979 = ORIENTED_EDGE('',*,*,#4980,.F.);
#4980 = EDGE_CURVE('',#4981,#4958,#4983,.T.);
#4981 = VERTEX_POINT('',#4982);
#4982 = CARTESIAN_POINT('',(26.942893531193,17.821962823598,
    50.380180964416));
#4983 = SURFACE_CURVE('',#4984,(#4989,#4996),.PCURVE_S1.);
#4984 = CIRCLE('',#4985,23.25);
#4985 = AXIS2_PLACEMENT_3D('',#4986,#4987,#4988);
#4986 = CARTESIAN_POINT('',(33.028226236815,19.452522807744,28.));
#4987 = DIRECTION('',(-0.258819045103,0.965925826289,-1.072393092426E-16
    ));
#4988 = DIRECTION('',(0.965925826289,0.258819045103,-2.873468630843E-17)
  );
#4989 = PCURVE('',#4858,#4990);
#4990 = DEFINITIONAL_REPRESENTATION('',(#4991),#4995);
#4991 = LINE('',#4992,#4993);
#4992 = CARTESIAN_POINT('',(-6.28318530718,-2.4));
#4993 = VECTOR('',#4994,1.);
#4994 = DIRECTION('',(1.,-0.));
#4995 = ( GEOMETRIC_REPRESENTATION_CONTEXT(2) 
PARAMETRIC_REPRESENTATION_CONTEXT() REPRESENTATION_CONTEXT('2D SPACE',''
  ) );
#4996 = PCURVE('',#189,#4997);
#4997 = DEFINITIONAL_REPRESENTATION('',(#4998),#5006);
#4998 = ( BOUNDED_CURVE() B_SPLINE_CURVE(2,(#4999,#5000,#5001,#5002,
#5003,#5004,#5005),.UNSPECIFIED.,.T.,.F.) B_SPLINE_CURVE_WITH_KNOTS((1,2
    ,2,2,2,1),(-2.094395102393,0.,2.094395102393,4.188790204786,
6.28318530718,8.377580409573),.UNSPECIFIED.) CURVE() 
GEOMETRIC_REPRESENTATION_ITEM() RATIONAL_B_SPLINE_CURVE((1.,0.5,1.,0.5,
1.,0.5,1.)) REPRESENTATION_ITEM('') );
#4999 = CARTESIAN_POINT('',(29.55,-17.));
#5000 = CARTESIAN_POINT('',(29.55,-57.27018127597));
#5001 = CARTESIAN_POINT('',(-5.325,-37.13509063798));
#5002 = CARTESIAN_POINT('',(-40.2,-17.));
#5003 = CARTESIAN_POINT('',(-5.325,3.135090637988));
#5004 = CARTESIAN_POINT('',(29.55,23.270181275976));
#5005 = CARTESIAN_POINT('',(29.55,-17.));
#5006 = ( GEOMETRIC_REPRESENTATION_CONTEXT(2) 
PARAMETRIC_REPRESENTATION_CONTEXT() REPRESENTATION_CONTEXT('2D SPACE',''
  ) );
#5007 = ORIENTED_EDGE('',*,*,#5008,.F.);
#5008 = EDGE_CURVE('',#5009,#4981,#5011,.T.);
#5009 = VERTEX_POINT('',#5010);
#5010 = CARTESIAN_POINT('',(29.880489693107,6.858704695217,
    50.380180964416));
#5011 = SURFACE_CURVE('',#5012,(#5016,#5023),.PCURVE_S1.);
#5012 = LINE('',#5013,#5014);
#5013 = CARTESIAN_POINT('',(26.321727822947,20.140184806691,
    50.380180964416));
#5014 = VECTOR('',#5015,1.);
#5015 = DIRECTION('',(-0.258819045103,0.965925826289,-1.072393092426E-16
    ));
#5016 = PCURVE('',#4858,#5017);
#5017 = DEFINITIONAL_REPRESENTATION('',(#5018),#5022);
#5018 = LINE('',#5019,#5020);
#5019 = CARTESIAN_POINT('',(-1.845194570012,4.440892098501E-16));
#5020 = VECTOR('',#5021,1.);
#5021 = DIRECTION('',(-0.,1.));
#5022 = ( GEOMETRIC_REPRESENTATION_CONTEXT(2) 
PARAMETRIC_REPRESENTATION_CONTEXT() REPRESENTATION_CONTEXT('2D SPACE',''
  ) );
#5023 = PCURVE('',#221,#5024);
#5024 = DEFINITIONAL_REPRESENTATION('',(#5025),#5029);
#5025 = LINE('',#5026,#5027);
#5026 = CARTESIAN_POINT('',(-2.4,-5.380180964416));
#5027 = VECTOR('',#5028,1.);
#5028 = DIRECTION('',(-1.,0.));
#5029 = ( GEOMETRIC_REPRESENTATION_CONTEXT(2) 
PARAMETRIC_REPRESENTATION_CONTEXT() REPRESENTATION_CONTEXT('2D SPACE',''
  ) );
#5030 = ORIENTED_EDGE('',*,*,#5031,.F.);
#5031 = EDGE_CURVE('',#4905,#5009,#5032,.T.);
#5032 = SURFACE_CURVE('',#5033,(#5038,#5045),.PCURVE_S1.);
#5033 = CIRCLE('',#5034,23.25);
#5034 = AXIS2_PLACEMENT_3D('',#5035,#5036,#5037);
#5035 = CARTESIAN_POINT('',(35.965822398728,8.489264679363,28.));
#5036 = DIRECTION('',(-0.258819045103,0.965925826289,-1.072393092426E-16
    ));
#5037 = DIRECTION('',(0.965925826289,0.258819045103,-2.873468630843E-17)
  );
#5038 = PCURVE('',#4858,#5039);
#5039 = DEFINITIONAL_REPRESENTATION('',(#5040),#5044);
#5040 = LINE('',#5041,#5042);
#5041 = CARTESIAN_POINT('',(-6.28318530718,-13.75));
#5042 = VECTOR('',#5043,1.);
#5043 = DIRECTION('',(1.,-0.));
#5044 = ( GEOMETRIC_REPRESENTATION_CONTEXT(2) 
PARAMETRIC_REPRESENTATION_CONTEXT() REPRESENTATION_CONTEXT('2D SPACE',''
  ) );
#5045 = PCURVE('',#128,#5046);
#5046 = DEFINITIONAL_REPRESENTATION('',(#5047),#5055);
#5047 = ( BOUNDED_CURVE() B_SPLINE_CURVE(2,(#5048,#5049,#5050,#5051,
#5052,#5053,#5054),.UNSPECIFIED.,.T.,.F.) B_SPLINE_CURVE_WITH_KNOTS((1,2
    ,2,2,2,1),(-2.094395102393,0.,2.094395102393,4.188790204786,
6.28318530718,8.377580409573),.UNSPECIFIED.) CURVE() 
GEOMETRIC_REPRESENTATION_ITEM() RATIONAL_B_SPLINE_CURVE((1.,0.5,1.,0.5,
1.,0.5,1.)) REPRESENTATION_ITEM('') );
#5048 = CARTESIAN_POINT('',(23.25,1.972152263053E-31));
#5049 = CARTESIAN_POINT('',(23.25,-40.27018127597));
#5050 = CARTESIAN_POINT('',(-11.625,-20.13509063798));
#5051 = CARTESIAN_POINT('',(-46.5,-5.694607616035E-15));
#5052 = CARTESIAN_POINT('',(-11.625,20.135090637988));
#5053 = CARTESIAN_POINT('',(23.25,40.270181275976));
#5054 = CARTESIAN_POINT('',(23.25,1.972152263053E-31));
#5055 = ( GEOMETRIC_REPRESENTATION_CONTEXT(2) 
PARAMETRIC_REPRESENTATION_CONTEXT() REPRESENTATION_CONTEXT('2D SPACE',''
  ) );
#5056 = ADVANCED_FACE('',(#5057),#3892,.F.);
#5057 = FACE_BOUND('',#5058,.T.);
#5058 = EDGE_LOOP('',(#5059,#5060,#5061,#5062,#5085,#5129,#5152,#5178));
#5059 = ORIENTED_EDGE('',*,*,#4872,.T.);
#5060 = ORIENTED_EDGE('',*,*,#4642,.T.);
#5061 = ORIENTED_EDGE('',*,*,#4762,.T.);
#5062 = ORIENTED_EDGE('',*,*,#5063,.T.);
#5063 = EDGE_CURVE('',#4693,#5064,#5066,.T.);
#5064 = VERTEX_POINT('',#5065);
#5065 = CARTESIAN_POINT('',(47.371981216786,31.930746135935,14.));
#5066 = SURFACE_CURVE('',#5067,(#5071,#5078),.PCURVE_S1.);
#5067 = LINE('',#5068,#5069);
#5068 = CARTESIAN_POINT('',(39.126162044884,62.704562235498,14.));
#5069 = VECTOR('',#5070,1.);
#5070 = DIRECTION('',(-0.258819045103,0.965925826289,-1.072393092426E-16
    ));
#5071 = PCURVE('',#3892,#5072);
#5072 = DEFINITIONAL_REPRESENTATION('',(#5073),#5077);
#5073 = LINE('',#5074,#5075);
#5074 = CARTESIAN_POINT('',(-5.681493788139,1.7763568394E-15));
#5075 = VECTOR('',#5076,1.);
#5076 = DIRECTION('',(-0.,1.));
#5077 = ( GEOMETRIC_REPRESENTATION_CONTEXT(2) 
PARAMETRIC_REPRESENTATION_CONTEXT() REPRESENTATION_CONTEXT('2D SPACE',''
  ) );
#5078 = PCURVE('',#882,#5079);
#5079 = DEFINITIONAL_REPRESENTATION('',(#5080),#5084);
#5080 = LINE('',#5081,#5082);
#5081 = CARTESIAN_POINT('',(-36.08218921802,-17.60780946064));
#5082 = VECTOR('',#5083,1.);
#5083 = DIRECTION('',(-0.965925826289,-0.258819045103));
#5084 = ( GEOMETRIC_REPRESENTATION_CONTEXT(2) 
PARAMETRIC_REPRESENTATION_CONTEXT() REPRESENTATION_CONTEXT('2D SPACE',''
  ) );
#5085 = ORIENTED_EDGE('',*,*,#5086,.T.);
#5086 = EDGE_CURVE('',#5064,#5087,#5089,.T.);
#5087 = VERTEX_POINT('',#5088);
#5088 = CARTESIAN_POINT('',(42.848641705535,31.930746135935,14.));
#5089 = SURFACE_CURVE('',#5090,(#5095,#5122),.PCURVE_S1.);
#5090 = ELLIPSE('',#5091,2.743481878087,2.65);
#5091 = AXIS2_PLACEMENT_3D('',#5092,#5093,#5094);
#5092 = CARTESIAN_POINT('',(45.110311461161,31.930746135935,15.5));
#5093 = DIRECTION('',(0.,1.,-1.110223024625E-16));
#5094 = DIRECTION('',(-1.,0.,0.));
#5095 = PCURVE('',#3892,#5096);
#5096 = DEFINITIONAL_REPRESENTATION('',(#5097),#5121);
#5097 = B_SPLINE_CURVE_WITH_KNOTS('',8,(#5098,#5099,#5100,#5101,#5102,
    #5103,#5104,#5105,#5106,#5107,#5108,#5109,#5110,#5111,#5112,#5113,
    #5114,#5115,#5116,#5117,#5118,#5119,#5120),.UNSPECIFIED.,.F.,.F.,(9,
    7,7,9),(3.14159265359,4.712388980385,7.068583470577,9.424777960769),
  .UNSPECIFIED.);
#5098 = CARTESIAN_POINT('',(-6.28318530718,-31.98410094165));
#5099 = CARTESIAN_POINT('',(-6.08683576633,-31.98410094165));
#5100 = CARTESIAN_POINT('',(-5.890486225481,-31.95281439363));
#5101 = CARTESIAN_POINT('',(-5.694136684631,-31.89024507976));
#5102 = CARTESIAN_POINT('',(-5.497787143782,-31.79895471164));
#5103 = CARTESIAN_POINT('',(-5.301437602933,-31.68410971004));
#5104 = CARTESIAN_POINT('',(-5.105088062083,-31.55287711124));
#5105 = CARTESIAN_POINT('',(-4.908738521234,-31.4134565891));
#5106 = CARTESIAN_POINT('',(-4.417864669111,-31.06490407061));
#5107 = CARTESIAN_POINT('',(-4.12334035784,-30.85577180165));
#5108 = CARTESIAN_POINT('',(-3.828816046552,-30.67428940747));
#5109 = CARTESIAN_POINT('',(-3.534291735313,-30.54806737051));
#5110 = CARTESIAN_POINT('',(-3.239767424003,-30.4971798647));
#5111 = CARTESIAN_POINT('',(-2.945243112745,-30.5259631729));
#5112 = CARTESIAN_POINT('',(-2.650718801466,-30.62406524095));
#5113 = CARTESIAN_POINT('',(-2.061670178918,-30.91982186026));
#5114 = CARTESIAN_POINT('',(-1.767145867645,-31.11747748333));
#5115 = CARTESIAN_POINT('',(-1.472621556394,-31.34534903819));
#5116 = CARTESIAN_POINT('',(-1.17809724509,-31.57474146055));
#5117 = CARTESIAN_POINT('',(-0.883572933842,-31.77292929841));
#5118 = CARTESIAN_POINT('',(-0.589048622546,-31.91370594783));
#5119 = CARTESIAN_POINT('',(-0.294524311274,-31.98410094165));
#5120 = CARTESIAN_POINT('',(-8.881784197001E-16,-31.98410094165));
#5121 = ( GEOMETRIC_REPRESENTATION_CONTEXT(2) 
PARAMETRIC_REPRESENTATION_CONTEXT() REPRESENTATION_CONTEXT('2D SPACE',''
  ) );
#5122 = PCURVE('',#699,#5123);
#5123 = DEFINITIONAL_REPRESENTATION('',(#5124),#5128);
#5124 = ELLIPSE('',#5125,2.743481878087,2.65);
#5125 = AXIS2_PLACEMENT_2D('',#5126,#5127);
#5126 = CARTESIAN_POINT('',(28.572055741121,-29.5));
#5127 = DIRECTION('',(1.,0.));
#5128 = ( GEOMETRIC_REPRESENTATION_CONTEXT(2) 
PARAMETRIC_REPRESENTATION_CONTEXT() REPRESENTATION_CONTEXT('2D SPACE',''
  ) );
#5129 = ORIENTED_EDGE('',*,*,#5130,.F.);
#5130 = EDGE_CURVE('',#5131,#5087,#5133,.T.);
#5131 = VERTEX_POINT('',#5132);
#5132 = CARTESIAN_POINT('',(43.964495404505,27.766323437568,14.));
#5133 = SURFACE_CURVE('',#5134,(#5138,#5145),.PCURVE_S1.);
#5134 = LINE('',#5135,#5136);
#5135 = CARTESIAN_POINT('',(34.905828825916,61.573727357685,14.));
#5136 = VECTOR('',#5137,1.);
#5137 = DIRECTION('',(-0.258819045103,0.965925826289,-1.072393092426E-16
    ));
#5138 = PCURVE('',#3892,#5139);
#5139 = DEFINITIONAL_REPRESENTATION('',(#5140),#5144);
#5140 = LINE('',#5141,#5142);
#5141 = CARTESIAN_POINT('',(-3.74328417263,1.665334536938E-15));
#5142 = VECTOR('',#5143,1.);
#5143 = DIRECTION('',(-0.,1.));
#5144 = ( GEOMETRIC_REPRESENTATION_CONTEXT(2) 
PARAMETRIC_REPRESENTATION_CONTEXT() REPRESENTATION_CONTEXT('2D SPACE',''
  ) );
#5145 = PCURVE('',#3701,#5146);
#5146 = DEFINITIONAL_REPRESENTATION('',(#5147),#5151);
#5147 = LINE('',#5148,#5149);
#5148 = CARTESIAN_POINT('',(-34.95135434021,-21.82814267961));
#5149 = VECTOR('',#5150,1.);
#5150 = DIRECTION('',(-0.965925826289,-0.258819045103));
#5151 = ( GEOMETRIC_REPRESENTATION_CONTEXT(2) 
PARAMETRIC_REPRESENTATION_CONTEXT() REPRESENTATION_CONTEXT('2D SPACE',''
  ) );
#5152 = ORIENTED_EDGE('',*,*,#5153,.T.);
#5153 = EDGE_CURVE('',#5131,#3877,#5154,.T.);
#5154 = SURFACE_CURVE('',#5155,(#5160,#5167),.PCURVE_S1.);
#5155 = CIRCLE('',#5156,2.65);
#5156 = AXIS2_PLACEMENT_3D('',#5157,#5158,#5159);
#5157 = CARTESIAN_POINT('',(46.074662013989,28.331740876474,15.5));
#5158 = DIRECTION('',(-0.258819045103,0.965925826289,-1.072393092426E-16
    ));
#5159 = DIRECTION('',(0.965925826289,0.258819045103,-2.873468630843E-17)
  );
#5160 = PCURVE('',#3892,#5161);
#5161 = DEFINITIONAL_REPRESENTATION('',(#5162),#5166);
#5162 = LINE('',#5163,#5164);
#5163 = CARTESIAN_POINT('',(-6.28318530718,-35.));
#5164 = VECTOR('',#5165,1.);
#5165 = DIRECTION('',(1.,-0.));
#5166 = ( GEOMETRIC_REPRESENTATION_CONTEXT(2) 
PARAMETRIC_REPRESENTATION_CONTEXT() REPRESENTATION_CONTEXT('2D SPACE',''
  ) );
#5167 = PCURVE('',#3921,#5168);
#5168 = DEFINITIONAL_REPRESENTATION('',(#5169),#5177);
#5169 = ( BOUNDED_CURVE() B_SPLINE_CURVE(2,(#5170,#5171,#5172,#5173,
#5174,#5175,#5176),.UNSPECIFIED.,.T.,.F.) B_SPLINE_CURVE_WITH_KNOTS((1,2
    ,2,2,2,1),(-2.094395102393,0.,2.094395102393,4.188790204786,
6.28318530718,8.377580409573),.UNSPECIFIED.) CURVE() 
GEOMETRIC_REPRESENTATION_ITEM() RATIONAL_B_SPLINE_CURVE((1.,0.5,1.,0.5,
1.,0.5,1.)) REPRESENTATION_ITEM('') );
#5170 = CARTESIAN_POINT('',(17.55,-12.5));
#5171 = CARTESIAN_POINT('',(17.55,-17.08993464005));
#5172 = CARTESIAN_POINT('',(13.575,-14.79496732002));
#5173 = CARTESIAN_POINT('',(9.6,-12.5));
#5174 = CARTESIAN_POINT('',(13.575,-10.20503267997));
#5175 = CARTESIAN_POINT('',(17.55,-7.910065359942));
#5176 = CARTESIAN_POINT('',(17.55,-12.5));
#5177 = ( GEOMETRIC_REPRESENTATION_CONTEXT(2) 
PARAMETRIC_REPRESENTATION_CONTEXT() REPRESENTATION_CONTEXT('2D SPACE',''
  ) );
#5178 = ORIENTED_EDGE('',*,*,#3876,.F.);
#5179 = ADVANCED_FACE('',(#5180),#3921,.F.);
#5180 = FACE_BOUND('',#5181,.F.);
#5181 = EDGE_LOOP('',(#5182,#5203,#5204));
#5182 = ORIENTED_EDGE('',*,*,#5183,.F.);
#5183 = EDGE_CURVE('',#5131,#3905,#5184,.T.);
#5184 = SURFACE_CURVE('',#5185,(#5189,#5196),.PCURVE_S1.);
#5185 = LINE('',#5186,#5187);
#5186 = CARTESIAN_POINT('',(43.637479200264,27.67869970973,14.));
#5187 = VECTOR('',#5188,1.);
#5188 = DIRECTION('',(-0.965925826289,-0.258819045103,2.873468630843E-17
    ));
#5189 = PCURVE('',#3921,#5190);
#5190 = DEFINITIONAL_REPRESENTATION('',(#5191),#5195);
#5191 = LINE('',#5192,#5193);
#5192 = CARTESIAN_POINT('',(12.376842685646,-14.));
#5193 = VECTOR('',#5194,1.);
#5194 = DIRECTION('',(-1.,0.));
#5195 = ( GEOMETRIC_REPRESENTATION_CONTEXT(2) 
PARAMETRIC_REPRESENTATION_CONTEXT() REPRESENTATION_CONTEXT('2D SPACE',''
  ) );
#5196 = PCURVE('',#3701,#5197);
#5197 = DEFINITIONAL_REPRESENTATION('',(#5198),#5202);
#5198 = LINE('',#5199,#5200);
#5199 = CARTESIAN_POINT('',(-1.056326692256,-13.09649230526));
#5200 = VECTOR('',#5201,1.);
#5201 = DIRECTION('',(0.258819045103,-0.965925826289));
#5202 = ( GEOMETRIC_REPRESENTATION_CONTEXT(2) 
PARAMETRIC_REPRESENTATION_CONTEXT() REPRESENTATION_CONTEXT('2D SPACE',''
  ) );
#5203 = ORIENTED_EDGE('',*,*,#5153,.T.);
#5204 = ORIENTED_EDGE('',*,*,#3904,.T.);
#5205 = ADVANCED_FACE('',(#5206),#3701,.T.);
#5206 = FACE_BOUND('',#5207,.T.);
#5207 = EDGE_LOOP('',(#5208,#5209,#5210,#5231,#5232));
#5208 = ORIENTED_EDGE('',*,*,#5183,.F.);
#5209 = ORIENTED_EDGE('',*,*,#5130,.T.);
#5210 = ORIENTED_EDGE('',*,*,#5211,.T.);
#5211 = EDGE_CURVE('',#5087,#3684,#5212,.T.);
#5212 = SURFACE_CURVE('',#5213,(#5217,#5224),.PCURVE_S1.);
#5213 = LINE('',#5214,#5215);
#5214 = CARTESIAN_POINT('',(73.682367202281,31.930746135935,14.));
#5215 = VECTOR('',#5216,1.);
#5216 = DIRECTION('',(-1.,0.,0.));
#5217 = PCURVE('',#3701,#5218);
#5218 = DEFINITIONAL_REPRESENTATION('',(#5219),#5223);
#5219 = LINE('',#5220,#5221);
#5220 = CARTESIAN_POINT('',(-5.308373118461,16.948395696752));
#5221 = VECTOR('',#5222,1.);
#5222 = DIRECTION('',(0.,-1.));
#5223 = ( GEOMETRIC_REPRESENTATION_CONTEXT(2) 
PARAMETRIC_REPRESENTATION_CONTEXT() REPRESENTATION_CONTEXT('2D SPACE',''
  ) );
#5224 = PCURVE('',#699,#5225);
#5225 = DEFINITIONAL_REPRESENTATION('',(#5226),#5230);
#5226 = LINE('',#5227,#5228);
#5227 = CARTESIAN_POINT('',(-0.,-31.));
#5228 = VECTOR('',#5229,1.);
#5229 = DIRECTION('',(1.,0.));
#5230 = ( GEOMETRIC_REPRESENTATION_CONTEXT(2) 
PARAMETRIC_REPRESENTATION_CONTEXT() REPRESENTATION_CONTEXT('2D SPACE',''
  ) );
#5231 = ORIENTED_EDGE('',*,*,#3683,.T.);
#5232 = ORIENTED_EDGE('',*,*,#3937,.F.);
#5233 = ADVANCED_FACE('',(#5234),#3573,.T.);
#5234 = FACE_BOUND('',#5235,.F.);
#5235 = EDGE_LOOP('',(#5236,#5237,#5265,#5293,#5317,#5340));
#5236 = ORIENTED_EDGE('',*,*,#3555,.T.);
#5237 = ORIENTED_EDGE('',*,*,#5238,.T.);
#5238 = EDGE_CURVE('',#3558,#5239,#5241,.T.);
#5239 = VERTEX_POINT('',#5240);
#5240 = CARTESIAN_POINT('',(42.58275616962,27.39608752543,4.576705241597
    ));
#5241 = SURFACE_CURVE('',#5242,(#5247,#5254),.PCURVE_S1.);
#5242 = CIRCLE('',#5243,4.8);
#5243 = AXIS2_PLACEMENT_3D('',#5244,#5245,#5246);
#5244 = CARTESIAN_POINT('',(47.195271412506,28.632007259838,
    5.063742759908));
#5245 = DIRECTION('',(-0.258819045103,0.965925826289,-1.110223024625E-16
    ));
#5246 = DIRECTION('',(0.42075918971,0.112742085091,0.90013939283));
#5247 = PCURVE('',#3573,#5248);
#5248 = DEFINITIONAL_REPRESENTATION('',(#5249),#5253);
#5249 = LINE('',#5250,#5251);
#5250 = CARTESIAN_POINT('',(-7.403274716913,0.));
#5251 = VECTOR('',#5252,1.);
#5252 = DIRECTION('',(1.,-0.));
#5253 = ( GEOMETRIC_REPRESENTATION_CONTEXT(2) 
PARAMETRIC_REPRESENTATION_CONTEXT() REPRESENTATION_CONTEXT('2D SPACE',''
  ) );
#5254 = PCURVE('',#71,#5255);
#5255 = DEFINITIONAL_REPRESENTATION('',(#5256),#5264);
#5256 = ( BOUNDED_CURVE() B_SPLINE_CURVE(2,(#5257,#5258,#5259,#5260,
#5261,#5262,#5263),.UNSPECIFIED.,.T.,.F.) B_SPLINE_CURVE_WITH_KNOTS((1,2
    ,2,2,2,1),(-2.094395102393,0.,2.094395102393,4.188790204786,
6.28318530718,8.377580409573),.UNSPECIFIED.) CURVE() 
GEOMETRIC_REPRESENTATION_ITEM() RATIONAL_B_SPLINE_CURVE((1.,0.5,1.,0.5,
1.,0.5,1.)) REPRESENTATION_ITEM('') );
#5257 = CARTESIAN_POINT('',(18.151029658445,-18.6155881545));
#5258 = CARTESIAN_POINT('',(25.634648037369,-22.23711489866));
#5259 = CARTESIAN_POINT('',(18.756504686983,-26.90735515496));
#5260 = CARTESIAN_POINT('',(11.878361336598,-31.57759541126));
#5261 = CARTESIAN_POINT('',(11.27288630806,-23.2858284108));
#5262 = CARTESIAN_POINT('',(10.667411279521,-14.99406141035));
#5263 = CARTESIAN_POINT('',(18.151029658445,-18.6155881545));
#5264 = ( GEOMETRIC_REPRESENTATION_CONTEXT(2) 
PARAMETRIC_REPRESENTATION_CONTEXT() REPRESENTATION_CONTEXT('2D SPACE',''
  ) );
#5265 = ORIENTED_EDGE('',*,*,#5266,.F.);
#5266 = EDGE_CURVE('',#5267,#5239,#5269,.T.);
#5267 = VERTEX_POINT('',#5268);
#5268 = CARTESIAN_POINT('',(46.866211366067,11.410015100346,
    4.576705241597));
#5269 = SURFACE_CURVE('',#5270,(#5274,#5281),.PCURVE_S1.);
#5270 = LINE('',#5271,#5272);
#5271 = CARTESIAN_POINT('',(42.58275616962,27.39608752543,4.576705241597
    ));
#5272 = VECTOR('',#5273,1.);
#5273 = DIRECTION('',(-0.258819045103,0.965925826289,-1.072393092426E-16
    ));
#5274 = PCURVE('',#3573,#5275);
#5275 = DEFINITIONAL_REPRESENTATION('',(#5276),#5280);
#5276 = LINE('',#5277,#5278);
#5277 = CARTESIAN_POINT('',(-3.243233720253,0.));
#5278 = VECTOR('',#5279,1.);
#5279 = DIRECTION('',(-0.,1.));
#5280 = ( GEOMETRIC_REPRESENTATION_CONTEXT(2) 
PARAMETRIC_REPRESENTATION_CONTEXT() REPRESENTATION_CONTEXT('2D SPACE',''
  ) );
#5281 = PCURVE('',#5282,#5287);
#5282 = CYLINDRICAL_SURFACE('',#5283,26.);
#5283 = AXIS2_PLACEMENT_3D('',#5284,#5285,#5286);
#5284 = CARTESIAN_POINT('',(31.682367202281,24.475337104447,28.));
#5285 = DIRECTION('',(-0.258819045103,0.965925826289,-1.072393092426E-16
    ));
#5286 = DIRECTION('',(0.965925826289,0.258819045103,-2.873468630843E-17)
  );
#5287 = DEFINITIONAL_REPRESENTATION('',(#5288),#5292);
#5288 = LINE('',#5289,#5290);
#5289 = CARTESIAN_POINT('',(-5.161355955029,0.));
#5290 = VECTOR('',#5291,1.);
#5291 = DIRECTION('',(-0.,1.));
#5292 = ( GEOMETRIC_REPRESENTATION_CONTEXT(2) 
PARAMETRIC_REPRESENTATION_CONTEXT() REPRESENTATION_CONTEXT('2D SPACE',''
  ) );
#5293 = ORIENTED_EDGE('',*,*,#5294,.T.);
#5294 = EDGE_CURVE('',#5267,#5295,#5297,.T.);
#5295 = VERTEX_POINT('',#5296);
#5296 = CARTESIAN_POINT('',(53.498370719559,13.187096843189,
    9.384411845492));
#5297 = SURFACE_CURVE('',#5298,(#5303,#5310),.PCURVE_S1.);
#5298 = CIRCLE('',#5299,4.8);
#5299 = AXIS2_PLACEMENT_3D('',#5300,#5301,#5302);
#5300 = CARTESIAN_POINT('',(51.478726608953,12.645934834754,
    5.063742759908));
#5301 = DIRECTION('',(0.258819045103,-0.965925826289,1.110223024625E-16)
  );
#5302 = DIRECTION('',(-0.960940675601,-0.257483278002,-0.101466149648));
#5303 = PCURVE('',#3573,#5304);
#5304 = DEFINITIONAL_REPRESENTATION('',(#5305),#5309);
#5305 = LINE('',#5306,#5307);
#5306 = CARTESIAN_POINT('',(-3.243233720253,-16.55));
#5307 = VECTOR('',#5308,1.);
#5308 = DIRECTION('',(-1.,0.));
#5309 = ( GEOMETRIC_REPRESENTATION_CONTEXT(2) 
PARAMETRIC_REPRESENTATION_CONTEXT() REPRESENTATION_CONTEXT('2D SPACE',''
  ) );
#5310 = PCURVE('',#128,#5311);
#5311 = DEFINITIONAL_REPRESENTATION('',(#5312),#5316);
#5312 = CIRCLE('',#5313,4.8);
#5313 = AXIS2_PLACEMENT_2D('',#5314,#5315);
#5314 = CARTESIAN_POINT('',(16.060140217829,-22.93625724009));
#5315 = DIRECTION('',(-0.994838992237,-0.101466149648));
#5316 = ( GEOMETRIC_REPRESENTATION_CONTEXT(2) 
PARAMETRIC_REPRESENTATION_CONTEXT() REPRESENTATION_CONTEXT('2D SPACE',''
  ) );
#5317 = ORIENTED_EDGE('',*,*,#5318,.T.);
#5318 = EDGE_CURVE('',#5295,#5319,#5321,.T.);
#5319 = VERTEX_POINT('',#5320);
#5320 = CARTESIAN_POINT('',(51.489487673181,20.684350438737,
    9.384411845492));
#5321 = SURFACE_CURVE('',#5322,(#5326,#5333),.PCURVE_S1.);
#5322 = LINE('',#5323,#5324);
#5323 = CARTESIAN_POINT('',(49.214915523112,29.173169268273,
    9.384411845492));
#5324 = VECTOR('',#5325,1.);
#5325 = DIRECTION('',(-0.258819045103,0.965925826289,-1.072393092426E-16
    ));
#5326 = PCURVE('',#3573,#5327);
#5327 = DEFINITIONAL_REPRESENTATION('',(#5328),#5332);
#5328 = LINE('',#5329,#5330);
#5329 = CARTESIAN_POINT('',(-7.403274716913,0.));
#5330 = VECTOR('',#5331,1.);
#5331 = DIRECTION('',(-0.,1.));
#5332 = ( GEOMETRIC_REPRESENTATION_CONTEXT(2) 
PARAMETRIC_REPRESENTATION_CONTEXT() REPRESENTATION_CONTEXT('2D SPACE',''
  ) );
#5333 = PCURVE('',#588,#5334);
#5334 = DEFINITIONAL_REPRESENTATION('',(#5335),#5339);
#5335 = LINE('',#5336,#5337);
#5336 = CARTESIAN_POINT('',(-5.485152482137,0.));
#5337 = VECTOR('',#5338,1.);
#5338 = DIRECTION('',(-0.,1.));
#5339 = ( GEOMETRIC_REPRESENTATION_CONTEXT(2) 
PARAMETRIC_REPRESENTATION_CONTEXT() REPRESENTATION_CONTEXT('2D SPACE',''
  ) );
#5340 = ORIENTED_EDGE('',*,*,#5341,.F.);
#5341 = EDGE_CURVE('',#3556,#5319,#5342,.T.);
#5342 = SURFACE_CURVE('',#5343,(#5348,#5358),.PCURVE_S1.);
#5343 = ELLIPSE('',#5344,4.803890958162,4.8);
#5344 = AXIS2_PLACEMENT_3D('',#5345,#5346,#5347);
#5345 = CARTESIAN_POINT('',(49.448049512053,20.224524934152,
    5.063742759908));
#5346 = DIRECTION('',(0.219740487242,-0.975558362307,1.083087355699E-16)
  );
#5347 = DIRECTION('',(-0.975558362307,-0.219740487242,2.439609483782E-17
    ));
#5348 = PCURVE('',#3573,#5349);
#5349 = DEFINITIONAL_REPRESENTATION('',(#5350),#5357);
#5350 = B_SPLINE_CURVE_WITH_KNOTS('',5,(#5351,#5352,#5353,#5354,#5355,
    #5356),.UNSPECIFIED.,.F.,.F.,(6,6),(3.649923998501,4.261682063323),
  .PIECEWISE_BEZIER_KNOTS.);
#5351 = CARTESIAN_POINT('',(-6.791516652091,-8.87293272016));
#5352 = CARTESIAN_POINT('',(-6.913868265055,-8.861420979087));
#5353 = CARTESIAN_POINT('',(-7.03621987802,-8.846749558587));
#5354 = CARTESIAN_POINT('',(-7.158571490984,-8.829276023534));
#5355 = CARTESIAN_POINT('',(-7.280923103949,-8.809561723072));
#5356 = CARTESIAN_POINT('',(-7.403274716913,-8.788271934035));
#5357 = ( GEOMETRIC_REPRESENTATION_CONTEXT(2) 
PARAMETRIC_REPRESENTATION_CONTEXT() REPRESENTATION_CONTEXT('2D SPACE',''
  ) );
#5358 = PCURVE('',#910,#5359);
#5359 = DEFINITIONAL_REPRESENTATION('',(#5360),#5364);
#5360 = ELLIPSE('',#5361,4.803890958162,4.8);
#5361 = AXIS2_PLACEMENT_2D('',#5362,#5363);
#5362 = CARTESIAN_POINT('',(7.960243702293,-5.936257240092));
#5363 = DIRECTION('',(-1.,0.));
#5364 = ( GEOMETRIC_REPRESENTATION_CONTEXT(2) 
PARAMETRIC_REPRESENTATION_CONTEXT() REPRESENTATION_CONTEXT('2D SPACE',''
  ) );
#5365 = ADVANCED_FACE('',(#5366),#5282,.T.);
#5366 = FACE_BOUND('',#5367,.F.);
#5367 = EDGE_LOOP('',(#5368,#5394,#5417,#5443,#5444,#5468,#5529,#5562));
#5368 = ORIENTED_EDGE('',*,*,#5369,.F.);
#5369 = EDGE_CURVE('',#5370,#5372,#5374,.T.);
#5370 = VERTEX_POINT('',#5371);
#5371 = CARTESIAN_POINT('',(6.896710499704,17.834040407116,
    23.809009663576));
#5372 = VERTEX_POINT('',#5373);
#5373 = CARTESIAN_POINT('',(7.78668195247,18.072507539172,20.));
#5374 = SURFACE_CURVE('',#5375,(#5380,#5387),.PCURVE_S1.);
#5375 = CIRCLE('',#5376,26.);
#5376 = AXIS2_PLACEMENT_3D('',#5377,#5378,#5379);
#5377 = CARTESIAN_POINT('',(31.682367202281,24.475337104447,28.));
#5378 = DIRECTION('',(0.258819045103,-0.965925826289,9.71445146547E-17)
  );
#5379 = DIRECTION('',(0.419245729513,0.112336554653,0.900895952246));
#5380 = PCURVE('',#5282,#5381);
#5381 = DEFINITIONAL_REPRESENTATION('',(#5382),#5386);
#5382 = LINE('',#5383,#5384);
#5383 = CARTESIAN_POINT('',(-1.121829352151,0.));
#5384 = VECTOR('',#5385,1.);
#5385 = DIRECTION('',(-1.,0.));
#5386 = ( GEOMETRIC_REPRESENTATION_CONTEXT(2) 
PARAMETRIC_REPRESENTATION_CONTEXT() REPRESENTATION_CONTEXT('2D SPACE',''
  ) );
#5387 = PCURVE('',#71,#5388);
#5388 = DEFINITIONAL_REPRESENTATION('',(#5389),#5393);
#5389 = CIRCLE('',#5390,26.);
#5390 = AXIS2_PLACEMENT_2D('',#5391,#5392);
#5391 = CARTESIAN_POINT('',(1.02086113104E-31,-3.552713678801E-15));
#5392 = DIRECTION('',(0.434035117503,0.900895952246));
#5393 = ( GEOMETRIC_REPRESENTATION_CONTEXT(2) 
PARAMETRIC_REPRESENTATION_CONTEXT() REPRESENTATION_CONTEXT('2D SPACE',''
  ) );
#5394 = ORIENTED_EDGE('',*,*,#5395,.F.);
#5395 = EDGE_CURVE('',#5396,#5370,#5398,.T.);
#5396 = VERTEX_POINT('',#5397);
#5397 = CARTESIAN_POINT('',(11.180165696151,1.847967982032,
    23.809009663576));
#5398 = SURFACE_CURVE('',#5399,(#5403,#5410),.PCURVE_S1.);
#5399 = LINE('',#5400,#5401);
#5400 = CARTESIAN_POINT('',(6.896710499704,17.834040407116,
    23.809009663576));
#5401 = VECTOR('',#5402,1.);
#5402 = DIRECTION('',(-0.258819045103,0.965925826289,-1.072393092426E-16
    ));
#5403 = PCURVE('',#5282,#5404);
#5404 = DEFINITIONAL_REPRESENTATION('',(#5405),#5409);
#5405 = LINE('',#5406,#5407);
#5406 = CARTESIAN_POINT('',(-3.303490917144,0.));
#5407 = VECTOR('',#5408,1.);
#5408 = DIRECTION('',(-0.,1.));
#5409 = ( GEOMETRIC_REPRESENTATION_CONTEXT(2) 
PARAMETRIC_REPRESENTATION_CONTEXT() REPRESENTATION_CONTEXT('2D SPACE',''
  ) );
#5410 = PCURVE('',#277,#5411);
#5411 = DEFINITIONAL_REPRESENTATION('',(#5412),#5416);
#5412 = LINE('',#5413,#5414);
#5413 = CARTESIAN_POINT('',(-5.22161315192,0.));
#5414 = VECTOR('',#5415,1.);
#5415 = DIRECTION('',(-0.,1.));
#5416 = ( GEOMETRIC_REPRESENTATION_CONTEXT(2) 
PARAMETRIC_REPRESENTATION_CONTEXT() REPRESENTATION_CONTEXT('2D SPACE',''
  ) );
#5417 = ORIENTED_EDGE('',*,*,#5418,.F.);
#5418 = EDGE_CURVE('',#5267,#5396,#5419,.T.);
#5419 = SURFACE_CURVE('',#5420,(#5425,#5432),.PCURVE_S1.);
#5420 = CIRCLE('',#5421,26.);
#5421 = AXIS2_PLACEMENT_3D('',#5422,#5423,#5424);
#5422 = CARTESIAN_POINT('',(35.965822398728,8.489264679363,28.));
#5423 = DIRECTION('',(-0.258819045103,0.965925826289,-1.249000902703E-16
    ));
#5424 = DIRECTION('',(0.67432878157,0.180685852455,0.715984159789));
#5425 = PCURVE('',#5282,#5426);
#5426 = DEFINITIONAL_REPRESENTATION('',(#5427),#5431);
#5427 = LINE('',#5428,#5429);
#5428 = CARTESIAN_POINT('',(-7.081218132223,-16.55));
#5429 = VECTOR('',#5430,1.);
#5430 = DIRECTION('',(1.,-0.));
#5431 = ( GEOMETRIC_REPRESENTATION_CONTEXT(2) 
PARAMETRIC_REPRESENTATION_CONTEXT() REPRESENTATION_CONTEXT('2D SPACE',''
  ) );
#5432 = PCURVE('',#128,#5433);
#5433 = DEFINITIONAL_REPRESENTATION('',(#5434),#5442);
#5434 = ( BOUNDED_CURVE() B_SPLINE_CURVE(2,(#5435,#5436,#5437,#5438,
#5439,#5440,#5441),.UNSPECIFIED.,.T.,.F.) B_SPLINE_CURVE_WITH_KNOTS((1,2
    ,2,2,2,1),(-2.094395102393,0.,2.094395102393,4.188790204786,
6.28318530718,8.377580409573),.UNSPECIFIED.) CURVE() 
GEOMETRIC_REPRESENTATION_ITEM() RATIONAL_B_SPLINE_CURVE((1.,0.5,1.,0.5,
1.,0.5,1.)) REPRESENTATION_ITEM('') );
#5435 = CARTESIAN_POINT('',(18.151029658445,18.615588154507));
#5436 = CARTESIAN_POINT('',(50.39417415483,-12.8229174236));
#5437 = CARTESIAN_POINT('',(7.046057418969,-25.02704686631));
#5438 = CARTESIAN_POINT('',(-36.30205931689,-37.23117630901));
#5439 = CARTESIAN_POINT('',(-25.19708707741,6.411458711805));
#5440 = CARTESIAN_POINT('',(-14.09211483793,50.054093732624));
#5441 = CARTESIAN_POINT('',(18.151029658445,18.615588154507));
#5442 = ( GEOMETRIC_REPRESENTATION_CONTEXT(2) 
PARAMETRIC_REPRESENTATION_CONTEXT() REPRESENTATION_CONTEXT('2D SPACE',''
  ) );
#5443 = ORIENTED_EDGE('',*,*,#5266,.T.);
#5444 = ORIENTED_EDGE('',*,*,#5445,.F.);
#5445 = EDGE_CURVE('',#5446,#5239,#5448,.T.);
#5446 = VERTEX_POINT('',#5447);
#5447 = CARTESIAN_POINT('',(11.886778431176,19.17112507953,12.));
#5448 = SURFACE_CURVE('',#5449,(#5454,#5461),.PCURVE_S1.);
#5449 = CIRCLE('',#5450,26.);
#5450 = AXIS2_PLACEMENT_3D('',#5451,#5452,#5453);
#5451 = CARTESIAN_POINT('',(31.682367202281,24.475337104447,28.));
#5452 = DIRECTION('',(0.258819045103,-0.965925826289,9.71445146547E-17)
  );
#5453 = DIRECTION('',(0.419245729513,0.112336554653,0.900895952246));
#5454 = PCURVE('',#5282,#5455);
#5455 = DEFINITIONAL_REPRESENTATION('',(#5456),#5460);
#5456 = LINE('',#5457,#5458);
#5457 = CARTESIAN_POINT('',(-1.121829352151,0.));
#5458 = VECTOR('',#5459,1.);
#5459 = DIRECTION('',(-1.,0.));
#5460 = ( GEOMETRIC_REPRESENTATION_CONTEXT(2) 
PARAMETRIC_REPRESENTATION_CONTEXT() REPRESENTATION_CONTEXT('2D SPACE',''
  ) );
#5461 = PCURVE('',#71,#5462);
#5462 = DEFINITIONAL_REPRESENTATION('',(#5463),#5467);
#5463 = CIRCLE('',#5464,26.);
#5464 = AXIS2_PLACEMENT_2D('',#5465,#5466);
#5465 = CARTESIAN_POINT('',(1.02086113104E-31,-3.552713678801E-15));
#5466 = DIRECTION('',(0.434035117503,0.900895952246));
#5467 = ( GEOMETRIC_REPRESENTATION_CONTEXT(2) 
PARAMETRIC_REPRESENTATION_CONTEXT() REPRESENTATION_CONTEXT('2D SPACE',''
  ) );
#5468 = ORIENTED_EDGE('',*,*,#5469,.T.);
#5469 = EDGE_CURVE('',#5446,#5470,#5472,.T.);
#5470 = VERTEX_POINT('',#5471);
#5471 = CARTESIAN_POINT('',(13.680909411789,12.475337104447,12.));
#5472 = SURFACE_CURVE('',#5473,(#5488,#5506),.PCURVE_S1.);
#5473 = B_SPLINE_CURVE_WITH_KNOTS('',7,(#5474,#5475,#5476,#5477,#5478,
    #5479,#5480,#5481,#5482,#5483,#5484,#5485,#5486,#5487),
  .UNSPECIFIED.,.F.,.F.,(8,6,8),(0.,3.40999968327E-02,1.),
  .UNSPECIFIED.);
#5474 = CARTESIAN_POINT('',(11.886778275884,19.171125659086,12.));
#5475 = CARTESIAN_POINT('',(11.890603631839,19.156849236304,12.));
#5476 = CARTESIAN_POINT('',(11.89898429782,19.125572165064,12.));
#5477 = CARTESIAN_POINT('',(11.908433969314,19.090305510931,12.));
#5478 = CARTESIAN_POINT('',(11.917027640628,19.058233492966,12.));
#5479 = CARTESIAN_POINT('',(11.924314135725,19.031039923053,12.));
#5480 = CARTESIAN_POINT('',(11.931228446477,19.005235364029,12.));
#5481 = CARTESIAN_POINT('',(12.188595139028,18.044729791252,12.));
#5482 = CARTESIAN_POINT('',(12.437230261683,17.116810880957,12.));
#5483 = CARTESIAN_POINT('',(12.685904499022,16.188745992676,12.));
#5484 = CARTESIAN_POINT('',(12.934613143571,15.260552694936,12.));
#5485 = CARTESIAN_POINT('',(13.183352241865,14.332245742274,12.));
#5486 = CARTESIAN_POINT('',(13.4321185371,13.403837289248,12.));
#5487 = CARTESIAN_POINT('',(13.680909411789,12.475337104447,12.));
#5488 = PCURVE('',#5282,#5489);
#5489 = DEFINITIONAL_REPRESENTATION('',(#5490),#5505);
#5490 = B_SPLINE_CURVE_WITH_KNOTS('',7,(#5491,#5492,#5493,#5494,#5495,
    #5496,#5497,#5498,#5499,#5500,#5501,#5502,#5503,#5504),
  .UNSPECIFIED.,.F.,.F.,(8,6,8),(0.,3.40999968327E-02,1.),
  .UNSPECIFIED.);
#5491 = CARTESIAN_POINT('',(-3.80446647724,5.999999999062E-07));
#5492 = CARTESIAN_POINT('',(-3.80446647724,-1.477944044747E-02));
#5493 = CARTESIAN_POINT('',(-3.80446647724,-4.715984729481E-02));
#5494 = CARTESIAN_POINT('',(-3.80446647724,-8.367057428214E-02));
#5495 = CARTESIAN_POINT('',(-3.80446647724,-0.116873970538));
#5496 = CARTESIAN_POINT('',(-3.80446647724,-0.14502682573));
#5497 = CARTESIAN_POINT('',(-3.80446647724,-0.171741671034));
#5498 = CARTESIAN_POINT('',(-3.80446647724,-1.166130211681));
#5499 = CARTESIAN_POINT('',(-3.80446647724,-2.126782556862));
#5500 = CARTESIAN_POINT('',(-3.80446647724,-3.087586029573));
#5501 = CARTESIAN_POINT('',(-3.80446647724,-4.04852244154));
#5502 = CARTESIAN_POINT('',(-3.80446647724,-5.00957651774));
#5503 = CARTESIAN_POINT('',(-3.80446647724,-5.97073567485));
#5504 = CARTESIAN_POINT('',(-3.80446647724,-6.93198979968));
#5505 = ( GEOMETRIC_REPRESENTATION_CONTEXT(2) 
PARAMETRIC_REPRESENTATION_CONTEXT() REPRESENTATION_CONTEXT('2D SPACE',''
  ) );
#5506 = PCURVE('',#5507,#5512);
#5507 = B_SPLINE_SURFACE_WITH_KNOTS('',1,1,(
    (#5508,#5509)
    ,(#5510,#5511
    )),.UNSPECIFIED.,.F.,.F.,.F.,(2,2),(2,2),(0.,12.),(0.,1.),
  .PIECEWISE_BEZIER_KNOTS.);
#5508 = CARTESIAN_POINT('',(2.682367202281,31.430746135935,12.));
#5509 = CARTESIAN_POINT('',(2.682367202281,12.475337104447,12.));
#5510 = CARTESIAN_POINT('',(10.682367202281,31.430746135935,12.));
#5511 = CARTESIAN_POINT('',(14.682367202281,12.475337104447,12.));
#5512 = DEFINITIONAL_REPRESENTATION('',(#5513),#5528);
#5513 = B_SPLINE_CURVE_WITH_KNOTS('',7,(#5514,#5515,#5516,#5517,#5518,
    #5519,#5520,#5521,#5522,#5523,#5524,#5525,#5526,#5527),
  .UNSPECIFIED.,.F.,.F.,(8,6,8),(0.,3.40999968327E-02,1.),
  .UNSPECIFIED.);
#5514 = CARTESIAN_POINT('',(10.432839278028,0.646761062053));
#5515 = CARTESIAN_POINT('',(10.434206416489,0.647514220307));
#5516 = CARTESIAN_POINT('',(10.4372019167,0.649164254405));
#5517 = CARTESIAN_POINT('',(10.440570335598,0.651024760505));
#5518 = CARTESIAN_POINT('',(10.443629762301,0.652716732328));
#5519 = CARTESIAN_POINT('',(10.446218542106,0.65415133972));
#5520 = CARTESIAN_POINT('',(10.448675101539,0.6555126693));
#5521 = CARTESIAN_POINT('',(10.539930947558,0.706184515588));
#5522 = CARTESIAN_POINT('',(10.624302706163,0.755137239782));
#5523 = CARTESIAN_POINT('',(10.70519025654,0.804097665101));
#5524 = CARTESIAN_POINT('',(10.782846514636,0.853064864712));
#5525 = CARTESIAN_POINT('',(10.857494619244,0.902038060232));
#5526 = CARTESIAN_POINT('',(10.929333294021,0.951016610443));
#5527 = CARTESIAN_POINT('',(10.998542209508,1.));
#5528 = ( GEOMETRIC_REPRESENTATION_CONTEXT(2) 
PARAMETRIC_REPRESENTATION_CONTEXT() REPRESENTATION_CONTEXT('2D SPACE',''
  ) );
#5529 = ORIENTED_EDGE('',*,*,#5530,.T.);
#5530 = EDGE_CURVE('',#5470,#5531,#5533,.T.);
#5531 = VERTEX_POINT('',#5532);
#5532 = CARTESIAN_POINT('',(9.286439250354,12.475337104447,20.));
#5533 = SURFACE_CURVE('',#5534,(#5539,#5550),.PCURVE_S1.);
#5534 = ELLIPSE('',#5535,26.917180690662,26.);
#5535 = AXIS2_PLACEMENT_3D('',#5536,#5537,#5538);
#5536 = CARTESIAN_POINT('',(34.897757511455,12.475337104447,28.));
#5537 = DIRECTION('',(0.,1.,-1.110223024625E-16));
#5538 = DIRECTION('',(-1.,0.,0.));
#5539 = PCURVE('',#5282,#5540);
#5540 = DEFINITIONAL_REPRESENTATION('',(#5541),#5549);
#5541 = B_SPLINE_CURVE_WITH_KNOTS('',6,(#5542,#5543,#5544,#5545,#5546,
    #5547,#5548),.UNSPECIFIED.,.F.,.F.,(7,7),(5.548191627675,
    6.121287043626),.PIECEWISE_BEZIER_KNOTS.);
#5542 = CARTESIAN_POINT('',(-3.876586333095,-7.25518790349));
#5543 = CARTESIAN_POINT('',(-3.781070430436,-6.808963128885));
#5544 = CARTESIAN_POINT('',(-3.685554527778,-6.419318791413));
#5545 = CARTESIAN_POINT('',(-3.590038625119,-6.093582204931));
#5546 = CARTESIAN_POINT('',(-3.494522722461,-5.837534712372));
#5547 = CARTESIAN_POINT('',(-3.399006819802,-5.654999616857));
#5548 = CARTESIAN_POINT('',(-3.303490917144,-5.547737887138));
#5549 = ( GEOMETRIC_REPRESENTATION_CONTEXT(2) 
PARAMETRIC_REPRESENTATION_CONTEXT() REPRESENTATION_CONTEXT('2D SPACE',''
  ) );
#5550 = PCURVE('',#5551,#5556);
#5551 = PLANE('',#5552);
#5552 = AXIS2_PLACEMENT_3D('',#5553,#5554,#5555);
#5553 = CARTESIAN_POINT('',(2.682367202281,12.475337104447,12.));
#5554 = DIRECTION('',(0.,1.,-1.110223024625E-16));
#5555 = DIRECTION('',(0.832050294338,6.158409296133E-17,0.554700196225)
  );
#5556 = DEFINITIONAL_REPRESENTATION('',(#5557),#5561);
#5557 = ELLIPSE('',#5558,26.917180690662,26.);
#5558 = AXIS2_PLACEMENT_2D('',#5559,#5560);
#5559 = CARTESIAN_POINT('',(35.68002812856,4.557078616565));
#5560 = DIRECTION('',(-0.832050294338,-0.554700196225));
#5561 = ( GEOMETRIC_REPRESENTATION_CONTEXT(2) 
PARAMETRIC_REPRESENTATION_CONTEXT() REPRESENTATION_CONTEXT('2D SPACE',''
  ) );
#5562 = ORIENTED_EDGE('',*,*,#5563,.F.);
#5563 = EDGE_CURVE('',#5372,#5531,#5564,.T.);
#5564 = SURFACE_CURVE('',#5565,(#5576,#5590),.PCURVE_S1.);
#5565 = B_SPLINE_CURVE_WITH_KNOTS('',5,(#5566,#5567,#5568,#5569,#5570,
    #5571,#5572,#5573,#5574,#5575),.UNSPECIFIED.,.F.,.F.,(6,4,6),(0.,
    3.324261351741E-02,1.),.UNSPECIFIED.);
#5566 = CARTESIAN_POINT('',(7.786681797179,18.072508118727,20.));
#5567 = CARTESIAN_POINT('',(7.791187283876,18.055693413461,20.));
#5568 = CARTESIAN_POINT('',(7.803168193434,18.010980050269,20.));
#5569 = CARTESIAN_POINT('',(7.813267781782,17.973287873419,20.));
#5570 = CARTESIAN_POINT('',(7.820221758453,17.947335279169,20.));
#5571 = CARTESIAN_POINT('',(8.12105299384,16.824617824199,20.));
#5572 = CARTESIAN_POINT('',(8.412125833786,15.738319196819,20.));
#5573 = CARTESIAN_POINT('',(8.703400196308,14.651268476945,20.));
#5574 = CARTESIAN_POINT('',(8.994845453916,13.563579967924,20.));
#5575 = CARTESIAN_POINT('',(9.286439250354,12.475337104447,20.));
#5576 = PCURVE('',#5282,#5577);
#5577 = DEFINITIONAL_REPRESENTATION('',(#5578),#5589);
#5578 = B_SPLINE_CURVE_WITH_KNOTS('',5,(#5579,#5580,#5581,#5582,#5583,
    #5584,#5585,#5586,#5587,#5588),.UNSPECIFIED.,.F.,.F.,(6,4,6),(0.,
    3.324261351741E-02,1.),.UNSPECIFIED.);
#5579 = CARTESIAN_POINT('',(-3.454359375531,5.999999999062E-07));
#5580 = CARTESIAN_POINT('',(-3.454359375531,-1.740726384269E-02));
#5581 = CARTESIAN_POINT('',(-3.454359375531,-6.369794370115E-02));
#5582 = CARTESIAN_POINT('',(-3.454359375531,-0.102719756582));
#5583 = CARTESIAN_POINT('',(-3.454359375531,-0.129587859229));
#5584 = CARTESIAN_POINT('',(-3.454359375531,-1.29191049769));
#5585 = CARTESIAN_POINT('',(-3.454359375531,-2.416529591428));
#5586 = CARTESIAN_POINT('',(-3.454359375531,-3.541927308612));
#5587 = CARTESIAN_POINT('',(-3.454359375531,-4.667985313706));
#5588 = CARTESIAN_POINT('',(-3.454359375531,-5.794617228766));
#5589 = ( GEOMETRIC_REPRESENTATION_CONTEXT(2) 
PARAMETRIC_REPRESENTATION_CONTEXT() REPRESENTATION_CONTEXT('2D SPACE',''
  ) );
#5590 = PCURVE('',#5591,#5596);
#5591 = B_SPLINE_SURFACE_WITH_KNOTS('',1,1,(
    (#5592,#5593)
    ,(#5594,#5595
    )),.UNSPECIFIED.,.F.,.F.,.F.,(2,2),(2,2),(0.,12.),(0.,1.),
  .PIECEWISE_BEZIER_KNOTS.);
#5592 = CARTESIAN_POINT('',(10.682367202281,31.430746135935,20.));
#5593 = CARTESIAN_POINT('',(14.682367202281,12.475337104447,20.));
#5594 = CARTESIAN_POINT('',(2.682367202281,31.430746135935,20.));
#5595 = CARTESIAN_POINT('',(2.682367202281,12.475337104447,20.));
#5596 = DEFINITIONAL_REPRESENTATION('',(#5597),#5608);
#5597 = B_SPLINE_CURVE_WITH_KNOTS('',5,(#5598,#5599,#5600,#5601,#5602,
    #5603,#5604,#5605,#5606,#5607),.UNSPECIFIED.,.F.,.F.,(6,4,6),(0.,
    3.324261351741E-02,1.),.UNSPECIFIED.);
#5598 = CARTESIAN_POINT('',(6.338434942161,0.704719059083));
#5599 = CARTESIAN_POINT('',(6.335294402931,0.705606125421));
#5600 = CARTESIAN_POINT('',(6.326943032241,0.707964996343));
#5601 = CARTESIAN_POINT('',(6.319936844743,0.709953461841));
#5602 = CARTESIAN_POINT('',(6.315107578559,0.711322601077));
#5603 = CARTESIAN_POINT('',(6.10673679515,0.770551998507));
#5604 = CARTESIAN_POINT('',(5.915753029919,0.827860106477));
#5605 = CARTESIAN_POINT('',(5.734172531875,0.885207891379));
#5606 = CARTESIAN_POINT('',(5.561140332832,0.942589323097));
#5607 = CARTESIAN_POINT('',(5.395927951927,1.));
#5608 = ( GEOMETRIC_REPRESENTATION_CONTEXT(2) 
PARAMETRIC_REPRESENTATION_CONTEXT() REPRESENTATION_CONTEXT('2D SPACE',''
  ) );
#5609 = ADVANCED_FACE('',(#5610),#5507,.T.);
#5610 = FACE_BOUND('',#5611,.T.);
#5611 = EDGE_LOOP('',(#5612,#5640,#5667,#5693,#5729,#5730));
#5612 = ORIENTED_EDGE('',*,*,#5613,.F.);
#5613 = EDGE_CURVE('',#5614,#5616,#5618,.T.);
#5614 = VERTEX_POINT('',#5615);
#5615 = CARTESIAN_POINT('',(2.682367202281,31.430746135935,12.));
#5616 = VERTEX_POINT('',#5617);
#5617 = CARTESIAN_POINT('',(2.682367202281,12.475337104447,12.));
#5618 = SURFACE_CURVE('',#5619,(#5622,#5629),.PCURVE_S1.);
#5619 = B_SPLINE_CURVE_WITH_KNOTS('',1,(#5620,#5621),.UNSPECIFIED.,.F.,
  .F.,(2,2),(0.,1.),.PIECEWISE_BEZIER_KNOTS.);
#5620 = CARTESIAN_POINT('',(2.682367202281,31.430746135935,12.));
#5621 = CARTESIAN_POINT('',(2.682367202281,12.475337104447,12.));
#5622 = PCURVE('',#5507,#5623);
#5623 = DEFINITIONAL_REPRESENTATION('',(#5624),#5628);
#5624 = LINE('',#5625,#5626);
#5625 = CARTESIAN_POINT('',(0.,0.));
#5626 = VECTOR('',#5627,1.);
#5627 = DIRECTION('',(0.,1.));
#5628 = ( GEOMETRIC_REPRESENTATION_CONTEXT(2) 
PARAMETRIC_REPRESENTATION_CONTEXT() REPRESENTATION_CONTEXT('2D SPACE',''
  ) );
#5629 = PCURVE('',#5630,#5635);
#5630 = PLANE('',#5631);
#5631 = AXIS2_PLACEMENT_3D('',#5632,#5633,#5634);
#5632 = CARTESIAN_POINT('',(2.682367202281,12.475337104447,20.));
#5633 = DIRECTION('',(-1.,0.,0.));
#5634 = DIRECTION('',(0.,-1.110223024625E-16,-1.));
#5635 = DEFINITIONAL_REPRESENTATION('',(#5636),#5639);
#5636 = B_SPLINE_CURVE_WITH_KNOTS('',1,(#5637,#5638),.UNSPECIFIED.,.F.,
  .F.,(2,2),(0.,1.),.PIECEWISE_BEZIER_KNOTS.);
#5637 = CARTESIAN_POINT('',(8.,-18.95540903148));
#5638 = CARTESIAN_POINT('',(8.,0.));
#5639 = ( GEOMETRIC_REPRESENTATION_CONTEXT(2) 
PARAMETRIC_REPRESENTATION_CONTEXT() REPRESENTATION_CONTEXT('2D SPACE',''
  ) );
#5640 = ORIENTED_EDGE('',*,*,#5641,.T.);
#5641 = EDGE_CURVE('',#5614,#5642,#5644,.T.);
#5642 = VERTEX_POINT('',#5643);
#5643 = CARTESIAN_POINT('',(10.682367202281,31.430746135935,12.));
#5644 = SURFACE_CURVE('',#5645,(#5649,#5655),.PCURVE_S1.);
#5645 = LINE('',#5646,#5647);
#5646 = CARTESIAN_POINT('',(2.682367202281,31.430746135935,12.));
#5647 = VECTOR('',#5648,1.);
#5648 = DIRECTION('',(1.,0.,0.));
#5649 = PCURVE('',#5507,#5650);
#5650 = DEFINITIONAL_REPRESENTATION('',(#5651),#5654);
#5651 = B_SPLINE_CURVE_WITH_KNOTS('',1,(#5652,#5653),.UNSPECIFIED.,.F.,
  .F.,(2,2),(0.,8.),.PIECEWISE_BEZIER_KNOTS.);
#5652 = CARTESIAN_POINT('',(0.,0.));
#5653 = CARTESIAN_POINT('',(12.,0.));
#5654 = ( GEOMETRIC_REPRESENTATION_CONTEXT(2) 
PARAMETRIC_REPRESENTATION_CONTEXT() REPRESENTATION_CONTEXT('2D SPACE',''
  ) );
#5655 = PCURVE('',#5656,#5661);
#5656 = PLANE('',#5657);
#5657 = AXIS2_PLACEMENT_3D('',#5658,#5659,#5660);
#5658 = CARTESIAN_POINT('',(2.682367202281,31.430746135935,12.));
#5659 = DIRECTION('',(0.,1.,-1.110223024625E-16));
#5660 = DIRECTION('',(0.707106781187,7.850462293419E-17,0.707106781187)
  );
#5661 = DEFINITIONAL_REPRESENTATION('',(#5662),#5666);
#5662 = LINE('',#5663,#5664);
#5663 = CARTESIAN_POINT('',(-4.082240392578E-15,-4.082240392578E-15));
#5664 = VECTOR('',#5665,1.);
#5665 = DIRECTION('',(0.707106781187,0.707106781187));
#5666 = ( GEOMETRIC_REPRESENTATION_CONTEXT(2) 
PARAMETRIC_REPRESENTATION_CONTEXT() REPRESENTATION_CONTEXT('2D SPACE',''
  ) );
#5667 = ORIENTED_EDGE('',*,*,#5668,.T.);
#5668 = EDGE_CURVE('',#5642,#5669,#5671,.T.);
#5669 = VERTEX_POINT('',#5670);
#5670 = CARTESIAN_POINT('',(13.195417139938,19.521773764727,12.));
#5671 = SURFACE_CURVE('',#5672,(#5675,#5682),.PCURVE_S1.);
#5672 = B_SPLINE_CURVE_WITH_KNOTS('',1,(#5673,#5674),.UNSPECIFIED.,.F.,
  .F.,(2,2),(0.,1.),.PIECEWISE_BEZIER_KNOTS.);
#5673 = CARTESIAN_POINT('',(10.682367202281,31.430746135935,12.));
#5674 = CARTESIAN_POINT('',(14.682367202281,12.475337104447,12.));
#5675 = PCURVE('',#5507,#5676);
#5676 = DEFINITIONAL_REPRESENTATION('',(#5677),#5681);
#5677 = LINE('',#5678,#5679);
#5678 = CARTESIAN_POINT('',(12.,0.));
#5679 = VECTOR('',#5680,1.);
#5680 = DIRECTION('',(0.,1.));
#5681 = ( GEOMETRIC_REPRESENTATION_CONTEXT(2) 
PARAMETRIC_REPRESENTATION_CONTEXT() REPRESENTATION_CONTEXT('2D SPACE',''
  ) );
#5682 = PCURVE('',#5683,#5688);
#5683 = PLANE('',#5684);
#5684 = AXIS2_PLACEMENT_3D('',#5685,#5686,#5687);
#5685 = CARTESIAN_POINT('',(14.682367202281,12.475337104447,12.));
#5686 = DIRECTION('',(0.978451989072,0.206474465931,-2.292327060742E-17)
  );
#5687 = DIRECTION('',(0.,1.110223024625E-16,1.));
#5688 = DEFINITIONAL_REPRESENTATION('',(#5689),#5692);
#5689 = B_SPLINE_CURVE_WITH_KNOTS('',1,(#5690,#5691),.UNSPECIFIED.,.F.,
  .F.,(2,2),(0.,1.),.PIECEWISE_BEZIER_KNOTS.);
#5690 = CARTESIAN_POINT('',(0.,-19.37285553425));
#5691 = CARTESIAN_POINT('',(0.,0.));
#5692 = ( GEOMETRIC_REPRESENTATION_CONTEXT(2) 
PARAMETRIC_REPRESENTATION_CONTEXT() REPRESENTATION_CONTEXT('2D SPACE',''
  ) );
#5693 = ORIENTED_EDGE('',*,*,#5694,.T.);
#5694 = EDGE_CURVE('',#5669,#5446,#5695,.T.);
#5695 = SURFACE_CURVE('',#5696,(#5705,#5717),.PCURVE_S1.);
#5696 = B_SPLINE_CURVE_WITH_KNOTS('',4,(#5697,#5698,#5699,#5700,#5701,
    #5702,#5703,#5704),.UNSPECIFIED.,.F.,.F.,(5,3,5),(0.,0.493795335643,
    1.),.UNSPECIFIED.);
#5697 = CARTESIAN_POINT('',(13.195417139938,19.521773764727,12.));
#5698 = CARTESIAN_POINT('',(11.936952186281,19.184569096692,12.));
#5699 = CARTESIAN_POINT('',(10.665410983875,18.843860658364,12.));
#5700 = CARTESIAN_POINT('',(9.380863465342,18.499667188134,12.));
#5701 = CARTESIAN_POINT('',(6.753363606886,17.795630722948,12.));
#5702 = CARTESIAN_POINT('',(5.409754672214,17.43561179396,12.));
#5703 = CARTESIAN_POINT('',(4.052704499843,17.071991296184,12.));
#5704 = CARTESIAN_POINT('',(2.682367202281,16.704810523944,12.));
#5705 = PCURVE('',#5507,#5706);
#5706 = DEFINITIONAL_REPRESENTATION('',(#5707),#5716);
#5707 = B_SPLINE_CURVE_WITH_KNOTS('',4,(#5708,#5709,#5710,#5711,#5712,
    #5713,#5714,#5715),.UNSPECIFIED.,.F.,.F.,(5,3,5),(0.,0.493795335643,
    1.),.UNSPECIFIED.);
#5708 = CARTESIAN_POINT('',(12.,0.628262484414));
#5709 = CARTESIAN_POINT('',(10.482317785712,0.646051848256));
#5710 = CARTESIAN_POINT('',(8.976258928092,0.664026054867));
#5711 = CARTESIAN_POINT('',(7.482076560222,0.682184115696));
#5712 = CARTESIAN_POINT('',(4.48067819532,0.719325834137));
#5713 = CARTESIAN_POINT('',(2.974078072919,0.738318773218));
#5714 = CARTESIAN_POINT('',(1.480446769958,0.757501714466));
#5715 = CARTESIAN_POINT('',(0.,0.776872479382));
#5716 = ( GEOMETRIC_REPRESENTATION_CONTEXT(2) 
PARAMETRIC_REPRESENTATION_CONTEXT() REPRESENTATION_CONTEXT('2D SPACE',''
  ) );
#5717 = PCURVE('',#71,#5718);
#5718 = DEFINITIONAL_REPRESENTATION('',(#5719),#5728);
#5719 = B_SPLINE_CURVE_WITH_KNOTS('',4,(#5720,#5721,#5722,#5723,#5724,
    #5725,#5726,#5727),.UNSPECIFIED.,.F.,.F.,(5,3,5),(0.,0.493795335643,
    1.),.UNSPECIFIED.);
#5720 = CARTESIAN_POINT('',(-19.13909904797,-16.));
#5721 = CARTESIAN_POINT('',(-20.44195783837,-16.));
#5722 = CARTESIAN_POINT('',(-21.75835415763,-16.));
#5723 = CARTESIAN_POINT('',(-23.08821560618,-16.));
#5724 = CARTESIAN_POINT('',(-25.80840362367,-16.));
#5725 = CARTESIAN_POINT('',(-27.19940994952,-16.));
#5726 = CARTESIAN_POINT('',(-28.60433166859,-16.));
#5727 = CARTESIAN_POINT('',(-30.02300923189,-16.));
#5728 = ( GEOMETRIC_REPRESENTATION_CONTEXT(2) 
PARAMETRIC_REPRESENTATION_CONTEXT() REPRESENTATION_CONTEXT('2D SPACE',''
  ) );
#5729 = ORIENTED_EDGE('',*,*,#5469,.T.);
#5730 = ORIENTED_EDGE('',*,*,#5731,.F.);
#5731 = EDGE_CURVE('',#5616,#5470,#5732,.T.);
#5732 = SURFACE_CURVE('',#5733,(#5737,#5744),.PCURVE_S1.);
#5733 = LINE('',#5734,#5735);
#5734 = CARTESIAN_POINT('',(2.682367202281,12.475337104447,12.));
#5735 = VECTOR('',#5736,1.);
#5736 = DIRECTION('',(1.,0.,0.));
#5737 = PCURVE('',#5507,#5738);
#5738 = DEFINITIONAL_REPRESENTATION('',(#5739),#5743);
#5739 = LINE('',#5740,#5741);
#5740 = CARTESIAN_POINT('',(0.,1.));
#5741 = VECTOR('',#5742,1.);
#5742 = DIRECTION('',(1.,0.));
#5743 = ( GEOMETRIC_REPRESENTATION_CONTEXT(2) 
PARAMETRIC_REPRESENTATION_CONTEXT() REPRESENTATION_CONTEXT('2D SPACE',''
  ) );
#5744 = PCURVE('',#5551,#5745);
#5745 = DEFINITIONAL_REPRESENTATION('',(#5746),#5750);
#5746 = LINE('',#5747,#5748);
#5747 = CARTESIAN_POINT('',(-5.788904738365E-15,-1.724354602917E-15));
#5748 = VECTOR('',#5749,1.);
#5749 = DIRECTION('',(0.832050294338,0.554700196225));
#5750 = ( GEOMETRIC_REPRESENTATION_CONTEXT(2) 
PARAMETRIC_REPRESENTATION_CONTEXT() REPRESENTATION_CONTEXT('2D SPACE',''
  ) );
#5751 = ADVANCED_FACE('',(#5752),#5656,.T.);
#5752 = FACE_BOUND('',#5753,.F.);
#5753 = EDGE_LOOP('',(#5754,#5755,#5778,#5800));
#5754 = ORIENTED_EDGE('',*,*,#5641,.T.);
#5755 = ORIENTED_EDGE('',*,*,#5756,.T.);
#5756 = EDGE_CURVE('',#5642,#5757,#5759,.T.);
#5757 = VERTEX_POINT('',#5758);
#5758 = CARTESIAN_POINT('',(10.682367202281,31.430746135935,20.));
#5759 = SURFACE_CURVE('',#5760,(#5764,#5771),.PCURVE_S1.);
#5760 = LINE('',#5761,#5762);
#5761 = CARTESIAN_POINT('',(10.682367202281,31.430746135935,12.));
#5762 = VECTOR('',#5763,1.);
#5763 = DIRECTION('',(0.,1.110223024625E-16,1.));
#5764 = PCURVE('',#5656,#5765);
#5765 = DEFINITIONAL_REPRESENTATION('',(#5766),#5770);
#5766 = LINE('',#5767,#5768);
#5767 = CARTESIAN_POINT('',(5.656854249492,5.656854249492));
#5768 = VECTOR('',#5769,1.);
#5769 = DIRECTION('',(0.707106781187,-0.707106781187));
#5770 = ( GEOMETRIC_REPRESENTATION_CONTEXT(2) 
PARAMETRIC_REPRESENTATION_CONTEXT() REPRESENTATION_CONTEXT('2D SPACE',''
  ) );
#5771 = PCURVE('',#5683,#5772);
#5772 = DEFINITIONAL_REPRESENTATION('',(#5773),#5777);
#5773 = LINE('',#5774,#5775);
#5774 = CARTESIAN_POINT('',(3.281163153943E-16,-19.37285553425));
#5775 = VECTOR('',#5776,1.);
#5776 = DIRECTION('',(1.,0.));
#5777 = ( GEOMETRIC_REPRESENTATION_CONTEXT(2) 
PARAMETRIC_REPRESENTATION_CONTEXT() REPRESENTATION_CONTEXT('2D SPACE',''
  ) );
#5778 = ORIENTED_EDGE('',*,*,#5779,.T.);
#5779 = EDGE_CURVE('',#5757,#5780,#5782,.T.);
#5780 = VERTEX_POINT('',#5781);
#5781 = CARTESIAN_POINT('',(2.682367202281,31.430746135935,20.));
#5782 = SURFACE_CURVE('',#5783,(#5787,#5794),.PCURVE_S1.);
#5783 = LINE('',#5784,#5785);
#5784 = CARTESIAN_POINT('',(10.682367202281,31.430746135935,20.));
#5785 = VECTOR('',#5786,1.);
#5786 = DIRECTION('',(-1.,0.,0.));
#5787 = PCURVE('',#5656,#5788);
#5788 = DEFINITIONAL_REPRESENTATION('',(#5789),#5793);
#5789 = LINE('',#5790,#5791);
#5790 = CARTESIAN_POINT('',(11.313708498985,-3.552713678801E-15));
#5791 = VECTOR('',#5792,1.);
#5792 = DIRECTION('',(-0.707106781187,-0.707106781187));
#5793 = ( GEOMETRIC_REPRESENTATION_CONTEXT(2) 
PARAMETRIC_REPRESENTATION_CONTEXT() REPRESENTATION_CONTEXT('2D SPACE',''
  ) );
#5794 = PCURVE('',#5591,#5795);
#5795 = DEFINITIONAL_REPRESENTATION('',(#5796),#5799);
#5796 = B_SPLINE_CURVE_WITH_KNOTS('',1,(#5797,#5798),.UNSPECIFIED.,.F.,
  .F.,(2,2),(0.,8.),.PIECEWISE_BEZIER_KNOTS.);
#5797 = CARTESIAN_POINT('',(0.,0.));
#5798 = CARTESIAN_POINT('',(12.,0.));
#5799 = ( GEOMETRIC_REPRESENTATION_CONTEXT(2) 
PARAMETRIC_REPRESENTATION_CONTEXT() REPRESENTATION_CONTEXT('2D SPACE',''
  ) );
#5800 = ORIENTED_EDGE('',*,*,#5801,.T.);
#5801 = EDGE_CURVE('',#5780,#5614,#5802,.T.);
#5802 = SURFACE_CURVE('',#5803,(#5807,#5814),.PCURVE_S1.);
#5803 = LINE('',#5804,#5805);
#5804 = CARTESIAN_POINT('',(2.682367202281,31.430746135935,20.));
#5805 = VECTOR('',#5806,1.);
#5806 = DIRECTION('',(0.,-1.110223024625E-16,-1.));
#5807 = PCURVE('',#5656,#5808);
#5808 = DEFINITIONAL_REPRESENTATION('',(#5809),#5813);
#5809 = LINE('',#5810,#5811);
#5810 = CARTESIAN_POINT('',(5.656854249492,-5.656854249492));
#5811 = VECTOR('',#5812,1.);
#5812 = DIRECTION('',(-0.707106781187,0.707106781187));
#5813 = ( GEOMETRIC_REPRESENTATION_CONTEXT(2) 
PARAMETRIC_REPRESENTATION_CONTEXT() REPRESENTATION_CONTEXT('2D SPACE',''
  ) );
#5814 = PCURVE('',#5630,#5815);
#5815 = DEFINITIONAL_REPRESENTATION('',(#5816),#5820);
#5816 = LINE('',#5817,#5818);
#5817 = CARTESIAN_POINT('',(-2.104473154795E-15,-18.95540903148));
#5818 = VECTOR('',#5819,1.);
#5819 = DIRECTION('',(1.,0.));
#5820 = ( GEOMETRIC_REPRESENTATION_CONTEXT(2) 
PARAMETRIC_REPRESENTATION_CONTEXT() REPRESENTATION_CONTEXT('2D SPACE',''
  ) );
#5821 = ADVANCED_FACE('',(#5822),#5683,.T.);
#5822 = FACE_BOUND('',#5823,.T.);
#5823 = EDGE_LOOP('',(#5824,#5825,#5826,#5847));
#5824 = ORIENTED_EDGE('',*,*,#5668,.F.);
#5825 = ORIENTED_EDGE('',*,*,#5756,.T.);
#5826 = ORIENTED_EDGE('',*,*,#5827,.T.);
#5827 = EDGE_CURVE('',#5757,#5828,#5830,.T.);
#5828 = VERTEX_POINT('',#5829);
#5829 = CARTESIAN_POINT('',(13.195417139938,19.521773764727,20.));
#5830 = SURFACE_CURVE('',#5831,(#5834,#5840),.PCURVE_S1.);
#5831 = B_SPLINE_CURVE_WITH_KNOTS('',1,(#5832,#5833),.UNSPECIFIED.,.F.,
  .F.,(2,2),(0.,1.),.PIECEWISE_BEZIER_KNOTS.);
#5832 = CARTESIAN_POINT('',(10.682367202281,31.430746135935,20.));
#5833 = CARTESIAN_POINT('',(14.682367202281,12.475337104447,20.));
#5834 = PCURVE('',#5683,#5835);
#5835 = DEFINITIONAL_REPRESENTATION('',(#5836),#5839);
#5836 = B_SPLINE_CURVE_WITH_KNOTS('',1,(#5837,#5838),.UNSPECIFIED.,.F.,
  .F.,(2,2),(0.,1.),.PIECEWISE_BEZIER_KNOTS.);
#5837 = CARTESIAN_POINT('',(8.,-19.37285553425));
#5838 = CARTESIAN_POINT('',(8.,0.));
#5839 = ( GEOMETRIC_REPRESENTATION_CONTEXT(2) 
PARAMETRIC_REPRESENTATION_CONTEXT() REPRESENTATION_CONTEXT('2D SPACE',''
  ) );
#5840 = PCURVE('',#5591,#5841);
#5841 = DEFINITIONAL_REPRESENTATION('',(#5842),#5846);
#5842 = LINE('',#5843,#5844);
#5843 = CARTESIAN_POINT('',(0.,0.));
#5844 = VECTOR('',#5845,1.);
#5845 = DIRECTION('',(0.,1.));
#5846 = ( GEOMETRIC_REPRESENTATION_CONTEXT(2) 
PARAMETRIC_REPRESENTATION_CONTEXT() REPRESENTATION_CONTEXT('2D SPACE',''
  ) );
#5847 = ORIENTED_EDGE('',*,*,#5848,.F.);
#5848 = EDGE_CURVE('',#5669,#5828,#5849,.T.);
#5849 = SURFACE_CURVE('',#5850,(#5854,#5861),.PCURVE_S1.);
#5850 = LINE('',#5851,#5852);
#5851 = CARTESIAN_POINT('',(13.195417139938,19.521773764727,20.));
#5852 = VECTOR('',#5853,1.);
#5853 = DIRECTION('',(0.,1.110223024625E-16,1.));
#5854 = PCURVE('',#5683,#5855);
#5855 = DEFINITIONAL_REPRESENTATION('',(#5856),#5860);
#5856 = LINE('',#5857,#5858);
#5857 = CARTESIAN_POINT('',(8.,-7.201617186108));
#5858 = VECTOR('',#5859,1.);
#5859 = DIRECTION('',(1.,0.));
#5860 = ( GEOMETRIC_REPRESENTATION_CONTEXT(2) 
PARAMETRIC_REPRESENTATION_CONTEXT() REPRESENTATION_CONTEXT('2D SPACE',''
  ) );
#5861 = PCURVE('',#71,#5862);
#5862 = DEFINITIONAL_REPRESENTATION('',(#5863),#5867);
#5863 = LINE('',#5864,#5865);
#5864 = CARTESIAN_POINT('',(-19.13909904797,-8.));
#5865 = VECTOR('',#5866,1.);
#5866 = DIRECTION('',(0.,1.));
#5867 = ( GEOMETRIC_REPRESENTATION_CONTEXT(2) 
PARAMETRIC_REPRESENTATION_CONTEXT() REPRESENTATION_CONTEXT('2D SPACE',''
  ) );
#5868 = ADVANCED_FACE('',(#5869),#5630,.T.);
#5869 = FACE_BOUND('',#5870,.T.);
#5870 = EDGE_LOOP('',(#5871,#5872,#5873,#5896));
#5871 = ORIENTED_EDGE('',*,*,#5801,.T.);
#5872 = ORIENTED_EDGE('',*,*,#5613,.T.);
#5873 = ORIENTED_EDGE('',*,*,#5874,.F.);
#5874 = EDGE_CURVE('',#5875,#5616,#5877,.T.);
#5875 = VERTEX_POINT('',#5876);
#5876 = CARTESIAN_POINT('',(2.682367202281,12.475337104447,20.));
#5877 = SURFACE_CURVE('',#5878,(#5882,#5889),.PCURVE_S1.);
#5878 = LINE('',#5879,#5880);
#5879 = CARTESIAN_POINT('',(2.682367202281,12.475337104447,20.));
#5880 = VECTOR('',#5881,1.);
#5881 = DIRECTION('',(0.,-1.110223024625E-16,-1.));
#5882 = PCURVE('',#5630,#5883);
#5883 = DEFINITIONAL_REPRESENTATION('',(#5884),#5888);
#5884 = LINE('',#5885,#5886);
#5885 = CARTESIAN_POINT('',(0.,0.));
#5886 = VECTOR('',#5887,1.);
#5887 = DIRECTION('',(1.,0.));
#5888 = ( GEOMETRIC_REPRESENTATION_CONTEXT(2) 
PARAMETRIC_REPRESENTATION_CONTEXT() REPRESENTATION_CONTEXT('2D SPACE',''
  ) );
#5889 = PCURVE('',#5551,#5890);
#5890 = DEFINITIONAL_REPRESENTATION('',(#5891),#5895);
#5891 = LINE('',#5892,#5893);
#5892 = CARTESIAN_POINT('',(4.437601569802,-6.656402354703));
#5893 = VECTOR('',#5894,1.);
#5894 = DIRECTION('',(-0.554700196225,0.832050294338));
#5895 = ( GEOMETRIC_REPRESENTATION_CONTEXT(2) 
PARAMETRIC_REPRESENTATION_CONTEXT() REPRESENTATION_CONTEXT('2D SPACE',''
  ) );
#5896 = ORIENTED_EDGE('',*,*,#5897,.F.);
#5897 = EDGE_CURVE('',#5780,#5875,#5898,.T.);
#5898 = SURFACE_CURVE('',#5899,(#5902,#5908),.PCURVE_S1.);
#5899 = B_SPLINE_CURVE_WITH_KNOTS('',1,(#5900,#5901),.UNSPECIFIED.,.F.,
  .F.,(2,2),(0.,1.),.PIECEWISE_BEZIER_KNOTS.);
#5900 = CARTESIAN_POINT('',(2.682367202281,31.430746135935,20.));
#5901 = CARTESIAN_POINT('',(2.682367202281,12.475337104447,20.));
#5902 = PCURVE('',#5630,#5903);
#5903 = DEFINITIONAL_REPRESENTATION('',(#5904),#5907);
#5904 = B_SPLINE_CURVE_WITH_KNOTS('',1,(#5905,#5906),.UNSPECIFIED.,.F.,
  .F.,(2,2),(0.,1.),.PIECEWISE_BEZIER_KNOTS.);
#5905 = CARTESIAN_POINT('',(-3.552713678801E-15,-18.95540903148));
#5906 = CARTESIAN_POINT('',(0.,0.));
#5907 = ( GEOMETRIC_REPRESENTATION_CONTEXT(2) 
PARAMETRIC_REPRESENTATION_CONTEXT() REPRESENTATION_CONTEXT('2D SPACE',''
  ) );
#5908 = PCURVE('',#5591,#5909);
#5909 = DEFINITIONAL_REPRESENTATION('',(#5910),#5914);
#5910 = LINE('',#5911,#5912);
#5911 = CARTESIAN_POINT('',(12.,0.));
#5912 = VECTOR('',#5913,1.);
#5913 = DIRECTION('',(0.,1.));
#5914 = ( GEOMETRIC_REPRESENTATION_CONTEXT(2) 
PARAMETRIC_REPRESENTATION_CONTEXT() REPRESENTATION_CONTEXT('2D SPACE',''
  ) );
#5915 = ADVANCED_FACE('',(#5916),#5551,.F.);
#5916 = FACE_BOUND('',#5917,.F.);
#5917 = EDGE_LOOP('',(#5918,#5919,#5920,#5941));
#5918 = ORIENTED_EDGE('',*,*,#5731,.F.);
#5919 = ORIENTED_EDGE('',*,*,#5874,.F.);
#5920 = ORIENTED_EDGE('',*,*,#5921,.F.);
#5921 = EDGE_CURVE('',#5531,#5875,#5922,.T.);
#5922 = SURFACE_CURVE('',#5923,(#5927,#5934),.PCURVE_S1.);
#5923 = LINE('',#5924,#5925);
#5924 = CARTESIAN_POINT('',(14.682367202281,12.475337104447,20.));
#5925 = VECTOR('',#5926,1.);
#5926 = DIRECTION('',(-1.,0.,0.));
#5927 = PCURVE('',#5551,#5928);
#5928 = DEFINITIONAL_REPRESENTATION('',(#5929),#5933);
#5929 = LINE('',#5930,#5931);
#5930 = CARTESIAN_POINT('',(14.422205101856,-8.881784197001E-16));
#5931 = VECTOR('',#5932,1.);
#5932 = DIRECTION('',(-0.832050294338,-0.554700196225));
#5933 = ( GEOMETRIC_REPRESENTATION_CONTEXT(2) 
PARAMETRIC_REPRESENTATION_CONTEXT() REPRESENTATION_CONTEXT('2D SPACE',''
  ) );
#5934 = PCURVE('',#5591,#5935);
#5935 = DEFINITIONAL_REPRESENTATION('',(#5936),#5940);
#5936 = LINE('',#5937,#5938);
#5937 = CARTESIAN_POINT('',(0.,1.));
#5938 = VECTOR('',#5939,1.);
#5939 = DIRECTION('',(1.,0.));
#5940 = ( GEOMETRIC_REPRESENTATION_CONTEXT(2) 
PARAMETRIC_REPRESENTATION_CONTEXT() REPRESENTATION_CONTEXT('2D SPACE',''
  ) );
#5941 = ORIENTED_EDGE('',*,*,#5530,.F.);
#5942 = ADVANCED_FACE('',(#5943),#5591,.T.);
#5943 = FACE_BOUND('',#5944,.T.);
#5944 = EDGE_LOOP('',(#5945,#5946,#5947,#5948,#5949,#5950));
#5945 = ORIENTED_EDGE('',*,*,#5827,.F.);
#5946 = ORIENTED_EDGE('',*,*,#5779,.T.);
#5947 = ORIENTED_EDGE('',*,*,#5897,.T.);
#5948 = ORIENTED_EDGE('',*,*,#5921,.F.);
#5949 = ORIENTED_EDGE('',*,*,#5563,.F.);
#5950 = ORIENTED_EDGE('',*,*,#5951,.T.);
#5951 = EDGE_CURVE('',#5372,#5828,#5952,.T.);
#5952 = SURFACE_CURVE('',#5953,(#5962,#5974),.PCURVE_S1.);
#5953 = B_SPLINE_CURVE_WITH_KNOTS('',4,(#5954,#5955,#5956,#5957,#5958,
    #5959,#5960,#5961),.UNSPECIFIED.,.F.,.F.,(5,3,5),(0.,0.506204664937,
    1.),.UNSPECIFIED.);
#5954 = CARTESIAN_POINT('',(2.682367202281,16.704810523944,20.));
#5955 = CARTESIAN_POINT('',(4.052704501413,17.071991296605,20.));
#5956 = CARTESIAN_POINT('',(5.409754675322,17.435611794792,20.));
#5957 = CARTESIAN_POINT('',(6.753363611502,17.795630724185,20.));
#5958 = CARTESIAN_POINT('',(9.380863469866,18.499667189346,20.));
#5959 = CARTESIAN_POINT('',(10.66541098686,18.843860659164,20.));
#5960 = CARTESIAN_POINT('',(11.936952187758,19.184569097088,20.));
#5961 = CARTESIAN_POINT('',(13.195417139938,19.521773764727,20.));
#5962 = PCURVE('',#5591,#5963);
#5963 = DEFINITIONAL_REPRESENTATION('',(#5964),#5973);
#5964 = B_SPLINE_CURVE_WITH_KNOTS('',4,(#5965,#5966,#5967,#5968,#5969,
    #5970,#5971,#5972),.UNSPECIFIED.,.F.,.F.,(5,3,5),(0.,0.506204664937,
    1.),.UNSPECIFIED.);
#5965 = CARTESIAN_POINT('',(12.,0.776872479382));
#5966 = CARTESIAN_POINT('',(10.519553228347,0.757501714444));
#5967 = CARTESIAN_POINT('',(9.02592192366,0.738318773174));
#5968 = CARTESIAN_POINT('',(7.519321799504,0.719325834072));
#5969 = CARTESIAN_POINT('',(4.517923434516,0.682184115632));
#5970 = CARTESIAN_POINT('',(3.023741068372,0.664026054825));
#5971 = CARTESIAN_POINT('',(1.517682212506,0.646051848235));
#5972 = CARTESIAN_POINT('',(0.,0.628262484414));
#5973 = ( GEOMETRIC_REPRESENTATION_CONTEXT(2) 
PARAMETRIC_REPRESENTATION_CONTEXT() REPRESENTATION_CONTEXT('2D SPACE',''
  ) );
#5974 = PCURVE('',#71,#5975);
#5975 = DEFINITIONAL_REPRESENTATION('',(#5976),#5985);
#5976 = B_SPLINE_CURVE_WITH_KNOTS('',4,(#5977,#5978,#5979,#5980,#5981,
    #5982,#5983,#5984),.UNSPECIFIED.,.F.,.F.,(5,3,5),(0.,0.506204664937,
    1.),.UNSPECIFIED.);
#5977 = CARTESIAN_POINT('',(-30.02300923189,-8.));
#5978 = CARTESIAN_POINT('',(-28.60433166697,-8.));
#5979 = CARTESIAN_POINT('',(-27.1994099463,-8.));
#5980 = CARTESIAN_POINT('',(-25.80840361889,-8.));
#5981 = CARTESIAN_POINT('',(-23.08821560149,-8.));
#5982 = CARTESIAN_POINT('',(-21.75835415454,-8.));
#5983 = CARTESIAN_POINT('',(-20.44195783684,-8.));
#5984 = CARTESIAN_POINT('',(-19.13909904797,-8.));
#5985 = ( GEOMETRIC_REPRESENTATION_CONTEXT(2) 
PARAMETRIC_REPRESENTATION_CONTEXT() REPRESENTATION_CONTEXT('2D SPACE',''
  ) );
#5986 = ADVANCED_FACE('',(#5987),#910,.T.);
#5987 = FACE_BOUND('',#5988,.T.);
#5988 = EDGE_LOOP('',(#5989,#5990,#5991,#5992,#6015));
#5989 = ORIENTED_EDGE('',*,*,#5341,.F.);
#5990 = ORIENTED_EDGE('',*,*,#3585,.T.);
#5991 = ORIENTED_EDGE('',*,*,#894,.T.);
#5992 = ORIENTED_EDGE('',*,*,#5993,.F.);
#5993 = EDGE_CURVE('',#5994,#867,#5996,.T.);
#5994 = VERTEX_POINT('',#5995);
#5995 = CARTESIAN_POINT('',(55.158483492151,21.510776575911,14.));
#5996 = SURFACE_CURVE('',#5997,(#6001,#6008),.PCURVE_S1.);
#5997 = LINE('',#5998,#5999);
#5998 = CARTESIAN_POINT('',(41.682367202281,18.475337104447,14.));
#5999 = VECTOR('',#6000,1.);
#6000 = DIRECTION('',(0.975558362307,0.219740487242,-2.439609483782E-17)
  );
#6001 = PCURVE('',#910,#6002);
#6002 = DEFINITIONAL_REPRESENTATION('',(#6003),#6007);
#6003 = LINE('',#6004,#6005);
#6004 = CARTESIAN_POINT('',(-7.318828451345E-17,3.));
#6005 = VECTOR('',#6006,1.);
#6006 = DIRECTION('',(1.,0.));
#6007 = ( GEOMETRIC_REPRESENTATION_CONTEXT(2) 
PARAMETRIC_REPRESENTATION_CONTEXT() REPRESENTATION_CONTEXT('2D SPACE',''
  ) );
#6008 = PCURVE('',#882,#6009);
#6009 = DEFINITIONAL_REPRESENTATION('',(#6010),#6014);
#6010 = LINE('',#6011,#6012);
#6011 = CARTESIAN_POINT('',(8.147035913027,-15.05160430324));
#6012 = VECTOR('',#6013,1.);
#6013 = DIRECTION('',(-0.219740487242,0.975558362307));
#6014 = ( GEOMETRIC_REPRESENTATION_CONTEXT(2) 
PARAMETRIC_REPRESENTATION_CONTEXT() REPRESENTATION_CONTEXT('2D SPACE',''
  ) );
#6015 = ORIENTED_EDGE('',*,*,#6016,.F.);
#6016 = EDGE_CURVE('',#5319,#5994,#6017,.T.);
#6017 = SURFACE_CURVE('',#6018,(#6023,#6030),.PCURVE_S1.);
#6018 = ELLIPSE('',#6019,26.02107602338,26.);
#6019 = AXIS2_PLACEMENT_3D('',#6020,#6021,#6022);
#6020 = CARTESIAN_POINT('',(33.767745007726,16.692601181551,28.));
#6021 = DIRECTION('',(0.219740487242,-0.975558362307,1.083087355699E-16)
  );
#6022 = DIRECTION('',(-0.975558362307,-0.219740487242,2.439609483782E-17
    ));
#6023 = PCURVE('',#910,#6024);
#6024 = DEFINITIONAL_REPRESENTATION('',(#6025),#6029);
#6025 = ELLIPSE('',#6026,26.02107602338,26.);
#6026 = AXIS2_PLACEMENT_2D('',#6027,#6028);
#6027 = CARTESIAN_POINT('',(-8.112915126718,17.));
#6028 = DIRECTION('',(-1.,0.));
#6029 = ( GEOMETRIC_REPRESENTATION_CONTEXT(2) 
PARAMETRIC_REPRESENTATION_CONTEXT() REPRESENTATION_CONTEXT('2D SPACE',''
  ) );
#6030 = PCURVE('',#588,#6031);
#6031 = DEFINITIONAL_REPRESENTATION('',(#6032),#6039);
#6032 = B_SPLINE_CURVE_WITH_KNOTS('',5,(#6033,#6034,#6035,#6036,#6037,
    #6038),.UNSPECIFIED.,.F.,.F.,(6,6),(2.343559828547,2.600136250653),
  .PIECEWISE_BEZIER_KNOTS.);
#6033 = CARTESIAN_POINT('',(-5.485152482137,-8.788271934035));
#6034 = CARTESIAN_POINT('',(-5.536467766558,-8.826742994327));
#6035 = CARTESIAN_POINT('',(-5.587783050979,-8.862807952009));
#6036 = CARTESIAN_POINT('',(-5.6390983354,-8.896255710654));
#6037 = CARTESIAN_POINT('',(-5.690413619822,-8.926901777013));
#6038 = CARTESIAN_POINT('',(-5.741728904243,-8.954594278783));
#6039 = ( GEOMETRIC_REPRESENTATION_CONTEXT(2) 
PARAMETRIC_REPRESENTATION_CONTEXT() REPRESENTATION_CONTEXT('2D SPACE',''
  ) );
#6040 = ADVANCED_FACE('',(#6041),#882,.T.);
#6041 = FACE_BOUND('',#6042,.T.);
#6042 = EDGE_LOOP('',(#6043,#6064,#6065,#6066,#6089,#6110,#6111));
#6043 = ORIENTED_EDGE('',*,*,#6044,.F.);
#6044 = EDGE_CURVE('',#5994,#4691,#6045,.T.);
#6045 = SURFACE_CURVE('',#6046,(#6050,#6057),.PCURVE_S1.);
#6046 = LINE('',#6047,#6048);
#6047 = CARTESIAN_POINT('',(52.844741759695,30.145778277031,14.));
#6048 = VECTOR('',#6049,1.);
#6049 = DIRECTION('',(-0.258819045103,0.965925826289,-1.072393092426E-16
    ));
#6050 = PCURVE('',#882,#6051);
#6051 = DEFINITIONAL_REPRESENTATION('',(#6052),#6056);
#6052 = LINE('',#6053,#6054);
#6053 = CARTESIAN_POINT('',(-3.523405259557,-3.889229745835));
#6054 = VECTOR('',#6055,1.);
#6055 = DIRECTION('',(-0.965925826289,-0.258819045103));
#6056 = ( GEOMETRIC_REPRESENTATION_CONTEXT(2) 
PARAMETRIC_REPRESENTATION_CONTEXT() REPRESENTATION_CONTEXT('2D SPACE',''
  ) );
#6057 = PCURVE('',#588,#6058);
#6058 = DEFINITIONAL_REPRESENTATION('',(#6059),#6063);
#6059 = LINE('',#6060,#6061);
#6060 = CARTESIAN_POINT('',(-5.714575006915,8.881784197001E-16));
#6061 = VECTOR('',#6062,1.);
#6062 = DIRECTION('',(-0.,1.));
#6063 = ( GEOMETRIC_REPRESENTATION_CONTEXT(2) 
PARAMETRIC_REPRESENTATION_CONTEXT() REPRESENTATION_CONTEXT('2D SPACE',''
  ) );
#6064 = ORIENTED_EDGE('',*,*,#5993,.T.);
#6065 = ORIENTED_EDGE('',*,*,#866,.T.);
#6066 = ORIENTED_EDGE('',*,*,#6067,.F.);
#6067 = EDGE_CURVE('',#6068,#839,#6070,.T.);
#6068 = VERTEX_POINT('',#6069);
#6069 = CARTESIAN_POINT('',(62.682367202281,31.930746135935,14.));
#6070 = SURFACE_CURVE('',#6071,(#6075,#6082),.PCURVE_S1.);
#6071 = LINE('',#6072,#6073);
#6072 = CARTESIAN_POINT('',(62.682367202281,29.276559576704,14.));
#6073 = VECTOR('',#6074,1.);
#6074 = DIRECTION('',(0.,-1.,1.110223024625E-16));
#6075 = PCURVE('',#882,#6076);
#6076 = DEFINITIONAL_REPRESENTATION('',(#6077),#6081);
#6077 = LINE('',#6078,#6079);
#6078 = CARTESIAN_POINT('',(-2.654186559231,5.948395696752));
#6079 = VECTOR('',#6080,1.);
#6080 = DIRECTION('',(1.,0.));
#6081 = ( GEOMETRIC_REPRESENTATION_CONTEXT(2) 
PARAMETRIC_REPRESENTATION_CONTEXT() REPRESENTATION_CONTEXT('2D SPACE',''
  ) );
#6082 = PCURVE('',#854,#6083);
#6083 = DEFINITIONAL_REPRESENTATION('',(#6084),#6088);
#6084 = LINE('',#6085,#6086);
#6085 = CARTESIAN_POINT('',(2.654186559231,-14.));
#6086 = VECTOR('',#6087,1.);
#6087 = DIRECTION('',(1.,0.));
#6088 = ( GEOMETRIC_REPRESENTATION_CONTEXT(2) 
PARAMETRIC_REPRESENTATION_CONTEXT() REPRESENTATION_CONTEXT('2D SPACE',''
  ) );
#6089 = ORIENTED_EDGE('',*,*,#6090,.T.);
#6090 = EDGE_CURVE('',#6068,#5064,#6091,.T.);
#6091 = SURFACE_CURVE('',#6092,(#6096,#6103),.PCURVE_S1.);
#6092 = LINE('',#6093,#6094);
#6093 = CARTESIAN_POINT('',(73.682367202281,31.930746135935,14.));
#6094 = VECTOR('',#6095,1.);
#6095 = DIRECTION('',(-1.,0.,0.));
#6096 = PCURVE('',#882,#6097);
#6097 = DEFINITIONAL_REPRESENTATION('',(#6098),#6102);
#6098 = LINE('',#6099,#6100);
#6099 = CARTESIAN_POINT('',(-5.308373118461,16.948395696752));
#6100 = VECTOR('',#6101,1.);
#6101 = DIRECTION('',(0.,-1.));
#6102 = ( GEOMETRIC_REPRESENTATION_CONTEXT(2) 
PARAMETRIC_REPRESENTATION_CONTEXT() REPRESENTATION_CONTEXT('2D SPACE',''
  ) );
#6103 = PCURVE('',#699,#6104);
#6104 = DEFINITIONAL_REPRESENTATION('',(#6105),#6109);
#6105 = LINE('',#6106,#6107);
#6106 = CARTESIAN_POINT('',(-0.,-31.));
#6107 = VECTOR('',#6108,1.);
#6108 = DIRECTION('',(1.,0.));
#6109 = ( GEOMETRIC_REPRESENTATION_CONTEXT(2) 
PARAMETRIC_REPRESENTATION_CONTEXT() REPRESENTATION_CONTEXT('2D SPACE',''
  ) );
#6110 = ORIENTED_EDGE('',*,*,#5063,.F.);
#6111 = ORIENTED_EDGE('',*,*,#4690,.F.);
#6112 = ADVANCED_FACE('',(#6113),#854,.F.);
#6113 = FACE_BOUND('',#6114,.F.);
#6114 = EDGE_LOOP('',(#6115,#6116,#6139,#6160));
#6115 = ORIENTED_EDGE('',*,*,#6067,.F.);
#6116 = ORIENTED_EDGE('',*,*,#6117,.T.);
#6117 = EDGE_CURVE('',#6068,#6118,#6120,.T.);
#6118 = VERTEX_POINT('',#6119);
#6119 = CARTESIAN_POINT('',(62.682367202281,31.930746135935,42.));
#6120 = SURFACE_CURVE('',#6121,(#6125,#6132),.PCURVE_S1.);
#6121 = LINE('',#6122,#6123);
#6122 = CARTESIAN_POINT('',(62.682367202281,31.930746135935,0.));
#6123 = VECTOR('',#6124,1.);
#6124 = DIRECTION('',(0.,1.110223024625E-16,1.));
#6125 = PCURVE('',#854,#6126);
#6126 = DEFINITIONAL_REPRESENTATION('',(#6127),#6131);
#6127 = LINE('',#6128,#6129);
#6128 = CARTESIAN_POINT('',(0.,0.));
#6129 = VECTOR('',#6130,1.);
#6130 = DIRECTION('',(0.,-1.));
#6131 = ( GEOMETRIC_REPRESENTATION_CONTEXT(2) 
PARAMETRIC_REPRESENTATION_CONTEXT() REPRESENTATION_CONTEXT('2D SPACE',''
  ) );
#6132 = PCURVE('',#699,#6133);
#6133 = DEFINITIONAL_REPRESENTATION('',(#6134),#6138);
#6134 = LINE('',#6135,#6136);
#6135 = CARTESIAN_POINT('',(11.,-45.));
#6136 = VECTOR('',#6137,1.);
#6137 = DIRECTION('',(0.,1.));
#6138 = ( GEOMETRIC_REPRESENTATION_CONTEXT(2) 
PARAMETRIC_REPRESENTATION_CONTEXT() REPRESENTATION_CONTEXT('2D SPACE',''
  ) );
#6139 = ORIENTED_EDGE('',*,*,#6140,.T.);
#6140 = EDGE_CURVE('',#6118,#811,#6141,.T.);
#6141 = SURFACE_CURVE('',#6142,(#6146,#6153),.PCURVE_S1.);
#6142 = LINE('',#6143,#6144);
#6143 = CARTESIAN_POINT('',(62.682367202281,29.276559576704,42.));
#6144 = VECTOR('',#6145,1.);
#6145 = DIRECTION('',(0.,-1.,1.110223024625E-16));
#6146 = PCURVE('',#854,#6147);
#6147 = DEFINITIONAL_REPRESENTATION('',(#6148),#6152);
#6148 = LINE('',#6149,#6150);
#6149 = CARTESIAN_POINT('',(2.654186559231,-42.));
#6150 = VECTOR('',#6151,1.);
#6151 = DIRECTION('',(1.,0.));
#6152 = ( GEOMETRIC_REPRESENTATION_CONTEXT(2) 
PARAMETRIC_REPRESENTATION_CONTEXT() REPRESENTATION_CONTEXT('2D SPACE',''
  ) );
#6153 = PCURVE('',#826,#6154);
#6154 = DEFINITIONAL_REPRESENTATION('',(#6155),#6159);
#6155 = LINE('',#6156,#6157);
#6156 = CARTESIAN_POINT('',(-2.654186559231,5.948395696752));
#6157 = VECTOR('',#6158,1.);
#6158 = DIRECTION('',(1.,0.));
#6159 = ( GEOMETRIC_REPRESENTATION_CONTEXT(2) 
PARAMETRIC_REPRESENTATION_CONTEXT() REPRESENTATION_CONTEXT('2D SPACE',''
  ) );
#6160 = ORIENTED_EDGE('',*,*,#838,.F.);
#6161 = ADVANCED_FACE('',(#6162),#826,.F.);
#6162 = FACE_BOUND('',#6163,.F.);
#6163 = EDGE_LOOP('',(#6164,#6187,#6208,#6209,#6210,#6231,#6232));
#6164 = ORIENTED_EDGE('',*,*,#6165,.F.);
#6165 = EDGE_CURVE('',#6166,#4716,#6168,.T.);
#6166 = VERTEX_POINT('',#6167);
#6167 = CARTESIAN_POINT('',(55.158483492151,21.510776575911,42.));
#6168 = SURFACE_CURVE('',#6169,(#6173,#6180),.PCURVE_S1.);
#6169 = LINE('',#6170,#6171);
#6170 = CARTESIAN_POINT('',(52.844741759695,30.145778277031,42.));
#6171 = VECTOR('',#6172,1.);
#6172 = DIRECTION('',(-0.258819045103,0.965925826289,-1.072393092426E-16
    ));
#6173 = PCURVE('',#826,#6174);
#6174 = DEFINITIONAL_REPRESENTATION('',(#6175),#6179);
#6175 = LINE('',#6176,#6177);
#6176 = CARTESIAN_POINT('',(-3.523405259557,-3.889229745835));
#6177 = VECTOR('',#6178,1.);
#6178 = DIRECTION('',(-0.965925826289,-0.258819045103));
#6179 = ( GEOMETRIC_REPRESENTATION_CONTEXT(2) 
PARAMETRIC_REPRESENTATION_CONTEXT() REPRESENTATION_CONTEXT('2D SPACE',''
  ) );
#6180 = PCURVE('',#588,#6181);
#6181 = DEFINITIONAL_REPRESENTATION('',(#6182),#6186);
#6182 = LINE('',#6183,#6184);
#6183 = CARTESIAN_POINT('',(-6.851795607444,8.881784197001E-16));
#6184 = VECTOR('',#6185,1.);
#6185 = DIRECTION('',(-0.,1.));
#6186 = ( GEOMETRIC_REPRESENTATION_CONTEXT(2) 
PARAMETRIC_REPRESENTATION_CONTEXT() REPRESENTATION_CONTEXT('2D SPACE',''
  ) );
#6187 = ORIENTED_EDGE('',*,*,#6188,.T.);
#6188 = EDGE_CURVE('',#6166,#788,#6189,.T.);
#6189 = SURFACE_CURVE('',#6190,(#6194,#6201),.PCURVE_S1.);
#6190 = LINE('',#6191,#6192);
#6191 = CARTESIAN_POINT('',(41.682367202281,18.475337104447,42.));
#6192 = VECTOR('',#6193,1.);
#6193 = DIRECTION('',(0.975558362307,0.219740487242,-2.439609483782E-17)
  );
#6194 = PCURVE('',#826,#6195);
#6195 = DEFINITIONAL_REPRESENTATION('',(#6196),#6200);
#6196 = LINE('',#6197,#6198);
#6197 = CARTESIAN_POINT('',(8.147035913027,-15.05160430324));
#6198 = VECTOR('',#6199,1.);
#6199 = DIRECTION('',(-0.219740487242,0.975558362307));
#6200 = ( GEOMETRIC_REPRESENTATION_CONTEXT(2) 
PARAMETRIC_REPRESENTATION_CONTEXT() REPRESENTATION_CONTEXT('2D SPACE',''
  ) );
#6201 = PCURVE('',#562,#6202);
#6202 = DEFINITIONAL_REPRESENTATION('',(#6203),#6207);
#6203 = LINE('',#6204,#6205);
#6204 = CARTESIAN_POINT('',(7.318828451345E-17,-3.));
#6205 = VECTOR('',#6206,1.);
#6206 = DIRECTION('',(1.,0.));
#6207 = ( GEOMETRIC_REPRESENTATION_CONTEXT(2) 
PARAMETRIC_REPRESENTATION_CONTEXT() REPRESENTATION_CONTEXT('2D SPACE',''
  ) );
#6208 = ORIENTED_EDGE('',*,*,#810,.T.);
#6209 = ORIENTED_EDGE('',*,*,#6140,.F.);
#6210 = ORIENTED_EDGE('',*,*,#6211,.T.);
#6211 = EDGE_CURVE('',#6118,#4546,#6212,.T.);
#6212 = SURFACE_CURVE('',#6213,(#6217,#6224),.PCURVE_S1.);
#6213 = LINE('',#6214,#6215);
#6214 = CARTESIAN_POINT('',(73.682367202281,31.930746135935,42.));
#6215 = VECTOR('',#6216,1.);
#6216 = DIRECTION('',(-1.,0.,0.));
#6217 = PCURVE('',#826,#6218);
#6218 = DEFINITIONAL_REPRESENTATION('',(#6219),#6223);
#6219 = LINE('',#6220,#6221);
#6220 = CARTESIAN_POINT('',(-5.308373118461,16.948395696752));
#6221 = VECTOR('',#6222,1.);
#6222 = DIRECTION('',(0.,-1.));
#6223 = ( GEOMETRIC_REPRESENTATION_CONTEXT(2) 
PARAMETRIC_REPRESENTATION_CONTEXT() REPRESENTATION_CONTEXT('2D SPACE',''
  ) );
#6224 = PCURVE('',#699,#6225);
#6225 = DEFINITIONAL_REPRESENTATION('',(#6226),#6230);
#6226 = LINE('',#6227,#6228);
#6227 = CARTESIAN_POINT('',(0.,-3.));
#6228 = VECTOR('',#6229,1.);
#6229 = DIRECTION('',(1.,0.));
#6230 = ( GEOMETRIC_REPRESENTATION_CONTEXT(2) 
PARAMETRIC_REPRESENTATION_CONTEXT() REPRESENTATION_CONTEXT('2D SPACE',''
  ) );
#6231 = ORIENTED_EDGE('',*,*,#4589,.F.);
#6232 = ORIENTED_EDGE('',*,*,#4739,.F.);
#6233 = ADVANCED_FACE('',(#6234),#671,.F.);
#6234 = FACE_BOUND('',#6235,.F.);
#6235 = EDGE_LOOP('',(#6236,#6237,#6258,#6259));
#6236 = ORIENTED_EDGE('',*,*,#655,.F.);
#6237 = ORIENTED_EDGE('',*,*,#6238,.T.);
#6238 = EDGE_CURVE('',#656,#2593,#6239,.T.);
#6239 = SURFACE_CURVE('',#6240,(#6244,#6251),.PCURVE_S1.);
#6240 = LINE('',#6241,#6242);
#6241 = CARTESIAN_POINT('',(62.682367202281,31.930746135935,0.));
#6242 = VECTOR('',#6243,1.);
#6243 = DIRECTION('',(0.,1.110223024625E-16,1.));
#6244 = PCURVE('',#671,#6245);
#6245 = DEFINITIONAL_REPRESENTATION('',(#6246),#6250);
#6246 = LINE('',#6247,#6248);
#6247 = CARTESIAN_POINT('',(0.,0.));
#6248 = VECTOR('',#6249,1.);
#6249 = DIRECTION('',(0.,-1.));
#6250 = ( GEOMETRIC_REPRESENTATION_CONTEXT(2) 
PARAMETRIC_REPRESENTATION_CONTEXT() REPRESENTATION_CONTEXT('2D SPACE',''
  ) );
#6251 = PCURVE('',#699,#6252);
#6252 = DEFINITIONAL_REPRESENTATION('',(#6253),#6257);
#6253 = LINE('',#6254,#6255);
#6254 = CARTESIAN_POINT('',(11.,-45.));
#6255 = VECTOR('',#6256,1.);
#6256 = DIRECTION('',(0.,1.));
#6257 = ( GEOMETRIC_REPRESENTATION_CONTEXT(2) 
PARAMETRIC_REPRESENTATION_CONTEXT() REPRESENTATION_CONTEXT('2D SPACE',''
  ) );
#6258 = ORIENTED_EDGE('',*,*,#2640,.F.);
#6259 = ORIENTED_EDGE('',*,*,#763,.F.);
#6260 = ADVANCED_FACE('',(#6261,#6303,#6306),#699,.T.);
#6261 = FACE_BOUND('',#6262,.T.);
#6262 = EDGE_LOOP('',(#6263,#6264,#6265,#6266,#6267,#6268,#6269,#6270,
    #6271,#6272,#6273,#6274,#6275,#6276,#6277,#6278,#6279,#6280,#6281,
    #6282));
#6263 = ORIENTED_EDGE('',*,*,#683,.F.);
#6264 = ORIENTED_EDGE('',*,*,#6238,.T.);
#6265 = ORIENTED_EDGE('',*,*,#2592,.T.);
#6266 = ORIENTED_EDGE('',*,*,#2664,.T.);
#6267 = ORIENTED_EDGE('',*,*,#3077,.F.);
#6268 = ORIENTED_EDGE('',*,*,#2980,.F.);
#6269 = ORIENTED_EDGE('',*,*,#3027,.T.);
#6270 = ORIENTED_EDGE('',*,*,#3422,.T.);
#6271 = ORIENTED_EDGE('',*,*,#3452,.F.);
#6272 = ORIENTED_EDGE('',*,*,#3507,.T.);
#6273 = ORIENTED_EDGE('',*,*,#3608,.T.);
#6274 = ORIENTED_EDGE('',*,*,#3713,.F.);
#6275 = ORIENTED_EDGE('',*,*,#5211,.F.);
#6276 = ORIENTED_EDGE('',*,*,#5086,.F.);
#6277 = ORIENTED_EDGE('',*,*,#6090,.F.);
#6278 = ORIENTED_EDGE('',*,*,#6117,.T.);
#6279 = ORIENTED_EDGE('',*,*,#6211,.T.);
#6280 = ORIENTED_EDGE('',*,*,#4545,.F.);
#6281 = ORIENTED_EDGE('',*,*,#4793,.T.);
#6282 = ORIENTED_EDGE('',*,*,#6283,.F.);
#6283 = EDGE_CURVE('',#684,#4794,#6284,.T.);
#6284 = SURFACE_CURVE('',#6285,(#6289,#6296),.PCURVE_S1.);
#6285 = LINE('',#6286,#6287);
#6286 = CARTESIAN_POINT('',(41.682367202281,31.930746135935,48.));
#6287 = VECTOR('',#6288,1.);
#6288 = DIRECTION('',(0.,-1.110223024625E-16,-1.));
#6289 = PCURVE('',#699,#6290);
#6290 = DEFINITIONAL_REPRESENTATION('',(#6291),#6295);
#6291 = LINE('',#6292,#6293);
#6292 = CARTESIAN_POINT('',(32.,3.));
#6293 = VECTOR('',#6294,1.);
#6294 = DIRECTION('',(-0.,-1.));
#6295 = ( GEOMETRIC_REPRESENTATION_CONTEXT(2) 
PARAMETRIC_REPRESENTATION_CONTEXT() REPRESENTATION_CONTEXT('2D SPACE',''
  ) );
#6296 = PCURVE('',#727,#6297);
#6297 = DEFINITIONAL_REPRESENTATION('',(#6298),#6302);
#6298 = LINE('',#6299,#6300);
#6299 = CARTESIAN_POINT('',(3.330669073875E-16,3.));
#6300 = VECTOR('',#6301,1.);
#6301 = DIRECTION('',(0.,-1.));
#6302 = ( GEOMETRIC_REPRESENTATION_CONTEXT(2) 
PARAMETRIC_REPRESENTATION_CONTEXT() REPRESENTATION_CONTEXT('2D SPACE',''
  ) );
#6303 = FACE_BOUND('',#6304,.T.);
#6304 = EDGE_LOOP('',(#6305));
#6305 = ORIENTED_EDGE('',*,*,#1843,.F.);
#6306 = FACE_BOUND('',#6307,.T.);
#6307 = EDGE_LOOP('',(#6308));
#6308 = ORIENTED_EDGE('',*,*,#2457,.F.);
#6309 = ADVANCED_FACE('',(#6310),#727,.T.);
#6310 = FACE_BOUND('',#6311,.T.);
#6311 = EDGE_LOOP('',(#6312,#6313,#6314,#6315,#6316));
#6312 = ORIENTED_EDGE('',*,*,#711,.F.);
#6313 = ORIENTED_EDGE('',*,*,#6283,.T.);
#6314 = ORIENTED_EDGE('',*,*,#4816,.T.);
#6315 = ORIENTED_EDGE('',*,*,#4350,.F.);
#6316 = ORIENTED_EDGE('',*,*,#6317,.F.);
#6317 = EDGE_CURVE('',#712,#4323,#6318,.T.);
#6318 = SURFACE_CURVE('',#6319,(#6323,#6330),.PCURVE_S1.);
#6319 = LINE('',#6320,#6321);
#6320 = CARTESIAN_POINT('',(41.682367202281,27.154829028758,36.5));
#6321 = VECTOR('',#6322,1.);
#6322 = DIRECTION('',(0.,-1.110223024625E-16,-1.));
#6323 = PCURVE('',#727,#6324);
#6324 = DEFINITIONAL_REPRESENTATION('',(#6325),#6329);
#6325 = LINE('',#6326,#6327);
#6326 = CARTESIAN_POINT('',(4.775917107177,-8.5));
#6327 = VECTOR('',#6328,1.);
#6328 = DIRECTION('',(0.,-1.));
#6329 = ( GEOMETRIC_REPRESENTATION_CONTEXT(2) 
PARAMETRIC_REPRESENTATION_CONTEXT() REPRESENTATION_CONTEXT('2D SPACE',''
  ) );
#6330 = PCURVE('',#71,#6331);
#6331 = DEFINITIONAL_REPRESENTATION('',(#6332),#6336);
#6332 = LINE('',#6333,#6334);
#6333 = CARTESIAN_POINT('',(10.352761804101,8.5));
#6334 = VECTOR('',#6335,1.);
#6335 = DIRECTION('',(0.,-1.));
#6336 = ( GEOMETRIC_REPRESENTATION_CONTEXT(2) 
PARAMETRIC_REPRESENTATION_CONTEXT() REPRESENTATION_CONTEXT('2D SPACE',''
  ) );
#6337 = ADVANCED_FACE('',(#6338),#562,.T.);
#6338 = FACE_BOUND('',#6339,.T.);
#6339 = EDGE_LOOP('',(#6340,#6365,#6366,#6367,#6368));
#6340 = ORIENTED_EDGE('',*,*,#6341,.F.);
#6341 = EDGE_CURVE('',#6166,#543,#6342,.T.);
#6342 = SURFACE_CURVE('',#6343,(#6348,#6355),.PCURVE_S1.);
#6343 = ELLIPSE('',#6344,26.02107602338,26.);
#6344 = AXIS2_PLACEMENT_3D('',#6345,#6346,#6347);
#6345 = CARTESIAN_POINT('',(33.767745007726,16.692601181551,28.));
#6346 = DIRECTION('',(0.219740487242,-0.975558362307,1.083087355699E-16)
  );
#6347 = DIRECTION('',(-0.975558362307,-0.219740487242,2.439609483782E-17
    ));
#6348 = PCURVE('',#562,#6349);
#6349 = DEFINITIONAL_REPRESENTATION('',(#6350),#6354);
#6350 = ELLIPSE('',#6351,26.02107602338,26.);
#6351 = AXIS2_PLACEMENT_2D('',#6352,#6353);
#6352 = CARTESIAN_POINT('',(-8.112915126718,-17.));
#6353 = DIRECTION('',(-1.,0.));
#6354 = ( GEOMETRIC_REPRESENTATION_CONTEXT(2) 
PARAMETRIC_REPRESENTATION_CONTEXT() REPRESENTATION_CONTEXT('2D SPACE',''
  ) );
#6355 = PCURVE('',#588,#6356);
#6356 = DEFINITIONAL_REPRESENTATION('',(#6357),#6364);
#6357 = B_SPLINE_CURVE_WITH_KNOTS('',5,(#6358,#6359,#6360,#6361,#6362,
    #6363),.UNSPECIFIED.,.F.,.F.,(6,6),(3.683049056527,3.939625478633),
  .PIECEWISE_BEZIER_KNOTS.);
#6358 = CARTESIAN_POINT('',(-6.824641710116,-8.954594278783));
#6359 = CARTESIAN_POINT('',(-6.875956994538,-8.926901777013));
#6360 = CARTESIAN_POINT('',(-6.927272278959,-8.896255710654));
#6361 = CARTESIAN_POINT('',(-6.97858756338,-8.862807952009));
#6362 = CARTESIAN_POINT('',(-7.029902847801,-8.826742994327));
#6363 = CARTESIAN_POINT('',(-7.081218132223,-8.788271934035));
#6364 = ( GEOMETRIC_REPRESENTATION_CONTEXT(2) 
PARAMETRIC_REPRESENTATION_CONTEXT() REPRESENTATION_CONTEXT('2D SPACE',''
  ) );
#6365 = ORIENTED_EDGE('',*,*,#6188,.T.);
#6366 = ORIENTED_EDGE('',*,*,#787,.T.);
#6367 = ORIENTED_EDGE('',*,*,#604,.F.);
#6368 = ORIENTED_EDGE('',*,*,#542,.F.);
#6369 = ADVANCED_FACE('',(#6370),#588,.T.);
#6370 = FACE_BOUND('',#6371,.F.);
#6371 = EDGE_LOOP('',(#6372,#6373,#6374,#6375,#6376,#6402,#6403,#6404));
#6372 = ORIENTED_EDGE('',*,*,#4715,.F.);
#6373 = ORIENTED_EDGE('',*,*,#6044,.F.);
#6374 = ORIENTED_EDGE('',*,*,#6016,.F.);
#6375 = ORIENTED_EDGE('',*,*,#5318,.F.);
#6376 = ORIENTED_EDGE('',*,*,#6377,.F.);
#6377 = EDGE_CURVE('',#458,#5295,#6378,.T.);
#6378 = SURFACE_CURVE('',#6379,(#6384,#6391),.PCURVE_S1.);
#6379 = CIRCLE('',#6380,26.);
#6380 = AXIS2_PLACEMENT_3D('',#6381,#6382,#6383);
#6381 = CARTESIAN_POINT('',(35.965822398728,8.489264679363,28.));
#6382 = DIRECTION('',(-0.258819045103,0.965925826289,-1.249000902703E-16
    ));
#6383 = DIRECTION('',(0.67432878157,0.180685852455,0.715984159789));
#6384 = PCURVE('',#588,#6385);
#6385 = DEFINITIONAL_REPRESENTATION('',(#6386),#6390);
#6386 = LINE('',#6387,#6388);
#6387 = CARTESIAN_POINT('',(-7.081218132223,-16.55));
#6388 = VECTOR('',#6389,1.);
#6389 = DIRECTION('',(1.,-0.));
#6390 = ( GEOMETRIC_REPRESENTATION_CONTEXT(2) 
PARAMETRIC_REPRESENTATION_CONTEXT() REPRESENTATION_CONTEXT('2D SPACE',''
  ) );
#6391 = PCURVE('',#128,#6392);
#6392 = DEFINITIONAL_REPRESENTATION('',(#6393),#6401);
#6393 = ( BOUNDED_CURVE() B_SPLINE_CURVE(2,(#6394,#6395,#6396,#6397,
#6398,#6399,#6400),.UNSPECIFIED.,.T.,.F.) B_SPLINE_CURVE_WITH_KNOTS((1,2
    ,2,2,2,1),(-2.094395102393,0.,2.094395102393,4.188790204786,
6.28318530718,8.377580409573),.UNSPECIFIED.) CURVE() 
GEOMETRIC_REPRESENTATION_ITEM() RATIONAL_B_SPLINE_CURVE((1.,0.5,1.,0.5,
1.,0.5,1.)) REPRESENTATION_ITEM('') );
#6394 = CARTESIAN_POINT('',(18.151029658445,18.615588154507));
#6395 = CARTESIAN_POINT('',(50.39417415483,-12.8229174236));
#6396 = CARTESIAN_POINT('',(7.046057418969,-25.02704686631));
#6397 = CARTESIAN_POINT('',(-36.30205931689,-37.23117630901));
#6398 = CARTESIAN_POINT('',(-25.19708707741,6.411458711805));
#6399 = CARTESIAN_POINT('',(-14.09211483793,50.054093732624));
#6400 = CARTESIAN_POINT('',(18.151029658445,18.615588154507));
#6401 = ( GEOMETRIC_REPRESENTATION_CONTEXT(2) 
PARAMETRIC_REPRESENTATION_CONTEXT() REPRESENTATION_CONTEXT('2D SPACE',''
  ) );
#6402 = ORIENTED_EDGE('',*,*,#574,.T.);
#6403 = ORIENTED_EDGE('',*,*,#6341,.F.);
#6404 = ORIENTED_EDGE('',*,*,#6165,.T.);
#6405 = ADVANCED_FACE('',(#6406),#160,.F.);
#6406 = FACE_BOUND('',#6407,.F.);
#6407 = EDGE_LOOP('',(#6408,#6409,#6430,#6431));
#6408 = ORIENTED_EDGE('',*,*,#4957,.T.);
#6409 = ORIENTED_EDGE('',*,*,#6410,.T.);
#6410 = EDGE_CURVE('',#4958,#145,#6411,.T.);
#6411 = SURFACE_CURVE('',#6412,(#6416,#6423),.PCURVE_S1.);
#6412 = LINE('',#6413,#6414);
#6413 = CARTESIAN_POINT('',(42.397706751819,21.963067545238,45.));
#6414 = VECTOR('',#6415,1.);
#6415 = DIRECTION('',(0.,1.110223024625E-16,1.));
#6416 = PCURVE('',#160,#6417);
#6417 = DEFINITIONAL_REPRESENTATION('',(#6418),#6422);
#6418 = LINE('',#6419,#6420);
#6419 = CARTESIAN_POINT('',(0.,0.));
#6420 = VECTOR('',#6421,1.);
#6421 = DIRECTION('',(0.,-1.));
#6422 = ( GEOMETRIC_REPRESENTATION_CONTEXT(2) 
PARAMETRIC_REPRESENTATION_CONTEXT() REPRESENTATION_CONTEXT('2D SPACE',''
  ) );
#6423 = PCURVE('',#189,#6424);
#6424 = DEFINITIONAL_REPRESENTATION('',(#6425),#6429);
#6425 = LINE('',#6426,#6427);
#6426 = CARTESIAN_POINT('',(16.,4.597549809349E-16));
#6427 = VECTOR('',#6428,1.);
#6428 = DIRECTION('',(0.,1.));
#6429 = ( GEOMETRIC_REPRESENTATION_CONTEXT(2) 
PARAMETRIC_REPRESENTATION_CONTEXT() REPRESENTATION_CONTEXT('2D SPACE',''
  ) );
#6430 = ORIENTED_EDGE('',*,*,#144,.F.);
#6431 = ORIENTED_EDGE('',*,*,#6432,.F.);
#6432 = EDGE_CURVE('',#4930,#112,#6433,.T.);
#6433 = SURFACE_CURVE('',#6434,(#6438,#6445),.PCURVE_S1.);
#6434 = LINE('',#6435,#6436);
#6435 = CARTESIAN_POINT('',(45.335302913732,10.999809416857,36.5));
#6436 = VECTOR('',#6437,1.);
#6437 = DIRECTION('',(0.,1.110223024625E-16,1.));
#6438 = PCURVE('',#160,#6439);
#6439 = DEFINITIONAL_REPRESENTATION('',(#6440),#6444);
#6440 = LINE('',#6441,#6442);
#6441 = CARTESIAN_POINT('',(11.35,8.5));
#6442 = VECTOR('',#6443,1.);
#6443 = DIRECTION('',(0.,-1.));
#6444 = ( GEOMETRIC_REPRESENTATION_CONTEXT(2) 
PARAMETRIC_REPRESENTATION_CONTEXT() REPRESENTATION_CONTEXT('2D SPACE',''
  ) );
#6445 = PCURVE('',#128,#6446);
#6446 = DEFINITIONAL_REPRESENTATION('',(#6447),#6451);
#6447 = LINE('',#6448,#6449);
#6448 = CARTESIAN_POINT('',(9.7,8.5));
#6449 = VECTOR('',#6450,1.);
#6450 = DIRECTION('',(0.,1.));
#6451 = ( GEOMETRIC_REPRESENTATION_CONTEXT(2) 
PARAMETRIC_REPRESENTATION_CONTEXT() REPRESENTATION_CONTEXT('2D SPACE',''
  ) );
#6452 = ADVANCED_FACE('',(#6453),#189,.T.);
#6453 = FACE_BOUND('',#6454,.T.);
#6454 = EDGE_LOOP('',(#6455,#6476,#6477,#6478));
#6455 = ORIENTED_EDGE('',*,*,#6456,.F.);
#6456 = EDGE_CURVE('',#4981,#173,#6457,.T.);
#6457 = SURFACE_CURVE('',#6458,(#6462,#6469),.PCURVE_S1.);
#6458 = LINE('',#6459,#6460);
#6459 = CARTESIAN_POINT('',(26.942893531193,17.821962823598,45.));
#6460 = VECTOR('',#6461,1.);
#6461 = DIRECTION('',(0.,1.110223024625E-16,1.));
#6462 = PCURVE('',#189,#6463);
#6463 = DEFINITIONAL_REPRESENTATION('',(#6464),#6468);
#6464 = LINE('',#6465,#6466);
#6465 = CARTESIAN_POINT('',(0.,0.));
#6466 = VECTOR('',#6467,1.);
#6467 = DIRECTION('',(0.,1.));
#6468 = ( GEOMETRIC_REPRESENTATION_CONTEXT(2) 
PARAMETRIC_REPRESENTATION_CONTEXT() REPRESENTATION_CONTEXT('2D SPACE',''
  ) );
#6469 = PCURVE('',#221,#6470);
#6470 = DEFINITIONAL_REPRESENTATION('',(#6471),#6475);
#6471 = LINE('',#6472,#6473);
#6472 = CARTESIAN_POINT('',(0.,0.));
#6473 = VECTOR('',#6474,1.);
#6474 = DIRECTION('',(0.,-1.));
#6475 = ( GEOMETRIC_REPRESENTATION_CONTEXT(2) 
PARAMETRIC_REPRESENTATION_CONTEXT() REPRESENTATION_CONTEXT('2D SPACE',''
  ) );
#6476 = ORIENTED_EDGE('',*,*,#4980,.T.);
#6477 = ORIENTED_EDGE('',*,*,#6410,.T.);
#6478 = ORIENTED_EDGE('',*,*,#172,.F.);
#6479 = ADVANCED_FACE('',(#6480),#221,.T.);
#6480 = FACE_BOUND('',#6481,.T.);
#6481 = EDGE_LOOP('',(#6482,#6483,#6484,#6485));
#6482 = ORIENTED_EDGE('',*,*,#5008,.T.);
#6483 = ORIENTED_EDGE('',*,*,#6456,.T.);
#6484 = ORIENTED_EDGE('',*,*,#205,.F.);
#6485 = ORIENTED_EDGE('',*,*,#6486,.F.);
#6486 = EDGE_CURVE('',#5009,#206,#6487,.T.);
#6487 = SURFACE_CURVE('',#6488,(#6492,#6499),.PCURVE_S1.);
#6488 = LINE('',#6489,#6490);
#6489 = CARTESIAN_POINT('',(29.880489693107,6.858704695217,36.5));
#6490 = VECTOR('',#6491,1.);
#6491 = DIRECTION('',(0.,1.110223024625E-16,1.));
#6492 = PCURVE('',#221,#6493);
#6493 = DEFINITIONAL_REPRESENTATION('',(#6494),#6498);
#6494 = LINE('',#6495,#6496);
#6495 = CARTESIAN_POINT('',(11.35,8.5));
#6496 = VECTOR('',#6497,1.);
#6497 = DIRECTION('',(0.,-1.));
#6498 = ( GEOMETRIC_REPRESENTATION_CONTEXT(2) 
PARAMETRIC_REPRESENTATION_CONTEXT() REPRESENTATION_CONTEXT('2D SPACE',''
  ) );
#6499 = PCURVE('',#128,#6500);
#6500 = DEFINITIONAL_REPRESENTATION('',(#6501),#6505);
#6501 = LINE('',#6502,#6503);
#6502 = CARTESIAN_POINT('',(-6.3,8.5));
#6503 = VECTOR('',#6504,1.);
#6504 = DIRECTION('',(0.,1.));
#6505 = ( GEOMETRIC_REPRESENTATION_CONTEXT(2) 
PARAMETRIC_REPRESENTATION_CONTEXT() REPRESENTATION_CONTEXT('2D SPACE',''
  ) );
#6506 = ADVANCED_FACE('',(#6507,#6541,#6576,#6611),#128,.T.);
#6507 = FACE_BOUND('',#6508,.T.);
#6508 = EDGE_LOOP('',(#6509,#6510,#6511,#6512,#6513,#6514,#6515,#6516,
    #6517,#6539,#6540));
#6509 = ORIENTED_EDGE('',*,*,#6377,.F.);
#6510 = ORIENTED_EDGE('',*,*,#457,.F.);
#6511 = ORIENTED_EDGE('',*,*,#111,.F.);
#6512 = ORIENTED_EDGE('',*,*,#6432,.F.);
#6513 = ORIENTED_EDGE('',*,*,#4929,.T.);
#6514 = ORIENTED_EDGE('',*,*,#5031,.T.);
#6515 = ORIENTED_EDGE('',*,*,#6486,.T.);
#6516 = ORIENTED_EDGE('',*,*,#233,.F.);
#6517 = ORIENTED_EDGE('',*,*,#6518,.T.);
#6518 = EDGE_CURVE('',#234,#5396,#6519,.T.);
#6519 = SURFACE_CURVE('',#6520,(#6525,#6532),.PCURVE_S1.);
#6520 = CIRCLE('',#6521,4.8);
#6521 = AXIS2_PLACEMENT_3D('',#6522,#6523,#6524);
#6522 = CARTESIAN_POINT('',(8.919899262634,1.242331416492,28.));
#6523 = DIRECTION('',(0.258819045103,-0.965925826289,1.072393092426E-16)
  );
#6524 = DIRECTION('',(0.965925826289,0.258819045103,-2.873468630843E-17)
  );
#6525 = PCURVE('',#128,#6526);
#6526 = DEFINITIONAL_REPRESENTATION('',(#6527),#6531);
#6527 = CIRCLE('',#6528,4.8);
#6528 = AXIS2_PLACEMENT_2D('',#6529,#6530);
#6529 = CARTESIAN_POINT('',(-28.,2.748142462164E-15));
#6530 = DIRECTION('',(1.,0.));
#6531 = ( GEOMETRIC_REPRESENTATION_CONTEXT(2) 
PARAMETRIC_REPRESENTATION_CONTEXT() REPRESENTATION_CONTEXT('2D SPACE',''
  ) );
#6532 = PCURVE('',#277,#6533);
#6533 = DEFINITIONAL_REPRESENTATION('',(#6534),#6538);
#6534 = LINE('',#6535,#6536);
#6535 = CARTESIAN_POINT('',(-0.,-16.55));
#6536 = VECTOR('',#6537,1.);
#6537 = DIRECTION('',(-1.,0.));
#6538 = ( GEOMETRIC_REPRESENTATION_CONTEXT(2) 
PARAMETRIC_REPRESENTATION_CONTEXT() REPRESENTATION_CONTEXT('2D SPACE',''
  ) );
#6539 = ORIENTED_EDGE('',*,*,#5418,.F.);
#6540 = ORIENTED_EDGE('',*,*,#5294,.T.);
#6541 = FACE_BOUND('',#6542,.T.);
#6542 = EDGE_LOOP('',(#6543));
#6543 = ORIENTED_EDGE('',*,*,#6544,.T.);
#6544 = EDGE_CURVE('',#6545,#6545,#6547,.T.);
#6545 = VERTEX_POINT('',#6546);
#6546 = CARTESIAN_POINT('',(53.120800513645,13.085927211428,
    5.063742759908));
#6547 = SURFACE_CURVE('',#6548,(#6553,#6564),.PCURVE_S1.);
#6548 = CIRCLE('',#6549,1.7);
#6549 = AXIS2_PLACEMENT_3D('',#6550,#6551,#6552);
#6550 = CARTESIAN_POINT('',(51.478726608953,12.645934834754,
    5.063742759908));
#6551 = DIRECTION('',(-0.258819045103,0.965925826289,-1.072393092426E-16
    ));
#6552 = DIRECTION('',(0.965925826289,0.258819045103,-2.873468630843E-17)
  );
#6553 = PCURVE('',#128,#6554);
#6554 = DEFINITIONAL_REPRESENTATION('',(#6555),#6563);
#6555 = ( BOUNDED_CURVE() B_SPLINE_CURVE(2,(#6556,#6557,#6558,#6559,
#6560,#6561,#6562),.UNSPECIFIED.,.T.,.F.) B_SPLINE_CURVE_WITH_KNOTS((1,2
    ,2,2,2,1),(-2.094395102393,0.,2.094395102393,4.188790204786,
6.28318530718,8.377580409573),.UNSPECIFIED.) CURVE() 
GEOMETRIC_REPRESENTATION_ITEM() RATIONAL_B_SPLINE_CURVE((1.,0.5,1.,0.5,
1.,0.5,1.)) REPRESENTATION_ITEM('') );
#6556 = CARTESIAN_POINT('',(17.760140217829,-22.93625724009));
#6557 = CARTESIAN_POINT('',(17.760140217829,-25.88074361295));
#6558 = CARTESIAN_POINT('',(15.210140217829,-24.40850042652));
#6559 = CARTESIAN_POINT('',(12.660140217829,-22.93625724009));
#6560 = CARTESIAN_POINT('',(15.210140217829,-21.46401405365));
#6561 = CARTESIAN_POINT('',(17.760140217829,-19.99177086722));
#6562 = CARTESIAN_POINT('',(17.760140217829,-22.93625724009));
#6563 = ( GEOMETRIC_REPRESENTATION_CONTEXT(2) 
PARAMETRIC_REPRESENTATION_CONTEXT() REPRESENTATION_CONTEXT('2D SPACE',''
  ) );
#6564 = PCURVE('',#6565,#6570);
#6565 = CYLINDRICAL_SURFACE('',#6566,1.7);
#6566 = AXIS2_PLACEMENT_3D('',#6567,#6568,#6569);
#6567 = CARTESIAN_POINT('',(43.312985735969,43.120894654174,
    5.063742759908));
#6568 = DIRECTION('',(-0.258819045103,0.965925826289,-1.072393092426E-16
    ));
#6569 = DIRECTION('',(0.965925826289,0.258819045103,-2.873468630843E-17)
  );
#6570 = DEFINITIONAL_REPRESENTATION('',(#6571),#6575);
#6571 = LINE('',#6572,#6573);
#6572 = CARTESIAN_POINT('',(-6.28318530718,-31.55));
#6573 = VECTOR('',#6574,1.);
#6574 = DIRECTION('',(1.,-0.));
#6575 = ( GEOMETRIC_REPRESENTATION_CONTEXT(2) 
PARAMETRIC_REPRESENTATION_CONTEXT() REPRESENTATION_CONTEXT('2D SPACE',''
  ) );
#6576 = FACE_BOUND('',#6577,.T.);
#6577 = EDGE_LOOP('',(#6578));
#6578 = ORIENTED_EDGE('',*,*,#6579,.T.);
#6579 = EDGE_CURVE('',#6580,#6580,#6582,.T.);
#6580 = VERTEX_POINT('',#6581);
#6581 = CARTESIAN_POINT('',(10.561973167326,1.682323793166,28.));
#6582 = SURFACE_CURVE('',#6583,(#6588,#6599),.PCURVE_S1.);
#6583 = CIRCLE('',#6584,1.7);
#6584 = AXIS2_PLACEMENT_3D('',#6585,#6586,#6587);
#6585 = CARTESIAN_POINT('',(8.919899262634,1.242331416492,28.));
#6586 = DIRECTION('',(-0.258819045103,0.965925826289,-1.072393092426E-16
    ));
#6587 = DIRECTION('',(0.965925826289,0.258819045103,-2.873468630843E-17)
  );
#6588 = PCURVE('',#128,#6589);
#6589 = DEFINITIONAL_REPRESENTATION('',(#6590),#6598);
#6590 = ( BOUNDED_CURVE() B_SPLINE_CURVE(2,(#6591,#6592,#6593,#6594,
#6595,#6596,#6597),.UNSPECIFIED.,.T.,.F.) B_SPLINE_CURVE_WITH_KNOTS((1,2
    ,2,2,2,1),(-2.094395102393,0.,2.094395102393,4.188790204786,
6.28318530718,8.377580409573),.UNSPECIFIED.) CURVE() 
GEOMETRIC_REPRESENTATION_ITEM() RATIONAL_B_SPLINE_CURVE((1.,0.5,1.,0.5,
1.,0.5,1.)) REPRESENTATION_ITEM('') );
#6591 = CARTESIAN_POINT('',(-26.3,2.748142462164E-15));
#6592 = CARTESIAN_POINT('',(-26.3,-2.944486372867));
#6593 = CARTESIAN_POINT('',(-28.85,-1.472243186434));
#6594 = CARTESIAN_POINT('',(-31.4,2.331762550454E-15));
#6595 = CARTESIAN_POINT('',(-28.85,1.472243186434));
#6596 = CARTESIAN_POINT('',(-26.3,2.944486372867));
#6597 = CARTESIAN_POINT('',(-26.3,2.748142462164E-15));
#6598 = ( GEOMETRIC_REPRESENTATION_CONTEXT(2) 
PARAMETRIC_REPRESENTATION_CONTEXT() REPRESENTATION_CONTEXT('2D SPACE',''
  ) );
#6599 = PCURVE('',#6600,#6605);
#6600 = CYLINDRICAL_SURFACE('',#6601,1.7);
#6601 = AXIS2_PLACEMENT_3D('',#6602,#6603,#6604);
#6602 = CARTESIAN_POINT('',(0.75415838965,31.717291235912,28.));
#6603 = DIRECTION('',(-0.258819045103,0.965925826289,-1.072393092426E-16
    ));
#6604 = DIRECTION('',(0.965925826289,0.258819045103,-2.873468630843E-17)
  );
#6605 = DEFINITIONAL_REPRESENTATION('',(#6606),#6610);
#6606 = LINE('',#6607,#6608);
#6607 = CARTESIAN_POINT('',(-6.28318530718,-31.55));
#6608 = VECTOR('',#6609,1.);
#6609 = DIRECTION('',(1.,-0.));
#6610 = ( GEOMETRIC_REPRESENTATION_CONTEXT(2) 
PARAMETRIC_REPRESENTATION_CONTEXT() REPRESENTATION_CONTEXT('2D SPACE',''
  ) );
#6611 = FACE_BOUND('',#6612,.T.);
#6612 = EDGE_LOOP('',(#6613));
#6613 = ORIENTED_EDGE('',*,*,#6614,.T.);
#6614 = EDGE_CURVE('',#6615,#6615,#6617,.T.);
#6615 = VERTEX_POINT('',#6616);
#6616 = CARTESIAN_POINT('',(53.120800513645,13.085927211428,
    50.936257240092));
#6617 = SURFACE_CURVE('',#6618,(#6623,#6634),.PCURVE_S1.);
#6618 = CIRCLE('',#6619,1.7);
#6619 = AXIS2_PLACEMENT_3D('',#6620,#6621,#6622);
#6620 = CARTESIAN_POINT('',(51.478726608953,12.645934834754,
    50.936257240092));
#6621 = DIRECTION('',(-0.258819045103,0.965925826289,-1.072393092426E-16
    ));
#6622 = DIRECTION('',(0.965925826289,0.258819045103,-2.873468630843E-17)
  );
#6623 = PCURVE('',#128,#6624);
#6624 = DEFINITIONAL_REPRESENTATION('',(#6625),#6633);
#6625 = ( BOUNDED_CURVE() B_SPLINE_CURVE(2,(#6626,#6627,#6628,#6629,
#6630,#6631,#6632),.UNSPECIFIED.,.T.,.F.) B_SPLINE_CURVE_WITH_KNOTS((1,2
    ,2,2,2,1),(-2.094395102393,0.,2.094395102393,4.188790204786,
6.28318530718,8.377580409573),.UNSPECIFIED.) CURVE() 
GEOMETRIC_REPRESENTATION_ITEM() RATIONAL_B_SPLINE_CURVE((1.,0.5,1.,0.5,
1.,0.5,1.)) REPRESENTATION_ITEM('') );
#6626 = CARTESIAN_POINT('',(17.760140217829,22.936257240092));
#6627 = CARTESIAN_POINT('',(17.760140217829,19.991770867225));
#6628 = CARTESIAN_POINT('',(15.210140217829,21.464014053658));
#6629 = CARTESIAN_POINT('',(12.660140217829,22.936257240092));
#6630 = CARTESIAN_POINT('',(15.210140217829,24.408500426525));
#6631 = CARTESIAN_POINT('',(17.760140217829,25.880743612959));
#6632 = CARTESIAN_POINT('',(17.760140217829,22.936257240092));
#6633 = ( GEOMETRIC_REPRESENTATION_CONTEXT(2) 
PARAMETRIC_REPRESENTATION_CONTEXT() REPRESENTATION_CONTEXT('2D SPACE',''
  ) );
#6634 = PCURVE('',#6635,#6640);
#6635 = CYLINDRICAL_SURFACE('',#6636,1.7);
#6636 = AXIS2_PLACEMENT_3D('',#6637,#6638,#6639);
#6637 = CARTESIAN_POINT('',(43.312985735969,43.120894654174,
    50.936257240092));
#6638 = DIRECTION('',(-0.258819045103,0.965925826289,-1.072393092426E-16
    ));
#6639 = DIRECTION('',(0.965925826289,0.258819045103,-2.873468630843E-17)
  );
#6640 = DEFINITIONAL_REPRESENTATION('',(#6641),#6645);
#6641 = LINE('',#6642,#6643);
#6642 = CARTESIAN_POINT('',(-6.28318530718,-31.55));
#6643 = VECTOR('',#6644,1.);
#6644 = DIRECTION('',(1.,-0.));
#6645 = ( GEOMETRIC_REPRESENTATION_CONTEXT(2) 
PARAMETRIC_REPRESENTATION_CONTEXT() REPRESENTATION_CONTEXT('2D SPACE',''
  ) );
#6646 = ADVANCED_FACE('',(#6647),#6635,.F.);
#6647 = FACE_BOUND('',#6648,.T.);
#6648 = EDGE_LOOP('',(#6649,#6682,#6703,#6704));
#6649 = ORIENTED_EDGE('',*,*,#6650,.T.);
#6650 = EDGE_CURVE('',#6651,#6651,#6653,.T.);
#6651 = VERTEX_POINT('',#6652);
#6652 = CARTESIAN_POINT('',(49.52321578672,26.512296196846,
    50.936257240092));
#6653 = SURFACE_CURVE('',#6654,(#6659,#6666),.PCURVE_S1.);
#6654 = CIRCLE('',#6655,1.7);
#6655 = AXIS2_PLACEMENT_3D('',#6656,#6657,#6658);
#6656 = CARTESIAN_POINT('',(47.881141882028,26.072303820172,
    50.936257240092));
#6657 = DIRECTION('',(-0.258819045103,0.965925826289,-1.072393092426E-16
    ));
#6658 = DIRECTION('',(0.965925826289,0.258819045103,-2.873468630843E-17)
  );
#6659 = PCURVE('',#6635,#6660);
#6660 = DEFINITIONAL_REPRESENTATION('',(#6661),#6665);
#6661 = LINE('',#6662,#6663);
#6662 = CARTESIAN_POINT('',(-6.28318530718,-17.65));
#6663 = VECTOR('',#6664,1.);
#6664 = DIRECTION('',(1.,-0.));
#6665 = ( GEOMETRIC_REPRESENTATION_CONTEXT(2) 
PARAMETRIC_REPRESENTATION_CONTEXT() REPRESENTATION_CONTEXT('2D SPACE',''
  ) );
#6666 = PCURVE('',#6667,#6672);
#6667 = PLANE('',#6668);
#6668 = AXIS2_PLACEMENT_3D('',#6669,#6670,#6671);
#6669 = CARTESIAN_POINT('',(47.881141882028,26.072303820172,
    50.936257240092));
#6670 = DIRECTION('',(0.258819045103,-0.965925826289,1.072393092426E-16)
  );
#6671 = DIRECTION('',(0.965925826289,0.258819045103,-2.873468630843E-17)
  );
#6672 = DEFINITIONAL_REPRESENTATION('',(#6673),#6681);
#6673 = ( BOUNDED_CURVE() B_SPLINE_CURVE(2,(#6674,#6675,#6676,#6677,
#6678,#6679,#6680),.UNSPECIFIED.,.T.,.F.) B_SPLINE_CURVE_WITH_KNOTS((1,2
    ,2,2,2,1),(-2.094395102393,0.,2.094395102393,4.188790204786,
6.28318530718,8.377580409573),.UNSPECIFIED.) CURVE() 
GEOMETRIC_REPRESENTATION_ITEM() RATIONAL_B_SPLINE_CURVE((1.,0.5,1.,0.5,
1.,0.5,1.)) REPRESENTATION_ITEM('') );
#6674 = CARTESIAN_POINT('',(1.7,0.));
#6675 = CARTESIAN_POINT('',(1.7,-2.944486372867));
#6676 = CARTESIAN_POINT('',(-0.85,-1.472243186434));
#6677 = CARTESIAN_POINT('',(-3.4,-4.163799117101E-16));
#6678 = CARTESIAN_POINT('',(-0.85,1.472243186434));
#6679 = CARTESIAN_POINT('',(1.7,2.944486372867));
#6680 = CARTESIAN_POINT('',(1.7,0.));
#6681 = ( GEOMETRIC_REPRESENTATION_CONTEXT(2) 
PARAMETRIC_REPRESENTATION_CONTEXT() REPRESENTATION_CONTEXT('2D SPACE',''
  ) );
#6682 = ORIENTED_EDGE('',*,*,#6683,.T.);
#6683 = EDGE_CURVE('',#6651,#6615,#6684,.T.);
#6684 = SEAM_CURVE('',#6685,(#6689,#6696),.PCURVE_S1.);
#6685 = LINE('',#6686,#6687);
#6686 = CARTESIAN_POINT('',(44.95505964066,43.560887030848,
    50.936257240092));
#6687 = VECTOR('',#6688,1.);
#6688 = DIRECTION('',(0.258819045103,-0.965925826289,1.072393092426E-16)
  );
#6689 = PCURVE('',#6635,#6690);
#6690 = DEFINITIONAL_REPRESENTATION('',(#6691),#6695);
#6691 = LINE('',#6692,#6693);
#6692 = CARTESIAN_POINT('',(-6.28318530718,0.));
#6693 = VECTOR('',#6694,1.);
#6694 = DIRECTION('',(-0.,-1.));
#6695 = ( GEOMETRIC_REPRESENTATION_CONTEXT(2) 
PARAMETRIC_REPRESENTATION_CONTEXT() REPRESENTATION_CONTEXT('2D SPACE',''
  ) );
#6696 = PCURVE('',#6635,#6697);
#6697 = DEFINITIONAL_REPRESENTATION('',(#6698),#6702);
#6698 = LINE('',#6699,#6700);
#6699 = CARTESIAN_POINT('',(-0.,0.));
#6700 = VECTOR('',#6701,1.);
#6701 = DIRECTION('',(-0.,-1.));
#6702 = ( GEOMETRIC_REPRESENTATION_CONTEXT(2) 
PARAMETRIC_REPRESENTATION_CONTEXT() REPRESENTATION_CONTEXT('2D SPACE',''
  ) );
#6703 = ORIENTED_EDGE('',*,*,#6614,.F.);
#6704 = ORIENTED_EDGE('',*,*,#6683,.F.);
#6705 = ADVANCED_FACE('',(#6706,#6876),#6667,.F.);
#6706 = FACE_BOUND('',#6707,.F.);
#6707 = EDGE_LOOP('',(#6708,#6738,#6766,#6794,#6822,#6850));
#6708 = ORIENTED_EDGE('',*,*,#6709,.T.);
#6709 = EDGE_CURVE('',#6710,#6712,#6714,.T.);
#6710 = VERTEX_POINT('',#6711);
#6711 = CARTESIAN_POINT('',(51.115671589814,26.938993443268,
    50.936257240092));
#6712 = VERTEX_POINT('',#6713);
#6713 = CARTESIAN_POINT('',(49.498406735921,26.50564863172,
    53.836257240092));
#6714 = SURFACE_CURVE('',#6715,(#6719,#6726),.PCURVE_S1.);
#6715 = LINE('',#6716,#6717);
#6716 = CARTESIAN_POINT('',(51.115671589814,26.938993443268,
    50.936257240092));
#6717 = VECTOR('',#6718,1.);
#6718 = DIRECTION('',(-0.482962913145,-0.129409522551,0.866025403784));
#6719 = PCURVE('',#6667,#6720);
#6720 = DEFINITIONAL_REPRESENTATION('',(#6721),#6725);
#6721 = LINE('',#6722,#6723);
#6722 = CARTESIAN_POINT('',(3.3486315613,9.622187747646E-17));
#6723 = VECTOR('',#6724,1.);
#6724 = DIRECTION('',(-0.5,0.866025403784));
#6725 = ( GEOMETRIC_REPRESENTATION_CONTEXT(2) 
PARAMETRIC_REPRESENTATION_CONTEXT() REPRESENTATION_CONTEXT('2D SPACE',''
  ) );
#6726 = PCURVE('',#6727,#6732);
#6727 = PLANE('',#6728);
#6728 = AXIS2_PLACEMENT_3D('',#6729,#6730,#6731);
#6729 = CARTESIAN_POINT('',(46.547515443755,43.98758427727,
    50.936257240092));
#6730 = DIRECTION('',(-0.836516303738,-0.224143868042,-0.5));
#6731 = DIRECTION('',(-0.482962913145,-0.129409522551,0.866025403784));
#6732 = DEFINITIONAL_REPRESENTATION('',(#6733),#6737);
#6733 = LINE('',#6734,#6735);
#6734 = CARTESIAN_POINT('',(-2.22044604925E-15,-17.65));
#6735 = VECTOR('',#6736,1.);
#6736 = DIRECTION('',(1.,-9.605239241518E-18));
#6737 = ( GEOMETRIC_REPRESENTATION_CONTEXT(2) 
PARAMETRIC_REPRESENTATION_CONTEXT() REPRESENTATION_CONTEXT('2D SPACE',''
  ) );
#6738 = ORIENTED_EDGE('',*,*,#6739,.T.);
#6739 = EDGE_CURVE('',#6712,#6740,#6742,.T.);
#6740 = VERTEX_POINT('',#6741);
#6741 = CARTESIAN_POINT('',(46.263877028135,25.638959008624,
    53.836257240092));
#6742 = SURFACE_CURVE('',#6743,(#6747,#6754),.PCURVE_S1.);
#6743 = LINE('',#6744,#6745);
#6744 = CARTESIAN_POINT('',(49.498406735921,26.50564863172,
    53.836257240092));
#6745 = VECTOR('',#6746,1.);
#6746 = DIRECTION('',(-0.965925826289,-0.258819045103,1.613528026107E-16
    ));
#6747 = PCURVE('',#6667,#6748);
#6748 = DEFINITIONAL_REPRESENTATION('',(#6749),#6753);
#6749 = LINE('',#6750,#6751);
#6750 = CARTESIAN_POINT('',(1.67431578065,2.9));
#6751 = VECTOR('',#6752,1.);
#6752 = DIRECTION('',(-1.,1.326181163023E-16));
#6753 = ( GEOMETRIC_REPRESENTATION_CONTEXT(2) 
PARAMETRIC_REPRESENTATION_CONTEXT() REPRESENTATION_CONTEXT('2D SPACE',''
  ) );
#6754 = PCURVE('',#6755,#6760);
#6755 = PLANE('',#6756);
#6756 = AXIS2_PLACEMENT_3D('',#6757,#6758,#6759);
#6757 = CARTESIAN_POINT('',(44.930250589862,43.554239465722,
    53.836257240092));
#6758 = DIRECTION('',(-1.280992635702E-16,-1.453463966872E-16,-1.));
#6759 = DIRECTION('',(-0.965925826289,-0.258819045103,1.613528026107E-16
    ));
#6760 = DEFINITIONAL_REPRESENTATION('',(#6761),#6765);
#6761 = LINE('',#6762,#6763);
#6762 = CARTESIAN_POINT('',(3.552713678801E-15,-17.65));
#6763 = VECTOR('',#6764,1.);
#6764 = DIRECTION('',(1.,-1.730336309634E-32));
#6765 = ( GEOMETRIC_REPRESENTATION_CONTEXT(2) 
PARAMETRIC_REPRESENTATION_CONTEXT() REPRESENTATION_CONTEXT('2D SPACE',''
  ) );
#6766 = ORIENTED_EDGE('',*,*,#6767,.T.);
#6767 = EDGE_CURVE('',#6740,#6768,#6770,.T.);
#6768 = VERTEX_POINT('',#6769);
#6769 = CARTESIAN_POINT('',(44.646612174242,25.205614197076,
    50.936257240092));
#6770 = SURFACE_CURVE('',#6771,(#6775,#6782),.PCURVE_S1.);
#6771 = LINE('',#6772,#6773);
#6772 = CARTESIAN_POINT('',(46.263877028135,25.638959008624,
    53.836257240092));
#6773 = VECTOR('',#6774,1.);
#6774 = DIRECTION('',(-0.482962913145,-0.129409522551,-0.866025403784));
#6775 = PCURVE('',#6667,#6776);
#6776 = DEFINITIONAL_REPRESENTATION('',(#6777),#6781);
#6777 = LINE('',#6778,#6779);
#6778 = CARTESIAN_POINT('',(-1.67431578065,2.9));
#6779 = VECTOR('',#6780,1.);
#6780 = DIRECTION('',(-0.5,-0.866025403784));
#6781 = ( GEOMETRIC_REPRESENTATION_CONTEXT(2) 
PARAMETRIC_REPRESENTATION_CONTEXT() REPRESENTATION_CONTEXT('2D SPACE',''
  ) );
#6782 = PCURVE('',#6783,#6788);
#6783 = PLANE('',#6784);
#6784 = AXIS2_PLACEMENT_3D('',#6785,#6786,#6787);
#6785 = CARTESIAN_POINT('',(41.695720882076,42.687549842626,
    53.836257240092));
#6786 = DIRECTION('',(0.836516303738,0.224143868042,-0.5));
#6787 = DIRECTION('',(-0.482962913145,-0.129409522551,-0.866025403784));
#6788 = DEFINITIONAL_REPRESENTATION('',(#6789),#6793);
#6789 = LINE('',#6790,#6791);
#6790 = CARTESIAN_POINT('',(0.,-17.65));
#6791 = VECTOR('',#6792,1.);
#6792 = DIRECTION('',(1.,-1.815033637411E-17));
#6793 = ( GEOMETRIC_REPRESENTATION_CONTEXT(2) 
PARAMETRIC_REPRESENTATION_CONTEXT() REPRESENTATION_CONTEXT('2D SPACE',''
  ) );
#6794 = ORIENTED_EDGE('',*,*,#6795,.T.);
#6795 = EDGE_CURVE('',#6768,#6796,#6798,.T.);
#6796 = VERTEX_POINT('',#6797);
#6797 = CARTESIAN_POINT('',(46.263877028135,25.638959008624,
    48.036257240092));
#6798 = SURFACE_CURVE('',#6799,(#6803,#6810),.PCURVE_S1.);
#6799 = LINE('',#6800,#6801);
#6800 = CARTESIAN_POINT('',(44.646612174242,25.205614197076,
    50.936257240092));
#6801 = VECTOR('',#6802,1.);
#6802 = DIRECTION('',(0.482962913145,0.129409522551,-0.866025403784));
#6803 = PCURVE('',#6667,#6804);
#6804 = DEFINITIONAL_REPRESENTATION('',(#6805),#6809);
#6805 = LINE('',#6806,#6807);
#6806 = CARTESIAN_POINT('',(-3.3486315613,-9.622187747646E-17));
#6807 = VECTOR('',#6808,1.);
#6808 = DIRECTION('',(0.5,-0.866025403784));
#6809 = ( GEOMETRIC_REPRESENTATION_CONTEXT(2) 
PARAMETRIC_REPRESENTATION_CONTEXT() REPRESENTATION_CONTEXT('2D SPACE',''
  ) );
#6810 = PCURVE('',#6811,#6816);
#6811 = PLANE('',#6812);
#6812 = AXIS2_PLACEMENT_3D('',#6813,#6814,#6815);
#6813 = CARTESIAN_POINT('',(40.078456028182,42.254205031078,
    50.936257240092));
#6814 = DIRECTION('',(0.836516303738,0.224143868042,0.5));
#6815 = DIRECTION('',(0.482962913145,0.129409522551,-0.866025403784));
#6816 = DEFINITIONAL_REPRESENTATION('',(#6817),#6821);
#6817 = LINE('',#6818,#6819);
#6818 = CARTESIAN_POINT('',(3.10862446895E-15,-17.65));
#6819 = VECTOR('',#6820,1.);
#6820 = DIRECTION('',(1.,9.605239241518E-18));
#6821 = ( GEOMETRIC_REPRESENTATION_CONTEXT(2) 
PARAMETRIC_REPRESENTATION_CONTEXT() REPRESENTATION_CONTEXT('2D SPACE',''
  ) );
#6822 = ORIENTED_EDGE('',*,*,#6823,.T.);
#6823 = EDGE_CURVE('',#6796,#6824,#6826,.T.);
#6824 = VERTEX_POINT('',#6825);
#6825 = CARTESIAN_POINT('',(49.498406735921,26.50564863172,
    48.036257240092));
#6826 = SURFACE_CURVE('',#6827,(#6831,#6838),.PCURVE_S1.);
#6827 = LINE('',#6828,#6829);
#6828 = CARTESIAN_POINT('',(46.263877028135,25.638959008624,
    48.036257240092));
#6829 = VECTOR('',#6830,1.);
#6830 = DIRECTION('',(0.965925826289,0.258819045103,-6.9182526782E-16));
#6831 = PCURVE('',#6667,#6832);
#6832 = DEFINITIONAL_REPRESENTATION('',(#6833),#6837);
#6833 = LINE('',#6834,#6835);
#6834 = CARTESIAN_POINT('',(-1.67431578065,-2.9));
#6835 = VECTOR('',#6836,1.);
#6836 = DIRECTION('',(1.,-6.630905815116E-16));
#6837 = ( GEOMETRIC_REPRESENTATION_CONTEXT(2) 
PARAMETRIC_REPRESENTATION_CONTEXT() REPRESENTATION_CONTEXT('2D SPACE',''
  ) );
#6838 = PCURVE('',#6839,#6844);
#6839 = PLANE('',#6840);
#6840 = AXIS2_PLACEMENT_3D('',#6841,#6842,#6843);
#6841 = CARTESIAN_POINT('',(41.695720882076,42.687549842626,
    48.036257240092));
#6842 = DIRECTION('',(6.404963178511E-16,2.826427735858E-16,1.));
#6843 = DIRECTION('',(0.965925826289,0.258819045103,-6.9182526782E-16));
#6844 = DEFINITIONAL_REPRESENTATION('',(#6845),#6849);
#6845 = LINE('',#6846,#6847);
#6846 = CARTESIAN_POINT('',(1.7763568394E-15,-17.65));
#6847 = VECTOR('',#6848,1.);
#6848 = DIRECTION('',(1.,7.419086383761E-32));
#6849 = ( GEOMETRIC_REPRESENTATION_CONTEXT(2) 
PARAMETRIC_REPRESENTATION_CONTEXT() REPRESENTATION_CONTEXT('2D SPACE',''
  ) );
#6850 = ORIENTED_EDGE('',*,*,#6851,.T.);
#6851 = EDGE_CURVE('',#6824,#6710,#6852,.T.);
#6852 = SURFACE_CURVE('',#6853,(#6857,#6864),.PCURVE_S1.);
#6853 = LINE('',#6854,#6855);
#6854 = CARTESIAN_POINT('',(49.498406735921,26.50564863172,
    48.036257240092));
#6855 = VECTOR('',#6856,1.);
#6856 = DIRECTION('',(0.482962913145,0.129409522551,0.866025403784));
#6857 = PCURVE('',#6667,#6858);
#6858 = DEFINITIONAL_REPRESENTATION('',(#6859),#6863);
#6859 = LINE('',#6860,#6861);
#6860 = CARTESIAN_POINT('',(1.67431578065,-2.9));
#6861 = VECTOR('',#6862,1.);
#6862 = DIRECTION('',(0.5,0.866025403784));
#6863 = ( GEOMETRIC_REPRESENTATION_CONTEXT(2) 
PARAMETRIC_REPRESENTATION_CONTEXT() REPRESENTATION_CONTEXT('2D SPACE',''
  ) );
#6864 = PCURVE('',#6865,#6870);
#6865 = PLANE('',#6866);
#6866 = AXIS2_PLACEMENT_3D('',#6867,#6868,#6869);
#6867 = CARTESIAN_POINT('',(44.930250589862,43.554239465722,
    48.036257240092));
#6868 = DIRECTION('',(-0.836516303738,-0.224143868042,0.5));
#6869 = DIRECTION('',(0.482962913145,0.129409522551,0.866025403784));
#6870 = DEFINITIONAL_REPRESENTATION('',(#6871),#6875);
#6871 = LINE('',#6872,#6873);
#6872 = CARTESIAN_POINT('',(-3.996802888651E-15,-17.65));
#6873 = VECTOR('',#6874,1.);
#6874 = DIRECTION('',(1.,1.815033637411E-17));
#6875 = ( GEOMETRIC_REPRESENTATION_CONTEXT(2) 
PARAMETRIC_REPRESENTATION_CONTEXT() REPRESENTATION_CONTEXT('2D SPACE',''
  ) );
#6876 = FACE_BOUND('',#6877,.F.);
#6877 = EDGE_LOOP('',(#6878));
#6878 = ORIENTED_EDGE('',*,*,#6650,.T.);
#6879 = ADVANCED_FACE('',(#6880),#6811,.T.);
#6880 = FACE_BOUND('',#6881,.T.);
#6881 = EDGE_LOOP('',(#6882,#6907,#6928,#6929));
#6882 = ORIENTED_EDGE('',*,*,#6883,.T.);
#6883 = EDGE_CURVE('',#6884,#6886,#6888,.T.);
#6884 = VERTEX_POINT('',#6885);
#6885 = CARTESIAN_POINT('',(45.578006558613,28.19866244829,
    48.036257240092));
#6886 = VERTEX_POINT('',#6887);
#6887 = CARTESIAN_POINT('',(43.96074170472,27.765317636742,
    50.936257240092));
#6888 = SURFACE_CURVE('',#6889,(#6893,#6900),.PCURVE_S1.);
#6889 = LINE('',#6890,#6891);
#6890 = CARTESIAN_POINT('',(47.222583173931,28.639325424255,
    45.087283129302));
#6891 = VECTOR('',#6892,1.);
#6892 = DIRECTION('',(-0.482962913145,-0.129409522551,0.866025403784));
#6893 = PCURVE('',#6811,#6894);
#6894 = DEFINITIONAL_REPRESENTATION('',(#6895),#6899);
#6895 = LINE('',#6896,#6897);
#6896 = CARTESIAN_POINT('',(6.753813554695,-15.));
#6897 = VECTOR('',#6898,1.);
#6898 = DIRECTION('',(-1.,-9.605239241518E-18));
#6899 = ( GEOMETRIC_REPRESENTATION_CONTEXT(2) 
PARAMETRIC_REPRESENTATION_CONTEXT() REPRESENTATION_CONTEXT('2D SPACE',''
  ) );
#6900 = PCURVE('',#71,#6901);
#6901 = DEFINITIONAL_REPRESENTATION('',(#6902),#6906);
#6902 = LINE('',#6903,#6904);
#6903 = CARTESIAN_POINT('',(16.088415433877,17.087283129302));
#6904 = VECTOR('',#6905,1.);
#6905 = DIRECTION('',(-0.5,0.866025403784));
#6906 = ( GEOMETRIC_REPRESENTATION_CONTEXT(2) 
PARAMETRIC_REPRESENTATION_CONTEXT() REPRESENTATION_CONTEXT('2D SPACE',''
  ) );
#6907 = ORIENTED_EDGE('',*,*,#6908,.T.);
#6908 = EDGE_CURVE('',#6886,#6768,#6909,.T.);
#6909 = SURFACE_CURVE('',#6910,(#6914,#6921),.PCURVE_S1.);
#6910 = LINE('',#6911,#6912);
#6911 = CARTESIAN_POINT('',(40.078456028182,42.254205031078,
    50.936257240092));
#6912 = VECTOR('',#6913,1.);
#6913 = DIRECTION('',(0.258819045103,-0.965925826289,1.072393092426E-16)
  );
#6914 = PCURVE('',#6811,#6915);
#6915 = DEFINITIONAL_REPRESENTATION('',(#6916),#6920);
#6916 = LINE('',#6917,#6918);
#6917 = CARTESIAN_POINT('',(0.,0.));
#6918 = VECTOR('',#6919,1.);
#6919 = DIRECTION('',(-2.244279808911E-17,-1.));
#6920 = ( GEOMETRIC_REPRESENTATION_CONTEXT(2) 
PARAMETRIC_REPRESENTATION_CONTEXT() REPRESENTATION_CONTEXT('2D SPACE',''
  ) );
#6921 = PCURVE('',#6783,#6922);
#6922 = DEFINITIONAL_REPRESENTATION('',(#6923),#6927);
#6923 = LINE('',#6924,#6925);
#6924 = CARTESIAN_POINT('',(3.3486315613,-5.684210336172E-15));
#6925 = VECTOR('',#6926,1.);
#6926 = DIRECTION('',(1.594235490686E-18,-1.));
#6927 = ( GEOMETRIC_REPRESENTATION_CONTEXT(2) 
PARAMETRIC_REPRESENTATION_CONTEXT() REPRESENTATION_CONTEXT('2D SPACE',''
  ) );
#6928 = ORIENTED_EDGE('',*,*,#6795,.T.);
#6929 = ORIENTED_EDGE('',*,*,#6930,.F.);
#6930 = EDGE_CURVE('',#6884,#6796,#6931,.T.);
#6931 = SURFACE_CURVE('',#6932,(#6936,#6943),.PCURVE_S1.);
#6932 = LINE('',#6933,#6934);
#6933 = CARTESIAN_POINT('',(41.695720882076,42.687549842626,
    48.036257240092));
#6934 = VECTOR('',#6935,1.);
#6935 = DIRECTION('',(0.258819045103,-0.965925826289,1.072393092426E-16)
  );
#6936 = PCURVE('',#6811,#6937);
#6937 = DEFINITIONAL_REPRESENTATION('',(#6938),#6942);
#6938 = LINE('',#6939,#6940);
#6939 = CARTESIAN_POINT('',(3.3486315613,6.306198329779E-15));
#6940 = VECTOR('',#6941,1.);
#6941 = DIRECTION('',(-2.244279808911E-17,-1.));
#6942 = ( GEOMETRIC_REPRESENTATION_CONTEXT(2) 
PARAMETRIC_REPRESENTATION_CONTEXT() REPRESENTATION_CONTEXT('2D SPACE',''
  ) );
#6943 = PCURVE('',#6839,#6944);
#6944 = DEFINITIONAL_REPRESENTATION('',(#6945),#6949);
#6945 = LINE('',#6946,#6947);
#6946 = CARTESIAN_POINT('',(0.,0.));
#6947 = VECTOR('',#6948,1.);
#6948 = DIRECTION('',(-7.419086383761E-32,-1.));
#6949 = ( GEOMETRIC_REPRESENTATION_CONTEXT(2) 
PARAMETRIC_REPRESENTATION_CONTEXT() REPRESENTATION_CONTEXT('2D SPACE',''
  ) );
#6950 = ADVANCED_FACE('',(#6951),#6783,.T.);
#6951 = FACE_BOUND('',#6952,.T.);
#6952 = EDGE_LOOP('',(#6953,#6976,#6997,#6998));
#6953 = ORIENTED_EDGE('',*,*,#6954,.T.);
#6954 = EDGE_CURVE('',#6886,#6955,#6957,.T.);
#6955 = VERTEX_POINT('',#6956);
#6956 = CARTESIAN_POINT('',(45.578006558613,28.19866244829,
    53.836257240092));
#6957 = SURFACE_CURVE('',#6958,(#6962,#6969),.PCURVE_S1.);
#6958 = LINE('',#6959,#6960);
#6959 = CARTESIAN_POINT('',(38.437939036847,26.285487121929,
    41.033038420812));
#6960 = VECTOR('',#6961,1.);
#6961 = DIRECTION('',(0.482962913145,0.129409522551,0.866025403784));
#6962 = PCURVE('',#6783,#6963);
#6963 = DEFINITIONAL_REPRESENTATION('',(#6964),#6968);
#6964 = LINE('',#6965,#6966);
#6965 = CARTESIAN_POINT('',(14.783883663609,-15.));
#6966 = VECTOR('',#6967,1.);
#6967 = DIRECTION('',(-1.,1.815033637411E-17));
#6968 = ( GEOMETRIC_REPRESENTATION_CONTEXT(2) 
PARAMETRIC_REPRESENTATION_CONTEXT() REPRESENTATION_CONTEXT('2D SPACE',''
  ) );
#6969 = PCURVE('',#71,#6970);
#6970 = DEFINITIONAL_REPRESENTATION('',(#6971),#6975);
#6971 = LINE('',#6972,#6973);
#6972 = CARTESIAN_POINT('',(6.993882605375,13.033038420812));
#6973 = VECTOR('',#6974,1.);
#6974 = DIRECTION('',(0.5,0.866025403784));
#6975 = ( GEOMETRIC_REPRESENTATION_CONTEXT(2) 
PARAMETRIC_REPRESENTATION_CONTEXT() REPRESENTATION_CONTEXT('2D SPACE',''
  ) );
#6976 = ORIENTED_EDGE('',*,*,#6977,.T.);
#6977 = EDGE_CURVE('',#6955,#6740,#6978,.T.);
#6978 = SURFACE_CURVE('',#6979,(#6983,#6990),.PCURVE_S1.);
#6979 = LINE('',#6980,#6981);
#6980 = CARTESIAN_POINT('',(41.695720882076,42.687549842626,
    53.836257240092));
#6981 = VECTOR('',#6982,1.);
#6982 = DIRECTION('',(0.258819045103,-0.965925826289,1.072393092426E-16)
  );
#6983 = PCURVE('',#6783,#6984);
#6984 = DEFINITIONAL_REPRESENTATION('',(#6985),#6989);
#6985 = LINE('',#6986,#6987);
#6986 = CARTESIAN_POINT('',(-0.,0.));
#6987 = VECTOR('',#6988,1.);
#6988 = DIRECTION('',(1.594235490686E-18,-1.));
#6989 = ( GEOMETRIC_REPRESENTATION_CONTEXT(2) 
PARAMETRIC_REPRESENTATION_CONTEXT() REPRESENTATION_CONTEXT('2D SPACE',''
  ) );
#6990 = PCURVE('',#6755,#6991);
#6991 = DEFINITIONAL_REPRESENTATION('',(#6992),#6996);
#6992 = LINE('',#6993,#6994);
#6993 = CARTESIAN_POINT('',(3.3486315613,5.440092820663E-15));
#6994 = VECTOR('',#6995,1.);
#6995 = DIRECTION('',(1.730336309634E-32,-1.));
#6996 = ( GEOMETRIC_REPRESENTATION_CONTEXT(2) 
PARAMETRIC_REPRESENTATION_CONTEXT() REPRESENTATION_CONTEXT('2D SPACE',''
  ) );
#6997 = ORIENTED_EDGE('',*,*,#6767,.T.);
#6998 = ORIENTED_EDGE('',*,*,#6908,.F.);
#6999 = ADVANCED_FACE('',(#7000),#6839,.T.);
#7000 = FACE_BOUND('',#7001,.T.);
#7001 = EDGE_LOOP('',(#7002,#7025,#7026,#7027));
#7002 = ORIENTED_EDGE('',*,*,#7003,.T.);
#7003 = EDGE_CURVE('',#7004,#6884,#7006,.T.);
#7004 = VERTEX_POINT('',#7005);
#7005 = CARTESIAN_POINT('',(48.8125362664,29.065352071386,
    48.036257240092));
#7006 = SURFACE_CURVE('',#7007,(#7011,#7018),.PCURVE_S1.);
#7007 = LINE('',#7008,#7009);
#7008 = CARTESIAN_POINT('',(38.630186880447,26.336999776368,
    48.036257240092));
#7009 = VECTOR('',#7010,1.);
#7010 = DIRECTION('',(-0.965925826289,-0.258819045103,6.9182526782E-16)
  );
#7011 = PCURVE('',#6839,#7012);
#7012 = DEFINITIONAL_REPRESENTATION('',(#7013),#7017);
#7013 = LINE('',#7014,#7015);
#7014 = CARTESIAN_POINT('',(-7.19291221859,-15.));
#7015 = VECTOR('',#7016,1.);
#7016 = DIRECTION('',(-1.,-7.419086383761E-32));
#7017 = ( GEOMETRIC_REPRESENTATION_CONTEXT(2) 
PARAMETRIC_REPRESENTATION_CONTEXT() REPRESENTATION_CONTEXT('2D SPACE',''
  ) );
#7018 = PCURVE('',#71,#7019);
#7019 = DEFINITIONAL_REPRESENTATION('',(#7020),#7024);
#7020 = LINE('',#7021,#7022);
#7021 = CARTESIAN_POINT('',(7.19291221859,20.036257240092));
#7022 = VECTOR('',#7023,1.);
#7023 = DIRECTION('',(-1.,6.630905815116E-16));
#7024 = ( GEOMETRIC_REPRESENTATION_CONTEXT(2) 
PARAMETRIC_REPRESENTATION_CONTEXT() REPRESENTATION_CONTEXT('2D SPACE',''
  ) );
#7025 = ORIENTED_EDGE('',*,*,#6930,.T.);
#7026 = ORIENTED_EDGE('',*,*,#6823,.T.);
#7027 = ORIENTED_EDGE('',*,*,#7028,.F.);
#7028 = EDGE_CURVE('',#7004,#6824,#7029,.T.);
#7029 = SURFACE_CURVE('',#7030,(#7034,#7041),.PCURVE_S1.);
#7030 = LINE('',#7031,#7032);
#7031 = CARTESIAN_POINT('',(44.930250589862,43.554239465722,
    48.036257240092));
#7032 = VECTOR('',#7033,1.);
#7033 = DIRECTION('',(0.258819045103,-0.965925826289,1.072393092426E-16)
  );
#7034 = PCURVE('',#6839,#7035);
#7035 = DEFINITIONAL_REPRESENTATION('',(#7036),#7040);
#7036 = LINE('',#7037,#7038);
#7037 = CARTESIAN_POINT('',(3.3486315613,-3.663735981263E-15));
#7038 = VECTOR('',#7039,1.);
#7039 = DIRECTION('',(-7.419086383761E-32,-1.));
#7040 = ( GEOMETRIC_REPRESENTATION_CONTEXT(2) 
PARAMETRIC_REPRESENTATION_CONTEXT() REPRESENTATION_CONTEXT('2D SPACE',''
  ) );
#7041 = PCURVE('',#6865,#7042);
#7042 = DEFINITIONAL_REPRESENTATION('',(#7043),#7047);
#7043 = LINE('',#7044,#7045);
#7044 = CARTESIAN_POINT('',(0.,0.));
#7045 = VECTOR('',#7046,1.);
#7046 = DIRECTION('',(-1.594235490686E-18,-1.));
#7047 = ( GEOMETRIC_REPRESENTATION_CONTEXT(2) 
PARAMETRIC_REPRESENTATION_CONTEXT() REPRESENTATION_CONTEXT('2D SPACE',''
  ) );
#7048 = ADVANCED_FACE('',(#7049),#6755,.T.);
#7049 = FACE_BOUND('',#7050,.T.);
#7050 = EDGE_LOOP('',(#7051,#7074,#7095,#7096));
#7051 = ORIENTED_EDGE('',*,*,#7052,.T.);
#7052 = EDGE_CURVE('',#6955,#7053,#7055,.T.);
#7053 = VERTEX_POINT('',#7054);
#7054 = CARTESIAN_POINT('',(48.8125362664,29.065352071386,
    53.836257240092));
#7055 = SURFACE_CURVE('',#7056,(#7060,#7067),.PCURVE_S1.);
#7056 = LINE('',#7057,#7058);
#7057 = CARTESIAN_POINT('',(40.247451734341,26.770344587916,
    53.836257240092));
#7058 = VECTOR('',#7059,1.);
#7059 = DIRECTION('',(0.965925826289,0.258819045103,-1.613528026107E-16)
  );
#7060 = PCURVE('',#6755,#7061);
#7061 = DEFINITIONAL_REPRESENTATION('',(#7062),#7066);
#7062 = LINE('',#7063,#7064);
#7063 = CARTESIAN_POINT('',(8.86722799924,-15.));
#7064 = VECTOR('',#7065,1.);
#7065 = DIRECTION('',(-1.,1.730336309634E-32));
#7066 = ( GEOMETRIC_REPRESENTATION_CONTEXT(2) 
PARAMETRIC_REPRESENTATION_CONTEXT() REPRESENTATION_CONTEXT('2D SPACE',''
  ) );
#7067 = PCURVE('',#71,#7068);
#7068 = DEFINITIONAL_REPRESENTATION('',(#7069),#7073);
#7069 = LINE('',#7070,#7071);
#7070 = CARTESIAN_POINT('',(8.86722799924,25.836257240092));
#7071 = VECTOR('',#7072,1.);
#7072 = DIRECTION('',(1.,-1.326181163023E-16));
#7073 = ( GEOMETRIC_REPRESENTATION_CONTEXT(2) 
PARAMETRIC_REPRESENTATION_CONTEXT() REPRESENTATION_CONTEXT('2D SPACE',''
  ) );
#7074 = ORIENTED_EDGE('',*,*,#7075,.T.);
#7075 = EDGE_CURVE('',#7053,#6712,#7076,.T.);
#7076 = SURFACE_CURVE('',#7077,(#7081,#7088),.PCURVE_S1.);
#7077 = LINE('',#7078,#7079);
#7078 = CARTESIAN_POINT('',(44.930250589862,43.554239465722,
    53.836257240092));
#7079 = VECTOR('',#7080,1.);
#7080 = DIRECTION('',(0.258819045103,-0.965925826289,1.072393092426E-16)
  );
#7081 = PCURVE('',#6755,#7082);
#7082 = DEFINITIONAL_REPRESENTATION('',(#7083),#7087);
#7083 = LINE('',#7084,#7085);
#7084 = CARTESIAN_POINT('',(0.,0.));
#7085 = VECTOR('',#7086,1.);
#7086 = DIRECTION('',(1.730336309634E-32,-1.));
#7087 = ( GEOMETRIC_REPRESENTATION_CONTEXT(2) 
PARAMETRIC_REPRESENTATION_CONTEXT() REPRESENTATION_CONTEXT('2D SPACE',''
  ) );
#7088 = PCURVE('',#6727,#7089);
#7089 = DEFINITIONAL_REPRESENTATION('',(#7090),#7094);
#7090 = LINE('',#7091,#7092);
#7091 = CARTESIAN_POINT('',(3.3486315613,-6.306198329779E-15));
#7092 = VECTOR('',#7093,1.);
#7093 = DIRECTION('',(2.244279808911E-17,-1.));
#7094 = ( GEOMETRIC_REPRESENTATION_CONTEXT(2) 
PARAMETRIC_REPRESENTATION_CONTEXT() REPRESENTATION_CONTEXT('2D SPACE',''
  ) );
#7095 = ORIENTED_EDGE('',*,*,#6739,.T.);
#7096 = ORIENTED_EDGE('',*,*,#6977,.F.);
#7097 = ADVANCED_FACE('',(#7098),#6865,.T.);
#7098 = FACE_BOUND('',#7099,.T.);
#7099 = EDGE_LOOP('',(#7100,#7123,#7124,#7125));
#7100 = ORIENTED_EDGE('',*,*,#7101,.T.);
#7101 = EDGE_CURVE('',#7102,#7004,#7104,.T.);
#7102 = VERTEX_POINT('',#7103);
#7103 = CARTESIAN_POINT('',(50.429801120293,29.498696882934,
    50.936257240092));
#7104 = SURFACE_CURVE('',#7105,(#7109,#7116),.PCURVE_S1.);
#7105 = LINE('',#7106,#7107);
#7106 = CARTESIAN_POINT('',(42.481101171579,27.368849150799,
    36.683038420812));
#7107 = VECTOR('',#7108,1.);
#7108 = DIRECTION('',(-0.482962913145,-0.129409522551,-0.866025403784));
#7109 = PCURVE('',#6865,#7110);
#7110 = DEFINITIONAL_REPRESENTATION('',(#7111),#7115);
#7111 = LINE('',#7112,#7113);
#7112 = CARTESIAN_POINT('',(-13.10956788295,-15.));
#7113 = VECTOR('',#7114,1.);
#7114 = DIRECTION('',(-1.,-1.815033637411E-17));
#7115 = ( GEOMETRIC_REPRESENTATION_CONTEXT(2) 
PARAMETRIC_REPRESENTATION_CONTEXT() REPRESENTATION_CONTEXT('2D SPACE',''
  ) );
#7116 = PCURVE('',#71,#7117);
#7117 = DEFINITIONAL_REPRESENTATION('',(#7118),#7122);
#7118 = LINE('',#7119,#7120);
#7119 = CARTESIAN_POINT('',(11.179672056999,8.683038420812));
#7120 = VECTOR('',#7121,1.);
#7121 = DIRECTION('',(-0.5,-0.866025403784));
#7122 = ( GEOMETRIC_REPRESENTATION_CONTEXT(2) 
PARAMETRIC_REPRESENTATION_CONTEXT() REPRESENTATION_CONTEXT('2D SPACE',''
  ) );
#7123 = ORIENTED_EDGE('',*,*,#7028,.T.);
#7124 = ORIENTED_EDGE('',*,*,#6851,.T.);
#7125 = ORIENTED_EDGE('',*,*,#7126,.F.);
#7126 = EDGE_CURVE('',#7102,#6710,#7127,.T.);
#7127 = SURFACE_CURVE('',#7128,(#7132,#7139),.PCURVE_S1.);
#7128 = LINE('',#7129,#7130);
#7129 = CARTESIAN_POINT('',(46.547515443755,43.98758427727,
    50.936257240092));
#7130 = VECTOR('',#7131,1.);
#7131 = DIRECTION('',(0.258819045103,-0.965925826289,1.072393092426E-16)
  );
#7132 = PCURVE('',#6865,#7133);
#7133 = DEFINITIONAL_REPRESENTATION('',(#7134),#7138);
#7134 = LINE('',#7135,#7136);
#7135 = CARTESIAN_POINT('',(3.3486315613,3.852342345541E-15));
#7136 = VECTOR('',#7137,1.);
#7137 = DIRECTION('',(-1.594235490686E-18,-1.));
#7138 = ( GEOMETRIC_REPRESENTATION_CONTEXT(2) 
PARAMETRIC_REPRESENTATION_CONTEXT() REPRESENTATION_CONTEXT('2D SPACE',''
  ) );
#7139 = PCURVE('',#6727,#7140);
#7140 = DEFINITIONAL_REPRESENTATION('',(#7141),#7145);
#7141 = LINE('',#7142,#7143);
#7142 = CARTESIAN_POINT('',(0.,0.));
#7143 = VECTOR('',#7144,1.);
#7144 = DIRECTION('',(2.244279808911E-17,-1.));
#7145 = ( GEOMETRIC_REPRESENTATION_CONTEXT(2) 
PARAMETRIC_REPRESENTATION_CONTEXT() REPRESENTATION_CONTEXT('2D SPACE',''
  ) );
#7146 = ADVANCED_FACE('',(#7147),#6727,.T.);
#7147 = FACE_BOUND('',#7148,.T.);
#7148 = EDGE_LOOP('',(#7149,#7170,#7171,#7172));
#7149 = ORIENTED_EDGE('',*,*,#7150,.T.);
#7150 = EDGE_CURVE('',#7053,#7102,#7151,.T.);
#7151 = SURFACE_CURVE('',#7152,(#7156,#7163),.PCURVE_S1.);
#7152 = LINE('',#7153,#7154);
#7153 = CARTESIAN_POINT('',(52.883010162557,30.156032264673,
    46.537283129302));
#7154 = VECTOR('',#7155,1.);
#7155 = DIRECTION('',(0.482962913145,0.129409522551,-0.866025403784));
#7156 = PCURVE('',#6727,#7157);
#7157 = DEFINITIONAL_REPRESENTATION('',(#7158),#7162);
#7158 = LINE('',#7159,#7160);
#7159 = CARTESIAN_POINT('',(-5.079497774045,-15.));
#7160 = VECTOR('',#7161,1.);
#7161 = DIRECTION('',(-1.,9.605239241518E-18));
#7162 = ( GEOMETRIC_REPRESENTATION_CONTEXT(2) 
PARAMETRIC_REPRESENTATION_CONTEXT() REPRESENTATION_CONTEXT('2D SPACE',''
  ) );
#7163 = PCURVE('',#71,#7164);
#7164 = DEFINITIONAL_REPRESENTATION('',(#7165),#7169);
#7165 = LINE('',#7166,#7167);
#7166 = CARTESIAN_POINT('',(21.948520666152,18.537283129302));
#7167 = VECTOR('',#7168,1.);
#7168 = DIRECTION('',(0.5,-0.866025403784));
#7169 = ( GEOMETRIC_REPRESENTATION_CONTEXT(2) 
PARAMETRIC_REPRESENTATION_CONTEXT() REPRESENTATION_CONTEXT('2D SPACE',''
  ) );
#7170 = ORIENTED_EDGE('',*,*,#7126,.T.);
#7171 = ORIENTED_EDGE('',*,*,#6709,.T.);
#7172 = ORIENTED_EDGE('',*,*,#7075,.F.);
#7173 = ADVANCED_FACE('',(#7174),#6600,.F.);
#7174 = FACE_BOUND('',#7175,.T.);
#7175 = EDGE_LOOP('',(#7176,#7209,#7230,#7231));
#7176 = ORIENTED_EDGE('',*,*,#7177,.T.);
#7177 = EDGE_CURVE('',#7178,#7178,#7180,.T.);
#7178 = VERTEX_POINT('',#7179);
#7179 = CARTESIAN_POINT('',(6.964388440401,15.108692778584,28.));
#7180 = SURFACE_CURVE('',#7181,(#7186,#7193),.PCURVE_S1.);
#7181 = CIRCLE('',#7182,1.7);
#7182 = AXIS2_PLACEMENT_3D('',#7183,#7184,#7185);
#7183 = CARTESIAN_POINT('',(5.322314535709,14.66870040191,28.));
#7184 = DIRECTION('',(-0.258819045103,0.965925826289,-1.072393092426E-16
    ));
#7185 = DIRECTION('',(0.965925826289,0.258819045103,-2.873468630843E-17)
  );
#7186 = PCURVE('',#6600,#7187);
#7187 = DEFINITIONAL_REPRESENTATION('',(#7188),#7192);
#7188 = LINE('',#7189,#7190);
#7189 = CARTESIAN_POINT('',(-6.28318530718,-17.65));
#7190 = VECTOR('',#7191,1.);
#7191 = DIRECTION('',(1.,-0.));
#7192 = ( GEOMETRIC_REPRESENTATION_CONTEXT(2) 
PARAMETRIC_REPRESENTATION_CONTEXT() REPRESENTATION_CONTEXT('2D SPACE',''
  ) );
#7193 = PCURVE('',#7194,#7199);
#7194 = PLANE('',#7195);
#7195 = AXIS2_PLACEMENT_3D('',#7196,#7197,#7198);
#7196 = CARTESIAN_POINT('',(5.322314535709,14.66870040191,28.));
#7197 = DIRECTION('',(0.258819045103,-0.965925826289,1.072393092426E-16)
  );
#7198 = DIRECTION('',(0.965925826289,0.258819045103,-2.873468630843E-17)
  );
#7199 = DEFINITIONAL_REPRESENTATION('',(#7200),#7208);
#7200 = ( BOUNDED_CURVE() B_SPLINE_CURVE(2,(#7201,#7202,#7203,#7204,
#7205,#7206,#7207),.UNSPECIFIED.,.T.,.F.) B_SPLINE_CURVE_WITH_KNOTS((1,2
    ,2,2,2,1),(-2.094395102393,0.,2.094395102393,4.188790204786,
6.28318530718,8.377580409573),.UNSPECIFIED.) CURVE() 
GEOMETRIC_REPRESENTATION_ITEM() RATIONAL_B_SPLINE_CURVE((1.,0.5,1.,0.5,
1.,0.5,1.)) REPRESENTATION_ITEM('') );
#7201 = CARTESIAN_POINT('',(1.7,0.));
#7202 = CARTESIAN_POINT('',(1.7,-2.944486372867));
#7203 = CARTESIAN_POINT('',(-0.85,-1.472243186434));
#7204 = CARTESIAN_POINT('',(-3.4,-4.163799117101E-16));
#7205 = CARTESIAN_POINT('',(-0.85,1.472243186434));
#7206 = CARTESIAN_POINT('',(1.7,2.944486372867));
#7207 = CARTESIAN_POINT('',(1.7,0.));
#7208 = ( GEOMETRIC_REPRESENTATION_CONTEXT(2) 
PARAMETRIC_REPRESENTATION_CONTEXT() REPRESENTATION_CONTEXT('2D SPACE',''
  ) );
#7209 = ORIENTED_EDGE('',*,*,#7210,.T.);
#7210 = EDGE_CURVE('',#7178,#6580,#7211,.T.);
#7211 = SEAM_CURVE('',#7212,(#7216,#7223),.PCURVE_S1.);
#7212 = LINE('',#7213,#7214);
#7213 = CARTESIAN_POINT('',(2.396232294341,32.157283612586,28.));
#7214 = VECTOR('',#7215,1.);
#7215 = DIRECTION('',(0.258819045103,-0.965925826289,1.072393092426E-16)
  );
#7216 = PCURVE('',#6600,#7217);
#7217 = DEFINITIONAL_REPRESENTATION('',(#7218),#7222);
#7218 = LINE('',#7219,#7220);
#7219 = CARTESIAN_POINT('',(-6.28318530718,0.));
#7220 = VECTOR('',#7221,1.);
#7221 = DIRECTION('',(-0.,-1.));
#7222 = ( GEOMETRIC_REPRESENTATION_CONTEXT(2) 
PARAMETRIC_REPRESENTATION_CONTEXT() REPRESENTATION_CONTEXT('2D SPACE',''
  ) );
#7223 = PCURVE('',#6600,#7224);
#7224 = DEFINITIONAL_REPRESENTATION('',(#7225),#7229);
#7225 = LINE('',#7226,#7227);
#7226 = CARTESIAN_POINT('',(-0.,0.));
#7227 = VECTOR('',#7228,1.);
#7228 = DIRECTION('',(-0.,-1.));
#7229 = ( GEOMETRIC_REPRESENTATION_CONTEXT(2) 
PARAMETRIC_REPRESENTATION_CONTEXT() REPRESENTATION_CONTEXT('2D SPACE',''
  ) );
#7230 = ORIENTED_EDGE('',*,*,#6579,.F.);
#7231 = ORIENTED_EDGE('',*,*,#7210,.F.);
#7232 = ADVANCED_FACE('',(#7233,#7403),#7194,.F.);
#7233 = FACE_BOUND('',#7234,.F.);
#7234 = EDGE_LOOP('',(#7235,#7265,#7293,#7321,#7349,#7377));
#7235 = ORIENTED_EDGE('',*,*,#7236,.T.);
#7236 = EDGE_CURVE('',#7237,#7239,#7241,.T.);
#7237 = VERTEX_POINT('',#7238);
#7238 = CARTESIAN_POINT('',(8.556844243495,15.535390025006,28.));
#7239 = VERTEX_POINT('',#7240);
#7240 = CARTESIAN_POINT('',(6.939579389602,15.102045213458,30.9));
#7241 = SURFACE_CURVE('',#7242,(#7246,#7253),.PCURVE_S1.);
#7242 = LINE('',#7243,#7244);
#7243 = CARTESIAN_POINT('',(8.556844243495,15.535390025006,28.));
#7244 = VECTOR('',#7245,1.);
#7245 = DIRECTION('',(-0.482962913145,-0.129409522551,0.866025403784));
#7246 = PCURVE('',#7194,#7247);
#7247 = DEFINITIONAL_REPRESENTATION('',(#7248),#7252);
#7248 = LINE('',#7249,#7250);
#7249 = CARTESIAN_POINT('',(3.3486315613,9.622187747646E-17));
#7250 = VECTOR('',#7251,1.);
#7251 = DIRECTION('',(-0.5,0.866025403784));
#7252 = ( GEOMETRIC_REPRESENTATION_CONTEXT(2) 
PARAMETRIC_REPRESENTATION_CONTEXT() REPRESENTATION_CONTEXT('2D SPACE',''
  ) );
#7253 = PCURVE('',#7254,#7259);
#7254 = PLANE('',#7255);
#7255 = AXIS2_PLACEMENT_3D('',#7256,#7257,#7258);
#7256 = CARTESIAN_POINT('',(3.988688097436,32.583980859008,28.));
#7257 = DIRECTION('',(-0.836516303738,-0.224143868042,-0.5));
#7258 = DIRECTION('',(-0.482962913145,-0.129409522551,0.866025403784));
#7259 = DEFINITIONAL_REPRESENTATION('',(#7260),#7264);
#7260 = LINE('',#7261,#7262);
#7261 = CARTESIAN_POINT('',(6.153480596427E-15,-17.65));
#7262 = VECTOR('',#7263,1.);
#7263 = DIRECTION('',(1.,-9.605239241518E-18));
#7264 = ( GEOMETRIC_REPRESENTATION_CONTEXT(2) 
PARAMETRIC_REPRESENTATION_CONTEXT() REPRESENTATION_CONTEXT('2D SPACE',''
  ) );
#7265 = ORIENTED_EDGE('',*,*,#7266,.T.);
#7266 = EDGE_CURVE('',#7239,#7267,#7269,.T.);
#7267 = VERTEX_POINT('',#7268);
#7268 = CARTESIAN_POINT('',(3.705049681816,14.235355590362,30.9));
#7269 = SURFACE_CURVE('',#7270,(#7274,#7281),.PCURVE_S1.);
#7270 = LINE('',#7271,#7272);
#7271 = CARTESIAN_POINT('',(6.939579389602,15.102045213458,30.9));
#7272 = VECTOR('',#7273,1.);
#7273 = DIRECTION('',(-0.965925826289,-0.258819045103,1.613528026107E-16
    ));
#7274 = PCURVE('',#7194,#7275);
#7275 = DEFINITIONAL_REPRESENTATION('',(#7276),#7280);
#7276 = LINE('',#7277,#7278);
#7277 = CARTESIAN_POINT('',(1.67431578065,2.9));
#7278 = VECTOR('',#7279,1.);
#7279 = DIRECTION('',(-1.,1.326181163023E-16));
#7280 = ( GEOMETRIC_REPRESENTATION_CONTEXT(2) 
PARAMETRIC_REPRESENTATION_CONTEXT() REPRESENTATION_CONTEXT('2D SPACE',''
  ) );
#7281 = PCURVE('',#7282,#7287);
#7282 = PLANE('',#7283);
#7283 = AXIS2_PLACEMENT_3D('',#7284,#7285,#7286);
#7284 = CARTESIAN_POINT('',(2.371423243543,32.15063604746,30.9));
#7285 = DIRECTION('',(-1.280992635702E-16,-1.453463966872E-16,-1.));
#7286 = DIRECTION('',(-0.965925826289,-0.258819045103,1.613528026107E-16
    ));
#7287 = DEFINITIONAL_REPRESENTATION('',(#7288),#7292);
#7288 = LINE('',#7289,#7290);
#7289 = CARTESIAN_POINT('',(1.15463194561E-14,-17.65));
#7290 = VECTOR('',#7291,1.);
#7291 = DIRECTION('',(1.,-1.730336309634E-32));
#7292 = ( GEOMETRIC_REPRESENTATION_CONTEXT(2) 
PARAMETRIC_REPRESENTATION_CONTEXT() REPRESENTATION_CONTEXT('2D SPACE',''
  ) );
#7293 = ORIENTED_EDGE('',*,*,#7294,.T.);
#7294 = EDGE_CURVE('',#7267,#7295,#7297,.T.);
#7295 = VERTEX_POINT('',#7296);
#7296 = CARTESIAN_POINT('',(2.087784827923,13.802010778814,28.));
#7297 = SURFACE_CURVE('',#7298,(#7302,#7309),.PCURVE_S1.);
#7298 = LINE('',#7299,#7300);
#7299 = CARTESIAN_POINT('',(3.705049681816,14.235355590362,30.9));
#7300 = VECTOR('',#7301,1.);
#7301 = DIRECTION('',(-0.482962913145,-0.129409522551,-0.866025403784));
#7302 = PCURVE('',#7194,#7303);
#7303 = DEFINITIONAL_REPRESENTATION('',(#7304),#7308);
#7304 = LINE('',#7305,#7306);
#7305 = CARTESIAN_POINT('',(-1.67431578065,2.9));
#7306 = VECTOR('',#7307,1.);
#7307 = DIRECTION('',(-0.5,-0.866025403784));
#7308 = ( GEOMETRIC_REPRESENTATION_CONTEXT(2) 
PARAMETRIC_REPRESENTATION_CONTEXT() REPRESENTATION_CONTEXT('2D SPACE',''
  ) );
#7309 = PCURVE('',#7310,#7315);
#7310 = PLANE('',#7311);
#7311 = AXIS2_PLACEMENT_3D('',#7312,#7313,#7314);
#7312 = CARTESIAN_POINT('',(-0.863106464243,31.283946424364,30.9));
#7313 = DIRECTION('',(0.836516303738,0.224143868042,-0.5));
#7314 = DIRECTION('',(-0.482962913145,-0.129409522551,-0.866025403784));
#7315 = DEFINITIONAL_REPRESENTATION('',(#7316),#7320);
#7316 = LINE('',#7317,#7318);
#7317 = CARTESIAN_POINT('',(5.297186347464E-15,-17.65));
#7318 = VECTOR('',#7319,1.);
#7319 = DIRECTION('',(1.,-1.815033637411E-17));
#7320 = ( GEOMETRIC_REPRESENTATION_CONTEXT(2) 
PARAMETRIC_REPRESENTATION_CONTEXT() REPRESENTATION_CONTEXT('2D SPACE',''
  ) );
#7321 = ORIENTED_EDGE('',*,*,#7322,.T.);
#7322 = EDGE_CURVE('',#7295,#7323,#7325,.T.);
#7323 = VERTEX_POINT('',#7324);
#7324 = CARTESIAN_POINT('',(3.705049681816,14.235355590362,25.1));
#7325 = SURFACE_CURVE('',#7326,(#7330,#7337),.PCURVE_S1.);
#7326 = LINE('',#7327,#7328);
#7327 = CARTESIAN_POINT('',(2.087784827923,13.802010778814,28.));
#7328 = VECTOR('',#7329,1.);
#7329 = DIRECTION('',(0.482962913145,0.129409522551,-0.866025403784));
#7330 = PCURVE('',#7194,#7331);
#7331 = DEFINITIONAL_REPRESENTATION('',(#7332),#7336);
#7332 = LINE('',#7333,#7334);
#7333 = CARTESIAN_POINT('',(-3.3486315613,3.456491801324E-15));
#7334 = VECTOR('',#7335,1.);
#7335 = DIRECTION('',(0.5,-0.866025403784));
#7336 = ( GEOMETRIC_REPRESENTATION_CONTEXT(2) 
PARAMETRIC_REPRESENTATION_CONTEXT() REPRESENTATION_CONTEXT('2D SPACE',''
  ) );
#7337 = PCURVE('',#7338,#7343);
#7338 = PLANE('',#7339);
#7339 = AXIS2_PLACEMENT_3D('',#7340,#7341,#7342);
#7340 = CARTESIAN_POINT('',(-2.480371318136,30.850601612816,28.));
#7341 = DIRECTION('',(0.836516303738,0.224143868042,0.5));
#7342 = DIRECTION('',(0.482962913145,0.129409522551,-0.866025403784));
#7343 = DEFINITIONAL_REPRESENTATION('',(#7344),#7348);
#7344 = LINE('',#7345,#7346);
#7345 = CARTESIAN_POINT('',(-1.300383458813E-15,-17.65));
#7346 = VECTOR('',#7347,1.);
#7347 = DIRECTION('',(1.,9.605239241518E-18));
#7348 = ( GEOMETRIC_REPRESENTATION_CONTEXT(2) 
PARAMETRIC_REPRESENTATION_CONTEXT() REPRESENTATION_CONTEXT('2D SPACE',''
  ) );
#7349 = ORIENTED_EDGE('',*,*,#7350,.T.);
#7350 = EDGE_CURVE('',#7323,#7351,#7353,.T.);
#7351 = VERTEX_POINT('',#7352);
#7352 = CARTESIAN_POINT('',(6.939579389602,15.102045213458,25.1));
#7353 = SURFACE_CURVE('',#7354,(#7358,#7365),.PCURVE_S1.);
#7354 = LINE('',#7355,#7356);
#7355 = CARTESIAN_POINT('',(3.705049681816,14.235355590362,25.1));
#7356 = VECTOR('',#7357,1.);
#7357 = DIRECTION('',(0.965925826289,0.258819045103,-6.9182526782E-16));
#7358 = PCURVE('',#7194,#7359);
#7359 = DEFINITIONAL_REPRESENTATION('',(#7360),#7364);
#7360 = LINE('',#7361,#7362);
#7361 = CARTESIAN_POINT('',(-1.67431578065,-2.9));
#7362 = VECTOR('',#7363,1.);
#7363 = DIRECTION('',(1.,-6.630905815116E-16));
#7364 = ( GEOMETRIC_REPRESENTATION_CONTEXT(2) 
PARAMETRIC_REPRESENTATION_CONTEXT() REPRESENTATION_CONTEXT('2D SPACE',''
  ) );
#7365 = PCURVE('',#7366,#7371);
#7366 = PLANE('',#7367);
#7367 = AXIS2_PLACEMENT_3D('',#7368,#7369,#7370);
#7368 = CARTESIAN_POINT('',(-0.863106464243,31.283946424364,25.1));
#7369 = DIRECTION('',(6.404963178511E-16,2.826427735858E-16,1.));
#7370 = DIRECTION('',(0.965925826289,0.258819045103,-6.9182526782E-16));
#7371 = DEFINITIONAL_REPRESENTATION('',(#7372),#7376);
#7372 = LINE('',#7373,#7374);
#7373 = CARTESIAN_POINT('',(2.6645352591E-15,-17.65));
#7374 = VECTOR('',#7375,1.);
#7375 = DIRECTION('',(1.,7.419086383761E-32));
#7376 = ( GEOMETRIC_REPRESENTATION_CONTEXT(2) 
PARAMETRIC_REPRESENTATION_CONTEXT() REPRESENTATION_CONTEXT('2D SPACE',''
  ) );
#7377 = ORIENTED_EDGE('',*,*,#7378,.T.);
#7378 = EDGE_CURVE('',#7351,#7237,#7379,.T.);
#7379 = SURFACE_CURVE('',#7380,(#7384,#7391),.PCURVE_S1.);
#7380 = LINE('',#7381,#7382);
#7381 = CARTESIAN_POINT('',(6.939579389602,15.102045213458,25.1));
#7382 = VECTOR('',#7383,1.);
#7383 = DIRECTION('',(0.482962913145,0.129409522551,0.866025403784));
#7384 = PCURVE('',#7194,#7385);
#7385 = DEFINITIONAL_REPRESENTATION('',(#7386),#7390);
#7386 = LINE('',#7387,#7388);
#7387 = CARTESIAN_POINT('',(1.67431578065,-2.9));
#7388 = VECTOR('',#7389,1.);
#7389 = DIRECTION('',(0.5,0.866025403784));
#7390 = ( GEOMETRIC_REPRESENTATION_CONTEXT(2) 
PARAMETRIC_REPRESENTATION_CONTEXT() REPRESENTATION_CONTEXT('2D SPACE',''
  ) );
#7391 = PCURVE('',#7392,#7397);
#7392 = PLANE('',#7393);
#7393 = AXIS2_PLACEMENT_3D('',#7394,#7395,#7396);
#7394 = CARTESIAN_POINT('',(2.371423243543,32.15063604746,25.1));
#7395 = DIRECTION('',(-0.836516303738,-0.224143868042,0.5));
#7396 = DIRECTION('',(0.482962913145,0.129409522551,0.866025403784));
#7397 = DEFINITIONAL_REPRESENTATION('',(#7398),#7402);
#7398 = LINE('',#7399,#7400);
#7399 = CARTESIAN_POINT('',(3.076740298214E-15,-17.65));
#7400 = VECTOR('',#7401,1.);
#7401 = DIRECTION('',(1.,1.815033637411E-17));
#7402 = ( GEOMETRIC_REPRESENTATION_CONTEXT(2) 
PARAMETRIC_REPRESENTATION_CONTEXT() REPRESENTATION_CONTEXT('2D SPACE',''
  ) );
#7403 = FACE_BOUND('',#7404,.F.);
#7404 = EDGE_LOOP('',(#7405));
#7405 = ORIENTED_EDGE('',*,*,#7177,.T.);
#7406 = ADVANCED_FACE('',(#7407),#7338,.T.);
#7407 = FACE_BOUND('',#7408,.T.);
#7408 = EDGE_LOOP('',(#7409,#7434,#7455,#7456));
#7409 = ORIENTED_EDGE('',*,*,#7410,.T.);
#7410 = EDGE_CURVE('',#7411,#7413,#7415,.T.);
#7411 = VERTEX_POINT('',#7412);
#7412 = CARTESIAN_POINT('',(3.019179212294,16.795059030028,25.1));
#7413 = VERTEX_POINT('',#7414);
#7414 = CARTESIAN_POINT('',(1.401914358401,16.36171421848,28.));
#7415 = SURFACE_CURVE('',#7416,(#7420,#7427),.PCURVE_S1.);
#7416 = LINE('',#7417,#7418);
#7417 = CARTESIAN_POINT('',(5.186970963886,17.375917079226,
    21.212822173509));
#7418 = VECTOR('',#7419,1.);
#7419 = DIRECTION('',(-0.482962913145,-0.129409522551,0.866025403784));
#7420 = PCURVE('',#7338,#7421);
#7421 = DEFINITIONAL_REPRESENTATION('',(#7422),#7426);
#7422 = LINE('',#7423,#7424);
#7423 = CARTESIAN_POINT('',(7.837157890325,-15.));
#7424 = VECTOR('',#7425,1.);
#7425 = DIRECTION('',(-1.,-9.605239241518E-18));
#7426 = ( GEOMETRIC_REPRESENTATION_CONTEXT(2) 
PARAMETRIC_REPRESENTATION_CONTEXT() REPRESENTATION_CONTEXT('2D SPACE',''
  ) );
#7427 = PCURVE('',#71,#7428);
#7428 = DEFINITIONAL_REPRESENTATION('',(#7429),#7433);
#7429 = LINE('',#7430,#7431);
#7430 = CARTESIAN_POINT('',(-27.43005261613,-6.787177826491));
#7431 = VECTOR('',#7432,1.);
#7432 = DIRECTION('',(-0.5,0.866025403784));
#7433 = ( GEOMETRIC_REPRESENTATION_CONTEXT(2) 
PARAMETRIC_REPRESENTATION_CONTEXT() REPRESENTATION_CONTEXT('2D SPACE',''
  ) );
#7434 = ORIENTED_EDGE('',*,*,#7435,.T.);
#7435 = EDGE_CURVE('',#7413,#7295,#7436,.T.);
#7436 = SURFACE_CURVE('',#7437,(#7441,#7448),.PCURVE_S1.);
#7437 = LINE('',#7438,#7439);
#7438 = CARTESIAN_POINT('',(-2.480371318136,30.850601612816,28.));
#7439 = VECTOR('',#7440,1.);
#7440 = DIRECTION('',(0.258819045103,-0.965925826289,1.072393092426E-16)
  );
#7441 = PCURVE('',#7338,#7442);
#7442 = DEFINITIONAL_REPRESENTATION('',(#7443),#7447);
#7443 = LINE('',#7444,#7445);
#7444 = CARTESIAN_POINT('',(0.,0.));
#7445 = VECTOR('',#7446,1.);
#7446 = DIRECTION('',(-2.244279808911E-17,-1.));
#7447 = ( GEOMETRIC_REPRESENTATION_CONTEXT(2) 
PARAMETRIC_REPRESENTATION_CONTEXT() REPRESENTATION_CONTEXT('2D SPACE',''
  ) );
#7448 = PCURVE('',#7310,#7449);
#7449 = DEFINITIONAL_REPRESENTATION('',(#7450),#7454);
#7450 = LINE('',#7451,#7452);
#7451 = CARTESIAN_POINT('',(3.3486315613,-1.886063642777E-16));
#7452 = VECTOR('',#7453,1.);
#7453 = DIRECTION('',(1.594235490686E-18,-1.));
#7454 = ( GEOMETRIC_REPRESENTATION_CONTEXT(2) 
PARAMETRIC_REPRESENTATION_CONTEXT() REPRESENTATION_CONTEXT('2D SPACE',''
  ) );
#7455 = ORIENTED_EDGE('',*,*,#7322,.T.);
#7456 = ORIENTED_EDGE('',*,*,#7457,.F.);
#7457 = EDGE_CURVE('',#7411,#7323,#7458,.T.);
#7458 = SURFACE_CURVE('',#7459,(#7463,#7470),.PCURVE_S1.);
#7459 = LINE('',#7460,#7461);
#7460 = CARTESIAN_POINT('',(-0.863106464243,31.283946424364,25.1));
#7461 = VECTOR('',#7462,1.);
#7462 = DIRECTION('',(0.258819045103,-0.965925826289,1.072393092426E-16)
  );
#7463 = PCURVE('',#7338,#7464);
#7464 = DEFINITIONAL_REPRESENTATION('',(#7465),#7469);
#7465 = LINE('',#7466,#7467);
#7466 = CARTESIAN_POINT('',(3.3486315613,2.36490659236E-15));
#7467 = VECTOR('',#7468,1.);
#7468 = DIRECTION('',(-2.244279808911E-17,-1.));
#7469 = ( GEOMETRIC_REPRESENTATION_CONTEXT(2) 
PARAMETRIC_REPRESENTATION_CONTEXT() REPRESENTATION_CONTEXT('2D SPACE',''
  ) );
#7470 = PCURVE('',#7366,#7471);
#7471 = DEFINITIONAL_REPRESENTATION('',(#7472),#7476);
#7472 = LINE('',#7473,#7474);
#7473 = CARTESIAN_POINT('',(0.,0.));
#7474 = VECTOR('',#7475,1.);
#7475 = DIRECTION('',(-7.419086383761E-32,-1.));
#7476 = ( GEOMETRIC_REPRESENTATION_CONTEXT(2) 
PARAMETRIC_REPRESENTATION_CONTEXT() REPRESENTATION_CONTEXT('2D SPACE',''
  ) );
#7477 = ADVANCED_FACE('',(#7478),#7310,.T.);
#7478 = FACE_BOUND('',#7479,.T.);
#7479 = EDGE_LOOP('',(#7480,#7503,#7524,#7525));
#7480 = ORIENTED_EDGE('',*,*,#7481,.T.);
#7481 = EDGE_CURVE('',#7413,#7482,#7484,.T.);
#7482 = VERTEX_POINT('',#7483);
#7483 = CARTESIAN_POINT('',(3.019179212294,16.795059030028,30.9));
#7484 = SURFACE_CURVE('',#7485,(#7489,#7496),.PCURVE_S1.);
#7485 = LINE('',#7486,#7487);
#7486 = CARTESIAN_POINT('',(5.995603390833,17.592589485,36.237177826491)
  );
#7487 = VECTOR('',#7488,1.);
#7488 = DIRECTION('',(0.482962913145,0.129409522551,0.866025403784));
#7489 = PCURVE('',#7310,#7490);
#7490 = DEFINITIONAL_REPRESENTATION('',(#7491),#7495);
#7491 = LINE('',#7492,#7493);
#7492 = CARTESIAN_POINT('',(-6.162842109675,-15.));
#7493 = VECTOR('',#7494,1.);
#7494 = DIRECTION('',(-1.,1.815033637411E-17));
#7495 = ( GEOMETRIC_REPRESENTATION_CONTEXT(2) 
PARAMETRIC_REPRESENTATION_CONTEXT() REPRESENTATION_CONTEXT('2D SPACE',''
  ) );
#7496 = PCURVE('',#71,#7497);
#7497 = DEFINITIONAL_REPRESENTATION('',(#7498),#7502);
#7498 = LINE('',#7499,#7500);
#7499 = CARTESIAN_POINT('',(-26.59289472581,8.237177826491));
#7500 = VECTOR('',#7501,1.);
#7501 = DIRECTION('',(0.5,0.866025403784));
#7502 = ( GEOMETRIC_REPRESENTATION_CONTEXT(2) 
PARAMETRIC_REPRESENTATION_CONTEXT() REPRESENTATION_CONTEXT('2D SPACE',''
  ) );
#7503 = ORIENTED_EDGE('',*,*,#7504,.T.);
#7504 = EDGE_CURVE('',#7482,#7267,#7505,.T.);
#7505 = SURFACE_CURVE('',#7506,(#7510,#7517),.PCURVE_S1.);
#7506 = LINE('',#7507,#7508);
#7507 = CARTESIAN_POINT('',(-0.863106464243,31.283946424364,30.9));
#7508 = VECTOR('',#7509,1.);
#7509 = DIRECTION('',(0.258819045103,-0.965925826289,1.072393092426E-16)
  );
#7510 = PCURVE('',#7310,#7511);
#7511 = DEFINITIONAL_REPRESENTATION('',(#7512),#7516);
#7512 = LINE('',#7513,#7514);
#7513 = CARTESIAN_POINT('',(-0.,0.));
#7514 = VECTOR('',#7515,1.);
#7515 = DIRECTION('',(1.594235490686E-18,-1.));
#7516 = ( GEOMETRIC_REPRESENTATION_CONTEXT(2) 
PARAMETRIC_REPRESENTATION_CONTEXT() REPRESENTATION_CONTEXT('2D SPACE',''
  ) );
#7517 = PCURVE('',#7282,#7518);
#7518 = DEFINITIONAL_REPRESENTATION('',(#7519),#7523);
#7519 = LINE('',#7520,#7521);
#7520 = CARTESIAN_POINT('',(3.3486315613,-1.443289932013E-15));
#7521 = VECTOR('',#7522,1.);
#7522 = DIRECTION('',(1.730336309634E-32,-1.));
#7523 = ( GEOMETRIC_REPRESENTATION_CONTEXT(2) 
PARAMETRIC_REPRESENTATION_CONTEXT() REPRESENTATION_CONTEXT('2D SPACE',''
  ) );
#7524 = ORIENTED_EDGE('',*,*,#7294,.T.);
#7525 = ORIENTED_EDGE('',*,*,#7435,.F.);
#7526 = ADVANCED_FACE('',(#7527),#7366,.T.);
#7527 = FACE_BOUND('',#7528,.T.);
#7528 = EDGE_LOOP('',(#7529,#7552,#7553,#7554));
#7529 = ORIENTED_EDGE('',*,*,#7530,.T.);
#7530 = EDGE_CURVE('',#7531,#7411,#7533,.T.);
#7531 = VERTEX_POINT('',#7532);
#7532 = CARTESIAN_POINT('',(6.253708920081,17.661748653124,25.1));
#7533 = SURFACE_CURVE('',#7534,(#7538,#7545),.PCURVE_S1.);
#7534 = LINE('',#7535,#7536);
#7535 = CARTESIAN_POINT('',(17.350773207288,20.635198067238,25.1));
#7536 = VECTOR('',#7537,1.);
#7537 = DIRECTION('',(-0.965925826289,-0.258819045103,6.9182526782E-16)
  );
#7538 = PCURVE('',#7366,#7539);
#7539 = DEFINITIONAL_REPRESENTATION('',(#7540),#7544);
#7540 = LINE('',#7541,#7542);
#7541 = CARTESIAN_POINT('',(14.837157890325,-15.));
#7542 = VECTOR('',#7543,1.);
#7543 = DIRECTION('',(-1.,-7.419086383761E-32));
#7544 = ( GEOMETRIC_REPRESENTATION_CONTEXT(2) 
PARAMETRIC_REPRESENTATION_CONTEXT() REPRESENTATION_CONTEXT('2D SPACE',''
  ) );
#7545 = PCURVE('',#71,#7546);
#7546 = DEFINITIONAL_REPRESENTATION('',(#7547),#7551);
#7547 = LINE('',#7548,#7549);
#7548 = CARTESIAN_POINT('',(-14.83715789032,-2.9));
#7549 = VECTOR('',#7550,1.);
#7550 = DIRECTION('',(-1.,6.630905815116E-16));
#7551 = ( GEOMETRIC_REPRESENTATION_CONTEXT(2) 
PARAMETRIC_REPRESENTATION_CONTEXT() REPRESENTATION_CONTEXT('2D SPACE',''
  ) );
#7552 = ORIENTED_EDGE('',*,*,#7457,.T.);
#7553 = ORIENTED_EDGE('',*,*,#7350,.T.);
#7554 = ORIENTED_EDGE('',*,*,#7555,.F.);
#7555 = EDGE_CURVE('',#7531,#7351,#7556,.T.);
#7556 = SURFACE_CURVE('',#7557,(#7561,#7568),.PCURVE_S1.);
#7557 = LINE('',#7558,#7559);
#7558 = CARTESIAN_POINT('',(2.371423243543,32.15063604746,25.1));
#7559 = VECTOR('',#7560,1.);
#7560 = DIRECTION('',(0.258819045103,-0.965925826289,1.072393092426E-16)
  );
#7561 = PCURVE('',#7366,#7562);
#7562 = DEFINITIONAL_REPRESENTATION('',(#7563),#7567);
#7563 = LINE('',#7564,#7565);
#7564 = CARTESIAN_POINT('',(3.3486315613,-5.440092820663E-15));
#7565 = VECTOR('',#7566,1.);
#7566 = DIRECTION('',(-7.419086383761E-32,-1.));
#7567 = ( GEOMETRIC_REPRESENTATION_CONTEXT(2) 
PARAMETRIC_REPRESENTATION_CONTEXT() REPRESENTATION_CONTEXT('2D SPACE',''
  ) );
#7568 = PCURVE('',#7392,#7569);
#7569 = DEFINITIONAL_REPRESENTATION('',(#7570),#7574);
#7570 = LINE('',#7571,#7572);
#7571 = CARTESIAN_POINT('',(0.,0.));
#7572 = VECTOR('',#7573,1.);
#7573 = DIRECTION('',(-1.594235490686E-18,-1.));
#7574 = ( GEOMETRIC_REPRESENTATION_CONTEXT(2) 
PARAMETRIC_REPRESENTATION_CONTEXT() REPRESENTATION_CONTEXT('2D SPACE',''
  ) );
#7575 = ADVANCED_FACE('',(#7576),#7282,.T.);
#7576 = FACE_BOUND('',#7577,.T.);
#7577 = EDGE_LOOP('',(#7578,#7601,#7622,#7623));
#7578 = ORIENTED_EDGE('',*,*,#7579,.T.);
#7579 = EDGE_CURVE('',#7482,#7580,#7582,.T.);
#7580 = VERTEX_POINT('',#7581);
#7581 = CARTESIAN_POINT('',(6.253708920081,17.661748653124,30.9));
#7582 = SURFACE_CURVE('',#7583,(#7587,#7594),.PCURVE_S1.);
#7583 = LINE('',#7584,#7585);
#7584 = CARTESIAN_POINT('',(18.968038061181,21.068542878785,30.9));
#7585 = VECTOR('',#7586,1.);
#7586 = DIRECTION('',(0.965925826289,0.258819045103,-1.613528026107E-16)
  );
#7587 = PCURVE('',#7282,#7588);
#7588 = DEFINITIONAL_REPRESENTATION('',(#7589),#7593);
#7589 = LINE('',#7590,#7591);
#7590 = CARTESIAN_POINT('',(-13.16284210967,-15.));
#7591 = VECTOR('',#7592,1.);
#7592 = DIRECTION('',(-1.,1.730336309634E-32));
#7593 = ( GEOMETRIC_REPRESENTATION_CONTEXT(2) 
PARAMETRIC_REPRESENTATION_CONTEXT() REPRESENTATION_CONTEXT('2D SPACE',''
  ) );
#7594 = PCURVE('',#71,#7595);
#7595 = DEFINITIONAL_REPRESENTATION('',(#7596),#7600);
#7596 = LINE('',#7597,#7598);
#7597 = CARTESIAN_POINT('',(-13.16284210967,2.9));
#7598 = VECTOR('',#7599,1.);
#7599 = DIRECTION('',(1.,-1.326181163023E-16));
#7600 = ( GEOMETRIC_REPRESENTATION_CONTEXT(2) 
PARAMETRIC_REPRESENTATION_CONTEXT() REPRESENTATION_CONTEXT('2D SPACE',''
  ) );
#7601 = ORIENTED_EDGE('',*,*,#7602,.T.);
#7602 = EDGE_CURVE('',#7580,#7239,#7603,.T.);
#7603 = SURFACE_CURVE('',#7604,(#7608,#7615),.PCURVE_S1.);
#7604 = LINE('',#7605,#7606);
#7605 = CARTESIAN_POINT('',(2.371423243543,32.15063604746,30.9));
#7606 = VECTOR('',#7607,1.);
#7607 = DIRECTION('',(0.258819045103,-0.965925826289,1.072393092426E-16)
  );
#7608 = PCURVE('',#7282,#7609);
#7609 = DEFINITIONAL_REPRESENTATION('',(#7610),#7614);
#7610 = LINE('',#7611,#7612);
#7611 = CARTESIAN_POINT('',(0.,0.));
#7612 = VECTOR('',#7613,1.);
#7613 = DIRECTION('',(1.730336309634E-32,-1.));
#7614 = ( GEOMETRIC_REPRESENTATION_CONTEXT(2) 
PARAMETRIC_REPRESENTATION_CONTEXT() REPRESENTATION_CONTEXT('2D SPACE',''
  ) );
#7615 = PCURVE('',#7254,#7616);
#7616 = DEFINITIONAL_REPRESENTATION('',(#7617),#7621);
#7617 = LINE('',#7618,#7619);
#7618 = CARTESIAN_POINT('',(3.3486315613,1.354340540134E-15));
#7619 = VECTOR('',#7620,1.);
#7620 = DIRECTION('',(2.244279808911E-17,-1.));
#7621 = ( GEOMETRIC_REPRESENTATION_CONTEXT(2) 
PARAMETRIC_REPRESENTATION_CONTEXT() REPRESENTATION_CONTEXT('2D SPACE',''
  ) );
#7622 = ORIENTED_EDGE('',*,*,#7266,.T.);
#7623 = ORIENTED_EDGE('',*,*,#7504,.F.);
#7624 = ADVANCED_FACE('',(#7625),#7392,.T.);
#7625 = FACE_BOUND('',#7626,.T.);
#7626 = EDGE_LOOP('',(#7627,#7650,#7651,#7652));
#7627 = ORIENTED_EDGE('',*,*,#7628,.T.);
#7628 = EDGE_CURVE('',#7629,#7531,#7631,.T.);
#7629 = VERTEX_POINT('',#7630);
#7630 = CARTESIAN_POINT('',(7.870973773974,18.095093464672,28.));
#7631 = SURFACE_CURVE('',#7632,(#7636,#7643),.PCURVE_S1.);
#7632 = LINE('',#7633,#7634);
#7633 = CARTESIAN_POINT('',(10.038765525566,18.67595151387,
    31.887177826491));
#7634 = VECTOR('',#7635,1.);
#7635 = DIRECTION('',(-0.482962913145,-0.129409522551,-0.866025403784));
#7636 = PCURVE('',#7392,#7637);
#7637 = DEFINITIONAL_REPRESENTATION('',(#7638),#7642);
#7638 = LINE('',#7639,#7640);
#7639 = CARTESIAN_POINT('',(7.837157890325,-15.));
#7640 = VECTOR('',#7641,1.);
#7641 = DIRECTION('',(-1.,-1.815033637411E-17));
#7642 = ( GEOMETRIC_REPRESENTATION_CONTEXT(2) 
PARAMETRIC_REPRESENTATION_CONTEXT() REPRESENTATION_CONTEXT('2D SPACE',''
  ) );
#7643 = PCURVE('',#71,#7644);
#7644 = DEFINITIONAL_REPRESENTATION('',(#7645),#7649);
#7645 = LINE('',#7646,#7647);
#7646 = CARTESIAN_POINT('',(-22.40710527418,3.887177826491));
#7647 = VECTOR('',#7648,1.);
#7648 = DIRECTION('',(-0.5,-0.866025403784));
#7649 = ( GEOMETRIC_REPRESENTATION_CONTEXT(2) 
PARAMETRIC_REPRESENTATION_CONTEXT() REPRESENTATION_CONTEXT('2D SPACE',''
  ) );
#7650 = ORIENTED_EDGE('',*,*,#7555,.T.);
#7651 = ORIENTED_EDGE('',*,*,#7378,.T.);
#7652 = ORIENTED_EDGE('',*,*,#7653,.F.);
#7653 = EDGE_CURVE('',#7629,#7237,#7654,.T.);
#7654 = SURFACE_CURVE('',#7655,(#7659,#7666),.PCURVE_S1.);
#7655 = LINE('',#7656,#7657);
#7656 = CARTESIAN_POINT('',(3.988688097436,32.583980859008,28.));
#7657 = VECTOR('',#7658,1.);
#7658 = DIRECTION('',(0.258819045103,-0.965925826289,1.072393092426E-16)
  );
#7659 = PCURVE('',#7392,#7660);
#7660 = DEFINITIONAL_REPRESENTATION('',(#7661),#7665);
#7661 = LINE('',#7662,#7663);
#7662 = CARTESIAN_POINT('',(3.3486315613,3.408253135691E-15));
#7663 = VECTOR('',#7664,1.);
#7664 = DIRECTION('',(-1.594235490686E-18,-1.));
#7665 = ( GEOMETRIC_REPRESENTATION_CONTEXT(2) 
PARAMETRIC_REPRESENTATION_CONTEXT() REPRESENTATION_CONTEXT('2D SPACE',''
  ) );
#7666 = PCURVE('',#7254,#7667);
#7667 = DEFINITIONAL_REPRESENTATION('',(#7668),#7672);
#7668 = LINE('',#7669,#7670);
#7669 = CARTESIAN_POINT('',(0.,0.));
#7670 = VECTOR('',#7671,1.);
#7671 = DIRECTION('',(2.244279808911E-17,-1.));
#7672 = ( GEOMETRIC_REPRESENTATION_CONTEXT(2) 
PARAMETRIC_REPRESENTATION_CONTEXT() REPRESENTATION_CONTEXT('2D SPACE',''
  ) );
#7673 = ADVANCED_FACE('',(#7674),#7254,.T.);
#7674 = FACE_BOUND('',#7675,.T.);
#7675 = EDGE_LOOP('',(#7676,#7697,#7698,#7699));
#7676 = ORIENTED_EDGE('',*,*,#7677,.T.);
#7677 = EDGE_CURVE('',#7580,#7629,#7678,.T.);
#7678 = SURFACE_CURVE('',#7679,(#7683,#7690),.PCURVE_S1.);
#7679 = LINE('',#7680,#7681);
#7680 = CARTESIAN_POINT('',(10.847397952512,18.892623919644,
    22.662822173509));
#7681 = VECTOR('',#7682,1.);
#7682 = DIRECTION('',(0.482962913145,0.129409522551,-0.866025403784));
#7683 = PCURVE('',#7254,#7684);
#7684 = DEFINITIONAL_REPRESENTATION('',(#7685),#7689);
#7685 = LINE('',#7686,#7687);
#7686 = CARTESIAN_POINT('',(-6.162842109675,-15.));
#7687 = VECTOR('',#7688,1.);
#7688 = DIRECTION('',(-1.,9.605239241518E-18));
#7689 = ( GEOMETRIC_REPRESENTATION_CONTEXT(2) 
PARAMETRIC_REPRESENTATION_CONTEXT() REPRESENTATION_CONTEXT('2D SPACE',''
  ) );
#7690 = PCURVE('',#71,#7691);
#7691 = DEFINITIONAL_REPRESENTATION('',(#7692),#7696);
#7692 = LINE('',#7693,#7694);
#7693 = CARTESIAN_POINT('',(-21.56994738386,-5.337177826491));
#7694 = VECTOR('',#7695,1.);
#7695 = DIRECTION('',(0.5,-0.866025403784));
#7696 = ( GEOMETRIC_REPRESENTATION_CONTEXT(2) 
PARAMETRIC_REPRESENTATION_CONTEXT() REPRESENTATION_CONTEXT('2D SPACE',''
  ) );
#7697 = ORIENTED_EDGE('',*,*,#7653,.T.);
#7698 = ORIENTED_EDGE('',*,*,#7236,.T.);
#7699 = ORIENTED_EDGE('',*,*,#7602,.F.);
#7700 = ADVANCED_FACE('',(#7701),#6565,.F.);
#7701 = FACE_BOUND('',#7702,.T.);
#7702 = EDGE_LOOP('',(#7703,#7736,#7757,#7758));
#7703 = ORIENTED_EDGE('',*,*,#7704,.T.);
#7704 = EDGE_CURVE('',#7705,#7705,#7707,.T.);
#7705 = VERTEX_POINT('',#7706);
#7706 = CARTESIAN_POINT('',(49.52321578672,26.512296196846,
    5.063742759908));
#7707 = SURFACE_CURVE('',#7708,(#7713,#7720),.PCURVE_S1.);
#7708 = CIRCLE('',#7709,1.7);
#7709 = AXIS2_PLACEMENT_3D('',#7710,#7711,#7712);
#7710 = CARTESIAN_POINT('',(47.881141882028,26.072303820172,
    5.063742759908));
#7711 = DIRECTION('',(-0.258819045103,0.965925826289,-1.072393092426E-16
    ));
#7712 = DIRECTION('',(0.965925826289,0.258819045103,-2.873468630843E-17)
  );
#7713 = PCURVE('',#6565,#7714);
#7714 = DEFINITIONAL_REPRESENTATION('',(#7715),#7719);
#7715 = LINE('',#7716,#7717);
#7716 = CARTESIAN_POINT('',(-6.28318530718,-17.65));
#7717 = VECTOR('',#7718,1.);
#7718 = DIRECTION('',(1.,-0.));
#7719 = ( GEOMETRIC_REPRESENTATION_CONTEXT(2) 
PARAMETRIC_REPRESENTATION_CONTEXT() REPRESENTATION_CONTEXT('2D SPACE',''
  ) );
#7720 = PCURVE('',#7721,#7726);
#7721 = PLANE('',#7722);
#7722 = AXIS2_PLACEMENT_3D('',#7723,#7724,#7725);
#7723 = CARTESIAN_POINT('',(47.881141882028,26.072303820172,
    5.063742759908));
#7724 = DIRECTION('',(0.258819045103,-0.965925826289,1.072393092426E-16)
  );
#7725 = DIRECTION('',(0.965925826289,0.258819045103,-2.873468630843E-17)
  );
#7726 = DEFINITIONAL_REPRESENTATION('',(#7727),#7735);
#7727 = ( BOUNDED_CURVE() B_SPLINE_CURVE(2,(#7728,#7729,#7730,#7731,
#7732,#7733,#7734),.UNSPECIFIED.,.T.,.F.) B_SPLINE_CURVE_WITH_KNOTS((1,2
    ,2,2,2,1),(-2.094395102393,0.,2.094395102393,4.188790204786,
6.28318530718,8.377580409573),.UNSPECIFIED.) CURVE() 
GEOMETRIC_REPRESENTATION_ITEM() RATIONAL_B_SPLINE_CURVE((1.,0.5,1.,0.5,
1.,0.5,1.)) REPRESENTATION_ITEM('') );
#7728 = CARTESIAN_POINT('',(1.7,0.));
#7729 = CARTESIAN_POINT('',(1.7,-2.944486372867));
#7730 = CARTESIAN_POINT('',(-0.85,-1.472243186434));
#7731 = CARTESIAN_POINT('',(-3.4,-4.163799117101E-16));
#7732 = CARTESIAN_POINT('',(-0.85,1.472243186434));
#7733 = CARTESIAN_POINT('',(1.7,2.944486372867));
#7734 = CARTESIAN_POINT('',(1.7,0.));
#7735 = ( GEOMETRIC_REPRESENTATION_CONTEXT(2) 
PARAMETRIC_REPRESENTATION_CONTEXT() REPRESENTATION_CONTEXT('2D SPACE',''
  ) );
#7736 = ORIENTED_EDGE('',*,*,#7737,.T.);
#7737 = EDGE_CURVE('',#7705,#6545,#7738,.T.);
#7738 = SEAM_CURVE('',#7739,(#7743,#7750),.PCURVE_S1.);
#7739 = LINE('',#7740,#7741);
#7740 = CARTESIAN_POINT('',(44.95505964066,43.560887030848,
    5.063742759908));
#7741 = VECTOR('',#7742,1.);
#7742 = DIRECTION('',(0.258819045103,-0.965925826289,1.072393092426E-16)
  );
#7743 = PCURVE('',#6565,#7744);
#7744 = DEFINITIONAL_REPRESENTATION('',(#7745),#7749);
#7745 = LINE('',#7746,#7747);
#7746 = CARTESIAN_POINT('',(-6.28318530718,0.));
#7747 = VECTOR('',#7748,1.);
#7748 = DIRECTION('',(-0.,-1.));
#7749 = ( GEOMETRIC_REPRESENTATION_CONTEXT(2) 
PARAMETRIC_REPRESENTATION_CONTEXT() REPRESENTATION_CONTEXT('2D SPACE',''
  ) );
#7750 = PCURVE('',#6565,#7751);
#7751 = DEFINITIONAL_REPRESENTATION('',(#7752),#7756);
#7752 = LINE('',#7753,#7754);
#7753 = CARTESIAN_POINT('',(-0.,0.));
#7754 = VECTOR('',#7755,1.);
#7755 = DIRECTION('',(-0.,-1.));
#7756 = ( GEOMETRIC_REPRESENTATION_CONTEXT(2) 
PARAMETRIC_REPRESENTATION_CONTEXT() REPRESENTATION_CONTEXT('2D SPACE',''
  ) );
#7757 = ORIENTED_EDGE('',*,*,#6544,.F.);
#7758 = ORIENTED_EDGE('',*,*,#7737,.F.);
#7759 = ADVANCED_FACE('',(#7760,#7930),#7721,.F.);
#7760 = FACE_BOUND('',#7761,.F.);
#7761 = EDGE_LOOP('',(#7762,#7792,#7820,#7848,#7876,#7904));
#7762 = ORIENTED_EDGE('',*,*,#7763,.T.);
#7763 = EDGE_CURVE('',#7764,#7766,#7768,.T.);
#7764 = VERTEX_POINT('',#7765);
#7765 = CARTESIAN_POINT('',(51.115671589814,26.938993443268,
    5.063742759908));
#7766 = VERTEX_POINT('',#7767);
#7767 = CARTESIAN_POINT('',(49.498406735921,26.50564863172,
    7.963742759908));
#7768 = SURFACE_CURVE('',#7769,(#7773,#7780),.PCURVE_S1.);
#7769 = LINE('',#7770,#7771);
#7770 = CARTESIAN_POINT('',(51.115671589814,26.938993443268,
    5.063742759908));
#7771 = VECTOR('',#7772,1.);
#7772 = DIRECTION('',(-0.482962913145,-0.129409522551,0.866025403784));
#7773 = PCURVE('',#7721,#7774);
#7774 = DEFINITIONAL_REPRESENTATION('',(#7775),#7779);
#7775 = LINE('',#7776,#7777);
#7776 = CARTESIAN_POINT('',(3.3486315613,9.622187747646E-17));
#7777 = VECTOR('',#7778,1.);
#7778 = DIRECTION('',(-0.5,0.866025403784));
#7779 = ( GEOMETRIC_REPRESENTATION_CONTEXT(2) 
PARAMETRIC_REPRESENTATION_CONTEXT() REPRESENTATION_CONTEXT('2D SPACE',''
  ) );
#7780 = PCURVE('',#7781,#7786);
#7781 = PLANE('',#7782);
#7782 = AXIS2_PLACEMENT_3D('',#7783,#7784,#7785);
#7783 = CARTESIAN_POINT('',(46.547515443755,43.98758427727,
    5.063742759908));
#7784 = DIRECTION('',(-0.836516303738,-0.224143868042,-0.5));
#7785 = DIRECTION('',(-0.482962913145,-0.129409522551,0.866025403784));
#7786 = DEFINITIONAL_REPRESENTATION('',(#7787),#7791);
#7787 = LINE('',#7788,#7789);
#7788 = CARTESIAN_POINT('',(1.538370149107E-15,-17.65));
#7789 = VECTOR('',#7790,1.);
#7790 = DIRECTION('',(1.,-9.605239241518E-18));
#7791 = ( GEOMETRIC_REPRESENTATION_CONTEXT(2) 
PARAMETRIC_REPRESENTATION_CONTEXT() REPRESENTATION_CONTEXT('2D SPACE',''
  ) );
#7792 = ORIENTED_EDGE('',*,*,#7793,.T.);
#7793 = EDGE_CURVE('',#7766,#7794,#7796,.T.);
#7794 = VERTEX_POINT('',#7795);
#7795 = CARTESIAN_POINT('',(46.263877028135,25.638959008624,
    7.963742759908));
#7796 = SURFACE_CURVE('',#7797,(#7801,#7808),.PCURVE_S1.);
#7797 = LINE('',#7798,#7799);
#7798 = CARTESIAN_POINT('',(49.498406735921,26.50564863172,
    7.963742759908));
#7799 = VECTOR('',#7800,1.);
#7800 = DIRECTION('',(-0.965925826289,-0.258819045103,1.613528026107E-16
    ));
#7801 = PCURVE('',#7721,#7802);
#7802 = DEFINITIONAL_REPRESENTATION('',(#7803),#7807);
#7803 = LINE('',#7804,#7805);
#7804 = CARTESIAN_POINT('',(1.67431578065,2.9));
#7805 = VECTOR('',#7806,1.);
#7806 = DIRECTION('',(-1.,1.326181163023E-16));
#7807 = ( GEOMETRIC_REPRESENTATION_CONTEXT(2) 
PARAMETRIC_REPRESENTATION_CONTEXT() REPRESENTATION_CONTEXT('2D SPACE',''
  ) );
#7808 = PCURVE('',#7809,#7814);
#7809 = PLANE('',#7810);
#7810 = AXIS2_PLACEMENT_3D('',#7811,#7812,#7813);
#7811 = CARTESIAN_POINT('',(44.930250589862,43.554239465722,
    7.963742759908));
#7812 = DIRECTION('',(-1.280992635702E-16,-1.453463966872E-16,-1.));
#7813 = DIRECTION('',(-0.965925826289,-0.258819045103,1.613528026107E-16
    ));
#7814 = DEFINITIONAL_REPRESENTATION('',(#7815),#7819);
#7815 = LINE('',#7816,#7817);
#7816 = CARTESIAN_POINT('',(5.329070518201E-15,-17.65));
#7817 = VECTOR('',#7818,1.);
#7818 = DIRECTION('',(1.,-1.730336309634E-32));
#7819 = ( GEOMETRIC_REPRESENTATION_CONTEXT(2) 
PARAMETRIC_REPRESENTATION_CONTEXT() REPRESENTATION_CONTEXT('2D SPACE',''
  ) );
#7820 = ORIENTED_EDGE('',*,*,#7821,.T.);
#7821 = EDGE_CURVE('',#7794,#7822,#7824,.T.);
#7822 = VERTEX_POINT('',#7823);
#7823 = CARTESIAN_POINT('',(44.646612174242,25.205614197076,
    5.063742759908));
#7824 = SURFACE_CURVE('',#7825,(#7829,#7836),.PCURVE_S1.);
#7825 = LINE('',#7826,#7827);
#7826 = CARTESIAN_POINT('',(46.263877028135,25.638959008624,
    7.963742759908));
#7827 = VECTOR('',#7828,1.);
#7828 = DIRECTION('',(-0.482962913145,-0.129409522551,-0.866025403784));
#7829 = PCURVE('',#7721,#7830);
#7830 = DEFINITIONAL_REPRESENTATION('',(#7831),#7835);
#7831 = LINE('',#7832,#7833);
#7832 = CARTESIAN_POINT('',(-1.67431578065,2.9));
#7833 = VECTOR('',#7834,1.);
#7834 = DIRECTION('',(-0.5,-0.866025403784));
#7835 = ( GEOMETRIC_REPRESENTATION_CONTEXT(2) 
PARAMETRIC_REPRESENTATION_CONTEXT() REPRESENTATION_CONTEXT('2D SPACE',''
  ) );
#7836 = PCURVE('',#7837,#7842);
#7837 = PLANE('',#7838);
#7838 = AXIS2_PLACEMENT_3D('',#7839,#7840,#7841);
#7839 = CARTESIAN_POINT('',(41.695720882076,42.687549842626,
    7.963742759908));
#7840 = DIRECTION('',(0.836516303738,0.224143868042,-0.5));
#7841 = DIRECTION('',(-0.482962913145,-0.129409522551,-0.866025403784));
#7842 = DEFINITIONAL_REPRESENTATION('',(#7843),#7847);
#7843 = LINE('',#7844,#7845);
#7844 = CARTESIAN_POINT('',(5.091083827907E-15,-17.65));
#7845 = VECTOR('',#7846,1.);
#7846 = DIRECTION('',(1.,-1.815033637411E-17));
#7847 = ( GEOMETRIC_REPRESENTATION_CONTEXT(2) 
PARAMETRIC_REPRESENTATION_CONTEXT() REPRESENTATION_CONTEXT('2D SPACE',''
  ) );
#7848 = ORIENTED_EDGE('',*,*,#7849,.T.);
#7849 = EDGE_CURVE('',#7822,#7850,#7852,.T.);
#7850 = VERTEX_POINT('',#7851);
#7851 = CARTESIAN_POINT('',(46.263877028135,25.638959008624,
    2.163742759908));
#7852 = SURFACE_CURVE('',#7853,(#7857,#7864),.PCURVE_S1.);
#7853 = LINE('',#7854,#7855);
#7854 = CARTESIAN_POINT('',(44.646612174242,25.205614197076,
    5.063742759908));
#7855 = VECTOR('',#7856,1.);
#7856 = DIRECTION('',(0.482962913145,0.129409522551,-0.866025403784));
#7857 = PCURVE('',#7721,#7858);
#7858 = DEFINITIONAL_REPRESENTATION('',(#7859),#7863);
#7859 = LINE('',#7860,#7861);
#7860 = CARTESIAN_POINT('',(-3.3486315613,-9.622187747646E-17));
#7861 = VECTOR('',#7862,1.);
#7862 = DIRECTION('',(0.5,-0.866025403784));
#7863 = ( GEOMETRIC_REPRESENTATION_CONTEXT(2) 
PARAMETRIC_REPRESENTATION_CONTEXT() REPRESENTATION_CONTEXT('2D SPACE',''
  ) );
#7864 = PCURVE('',#7865,#7870);
#7865 = PLANE('',#7866);
#7866 = AXIS2_PLACEMENT_3D('',#7867,#7868,#7869);
#7867 = CARTESIAN_POINT('',(40.078456028182,42.254205031078,
    5.063742759908));
#7868 = DIRECTION('',(0.836516303738,0.224143868042,0.5));
#7869 = DIRECTION('',(0.482962913145,0.129409522551,-0.866025403784));
#7870 = DEFINITIONAL_REPRESENTATION('',(#7871),#7875);
#7871 = LINE('',#7872,#7873);
#7872 = CARTESIAN_POINT('',(-8.710917440996E-17,-17.65));
#7873 = VECTOR('',#7874,1.);
#7874 = DIRECTION('',(1.,9.605239241518E-18));
#7875 = ( GEOMETRIC_REPRESENTATION_CONTEXT(2) 
PARAMETRIC_REPRESENTATION_CONTEXT() REPRESENTATION_CONTEXT('2D SPACE',''
  ) );
#7876 = ORIENTED_EDGE('',*,*,#7877,.T.);
#7877 = EDGE_CURVE('',#7850,#7878,#7880,.T.);
#7878 = VERTEX_POINT('',#7879);
#7879 = CARTESIAN_POINT('',(49.498406735921,26.50564863172,
    2.163742759908));
#7880 = SURFACE_CURVE('',#7881,(#7885,#7892),.PCURVE_S1.);
#7881 = LINE('',#7882,#7883);
#7882 = CARTESIAN_POINT('',(46.263877028135,25.638959008624,
    2.163742759908));
#7883 = VECTOR('',#7884,1.);
#7884 = DIRECTION('',(0.965925826289,0.258819045103,-6.9182526782E-16));
#7885 = PCURVE('',#7721,#7886);
#7886 = DEFINITIONAL_REPRESENTATION('',(#7887),#7891);
#7887 = LINE('',#7888,#7889);
#7888 = CARTESIAN_POINT('',(-1.67431578065,-2.9));
#7889 = VECTOR('',#7890,1.);
#7890 = DIRECTION('',(1.,-6.630905815116E-16));
#7891 = ( GEOMETRIC_REPRESENTATION_CONTEXT(2) 
PARAMETRIC_REPRESENTATION_CONTEXT() REPRESENTATION_CONTEXT('2D SPACE',''
  ) );
#7892 = PCURVE('',#7893,#7898);
#7893 = PLANE('',#7894);
#7894 = AXIS2_PLACEMENT_3D('',#7895,#7896,#7897);
#7895 = CARTESIAN_POINT('',(41.695720882076,42.687549842626,
    2.163742759908));
#7896 = DIRECTION('',(6.404963178511E-16,2.826427735858E-16,1.));
#7897 = DIRECTION('',(0.965925826289,0.258819045103,-6.9182526782E-16));
#7898 = DEFINITIONAL_REPRESENTATION('',(#7899),#7903);
#7899 = LINE('',#7900,#7901);
#7900 = CARTESIAN_POINT('',(-4.440892098501E-15,-17.65));
#7901 = VECTOR('',#7902,1.);
#7902 = DIRECTION('',(1.,7.419086383761E-32));
#7903 = ( GEOMETRIC_REPRESENTATION_CONTEXT(2) 
PARAMETRIC_REPRESENTATION_CONTEXT() REPRESENTATION_CONTEXT('2D SPACE',''
  ) );
#7904 = ORIENTED_EDGE('',*,*,#7905,.T.);
#7905 = EDGE_CURVE('',#7878,#7764,#7906,.T.);
#7906 = SURFACE_CURVE('',#7907,(#7911,#7918),.PCURVE_S1.);
#7907 = LINE('',#7908,#7909);
#7908 = CARTESIAN_POINT('',(49.498406735921,26.50564863172,
    2.163742759908));
#7909 = VECTOR('',#7910,1.);
#7910 = DIRECTION('',(0.482962913145,0.129409522551,0.866025403784));
#7911 = PCURVE('',#7721,#7912);
#7912 = DEFINITIONAL_REPRESENTATION('',(#7913),#7917);
#7913 = LINE('',#7914,#7915);
#7914 = CARTESIAN_POINT('',(1.67431578065,-2.9));
#7915 = VECTOR('',#7916,1.);
#7916 = DIRECTION('',(0.5,0.866025403784));
#7917 = ( GEOMETRIC_REPRESENTATION_CONTEXT(2) 
PARAMETRIC_REPRESENTATION_CONTEXT() REPRESENTATION_CONTEXT('2D SPACE',''
  ) );
#7918 = PCURVE('',#7919,#7924);
#7919 = PLANE('',#7920);
#7920 = AXIS2_PLACEMENT_3D('',#7921,#7922,#7923);
#7921 = CARTESIAN_POINT('',(44.930250589862,43.554239465722,
    2.163742759908));
#7922 = DIRECTION('',(-0.836516303738,-0.224143868042,0.5));
#7923 = DIRECTION('',(0.482962913145,0.129409522551,0.866025403784));
#7924 = DEFINITIONAL_REPRESENTATION('',(#7925),#7929);
#7925 = LINE('',#7926,#7927);
#7926 = CARTESIAN_POINT('',(1.982459358957E-15,-17.65));
#7927 = VECTOR('',#7928,1.);
#7928 = DIRECTION('',(1.,1.815033637411E-17));
#7929 = ( GEOMETRIC_REPRESENTATION_CONTEXT(2) 
PARAMETRIC_REPRESENTATION_CONTEXT() REPRESENTATION_CONTEXT('2D SPACE',''
  ) );
#7930 = FACE_BOUND('',#7931,.F.);
#7931 = EDGE_LOOP('',(#7932));
#7932 = ORIENTED_EDGE('',*,*,#7704,.T.);
#7933 = ADVANCED_FACE('',(#7934),#7865,.T.);
#7934 = FACE_BOUND('',#7935,.T.);
#7935 = EDGE_LOOP('',(#7936,#7961,#7982,#7983));
#7936 = ORIENTED_EDGE('',*,*,#7937,.T.);
#7937 = EDGE_CURVE('',#7938,#7940,#7942,.T.);
#7938 = VERTEX_POINT('',#7939);
#7939 = CARTESIAN_POINT('',(45.578006558613,28.19866244829,
    2.163742759908));
#7940 = VERTEX_POINT('',#7941);
#7941 = CARTESIAN_POINT('',(43.96074170472,27.765317636742,
    5.063742759908));
#7942 = SURFACE_CURVE('',#7943,(#7947,#7954),.PCURVE_S1.);
#7943 = LINE('',#7944,#7945);
#7944 = CARTESIAN_POINT('',(37.6293066099,26.068814716155,
    16.416961579188));
#7945 = VECTOR('',#7946,1.);
#7946 = DIRECTION('',(-0.482962913145,-0.129409522551,0.866025403784));
#7947 = PCURVE('',#7865,#7948);
#7948 = DEFINITIONAL_REPRESENTATION('',(#7949),#7953);
#7949 = LINE('',#7950,#7951);
#7950 = CARTESIAN_POINT('',(-13.10956788295,-15.));
#7951 = VECTOR('',#7952,1.);
#7952 = DIRECTION('',(-1.,-9.605239241518E-18));
#7953 = ( GEOMETRIC_REPRESENTATION_CONTEXT(2) 
PARAMETRIC_REPRESENTATION_CONTEXT() REPRESENTATION_CONTEXT('2D SPACE',''
  ) );
#7954 = PCURVE('',#71,#7955);
#7955 = DEFINITIONAL_REPRESENTATION('',(#7956),#7960);
#7956 = LINE('',#7957,#7958);
#7957 = CARTESIAN_POINT('',(6.15672471505,-11.58303842081));
#7958 = VECTOR('',#7959,1.);
#7959 = DIRECTION('',(-0.5,0.866025403784));
#7960 = ( GEOMETRIC_REPRESENTATION_CONTEXT(2) 
PARAMETRIC_REPRESENTATION_CONTEXT() REPRESENTATION_CONTEXT('2D SPACE',''
  ) );
#7961 = ORIENTED_EDGE('',*,*,#7962,.T.);
#7962 = EDGE_CURVE('',#7940,#7822,#7963,.T.);
#7963 = SURFACE_CURVE('',#7964,(#7968,#7975),.PCURVE_S1.);
#7964 = LINE('',#7965,#7966);
#7965 = CARTESIAN_POINT('',(40.078456028182,42.254205031078,
    5.063742759908));
#7966 = VECTOR('',#7967,1.);
#7967 = DIRECTION('',(0.258819045103,-0.965925826289,1.072393092426E-16)
  );
#7968 = PCURVE('',#7865,#7969);
#7969 = DEFINITIONAL_REPRESENTATION('',(#7970),#7974);
#7970 = LINE('',#7971,#7972);
#7971 = CARTESIAN_POINT('',(0.,0.));
#7972 = VECTOR('',#7973,1.);
#7973 = DIRECTION('',(-2.244279808911E-17,-1.));
#7974 = ( GEOMETRIC_REPRESENTATION_CONTEXT(2) 
PARAMETRIC_REPRESENTATION_CONTEXT() REPRESENTATION_CONTEXT('2D SPACE',''
  ) );
#7975 = PCURVE('',#7837,#7976);
#7976 = DEFINITIONAL_REPRESENTATION('',(#7977),#7981);
#7977 = LINE('',#7978,#7979);
#7978 = CARTESIAN_POINT('',(3.3486315613,3.031040407135E-15));
#7979 = VECTOR('',#7980,1.);
#7980 = DIRECTION('',(1.594235490686E-18,-1.));
#7981 = ( GEOMETRIC_REPRESENTATION_CONTEXT(2) 
PARAMETRIC_REPRESENTATION_CONTEXT() REPRESENTATION_CONTEXT('2D SPACE',''
  ) );
#7982 = ORIENTED_EDGE('',*,*,#7849,.T.);
#7983 = ORIENTED_EDGE('',*,*,#7984,.F.);
#7984 = EDGE_CURVE('',#7938,#7850,#7985,.T.);
#7985 = SURFACE_CURVE('',#7986,(#7990,#7997),.PCURVE_S1.);
#7986 = LINE('',#7987,#7988);
#7987 = CARTESIAN_POINT('',(41.695720882076,42.687549842626,
    2.163742759908));
#7988 = VECTOR('',#7989,1.);
#7989 = DIRECTION('',(0.258819045103,-0.965925826289,1.072393092426E-16)
  );
#7990 = PCURVE('',#7865,#7991);
#7991 = DEFINITIONAL_REPRESENTATION('',(#7992),#7996);
#7992 = LINE('',#7993,#7994);
#7993 = CARTESIAN_POINT('',(3.3486315613,-2.409052413528E-15));
#7994 = VECTOR('',#7995,1.);
#7995 = DIRECTION('',(-2.244279808911E-17,-1.));
#7996 = ( GEOMETRIC_REPRESENTATION_CONTEXT(2) 
PARAMETRIC_REPRESENTATION_CONTEXT() REPRESENTATION_CONTEXT('2D SPACE',''
  ) );
#7997 = PCURVE('',#7893,#7998);
#7998 = DEFINITIONAL_REPRESENTATION('',(#7999),#8003);
#7999 = LINE('',#8000,#8001);
#8000 = CARTESIAN_POINT('',(0.,0.));
#8001 = VECTOR('',#8002,1.);
#8002 = DIRECTION('',(-7.419086383761E-32,-1.));
#8003 = ( GEOMETRIC_REPRESENTATION_CONTEXT(2) 
PARAMETRIC_REPRESENTATION_CONTEXT() REPRESENTATION_CONTEXT('2D SPACE',''
  ) );
#8004 = ADVANCED_FACE('',(#8005),#7837,.T.);
#8005 = FACE_BOUND('',#8006,.T.);
#8006 = EDGE_LOOP('',(#8007,#8030,#8051,#8052));
#8007 = ORIENTED_EDGE('',*,*,#8008,.T.);
#8008 = EDGE_CURVE('',#7940,#8009,#8011,.T.);
#8009 = VERTEX_POINT('',#8010);
#8010 = CARTESIAN_POINT('',(45.578006558613,28.19866244829,
    7.963742759908));
#8011 = SURFACE_CURVE('',#8012,(#8016,#8023),.PCURVE_S1.);
#8012 = LINE('',#8013,#8014);
#8013 = CARTESIAN_POINT('',(48.031215600877,28.855997830029,
    12.362716870698));
#8014 = VECTOR('',#8015,1.);
#8015 = DIRECTION('',(0.482962913145,0.129409522551,0.866025403784));
#8016 = PCURVE('',#7837,#8017);
#8017 = DEFINITIONAL_REPRESENTATION('',(#8018),#8022);
#8018 = LINE('',#8019,#8020);
#8019 = CARTESIAN_POINT('',(-5.079497774045,-15.));
#8020 = VECTOR('',#8021,1.);
#8021 = DIRECTION('',(-1.,1.815033637411E-17));
#8022 = ( GEOMETRIC_REPRESENTATION_CONTEXT(2) 
PARAMETRIC_REPRESENTATION_CONTEXT() REPRESENTATION_CONTEXT('2D SPACE',''
  ) );
#8023 = PCURVE('',#71,#8024);
#8024 = DEFINITIONAL_REPRESENTATION('',(#8025),#8029);
#8025 = LINE('',#8026,#8027);
#8026 = CARTESIAN_POINT('',(16.925573324202,-15.6372831293));
#8027 = VECTOR('',#8028,1.);
#8028 = DIRECTION('',(0.5,0.866025403784));
#8029 = ( GEOMETRIC_REPRESENTATION_CONTEXT(2) 
PARAMETRIC_REPRESENTATION_CONTEXT() REPRESENTATION_CONTEXT('2D SPACE',''
  ) );
#8030 = ORIENTED_EDGE('',*,*,#8031,.T.);
#8031 = EDGE_CURVE('',#8009,#7794,#8032,.T.);
#8032 = SURFACE_CURVE('',#8033,(#8037,#8044),.PCURVE_S1.);
#8033 = LINE('',#8034,#8035);
#8034 = CARTESIAN_POINT('',(41.695720882076,42.687549842626,
    7.963742759908));
#8035 = VECTOR('',#8036,1.);
#8036 = DIRECTION('',(0.258819045103,-0.965925826289,1.072393092426E-16)
  );
#8037 = PCURVE('',#7837,#8038);
#8038 = DEFINITIONAL_REPRESENTATION('',(#8039),#8043);
#8039 = LINE('',#8040,#8041);
#8040 = CARTESIAN_POINT('',(-0.,0.));
#8041 = VECTOR('',#8042,1.);
#8042 = DIRECTION('',(1.594235490686E-18,-1.));
#8043 = ( GEOMETRIC_REPRESENTATION_CONTEXT(2) 
PARAMETRIC_REPRESENTATION_CONTEXT() REPRESENTATION_CONTEXT('2D SPACE',''
  ) );
#8044 = PCURVE('',#7809,#8045);
#8045 = DEFINITIONAL_REPRESENTATION('',(#8046),#8050);
#8046 = LINE('',#8047,#8048);
#8047 = CARTESIAN_POINT('',(3.3486315613,-3.219646771413E-15));
#8048 = VECTOR('',#8049,1.);
#8049 = DIRECTION('',(1.730336309634E-32,-1.));
#8050 = ( GEOMETRIC_REPRESENTATION_CONTEXT(2) 
PARAMETRIC_REPRESENTATION_CONTEXT() REPRESENTATION_CONTEXT('2D SPACE',''
  ) );
#8051 = ORIENTED_EDGE('',*,*,#7821,.T.);
#8052 = ORIENTED_EDGE('',*,*,#7962,.F.);
#8053 = ADVANCED_FACE('',(#8054),#7893,.T.);
#8054 = FACE_BOUND('',#8055,.T.);
#8055 = EDGE_LOOP('',(#8056,#8079,#8080,#8081));
#8056 = ORIENTED_EDGE('',*,*,#8057,.T.);
#8057 = EDGE_CURVE('',#8058,#7938,#8060,.T.);
#8058 = VERTEX_POINT('',#8059);
#8059 = CARTESIAN_POINT('',(48.8125362664,29.065352071386,2.163742759908
    ));
#8060 = SURFACE_CURVE('',#8061,(#8065,#8072),.PCURVE_S1.);
#8061 = LINE('',#8062,#8063);
#8062 = CARTESIAN_POINT('',(38.630186880447,26.336999776368,
    2.163742759908));
#8063 = VECTOR('',#8064,1.);
#8064 = DIRECTION('',(-0.965925826289,-0.258819045103,6.9182526782E-16)
  );
#8065 = PCURVE('',#7893,#8066);
#8066 = DEFINITIONAL_REPRESENTATION('',(#8067),#8071);
#8067 = LINE('',#8068,#8069);
#8068 = CARTESIAN_POINT('',(-7.19291221859,-15.));
#8069 = VECTOR('',#8070,1.);
#8070 = DIRECTION('',(-1.,-7.419086383761E-32));
#8071 = ( GEOMETRIC_REPRESENTATION_CONTEXT(2) 
PARAMETRIC_REPRESENTATION_CONTEXT() REPRESENTATION_CONTEXT('2D SPACE',''
  ) );
#8072 = PCURVE('',#71,#8073);
#8073 = DEFINITIONAL_REPRESENTATION('',(#8074),#8078);
#8074 = LINE('',#8075,#8076);
#8075 = CARTESIAN_POINT('',(7.19291221859,-25.83625724009));
#8076 = VECTOR('',#8077,1.);
#8077 = DIRECTION('',(-1.,6.630905815116E-16));
#8078 = ( GEOMETRIC_REPRESENTATION_CONTEXT(2) 
PARAMETRIC_REPRESENTATION_CONTEXT() REPRESENTATION_CONTEXT('2D SPACE',''
  ) );
#8079 = ORIENTED_EDGE('',*,*,#7984,.T.);
#8080 = ORIENTED_EDGE('',*,*,#7877,.T.);
#8081 = ORIENTED_EDGE('',*,*,#8082,.F.);
#8082 = EDGE_CURVE('',#8058,#7878,#8083,.T.);
#8083 = SURFACE_CURVE('',#8084,(#8088,#8095),.PCURVE_S1.);
#8084 = LINE('',#8085,#8086);
#8085 = CARTESIAN_POINT('',(44.930250589862,43.554239465722,
    2.163742759908));
#8086 = VECTOR('',#8087,1.);
#8087 = DIRECTION('',(0.258819045103,-0.965925826289,1.072393092426E-16)
  );
#8088 = PCURVE('',#7893,#8089);
#8089 = DEFINITIONAL_REPRESENTATION('',(#8090),#8094);
#8090 = LINE('',#8091,#8092);
#8091 = CARTESIAN_POINT('',(3.3486315613,-1.7763568394E-15));
#8092 = VECTOR('',#8093,1.);
#8093 = DIRECTION('',(-7.419086383761E-32,-1.));
#8094 = ( GEOMETRIC_REPRESENTATION_CONTEXT(2) 
PARAMETRIC_REPRESENTATION_CONTEXT() REPRESENTATION_CONTEXT('2D SPACE',''
  ) );
#8095 = PCURVE('',#7919,#8096);
#8096 = DEFINITIONAL_REPRESENTATION('',(#8097),#8101);
#8097 = LINE('',#8098,#8099);
#8098 = CARTESIAN_POINT('',(0.,0.));
#8099 = VECTOR('',#8100,1.);
#8100 = DIRECTION('',(-1.594235490686E-18,-1.));
#8101 = ( GEOMETRIC_REPRESENTATION_CONTEXT(2) 
PARAMETRIC_REPRESENTATION_CONTEXT() REPRESENTATION_CONTEXT('2D SPACE',''
  ) );
#8102 = ADVANCED_FACE('',(#8103),#7809,.T.);
#8103 = FACE_BOUND('',#8104,.T.);
#8104 = EDGE_LOOP('',(#8105,#8128,#8149,#8150));
#8105 = ORIENTED_EDGE('',*,*,#8106,.T.);
#8106 = EDGE_CURVE('',#8009,#8107,#8109,.T.);
#8107 = VERTEX_POINT('',#8108);
#8108 = CARTESIAN_POINT('',(48.8125362664,29.065352071386,7.963742759908
    ));
#8109 = SURFACE_CURVE('',#8110,(#8114,#8121),.PCURVE_S1.);
#8110 = LINE('',#8111,#8112);
#8111 = CARTESIAN_POINT('',(40.247451734341,26.770344587916,
    7.963742759908));
#8112 = VECTOR('',#8113,1.);
#8113 = DIRECTION('',(0.965925826289,0.258819045103,-1.613528026107E-16)
  );
#8114 = PCURVE('',#7809,#8115);
#8115 = DEFINITIONAL_REPRESENTATION('',(#8116),#8120);
#8116 = LINE('',#8117,#8118);
#8117 = CARTESIAN_POINT('',(8.86722799924,-15.));
#8118 = VECTOR('',#8119,1.);
#8119 = DIRECTION('',(-1.,1.730336309634E-32));
#8120 = ( GEOMETRIC_REPRESENTATION_CONTEXT(2) 
PARAMETRIC_REPRESENTATION_CONTEXT() REPRESENTATION_CONTEXT('2D SPACE',''
  ) );
#8121 = PCURVE('',#71,#8122);
#8122 = DEFINITIONAL_REPRESENTATION('',(#8123),#8127);
#8123 = LINE('',#8124,#8125);
#8124 = CARTESIAN_POINT('',(8.86722799924,-20.03625724009));
#8125 = VECTOR('',#8126,1.);
#8126 = DIRECTION('',(1.,-1.326181163023E-16));
#8127 = ( GEOMETRIC_REPRESENTATION_CONTEXT(2) 
PARAMETRIC_REPRESENTATION_CONTEXT() REPRESENTATION_CONTEXT('2D SPACE',''
  ) );
#8128 = ORIENTED_EDGE('',*,*,#8129,.T.);
#8129 = EDGE_CURVE('',#8107,#7766,#8130,.T.);
#8130 = SURFACE_CURVE('',#8131,(#8135,#8142),.PCURVE_S1.);
#8131 = LINE('',#8132,#8133);
#8132 = CARTESIAN_POINT('',(44.930250589862,43.554239465722,
    7.963742759908));
#8133 = VECTOR('',#8134,1.);
#8134 = DIRECTION('',(0.258819045103,-0.965925826289,1.072393092426E-16)
  );
#8135 = PCURVE('',#7809,#8136);
#8136 = DEFINITIONAL_REPRESENTATION('',(#8137),#8141);
#8137 = LINE('',#8138,#8139);
#8138 = CARTESIAN_POINT('',(0.,0.));
#8139 = VECTOR('',#8140,1.);
#8140 = DIRECTION('',(1.730336309634E-32,-1.));
#8141 = ( GEOMETRIC_REPRESENTATION_CONTEXT(2) 
PARAMETRIC_REPRESENTATION_CONTEXT() REPRESENTATION_CONTEXT('2D SPACE',''
  ) );
#8142 = PCURVE('',#7781,#8143);
#8143 = DEFINITIONAL_REPRESENTATION('',(#8144),#8148);
#8144 = LINE('',#8145,#8146);
#8145 = CARTESIAN_POINT('',(3.3486315613,9.292435166204E-15));
#8146 = VECTOR('',#8147,1.);
#8147 = DIRECTION('',(2.244279808911E-17,-1.));
#8148 = ( GEOMETRIC_REPRESENTATION_CONTEXT(2) 
PARAMETRIC_REPRESENTATION_CONTEXT() REPRESENTATION_CONTEXT('2D SPACE',''
  ) );
#8149 = ORIENTED_EDGE('',*,*,#7793,.T.);
#8150 = ORIENTED_EDGE('',*,*,#8031,.F.);
#8151 = ADVANCED_FACE('',(#8152),#7919,.T.);
#8152 = FACE_BOUND('',#8153,.T.);
#8153 = EDGE_LOOP('',(#8154,#8177,#8178,#8179));
#8154 = ORIENTED_EDGE('',*,*,#8155,.T.);
#8155 = EDGE_CURVE('',#8156,#8058,#8158,.T.);
#8156 = VERTEX_POINT('',#8157);
#8157 = CARTESIAN_POINT('',(50.429801120293,29.498696882934,
    5.063742759908));
#8158 = SURFACE_CURVE('',#8159,(#8163,#8170),.PCURVE_S1.);
#8159 = LINE('',#8160,#8161);
#8160 = CARTESIAN_POINT('',(52.07437773561,29.939359858899,
    8.012716870698));
#8161 = VECTOR('',#8162,1.);
#8162 = DIRECTION('',(-0.482962913145,-0.129409522551,-0.866025403784));
#8163 = PCURVE('',#7919,#8164);
#8164 = DEFINITIONAL_REPRESENTATION('',(#8165),#8169);
#8165 = LINE('',#8166,#8167);
#8166 = CARTESIAN_POINT('',(6.753813554695,-15.));
#8167 = VECTOR('',#8168,1.);
#8168 = DIRECTION('',(-1.,-1.815033637411E-17));
#8169 = ( GEOMETRIC_REPRESENTATION_CONTEXT(2) 
PARAMETRIC_REPRESENTATION_CONTEXT() REPRESENTATION_CONTEXT('2D SPACE',''
  ) );
#8170 = PCURVE('',#71,#8171);
#8171 = DEFINITIONAL_REPRESENTATION('',(#8172),#8176);
#8172 = LINE('',#8173,#8174);
#8173 = CARTESIAN_POINT('',(21.111362775827,-19.9872831293));
#8174 = VECTOR('',#8175,1.);
#8175 = DIRECTION('',(-0.5,-0.866025403784));
#8176 = ( GEOMETRIC_REPRESENTATION_CONTEXT(2) 
PARAMETRIC_REPRESENTATION_CONTEXT() REPRESENTATION_CONTEXT('2D SPACE',''
  ) );
#8177 = ORIENTED_EDGE('',*,*,#8082,.T.);
#8178 = ORIENTED_EDGE('',*,*,#7905,.T.);
#8179 = ORIENTED_EDGE('',*,*,#8180,.F.);
#8180 = EDGE_CURVE('',#8156,#7764,#8181,.T.);
#8181 = SURFACE_CURVE('',#8182,(#8186,#8193),.PCURVE_S1.);
#8182 = LINE('',#8183,#8184);
#8183 = CARTESIAN_POINT('',(46.547515443755,43.98758427727,
    5.063742759908));
#8184 = VECTOR('',#8185,1.);
#8185 = DIRECTION('',(0.258819045103,-0.965925826289,1.072393092426E-16)
  );
#8186 = PCURVE('',#7919,#8187);
#8187 = DEFINITIONAL_REPRESENTATION('',(#8188),#8192);
#8188 = LINE('',#8189,#8190);
#8189 = CARTESIAN_POINT('',(3.3486315613,-3.031040407135E-15));
#8190 = VECTOR('',#8191,1.);
#8191 = DIRECTION('',(-1.594235490686E-18,-1.));
#8192 = ( GEOMETRIC_REPRESENTATION_CONTEXT(2) 
PARAMETRIC_REPRESENTATION_CONTEXT() REPRESENTATION_CONTEXT('2D SPACE',''
  ) );
#8193 = PCURVE('',#7781,#8194);
#8194 = DEFINITIONAL_REPRESENTATION('',(#8195),#8199);
#8195 = LINE('',#8196,#8197);
#8196 = CARTESIAN_POINT('',(0.,0.));
#8197 = VECTOR('',#8198,1.);
#8198 = DIRECTION('',(2.244279808911E-17,-1.));
#8199 = ( GEOMETRIC_REPRESENTATION_CONTEXT(2) 
PARAMETRIC_REPRESENTATION_CONTEXT() REPRESENTATION_CONTEXT('2D SPACE',''
  ) );
#8200 = ADVANCED_FACE('',(#8201),#7781,.T.);
#8201 = FACE_BOUND('',#8202,.T.);
#8202 = EDGE_LOOP('',(#8203,#8224,#8225,#8226));
#8203 = ORIENTED_EDGE('',*,*,#8204,.T.);
#8204 = EDGE_CURVE('',#8107,#8156,#8205,.T.);
#8205 = SURFACE_CURVE('',#8206,(#8210,#8217),.PCURVE_S1.);
#8206 = LINE('',#8207,#8208);
#8207 = CARTESIAN_POINT('',(43.289733598526,27.585521556573,
    17.866961579188));
#8208 = VECTOR('',#8209,1.);
#8209 = DIRECTION('',(0.482962913145,0.129409522551,-0.866025403784));
#8210 = PCURVE('',#7781,#8211);
#8211 = DEFINITIONAL_REPRESENTATION('',(#8212),#8216);
#8212 = LINE('',#8213,#8214);
#8213 = CARTESIAN_POINT('',(14.783883663609,-15.));
#8214 = VECTOR('',#8215,1.);
#8215 = DIRECTION('',(-1.,9.605239241518E-18));
#8216 = ( GEOMETRIC_REPRESENTATION_CONTEXT(2) 
PARAMETRIC_REPRESENTATION_CONTEXT() REPRESENTATION_CONTEXT('2D SPACE',''
  ) );
#8217 = PCURVE('',#71,#8218);
#8218 = DEFINITIONAL_REPRESENTATION('',(#8219),#8223);
#8219 = LINE('',#8220,#8221);
#8220 = CARTESIAN_POINT('',(12.016829947324,-10.13303842081));
#8221 = VECTOR('',#8222,1.);
#8222 = DIRECTION('',(0.5,-0.866025403784));
#8223 = ( GEOMETRIC_REPRESENTATION_CONTEXT(2) 
PARAMETRIC_REPRESENTATION_CONTEXT() REPRESENTATION_CONTEXT('2D SPACE',''
  ) );
#8224 = ORIENTED_EDGE('',*,*,#8180,.T.);
#8225 = ORIENTED_EDGE('',*,*,#7763,.T.);
#8226 = ORIENTED_EDGE('',*,*,#8129,.F.);
#8227 = ADVANCED_FACE('',(#8228),#277,.T.);
#8228 = FACE_BOUND('',#8229,.F.);
#8229 = EDGE_LOOP('',(#8230,#8252,#8253,#8254));
#8230 = ORIENTED_EDGE('',*,*,#8231,.F.);
#8231 = EDGE_CURVE('',#262,#5370,#8232,.T.);
#8232 = SURFACE_CURVE('',#8233,(#8238,#8245),.PCURVE_S1.);
#8233 = CIRCLE('',#8234,4.8);
#8234 = AXIS2_PLACEMENT_3D('',#8235,#8236,#8237);
#8235 = CARTESIAN_POINT('',(4.636444066188,17.228403841576,28.));
#8236 = DIRECTION('',(0.258819045103,-0.965925826289,1.072393092426E-16)
  );
#8237 = DIRECTION('',(0.965925826289,0.258819045103,-2.873468630843E-17)
  );
#8238 = PCURVE('',#277,#8239);
#8239 = DEFINITIONAL_REPRESENTATION('',(#8240),#8244);
#8240 = LINE('',#8241,#8242);
#8241 = CARTESIAN_POINT('',(-0.,0.));
#8242 = VECTOR('',#8243,1.);
#8243 = DIRECTION('',(-1.,0.));
#8244 = ( GEOMETRIC_REPRESENTATION_CONTEXT(2) 
PARAMETRIC_REPRESENTATION_CONTEXT() REPRESENTATION_CONTEXT('2D SPACE',''
  ) );
#8245 = PCURVE('',#71,#8246);
#8246 = DEFINITIONAL_REPRESENTATION('',(#8247),#8251);
#8247 = CIRCLE('',#8248,4.8);
#8248 = AXIS2_PLACEMENT_2D('',#8249,#8250);
#8249 = CARTESIAN_POINT('',(-28.,-8.045712166361E-16));
#8250 = DIRECTION('',(1.,0.));
#8251 = ( GEOMETRIC_REPRESENTATION_CONTEXT(2) 
PARAMETRIC_REPRESENTATION_CONTEXT() REPRESENTATION_CONTEXT('2D SPACE',''
  ) );
#8252 = ORIENTED_EDGE('',*,*,#261,.F.);
#8253 = ORIENTED_EDGE('',*,*,#6518,.T.);
#8254 = ORIENTED_EDGE('',*,*,#5395,.T.);
#8255 = ADVANCED_FACE('',(#8256),#343,.T.);
#8256 = FACE_BOUND('',#8257,.T.);
#8257 = EDGE_LOOP('',(#8258,#8286,#8313,#8339,#8375,#8376));
#8258 = ORIENTED_EDGE('',*,*,#8259,.F.);
#8259 = EDGE_CURVE('',#8260,#8262,#8264,.T.);
#8260 = VERTEX_POINT('',#8261);
#8261 = CARTESIAN_POINT('',(2.682367202281,31.430746135935,36.));
#8262 = VERTEX_POINT('',#8263);
#8263 = CARTESIAN_POINT('',(2.682367202281,12.475337104447,36.));
#8264 = SURFACE_CURVE('',#8265,(#8268,#8275),.PCURVE_S1.);
#8265 = B_SPLINE_CURVE_WITH_KNOTS('',1,(#8266,#8267),.UNSPECIFIED.,.F.,
  .F.,(2,2),(0.,1.),.PIECEWISE_BEZIER_KNOTS.);
#8266 = CARTESIAN_POINT('',(2.682367202281,31.430746135935,36.));
#8267 = CARTESIAN_POINT('',(2.682367202281,12.475337104447,36.));
#8268 = PCURVE('',#343,#8269);
#8269 = DEFINITIONAL_REPRESENTATION('',(#8270),#8274);
#8270 = LINE('',#8271,#8272);
#8271 = CARTESIAN_POINT('',(0.,0.));
#8272 = VECTOR('',#8273,1.);
#8273 = DIRECTION('',(0.,1.));
#8274 = ( GEOMETRIC_REPRESENTATION_CONTEXT(2) 
PARAMETRIC_REPRESENTATION_CONTEXT() REPRESENTATION_CONTEXT('2D SPACE',''
  ) );
#8275 = PCURVE('',#8276,#8281);
#8276 = PLANE('',#8277);
#8277 = AXIS2_PLACEMENT_3D('',#8278,#8279,#8280);
#8278 = CARTESIAN_POINT('',(2.682367202281,12.475337104447,44.));
#8279 = DIRECTION('',(-1.,0.,0.));
#8280 = DIRECTION('',(0.,-1.110223024625E-16,-1.));
#8281 = DEFINITIONAL_REPRESENTATION('',(#8282),#8285);
#8282 = B_SPLINE_CURVE_WITH_KNOTS('',1,(#8283,#8284),.UNSPECIFIED.,.F.,
  .F.,(2,2),(0.,1.),.PIECEWISE_BEZIER_KNOTS.);
#8283 = CARTESIAN_POINT('',(8.,-18.95540903148));
#8284 = CARTESIAN_POINT('',(8.,-1.7763568394E-15));
#8285 = ( GEOMETRIC_REPRESENTATION_CONTEXT(2) 
PARAMETRIC_REPRESENTATION_CONTEXT() REPRESENTATION_CONTEXT('2D SPACE',''
  ) );
#8286 = ORIENTED_EDGE('',*,*,#8287,.T.);
#8287 = EDGE_CURVE('',#8260,#8288,#8290,.T.);
#8288 = VERTEX_POINT('',#8289);
#8289 = CARTESIAN_POINT('',(10.682367202281,31.430746135935,36.));
#8290 = SURFACE_CURVE('',#8291,(#8295,#8301),.PCURVE_S1.);
#8291 = LINE('',#8292,#8293);
#8292 = CARTESIAN_POINT('',(2.682367202281,31.430746135935,36.));
#8293 = VECTOR('',#8294,1.);
#8294 = DIRECTION('',(1.,0.,0.));
#8295 = PCURVE('',#343,#8296);
#8296 = DEFINITIONAL_REPRESENTATION('',(#8297),#8300);
#8297 = B_SPLINE_CURVE_WITH_KNOTS('',1,(#8298,#8299),.UNSPECIFIED.,.F.,
  .F.,(2,2),(0.,8.),.PIECEWISE_BEZIER_KNOTS.);
#8298 = CARTESIAN_POINT('',(0.,0.));
#8299 = CARTESIAN_POINT('',(12.,0.));
#8300 = ( GEOMETRIC_REPRESENTATION_CONTEXT(2) 
PARAMETRIC_REPRESENTATION_CONTEXT() REPRESENTATION_CONTEXT('2D SPACE',''
  ) );
#8301 = PCURVE('',#8302,#8307);
#8302 = PLANE('',#8303);
#8303 = AXIS2_PLACEMENT_3D('',#8304,#8305,#8306);
#8304 = CARTESIAN_POINT('',(2.682367202281,31.430746135935,36.));
#8305 = DIRECTION('',(0.,1.,-1.110223024625E-16));
#8306 = DIRECTION('',(0.707106781187,7.850462293419E-17,0.707106781187)
  );
#8307 = DEFINITIONAL_REPRESENTATION('',(#8308),#8312);
#8308 = LINE('',#8309,#8310);
#8309 = CARTESIAN_POINT('',(-4.082240392578E-15,-4.082240392578E-15));
#8310 = VECTOR('',#8311,1.);
#8311 = DIRECTION('',(0.707106781187,0.707106781187));
#8312 = ( GEOMETRIC_REPRESENTATION_CONTEXT(2) 
PARAMETRIC_REPRESENTATION_CONTEXT() REPRESENTATION_CONTEXT('2D SPACE',''
  ) );
#8313 = ORIENTED_EDGE('',*,*,#8314,.T.);
#8314 = EDGE_CURVE('',#8288,#8315,#8317,.T.);
#8315 = VERTEX_POINT('',#8316);
#8316 = CARTESIAN_POINT('',(13.195417139938,19.521773764727,36.));
#8317 = SURFACE_CURVE('',#8318,(#8321,#8328),.PCURVE_S1.);
#8318 = B_SPLINE_CURVE_WITH_KNOTS('',1,(#8319,#8320),.UNSPECIFIED.,.F.,
  .F.,(2,2),(0.,1.),.PIECEWISE_BEZIER_KNOTS.);
#8319 = CARTESIAN_POINT('',(10.682367202281,31.430746135935,36.));
#8320 = CARTESIAN_POINT('',(14.682367202281,12.475337104447,36.));
#8321 = PCURVE('',#343,#8322);
#8322 = DEFINITIONAL_REPRESENTATION('',(#8323),#8327);
#8323 = LINE('',#8324,#8325);
#8324 = CARTESIAN_POINT('',(12.,0.));
#8325 = VECTOR('',#8326,1.);
#8326 = DIRECTION('',(0.,1.));
#8327 = ( GEOMETRIC_REPRESENTATION_CONTEXT(2) 
PARAMETRIC_REPRESENTATION_CONTEXT() REPRESENTATION_CONTEXT('2D SPACE',''
  ) );
#8328 = PCURVE('',#8329,#8334);
#8329 = PLANE('',#8330);
#8330 = AXIS2_PLACEMENT_3D('',#8331,#8332,#8333);
#8331 = CARTESIAN_POINT('',(14.682367202281,12.475337104447,36.));
#8332 = DIRECTION('',(0.978451989072,0.206474465931,-2.292327060742E-17)
  );
#8333 = DIRECTION('',(0.,1.110223024625E-16,1.));
#8334 = DEFINITIONAL_REPRESENTATION('',(#8335),#8338);
#8335 = B_SPLINE_CURVE_WITH_KNOTS('',1,(#8336,#8337),.UNSPECIFIED.,.F.,
  .F.,(2,2),(0.,1.),.PIECEWISE_BEZIER_KNOTS.);
#8336 = CARTESIAN_POINT('',(0.,-19.37285553425));
#8337 = CARTESIAN_POINT('',(0.,0.));
#8338 = ( GEOMETRIC_REPRESENTATION_CONTEXT(2) 
PARAMETRIC_REPRESENTATION_CONTEXT() REPRESENTATION_CONTEXT('2D SPACE',''
  ) );
#8339 = ORIENTED_EDGE('',*,*,#8340,.T.);
#8340 = EDGE_CURVE('',#8315,#290,#8341,.T.);
#8341 = SURFACE_CURVE('',#8342,(#8351,#8363),.PCURVE_S1.);
#8342 = B_SPLINE_CURVE_WITH_KNOTS('',4,(#8343,#8344,#8345,#8346,#8347,
    #8348,#8349,#8350),.UNSPECIFIED.,.F.,.F.,(5,3,5),(0.,0.493795335643,
    1.),.UNSPECIFIED.);
#8343 = CARTESIAN_POINT('',(13.195417139938,19.521773764727,36.));
#8344 = CARTESIAN_POINT('',(11.936952186281,19.184569096692,36.));
#8345 = CARTESIAN_POINT('',(10.665410983875,18.843860658364,36.));
#8346 = CARTESIAN_POINT('',(9.380863465342,18.499667188134,36.));
#8347 = CARTESIAN_POINT('',(6.753363606886,17.795630722948,36.));
#8348 = CARTESIAN_POINT('',(5.409754672214,17.43561179396,36.));
#8349 = CARTESIAN_POINT('',(4.052704499843,17.071991296184,36.));
#8350 = CARTESIAN_POINT('',(2.682367202281,16.704810523944,36.));
#8351 = PCURVE('',#343,#8352);
#8352 = DEFINITIONAL_REPRESENTATION('',(#8353),#8362);
#8353 = B_SPLINE_CURVE_WITH_KNOTS('',4,(#8354,#8355,#8356,#8357,#8358,
    #8359,#8360,#8361),.UNSPECIFIED.,.F.,.F.,(5,3,5),(0.,0.493795335643,
    1.),.UNSPECIFIED.);
#8354 = CARTESIAN_POINT('',(12.,0.628262484414));
#8355 = CARTESIAN_POINT('',(10.482317785712,0.646051848256));
#8356 = CARTESIAN_POINT('',(8.976258928092,0.664026054867));
#8357 = CARTESIAN_POINT('',(7.482076560222,0.682184115696));
#8358 = CARTESIAN_POINT('',(4.48067819532,0.719325834137));
#8359 = CARTESIAN_POINT('',(2.974078072919,0.738318773218));
#8360 = CARTESIAN_POINT('',(1.480446769958,0.757501714466));
#8361 = CARTESIAN_POINT('',(0.,0.776872479382));
#8362 = ( GEOMETRIC_REPRESENTATION_CONTEXT(2) 
PARAMETRIC_REPRESENTATION_CONTEXT() REPRESENTATION_CONTEXT('2D SPACE',''
  ) );
#8363 = PCURVE('',#71,#8364);
#8364 = DEFINITIONAL_REPRESENTATION('',(#8365),#8374);
#8365 = B_SPLINE_CURVE_WITH_KNOTS('',4,(#8366,#8367,#8368,#8369,#8370,
    #8371,#8372,#8373),.UNSPECIFIED.,.F.,.F.,(5,3,5),(0.,0.493795335643,
    1.),.UNSPECIFIED.);
#8366 = CARTESIAN_POINT('',(-19.13909904797,8.));
#8367 = CARTESIAN_POINT('',(-20.44195783837,8.));
#8368 = CARTESIAN_POINT('',(-21.75835415763,8.));
#8369 = CARTESIAN_POINT('',(-23.08821560618,8.));
#8370 = CARTESIAN_POINT('',(-25.80840362367,8.));
#8371 = CARTESIAN_POINT('',(-27.19940994952,8.));
#8372 = CARTESIAN_POINT('',(-28.60433166859,8.));
#8373 = CARTESIAN_POINT('',(-30.02300923189,8.));
#8374 = ( GEOMETRIC_REPRESENTATION_CONTEXT(2) 
PARAMETRIC_REPRESENTATION_CONTEXT() REPRESENTATION_CONTEXT('2D SPACE',''
  ) );
#8375 = ORIENTED_EDGE('',*,*,#313,.T.);
#8376 = ORIENTED_EDGE('',*,*,#8377,.F.);
#8377 = EDGE_CURVE('',#8262,#314,#8378,.T.);
#8378 = SURFACE_CURVE('',#8379,(#8383,#8390),.PCURVE_S1.);
#8379 = LINE('',#8380,#8381);
#8380 = CARTESIAN_POINT('',(2.682367202281,12.475337104447,36.));
#8381 = VECTOR('',#8382,1.);
#8382 = DIRECTION('',(1.,0.,0.));
#8383 = PCURVE('',#343,#8384);
#8384 = DEFINITIONAL_REPRESENTATION('',(#8385),#8389);
#8385 = LINE('',#8386,#8387);
#8386 = CARTESIAN_POINT('',(0.,1.));
#8387 = VECTOR('',#8388,1.);
#8388 = DIRECTION('',(1.,0.));
#8389 = ( GEOMETRIC_REPRESENTATION_CONTEXT(2) 
PARAMETRIC_REPRESENTATION_CONTEXT() REPRESENTATION_CONTEXT('2D SPACE',''
  ) );
#8390 = PCURVE('',#383,#8391);
#8391 = DEFINITIONAL_REPRESENTATION('',(#8392),#8396);
#8392 = LINE('',#8393,#8394);
#8393 = CARTESIAN_POINT('',(-4.803559250984E-15,-3.202372833989E-15));
#8394 = VECTOR('',#8395,1.);
#8395 = DIRECTION('',(0.832050294338,0.554700196225));
#8396 = ( GEOMETRIC_REPRESENTATION_CONTEXT(2) 
PARAMETRIC_REPRESENTATION_CONTEXT() REPRESENTATION_CONTEXT('2D SPACE',''
  ) );
#8397 = ADVANCED_FACE('',(#8398),#8302,.T.);
#8398 = FACE_BOUND('',#8399,.F.);
#8399 = EDGE_LOOP('',(#8400,#8401,#8424,#8446));
#8400 = ORIENTED_EDGE('',*,*,#8287,.T.);
#8401 = ORIENTED_EDGE('',*,*,#8402,.T.);
#8402 = EDGE_CURVE('',#8288,#8403,#8405,.T.);
#8403 = VERTEX_POINT('',#8404);
#8404 = CARTESIAN_POINT('',(10.682367202281,31.430746135935,44.));
#8405 = SURFACE_CURVE('',#8406,(#8410,#8417),.PCURVE_S1.);
#8406 = LINE('',#8407,#8408);
#8407 = CARTESIAN_POINT('',(10.682367202281,31.430746135935,36.));
#8408 = VECTOR('',#8409,1.);
#8409 = DIRECTION('',(0.,1.110223024625E-16,1.));
#8410 = PCURVE('',#8302,#8411);
#8411 = DEFINITIONAL_REPRESENTATION('',(#8412),#8416);
#8412 = LINE('',#8413,#8414);
#8413 = CARTESIAN_POINT('',(5.656854249492,5.656854249492));
#8414 = VECTOR('',#8415,1.);
#8415 = DIRECTION('',(0.707106781187,-0.707106781187));
#8416 = ( GEOMETRIC_REPRESENTATION_CONTEXT(2) 
PARAMETRIC_REPRESENTATION_CONTEXT() REPRESENTATION_CONTEXT('2D SPACE',''
  ) );
#8417 = PCURVE('',#8329,#8418);
#8418 = DEFINITIONAL_REPRESENTATION('',(#8419),#8423);
#8419 = LINE('',#8420,#8421);
#8420 = CARTESIAN_POINT('',(2.104473154795E-15,-19.37285553425));
#8421 = VECTOR('',#8422,1.);
#8422 = DIRECTION('',(1.,0.));
#8423 = ( GEOMETRIC_REPRESENTATION_CONTEXT(2) 
PARAMETRIC_REPRESENTATION_CONTEXT() REPRESENTATION_CONTEXT('2D SPACE',''
  ) );
#8424 = ORIENTED_EDGE('',*,*,#8425,.T.);
#8425 = EDGE_CURVE('',#8403,#8426,#8428,.T.);
#8426 = VERTEX_POINT('',#8427);
#8427 = CARTESIAN_POINT('',(2.682367202281,31.430746135935,44.));
#8428 = SURFACE_CURVE('',#8429,(#8433,#8440),.PCURVE_S1.);
#8429 = LINE('',#8430,#8431);
#8430 = CARTESIAN_POINT('',(10.682367202281,31.430746135935,44.));
#8431 = VECTOR('',#8432,1.);
#8432 = DIRECTION('',(-1.,0.,0.));
#8433 = PCURVE('',#8302,#8434);
#8434 = DEFINITIONAL_REPRESENTATION('',(#8435),#8439);
#8435 = LINE('',#8436,#8437);
#8436 = CARTESIAN_POINT('',(11.313708498985,-3.552713678801E-15));
#8437 = VECTOR('',#8438,1.);
#8438 = DIRECTION('',(-0.707106781187,-0.707106781187));
#8439 = ( GEOMETRIC_REPRESENTATION_CONTEXT(2) 
PARAMETRIC_REPRESENTATION_CONTEXT() REPRESENTATION_CONTEXT('2D SPACE',''
  ) );
#8440 = PCURVE('',#431,#8441);
#8441 = DEFINITIONAL_REPRESENTATION('',(#8442),#8445);
#8442 = B_SPLINE_CURVE_WITH_KNOTS('',1,(#8443,#8444),.UNSPECIFIED.,.F.,
  .F.,(2,2),(0.,8.),.PIECEWISE_BEZIER_KNOTS.);
#8443 = CARTESIAN_POINT('',(0.,0.));
#8444 = CARTESIAN_POINT('',(12.,0.));
#8445 = ( GEOMETRIC_REPRESENTATION_CONTEXT(2) 
PARAMETRIC_REPRESENTATION_CONTEXT() REPRESENTATION_CONTEXT('2D SPACE',''
  ) );
#8446 = ORIENTED_EDGE('',*,*,#8447,.T.);
#8447 = EDGE_CURVE('',#8426,#8260,#8448,.T.);
#8448 = SURFACE_CURVE('',#8449,(#8453,#8460),.PCURVE_S1.);
#8449 = LINE('',#8450,#8451);
#8450 = CARTESIAN_POINT('',(2.682367202281,31.430746135935,44.));
#8451 = VECTOR('',#8452,1.);
#8452 = DIRECTION('',(0.,-1.110223024625E-16,-1.));
#8453 = PCURVE('',#8302,#8454);
#8454 = DEFINITIONAL_REPRESENTATION('',(#8455),#8459);
#8455 = LINE('',#8456,#8457);
#8456 = CARTESIAN_POINT('',(5.656854249492,-5.656854249492));
#8457 = VECTOR('',#8458,1.);
#8458 = DIRECTION('',(-0.707106781187,0.707106781187));
#8459 = ( GEOMETRIC_REPRESENTATION_CONTEXT(2) 
PARAMETRIC_REPRESENTATION_CONTEXT() REPRESENTATION_CONTEXT('2D SPACE',''
  ) );
#8460 = PCURVE('',#8276,#8461);
#8461 = DEFINITIONAL_REPRESENTATION('',(#8462),#8466);
#8462 = LINE('',#8463,#8464);
#8463 = CARTESIAN_POINT('',(-2.104473154795E-15,-18.95540903148));
#8464 = VECTOR('',#8465,1.);
#8465 = DIRECTION('',(1.,0.));
#8466 = ( GEOMETRIC_REPRESENTATION_CONTEXT(2) 
PARAMETRIC_REPRESENTATION_CONTEXT() REPRESENTATION_CONTEXT('2D SPACE',''
  ) );
#8467 = ADVANCED_FACE('',(#8468),#8329,.T.);
#8468 = FACE_BOUND('',#8469,.T.);
#8469 = EDGE_LOOP('',(#8470,#8471,#8472,#8493));
#8470 = ORIENTED_EDGE('',*,*,#8314,.F.);
#8471 = ORIENTED_EDGE('',*,*,#8402,.T.);
#8472 = ORIENTED_EDGE('',*,*,#8473,.T.);
#8473 = EDGE_CURVE('',#8403,#8474,#8476,.T.);
#8474 = VERTEX_POINT('',#8475);
#8475 = CARTESIAN_POINT('',(13.195417139938,19.521773764727,44.));
#8476 = SURFACE_CURVE('',#8477,(#8480,#8486),.PCURVE_S1.);
#8477 = B_SPLINE_CURVE_WITH_KNOTS('',1,(#8478,#8479),.UNSPECIFIED.,.F.,
  .F.,(2,2),(0.,1.),.PIECEWISE_BEZIER_KNOTS.);
#8478 = CARTESIAN_POINT('',(10.682367202281,31.430746135935,44.));
#8479 = CARTESIAN_POINT('',(14.682367202281,12.475337104447,44.));
#8480 = PCURVE('',#8329,#8481);
#8481 = DEFINITIONAL_REPRESENTATION('',(#8482),#8485);
#8482 = B_SPLINE_CURVE_WITH_KNOTS('',1,(#8483,#8484),.UNSPECIFIED.,.F.,
  .F.,(2,2),(0.,1.),.PIECEWISE_BEZIER_KNOTS.);
#8483 = CARTESIAN_POINT('',(8.,-19.37285553425));
#8484 = CARTESIAN_POINT('',(8.,1.7763568394E-15));
#8485 = ( GEOMETRIC_REPRESENTATION_CONTEXT(2) 
PARAMETRIC_REPRESENTATION_CONTEXT() REPRESENTATION_CONTEXT('2D SPACE',''
  ) );
#8486 = PCURVE('',#431,#8487);
#8487 = DEFINITIONAL_REPRESENTATION('',(#8488),#8492);
#8488 = LINE('',#8489,#8490);
#8489 = CARTESIAN_POINT('',(0.,0.));
#8490 = VECTOR('',#8491,1.);
#8491 = DIRECTION('',(0.,1.));
#8492 = ( GEOMETRIC_REPRESENTATION_CONTEXT(2) 
PARAMETRIC_REPRESENTATION_CONTEXT() REPRESENTATION_CONTEXT('2D SPACE',''
  ) );
#8493 = ORIENTED_EDGE('',*,*,#8494,.F.);
#8494 = EDGE_CURVE('',#8315,#8474,#8495,.T.);
#8495 = SURFACE_CURVE('',#8496,(#8500,#8507),.PCURVE_S1.);
#8496 = LINE('',#8497,#8498);
#8497 = CARTESIAN_POINT('',(13.195417139938,19.521773764727,32.));
#8498 = VECTOR('',#8499,1.);
#8499 = DIRECTION('',(0.,1.110223024625E-16,1.));
#8500 = PCURVE('',#8329,#8501);
#8501 = DEFINITIONAL_REPRESENTATION('',(#8502),#8506);
#8502 = LINE('',#8503,#8504);
#8503 = CARTESIAN_POINT('',(-4.,-7.201617186108));
#8504 = VECTOR('',#8505,1.);
#8505 = DIRECTION('',(1.,0.));
#8506 = ( GEOMETRIC_REPRESENTATION_CONTEXT(2) 
PARAMETRIC_REPRESENTATION_CONTEXT() REPRESENTATION_CONTEXT('2D SPACE',''
  ) );
#8507 = PCURVE('',#71,#8508);
#8508 = DEFINITIONAL_REPRESENTATION('',(#8509),#8513);
#8509 = LINE('',#8510,#8511);
#8510 = CARTESIAN_POINT('',(-19.13909904797,4.));
#8511 = VECTOR('',#8512,1.);
#8512 = DIRECTION('',(0.,1.));
#8513 = ( GEOMETRIC_REPRESENTATION_CONTEXT(2) 
PARAMETRIC_REPRESENTATION_CONTEXT() REPRESENTATION_CONTEXT('2D SPACE',''
  ) );
#8514 = ADVANCED_FACE('',(#8515),#8276,.T.);
#8515 = FACE_BOUND('',#8516,.T.);
#8516 = EDGE_LOOP('',(#8517,#8518,#8519,#8542));
#8517 = ORIENTED_EDGE('',*,*,#8447,.T.);
#8518 = ORIENTED_EDGE('',*,*,#8259,.T.);
#8519 = ORIENTED_EDGE('',*,*,#8520,.F.);
#8520 = EDGE_CURVE('',#8521,#8262,#8523,.T.);
#8521 = VERTEX_POINT('',#8522);
#8522 = CARTESIAN_POINT('',(2.682367202281,12.475337104447,44.));
#8523 = SURFACE_CURVE('',#8524,(#8528,#8535),.PCURVE_S1.);
#8524 = LINE('',#8525,#8526);
#8525 = CARTESIAN_POINT('',(2.682367202281,12.475337104447,44.));
#8526 = VECTOR('',#8527,1.);
#8527 = DIRECTION('',(0.,-1.110223024625E-16,-1.));
#8528 = PCURVE('',#8276,#8529);
#8529 = DEFINITIONAL_REPRESENTATION('',(#8530),#8534);
#8530 = LINE('',#8531,#8532);
#8531 = CARTESIAN_POINT('',(0.,0.));
#8532 = VECTOR('',#8533,1.);
#8533 = DIRECTION('',(1.,0.));
#8534 = ( GEOMETRIC_REPRESENTATION_CONTEXT(2) 
PARAMETRIC_REPRESENTATION_CONTEXT() REPRESENTATION_CONTEXT('2D SPACE',''
  ) );
#8535 = PCURVE('',#383,#8536);
#8536 = DEFINITIONAL_REPRESENTATION('',(#8537),#8541);
#8537 = LINE('',#8538,#8539);
#8538 = CARTESIAN_POINT('',(4.437601569802,-6.656402354703));
#8539 = VECTOR('',#8540,1.);
#8540 = DIRECTION('',(-0.554700196225,0.832050294338));
#8541 = ( GEOMETRIC_REPRESENTATION_CONTEXT(2) 
PARAMETRIC_REPRESENTATION_CONTEXT() REPRESENTATION_CONTEXT('2D SPACE',''
  ) );
#8542 = ORIENTED_EDGE('',*,*,#8543,.F.);
#8543 = EDGE_CURVE('',#8426,#8521,#8544,.T.);
#8544 = SURFACE_CURVE('',#8545,(#8548,#8554),.PCURVE_S1.);
#8545 = B_SPLINE_CURVE_WITH_KNOTS('',1,(#8546,#8547),.UNSPECIFIED.,.F.,
  .F.,(2,2),(0.,1.),.PIECEWISE_BEZIER_KNOTS.);
#8546 = CARTESIAN_POINT('',(2.682367202281,31.430746135935,44.));
#8547 = CARTESIAN_POINT('',(2.682367202281,12.475337104447,44.));
#8548 = PCURVE('',#8276,#8549);
#8549 = DEFINITIONAL_REPRESENTATION('',(#8550),#8553);
#8550 = B_SPLINE_CURVE_WITH_KNOTS('',1,(#8551,#8552),.UNSPECIFIED.,.F.,
  .F.,(2,2),(0.,1.),.PIECEWISE_BEZIER_KNOTS.);
#8551 = CARTESIAN_POINT('',(0.,-18.95540903148));
#8552 = CARTESIAN_POINT('',(0.,0.));
#8553 = ( GEOMETRIC_REPRESENTATION_CONTEXT(2) 
PARAMETRIC_REPRESENTATION_CONTEXT() REPRESENTATION_CONTEXT('2D SPACE',''
  ) );
#8554 = PCURVE('',#431,#8555);
#8555 = DEFINITIONAL_REPRESENTATION('',(#8556),#8560);
#8556 = LINE('',#8557,#8558);
#8557 = CARTESIAN_POINT('',(12.,0.));
#8558 = VECTOR('',#8559,1.);
#8559 = DIRECTION('',(0.,1.));
#8560 = ( GEOMETRIC_REPRESENTATION_CONTEXT(2) 
PARAMETRIC_REPRESENTATION_CONTEXT() REPRESENTATION_CONTEXT('2D SPACE',''
  ) );
#8561 = ADVANCED_FACE('',(#8562),#383,.F.);
#8562 = FACE_BOUND('',#8563,.F.);
#8563 = EDGE_LOOP('',(#8564,#8565,#8566,#8587));
#8564 = ORIENTED_EDGE('',*,*,#8377,.F.);
#8565 = ORIENTED_EDGE('',*,*,#8520,.F.);
#8566 = ORIENTED_EDGE('',*,*,#8567,.F.);
#8567 = EDGE_CURVE('',#363,#8521,#8568,.T.);
#8568 = SURFACE_CURVE('',#8569,(#8573,#8580),.PCURVE_S1.);
#8569 = LINE('',#8570,#8571);
#8570 = CARTESIAN_POINT('',(14.682367202281,12.475337104447,44.));
#8571 = VECTOR('',#8572,1.);
#8572 = DIRECTION('',(-1.,0.,0.));
#8573 = PCURVE('',#383,#8574);
#8574 = DEFINITIONAL_REPRESENTATION('',(#8575),#8579);
#8575 = LINE('',#8576,#8577);
#8576 = CARTESIAN_POINT('',(14.422205101856,-2.6645352591E-15));
#8577 = VECTOR('',#8578,1.);
#8578 = DIRECTION('',(-0.832050294338,-0.554700196225));
#8579 = ( GEOMETRIC_REPRESENTATION_CONTEXT(2) 
PARAMETRIC_REPRESENTATION_CONTEXT() REPRESENTATION_CONTEXT('2D SPACE',''
  ) );
#8580 = PCURVE('',#431,#8581);
#8581 = DEFINITIONAL_REPRESENTATION('',(#8582),#8586);
#8582 = LINE('',#8583,#8584);
#8583 = CARTESIAN_POINT('',(0.,1.));
#8584 = VECTOR('',#8585,1.);
#8585 = DIRECTION('',(1.,0.));
#8586 = ( GEOMETRIC_REPRESENTATION_CONTEXT(2) 
PARAMETRIC_REPRESENTATION_CONTEXT() REPRESENTATION_CONTEXT('2D SPACE',''
  ) );
#8587 = ORIENTED_EDGE('',*,*,#362,.F.);
#8588 = ADVANCED_FACE('',(#8589),#431,.T.);
#8589 = FACE_BOUND('',#8590,.T.);
#8590 = EDGE_LOOP('',(#8591,#8592,#8593,#8594,#8595,#8596));
#8591 = ORIENTED_EDGE('',*,*,#8473,.F.);
#8592 = ORIENTED_EDGE('',*,*,#8425,.T.);
#8593 = ORIENTED_EDGE('',*,*,#8543,.T.);
#8594 = ORIENTED_EDGE('',*,*,#8567,.F.);
#8595 = ORIENTED_EDGE('',*,*,#395,.F.);
#8596 = ORIENTED_EDGE('',*,*,#8597,.T.);
#8597 = EDGE_CURVE('',#50,#8474,#8598,.T.);
#8598 = SURFACE_CURVE('',#8599,(#8608,#8620),.PCURVE_S1.);
#8599 = B_SPLINE_CURVE_WITH_KNOTS('',4,(#8600,#8601,#8602,#8603,#8604,
    #8605,#8606,#8607),.UNSPECIFIED.,.F.,.F.,(5,3,5),(0.,0.506204664937,
    1.),.UNSPECIFIED.);
#8600 = CARTESIAN_POINT('',(2.682367202281,16.704810523944,44.));
#8601 = CARTESIAN_POINT('',(4.052704501413,17.071991296605,44.));
#8602 = CARTESIAN_POINT('',(5.409754675322,17.435611794792,44.));
#8603 = CARTESIAN_POINT('',(6.753363611502,17.795630724185,44.));
#8604 = CARTESIAN_POINT('',(9.380863469866,18.499667189346,44.));
#8605 = CARTESIAN_POINT('',(10.66541098686,18.843860659164,44.));
#8606 = CARTESIAN_POINT('',(11.936952187758,19.184569097088,44.));
#8607 = CARTESIAN_POINT('',(13.195417139938,19.521773764727,44.));
#8608 = PCURVE('',#431,#8609);
#8609 = DEFINITIONAL_REPRESENTATION('',(#8610),#8619);
#8610 = B_SPLINE_CURVE_WITH_KNOTS('',4,(#8611,#8612,#8613,#8614,#8615,
    #8616,#8617,#8618),.UNSPECIFIED.,.F.,.F.,(5,3,5),(0.,0.506204664937,
    1.),.UNSPECIFIED.);
#8611 = CARTESIAN_POINT('',(12.,0.776872479382));
#8612 = CARTESIAN_POINT('',(10.519553228347,0.757501714444));
#8613 = CARTESIAN_POINT('',(9.02592192366,0.738318773174));
#8614 = CARTESIAN_POINT('',(7.519321799504,0.719325834072));
#8615 = CARTESIAN_POINT('',(4.517923434516,0.682184115632));
#8616 = CARTESIAN_POINT('',(3.023741068372,0.664026054825));
#8617 = CARTESIAN_POINT('',(1.517682212506,0.646051848235));
#8618 = CARTESIAN_POINT('',(0.,0.628262484414));
#8619 = ( GEOMETRIC_REPRESENTATION_CONTEXT(2) 
PARAMETRIC_REPRESENTATION_CONTEXT() REPRESENTATION_CONTEXT('2D SPACE',''
  ) );
#8620 = PCURVE('',#71,#8621);
#8621 = DEFINITIONAL_REPRESENTATION('',(#8622),#8631);
#8622 = B_SPLINE_CURVE_WITH_KNOTS('',4,(#8623,#8624,#8625,#8626,#8627,
    #8628,#8629,#8630),.UNSPECIFIED.,.F.,.F.,(5,3,5),(0.,0.506204664937,
    1.),.UNSPECIFIED.);
#8623 = CARTESIAN_POINT('',(-30.02300923189,16.));
#8624 = CARTESIAN_POINT('',(-28.60433166697,16.));
#8625 = CARTESIAN_POINT('',(-27.1994099463,16.));
#8626 = CARTESIAN_POINT('',(-25.80840361889,16.));
#8627 = CARTESIAN_POINT('',(-23.08821560149,16.));
#8628 = CARTESIAN_POINT('',(-21.75835415454,16.));
#8629 = CARTESIAN_POINT('',(-20.44195783684,16.));
#8630 = CARTESIAN_POINT('',(-19.13909904797,16.));
#8631 = ( GEOMETRIC_REPRESENTATION_CONTEXT(2) 
PARAMETRIC_REPRESENTATION_CONTEXT() REPRESENTATION_CONTEXT('2D SPACE',''
  ) );
#8632 = ADVANCED_FACE('',(#8633,#8657,#8665,#8673),#71,.F.);
#8633 = FACE_BOUND('',#8634,.F.);
#8634 = EDGE_LOOP('',(#8635,#8636,#8637,#8638,#8639,#8640,#8641,#8642,
    #8643,#8644,#8645,#8646,#8647,#8648,#8649,#8650,#8651,#8652,#8653,
    #8654,#8655,#8656));
#8635 = ORIENTED_EDGE('',*,*,#486,.F.);
#8636 = ORIENTED_EDGE('',*,*,#47,.T.);
#8637 = ORIENTED_EDGE('',*,*,#8597,.T.);
#8638 = ORIENTED_EDGE('',*,*,#8494,.F.);
#8639 = ORIENTED_EDGE('',*,*,#8340,.T.);
#8640 = ORIENTED_EDGE('',*,*,#289,.T.);
#8641 = ORIENTED_EDGE('',*,*,#8231,.T.);
#8642 = ORIENTED_EDGE('',*,*,#5369,.T.);
#8643 = ORIENTED_EDGE('',*,*,#5951,.T.);
#8644 = ORIENTED_EDGE('',*,*,#5848,.F.);
#8645 = ORIENTED_EDGE('',*,*,#5694,.T.);
#8646 = ORIENTED_EDGE('',*,*,#5445,.T.);
#8647 = ORIENTED_EDGE('',*,*,#5238,.F.);
#8648 = ORIENTED_EDGE('',*,*,#3659,.T.);
#8649 = ORIENTED_EDGE('',*,*,#3735,.F.);
#8650 = ORIENTED_EDGE('',*,*,#3791,.T.);
#8651 = ORIENTED_EDGE('',*,*,#4015,.T.);
#8652 = ORIENTED_EDGE('',*,*,#4044,.T.);
#8653 = ORIENTED_EDGE('',*,*,#4179,.T.);
#8654 = ORIENTED_EDGE('',*,*,#4322,.T.);
#8655 = ORIENTED_EDGE('',*,*,#6317,.F.);
#8656 = ORIENTED_EDGE('',*,*,#739,.F.);
#8657 = FACE_BOUND('',#8658,.F.);
#8658 = EDGE_LOOP('',(#8659,#8660,#8661,#8662,#8663,#8664));
#8659 = ORIENTED_EDGE('',*,*,#8106,.T.);
#8660 = ORIENTED_EDGE('',*,*,#8204,.T.);
#8661 = ORIENTED_EDGE('',*,*,#8155,.T.);
#8662 = ORIENTED_EDGE('',*,*,#8057,.T.);
#8663 = ORIENTED_EDGE('',*,*,#7937,.T.);
#8664 = ORIENTED_EDGE('',*,*,#8008,.T.);
#8665 = FACE_BOUND('',#8666,.F.);
#8666 = EDGE_LOOP('',(#8667,#8668,#8669,#8670,#8671,#8672));
#8667 = ORIENTED_EDGE('',*,*,#7579,.T.);
#8668 = ORIENTED_EDGE('',*,*,#7677,.T.);
#8669 = ORIENTED_EDGE('',*,*,#7628,.T.);
#8670 = ORIENTED_EDGE('',*,*,#7530,.T.);
#8671 = ORIENTED_EDGE('',*,*,#7410,.T.);
#8672 = ORIENTED_EDGE('',*,*,#7481,.T.);
#8673 = FACE_BOUND('',#8674,.F.);
#8674 = EDGE_LOOP('',(#8675,#8676,#8677,#8678,#8679,#8680));
#8675 = ORIENTED_EDGE('',*,*,#7052,.T.);
#8676 = ORIENTED_EDGE('',*,*,#7150,.T.);
#8677 = ORIENTED_EDGE('',*,*,#7101,.T.);
#8678 = ORIENTED_EDGE('',*,*,#7003,.T.);
#8679 = ORIENTED_EDGE('',*,*,#6883,.T.);
#8680 = ORIENTED_EDGE('',*,*,#6954,.T.);
#8681 = ( GEOMETRIC_REPRESENTATION_CONTEXT(3) 
GLOBAL_UNCERTAINTY_ASSIGNED_CONTEXT((#8685)) 
GLOBAL_UNIT_ASSIGNED_CONTEXT((#8682,#8683,#8684)) REPRESENTATION_CONTEXT
('Context #1','3D Context with UNIT and UNCERTAINTY') );
#8682 = ( LENGTH_UNIT() NAMED_UNIT(*) SI_UNIT(.MILLI.,.METRE.) );
#8683 = ( NAMED_UNIT(*) PLANE_ANGLE_UNIT() SI_UNIT($,.RADIAN.) );
#8684 = ( NAMED_UNIT(*) SI_UNIT($,.STERADIAN.) SOLID_ANGLE_UNIT() );
#8685 = UNCERTAINTY_MEASURE_WITH_UNIT(LENGTH_MEASURE(2.E-07),#8682,
  'distance_accuracy_value','confusion accuracy');
#8686 = CONTEXT_DEPENDENT_SHAPE_REPRESENTATION(#8687,#8689);
#8687 = ( REPRESENTATION_RELATIONSHIP('','',#40,#10) 
REPRESENTATION_RELATIONSHIP_WITH_TRANSFORMATION(#8688) 
SHAPE_REPRESENTATION_RELATIONSHIP() );
#8688 = ITEM_DEFINED_TRANSFORMATION('','',#11,#15);
#8689 = PRODUCT_DEFINITION_SHAPE('Placement','Placement of an item',
  #8690);
#8690 = NEXT_ASSEMBLY_USAGE_OCCURRENCE('1','','',#5,#35,$);
#8691 = PRODUCT_RELATED_PRODUCT_CATEGORY('part',$,(#37));
#8692 = SHAPE_DEFINITION_REPRESENTATION(#8693,#8699);
#8693 = PRODUCT_DEFINITION_SHAPE('','',#8694);
#8694 = PRODUCT_DEFINITION('design','',#8695,#8698);
#8695 = PRODUCT_DEFINITION_FORMATION('','',#8696);
#8696 = PRODUCT('Open CASCADE STEP translator 7.9 4.2',
  'Open CASCADE STEP translator 7.9 4.2','',(#8697));
#8697 = PRODUCT_CONTEXT('',#2,'mechanical');
#8698 = PRODUCT_DEFINITION_CONTEXT('part definition',#2,'design');
#8699 = ADVANCED_BREP_SHAPE_REPRESENTATION('',(#11,#8700),#9550);
#8700 = MANIFOLD_SOLID_BREP('',#8701);
#8701 = CLOSED_SHELL('',(#8702,#8822,#9092,#9142,#9196,#9381,#9408,#9435
    ,#9462,#9489,#9496,#9523));
#8702 = ADVANCED_FACE('',(#8703),#8717,.F.);
#8703 = FACE_BOUND('',#8704,.F.);
#8704 = EDGE_LOOP('',(#8705,#8740,#8768,#8796));
#8705 = ORIENTED_EDGE('',*,*,#8706,.F.);
#8706 = EDGE_CURVE('',#8707,#8709,#8711,.T.);
#8707 = VERTEX_POINT('',#8708);
#8708 = CARTESIAN_POINT('',(92.682367202281,1.,4.));
#8709 = VERTEX_POINT('',#8710);
#8710 = CARTESIAN_POINT('',(92.682367202281,55.,4.));
#8711 = SURFACE_CURVE('',#8712,(#8716,#8728),.PCURVE_S1.);
#8712 = LINE('',#8713,#8714);
#8713 = CARTESIAN_POINT('',(92.682367202281,0.,4.));
#8714 = VECTOR('',#8715,1.);
#8715 = DIRECTION('',(0.,1.,0.));
#8716 = PCURVE('',#8717,#8722);
#8717 = PLANE('',#8718);
#8718 = AXIS2_PLACEMENT_3D('',#8719,#8720,#8721);
#8719 = CARTESIAN_POINT('',(92.682367202281,0.,0.));
#8720 = DIRECTION('',(1.,0.,0.));
#8721 = DIRECTION('',(0.,0.,1.));
#8722 = DEFINITIONAL_REPRESENTATION('',(#8723),#8727);
#8723 = LINE('',#8724,#8725);
#8724 = CARTESIAN_POINT('',(4.,0.));
#8725 = VECTOR('',#8726,1.);
#8726 = DIRECTION('',(0.,-1.));
#8727 = ( GEOMETRIC_REPRESENTATION_CONTEXT(2) 
PARAMETRIC_REPRESENTATION_CONTEXT() REPRESENTATION_CONTEXT('2D SPACE',''
  ) );
#8728 = PCURVE('',#8729,#8734);
#8729 = PLANE('',#8730);
#8730 = AXIS2_PLACEMENT_3D('',#8731,#8732,#8733);
#8731 = CARTESIAN_POINT('',(92.682367202281,0.,4.));
#8732 = DIRECTION('',(0.,0.,1.));
#8733 = DIRECTION('',(1.,0.,0.));
#8734 = DEFINITIONAL_REPRESENTATION('',(#8735),#8739);
#8735 = LINE('',#8736,#8737);
#8736 = CARTESIAN_POINT('',(0.,0.));
#8737 = VECTOR('',#8738,1.);
#8738 = DIRECTION('',(0.,1.));
#8739 = ( GEOMETRIC_REPRESENTATION_CONTEXT(2) 
PARAMETRIC_REPRESENTATION_CONTEXT() REPRESENTATION_CONTEXT('2D SPACE',''
  ) );
#8740 = ORIENTED_EDGE('',*,*,#8741,.F.);
#8741 = EDGE_CURVE('',#8742,#8707,#8744,.T.);
#8742 = VERTEX_POINT('',#8743);
#8743 = CARTESIAN_POINT('',(92.682367202281,1.,0.));
#8744 = SURFACE_CURVE('',#8745,(#8749,#8756),.PCURVE_S1.);
#8745 = LINE('',#8746,#8747);
#8746 = CARTESIAN_POINT('',(92.682367202281,1.,0.));
#8747 = VECTOR('',#8748,1.);
#8748 = DIRECTION('',(0.,0.,1.));
#8749 = PCURVE('',#8717,#8750);
#8750 = DEFINITIONAL_REPRESENTATION('',(#8751),#8755);
#8751 = LINE('',#8752,#8753);
#8752 = CARTESIAN_POINT('',(0.,-1.));
#8753 = VECTOR('',#8754,1.);
#8754 = DIRECTION('',(1.,0.));
#8755 = ( GEOMETRIC_REPRESENTATION_CONTEXT(2) 
PARAMETRIC_REPRESENTATION_CONTEXT() REPRESENTATION_CONTEXT('2D SPACE',''
  ) );
#8756 = PCURVE('',#8757,#8762);
#8757 = CYLINDRICAL_SURFACE('',#8758,1.);
#8758 = AXIS2_PLACEMENT_3D('',#8759,#8760,#8761);
#8759 = CARTESIAN_POINT('',(93.682367202281,1.,0.));
#8760 = DIRECTION('',(0.,0.,1.));
#8761 = DIRECTION('',(-1.,-0.,0.));
#8762 = DEFINITIONAL_REPRESENTATION('',(#8763),#8767);
#8763 = LINE('',#8764,#8765);
#8764 = CARTESIAN_POINT('',(0.,0.));
#8765 = VECTOR('',#8766,1.);
#8766 = DIRECTION('',(0.,1.));
#8767 = ( GEOMETRIC_REPRESENTATION_CONTEXT(2) 
PARAMETRIC_REPRESENTATION_CONTEXT() REPRESENTATION_CONTEXT('2D SPACE',''
  ) );
#8768 = ORIENTED_EDGE('',*,*,#8769,.T.);
#8769 = EDGE_CURVE('',#8742,#8770,#8772,.T.);
#8770 = VERTEX_POINT('',#8771);
#8771 = CARTESIAN_POINT('',(92.682367202281,55.,0.));
#8772 = SURFACE_CURVE('',#8773,(#8777,#8784),.PCURVE_S1.);
#8773 = LINE('',#8774,#8775);
#8774 = CARTESIAN_POINT('',(92.682367202281,0.,0.));
#8775 = VECTOR('',#8776,1.);
#8776 = DIRECTION('',(0.,1.,0.));
#8777 = PCURVE('',#8717,#8778);
#8778 = DEFINITIONAL_REPRESENTATION('',(#8779),#8783);
#8779 = LINE('',#8780,#8781);
#8780 = CARTESIAN_POINT('',(0.,0.));
#8781 = VECTOR('',#8782,1.);
#8782 = DIRECTION('',(0.,-1.));
#8783 = ( GEOMETRIC_REPRESENTATION_CONTEXT(2) 
PARAMETRIC_REPRESENTATION_CONTEXT() REPRESENTATION_CONTEXT('2D SPACE',''
  ) );
#8784 = PCURVE('',#8785,#8790);
#8785 = PLANE('',#8786);
#8786 = AXIS2_PLACEMENT_3D('',#8787,#8788,#8789);
#8787 = CARTESIAN_POINT('',(92.682367202281,0.,0.));
#8788 = DIRECTION('',(0.,0.,1.));
#8789 = DIRECTION('',(1.,0.,0.));
#8790 = DEFINITIONAL_REPRESENTATION('',(#8791),#8795);
#8791 = LINE('',#8792,#8793);
#8792 = CARTESIAN_POINT('',(0.,0.));
#8793 = VECTOR('',#8794,1.);
#8794 = DIRECTION('',(0.,1.));
#8795 = ( GEOMETRIC_REPRESENTATION_CONTEXT(2) 
PARAMETRIC_REPRESENTATION_CONTEXT() REPRESENTATION_CONTEXT('2D SPACE',''
  ) );
#8796 = ORIENTED_EDGE('',*,*,#8797,.T.);
#8797 = EDGE_CURVE('',#8770,#8709,#8798,.T.);
#8798 = SURFACE_CURVE('',#8799,(#8803,#8810),.PCURVE_S1.);
#8799 = LINE('',#8800,#8801);
#8800 = CARTESIAN_POINT('',(92.682367202281,55.,0.));
#8801 = VECTOR('',#8802,1.);
#8802 = DIRECTION('',(0.,0.,1.));
#8803 = PCURVE('',#8717,#8804);
#8804 = DEFINITIONAL_REPRESENTATION('',(#8805),#8809);
#8805 = LINE('',#8806,#8807);
#8806 = CARTESIAN_POINT('',(0.,-55.));
#8807 = VECTOR('',#8808,1.);
#8808 = DIRECTION('',(1.,0.));
#8809 = ( GEOMETRIC_REPRESENTATION_CONTEXT(2) 
PARAMETRIC_REPRESENTATION_CONTEXT() REPRESENTATION_CONTEXT('2D SPACE',''
  ) );
#8810 = PCURVE('',#8811,#8816);
#8811 = CYLINDRICAL_SURFACE('',#8812,1.);
#8812 = AXIS2_PLACEMENT_3D('',#8813,#8814,#8815);
#8813 = CARTESIAN_POINT('',(93.682367202281,55.,0.));
#8814 = DIRECTION('',(0.,0.,1.));
#8815 = DIRECTION('',(-1.,-0.,0.));
#8816 = DEFINITIONAL_REPRESENTATION('',(#8817),#8821);
#8817 = LINE('',#8818,#8819);
#8818 = CARTESIAN_POINT('',(-0.,0.));
#8819 = VECTOR('',#8820,1.);
#8820 = DIRECTION('',(-0.,1.));
#8821 = ( GEOMETRIC_REPRESENTATION_CONTEXT(2) 
PARAMETRIC_REPRESENTATION_CONTEXT() REPRESENTATION_CONTEXT('2D SPACE',''
  ) );
#8822 = ADVANCED_FACE('',(#8823,#9022,#9057),#8729,.T.);
#8823 = FACE_BOUND('',#8824,.T.);
#8824 = EDGE_LOOP('',(#8825,#8826,#8850,#8878,#8911,#8939,#8968,#8996));
#8825 = ORIENTED_EDGE('',*,*,#8706,.F.);
#8826 = ORIENTED_EDGE('',*,*,#8827,.T.);
#8827 = EDGE_CURVE('',#8707,#8828,#8830,.T.);
#8828 = VERTEX_POINT('',#8829);
#8829 = CARTESIAN_POINT('',(93.682367202281,0.,4.));
#8830 = SURFACE_CURVE('',#8831,(#8836,#8843),.PCURVE_S1.);
#8831 = CIRCLE('',#8832,1.);
#8832 = AXIS2_PLACEMENT_3D('',#8833,#8834,#8835);
#8833 = CARTESIAN_POINT('',(93.682367202281,1.,4.));
#8834 = DIRECTION('',(0.,0.,1.));
#8835 = DIRECTION('',(0.,-1.,0.));
#8836 = PCURVE('',#8729,#8837);
#8837 = DEFINITIONAL_REPRESENTATION('',(#8838),#8842);
#8838 = CIRCLE('',#8839,1.);
#8839 = AXIS2_PLACEMENT_2D('',#8840,#8841);
#8840 = CARTESIAN_POINT('',(1.,1.));
#8841 = DIRECTION('',(0.,-1.));
#8842 = ( GEOMETRIC_REPRESENTATION_CONTEXT(2) 
PARAMETRIC_REPRESENTATION_CONTEXT() REPRESENTATION_CONTEXT('2D SPACE',''
  ) );
#8843 = PCURVE('',#8757,#8844);
#8844 = DEFINITIONAL_REPRESENTATION('',(#8845),#8849);
#8845 = LINE('',#8846,#8847);
#8846 = CARTESIAN_POINT('',(-4.712388980385,4.));
#8847 = VECTOR('',#8848,1.);
#8848 = DIRECTION('',(1.,0.));
#8849 = ( GEOMETRIC_REPRESENTATION_CONTEXT(2) 
PARAMETRIC_REPRESENTATION_CONTEXT() REPRESENTATION_CONTEXT('2D SPACE',''
  ) );
#8850 = ORIENTED_EDGE('',*,*,#8851,.T.);
#8851 = EDGE_CURVE('',#8828,#8852,#8854,.T.);
#8852 = VERTEX_POINT('',#8853);
#8853 = CARTESIAN_POINT('',(109.68236720228,0.,4.));
#8854 = SURFACE_CURVE('',#8855,(#8859,#8866),.PCURVE_S1.);
#8855 = LINE('',#8856,#8857);
#8856 = CARTESIAN_POINT('',(92.682367202281,0.,4.));
#8857 = VECTOR('',#8858,1.);
#8858 = DIRECTION('',(1.,0.,0.));
#8859 = PCURVE('',#8729,#8860);
#8860 = DEFINITIONAL_REPRESENTATION('',(#8861),#8865);
#8861 = LINE('',#8862,#8863);
#8862 = CARTESIAN_POINT('',(0.,0.));
#8863 = VECTOR('',#8864,1.);
#8864 = DIRECTION('',(1.,0.));
#8865 = ( GEOMETRIC_REPRESENTATION_CONTEXT(2) 
PARAMETRIC_REPRESENTATION_CONTEXT() REPRESENTATION_CONTEXT('2D SPACE',''
  ) );
#8866 = PCURVE('',#8867,#8872);
#8867 = PLANE('',#8868);
#8868 = AXIS2_PLACEMENT_3D('',#8869,#8870,#8871);
#8869 = CARTESIAN_POINT('',(92.682367202281,0.,0.));
#8870 = DIRECTION('',(0.,1.,0.));
#8871 = DIRECTION('',(0.,0.,1.));
#8872 = DEFINITIONAL_REPRESENTATION('',(#8873),#8877);
#8873 = LINE('',#8874,#8875);
#8874 = CARTESIAN_POINT('',(4.,0.));
#8875 = VECTOR('',#8876,1.);
#8876 = DIRECTION('',(0.,1.));
#8877 = ( GEOMETRIC_REPRESENTATION_CONTEXT(2) 
PARAMETRIC_REPRESENTATION_CONTEXT() REPRESENTATION_CONTEXT('2D SPACE',''
  ) );
#8878 = ORIENTED_EDGE('',*,*,#8879,.F.);
#8879 = EDGE_CURVE('',#8880,#8852,#8882,.T.);
#8880 = VERTEX_POINT('',#8881);
#8881 = CARTESIAN_POINT('',(110.68236720228,1.,4.));
#8882 = SURFACE_CURVE('',#8883,(#8888,#8899),.PCURVE_S1.);
#8883 = CIRCLE('',#8884,1.);
#8884 = AXIS2_PLACEMENT_3D('',#8885,#8886,#8887);
#8885 = CARTESIAN_POINT('',(109.68236720228,1.,4.));
#8886 = DIRECTION('',(-0.,-0.,-1.));
#8887 = DIRECTION('',(0.,-1.,0.));
#8888 = PCURVE('',#8729,#8889);
#8889 = DEFINITIONAL_REPRESENTATION('',(#8890),#8898);
#8890 = ( BOUNDED_CURVE() B_SPLINE_CURVE(2,(#8891,#8892,#8893,#8894,
#8895,#8896,#8897),.UNSPECIFIED.,.T.,.F.) B_SPLINE_CURVE_WITH_KNOTS((1,2
    ,2,2,2,1),(-2.094395102393,0.,2.094395102393,4.188790204786,
6.28318530718,8.377580409573),.UNSPECIFIED.) CURVE() 
GEOMETRIC_REPRESENTATION_ITEM() RATIONAL_B_SPLINE_CURVE((1.,0.5,1.,0.5,
1.,0.5,1.)) REPRESENTATION_ITEM('') );
#8891 = CARTESIAN_POINT('',(17.,0.));
#8892 = CARTESIAN_POINT('',(15.267949192431,0.));
#8893 = CARTESIAN_POINT('',(16.133974596216,1.5));
#8894 = CARTESIAN_POINT('',(17.,3.));
#8895 = CARTESIAN_POINT('',(17.866025403784,1.5));
#8896 = CARTESIAN_POINT('',(18.732050807569,1.554312234475E-15));
#8897 = CARTESIAN_POINT('',(17.,0.));
#8898 = ( GEOMETRIC_REPRESENTATION_CONTEXT(2) 
PARAMETRIC_REPRESENTATION_CONTEXT() REPRESENTATION_CONTEXT('2D SPACE',''
  ) );
#8899 = PCURVE('',#8900,#8905);
#8900 = CYLINDRICAL_SURFACE('',#8901,1.);
#8901 = AXIS2_PLACEMENT_3D('',#8902,#8903,#8904);
#8902 = CARTESIAN_POINT('',(109.68236720228,1.,0.));
#8903 = DIRECTION('',(0.,0.,1.));
#8904 = DIRECTION('',(1.,0.,-0.));
#8905 = DEFINITIONAL_REPRESENTATION('',(#8906),#8910);
#8906 = LINE('',#8907,#8908);
#8907 = CARTESIAN_POINT('',(4.712388980385,4.));
#8908 = VECTOR('',#8909,1.);
#8909 = DIRECTION('',(-1.,0.));
#8910 = ( GEOMETRIC_REPRESENTATION_CONTEXT(2) 
PARAMETRIC_REPRESENTATION_CONTEXT() REPRESENTATION_CONTEXT('2D SPACE',''
  ) );
#8911 = ORIENTED_EDGE('',*,*,#8912,.T.);
#8912 = EDGE_CURVE('',#8880,#8913,#8915,.T.);
#8913 = VERTEX_POINT('',#8914);
#8914 = CARTESIAN_POINT('',(110.68236720228,55.,4.));
#8915 = SURFACE_CURVE('',#8916,(#8920,#8927),.PCURVE_S1.);
#8916 = LINE('',#8917,#8918);
#8917 = CARTESIAN_POINT('',(110.68236720228,0.,4.));
#8918 = VECTOR('',#8919,1.);
#8919 = DIRECTION('',(0.,1.,0.));
#8920 = PCURVE('',#8729,#8921);
#8921 = DEFINITIONAL_REPRESENTATION('',(#8922),#8926);
#8922 = LINE('',#8923,#8924);
#8923 = CARTESIAN_POINT('',(18.,0.));
#8924 = VECTOR('',#8925,1.);
#8925 = DIRECTION('',(0.,1.));
#8926 = ( GEOMETRIC_REPRESENTATION_CONTEXT(2) 
PARAMETRIC_REPRESENTATION_CONTEXT() REPRESENTATION_CONTEXT('2D SPACE',''
  ) );
#8927 = PCURVE('',#8928,#8933);
#8928 = PLANE('',#8929);
#8929 = AXIS2_PLACEMENT_3D('',#8930,#8931,#8932);
#8930 = CARTESIAN_POINT('',(110.68236720228,0.,0.));
#8931 = DIRECTION('',(1.,0.,0.));
#8932 = DIRECTION('',(0.,0.,1.));
#8933 = DEFINITIONAL_REPRESENTATION('',(#8934),#8938);
#8934 = LINE('',#8935,#8936);
#8935 = CARTESIAN_POINT('',(4.,0.));
#8936 = VECTOR('',#8937,1.);
#8937 = DIRECTION('',(0.,-1.));
#8938 = ( GEOMETRIC_REPRESENTATION_CONTEXT(2) 
PARAMETRIC_REPRESENTATION_CONTEXT() REPRESENTATION_CONTEXT('2D SPACE',''
  ) );
#8939 = ORIENTED_EDGE('',*,*,#8940,.T.);
#8940 = EDGE_CURVE('',#8913,#8941,#8943,.T.);
#8941 = VERTEX_POINT('',#8942);
#8942 = CARTESIAN_POINT('',(109.68236720228,56.,4.));
#8943 = SURFACE_CURVE('',#8944,(#8949,#8956),.PCURVE_S1.);
#8944 = CIRCLE('',#8945,1.);
#8945 = AXIS2_PLACEMENT_3D('',#8946,#8947,#8948);
#8946 = CARTESIAN_POINT('',(109.68236720228,55.,4.));
#8947 = DIRECTION('',(0.,0.,1.));
#8948 = DIRECTION('',(0.,-1.,0.));
#8949 = PCURVE('',#8729,#8950);
#8950 = DEFINITIONAL_REPRESENTATION('',(#8951),#8955);
#8951 = CIRCLE('',#8952,1.);
#8952 = AXIS2_PLACEMENT_2D('',#8953,#8954);
#8953 = CARTESIAN_POINT('',(17.,55.));
#8954 = DIRECTION('',(0.,-1.));
#8955 = ( GEOMETRIC_REPRESENTATION_CONTEXT(2) 
PARAMETRIC_REPRESENTATION_CONTEXT() REPRESENTATION_CONTEXT('2D SPACE',''
  ) );
#8956 = PCURVE('',#8957,#8962);
#8957 = CYLINDRICAL_SURFACE('',#8958,1.);
#8958 = AXIS2_PLACEMENT_3D('',#8959,#8960,#8961);
#8959 = CARTESIAN_POINT('',(109.68236720228,55.,0.));
#8960 = DIRECTION('',(0.,0.,1.));
#8961 = DIRECTION('',(1.,0.,-0.));
#8962 = DEFINITIONAL_REPRESENTATION('',(#8963),#8967);
#8963 = LINE('',#8964,#8965);
#8964 = CARTESIAN_POINT('',(-1.570796326795,4.));
#8965 = VECTOR('',#8966,1.);
#8966 = DIRECTION('',(1.,0.));
#8967 = ( GEOMETRIC_REPRESENTATION_CONTEXT(2) 
PARAMETRIC_REPRESENTATION_CONTEXT() REPRESENTATION_CONTEXT('2D SPACE',''
  ) );
#8968 = ORIENTED_EDGE('',*,*,#8969,.F.);
#8969 = EDGE_CURVE('',#8970,#8941,#8972,.T.);
#8970 = VERTEX_POINT('',#8971);
#8971 = CARTESIAN_POINT('',(93.682367202281,56.,4.));
#8972 = SURFACE_CURVE('',#8973,(#8977,#8984),.PCURVE_S1.);
#8973 = LINE('',#8974,#8975);
#8974 = CARTESIAN_POINT('',(92.682367202281,56.,4.));
#8975 = VECTOR('',#8976,1.);
#8976 = DIRECTION('',(1.,0.,0.));
#8977 = PCURVE('',#8729,#8978);
#8978 = DEFINITIONAL_REPRESENTATION('',(#8979),#8983);
#8979 = LINE('',#8980,#8981);
#8980 = CARTESIAN_POINT('',(0.,56.));
#8981 = VECTOR('',#8982,1.);
#8982 = DIRECTION('',(1.,0.));
#8983 = ( GEOMETRIC_REPRESENTATION_CONTEXT(2) 
PARAMETRIC_REPRESENTATION_CONTEXT() REPRESENTATION_CONTEXT('2D SPACE',''
  ) );
#8984 = PCURVE('',#8985,#8990);
#8985 = PLANE('',#8986);
#8986 = AXIS2_PLACEMENT_3D('',#8987,#8988,#8989);
#8987 = CARTESIAN_POINT('',(92.682367202281,56.,0.));
#8988 = DIRECTION('',(0.,1.,0.));
#8989 = DIRECTION('',(0.,0.,1.));
#8990 = DEFINITIONAL_REPRESENTATION('',(#8991),#8995);
#8991 = LINE('',#8992,#8993);
#8992 = CARTESIAN_POINT('',(4.,0.));
#8993 = VECTOR('',#8994,1.);
#8994 = DIRECTION('',(0.,1.));
#8995 = ( GEOMETRIC_REPRESENTATION_CONTEXT(2) 
PARAMETRIC_REPRESENTATION_CONTEXT() REPRESENTATION_CONTEXT('2D SPACE',''
  ) );
#8996 = ORIENTED_EDGE('',*,*,#8997,.F.);
#8997 = EDGE_CURVE('',#8709,#8970,#8998,.T.);
#8998 = SURFACE_CURVE('',#8999,(#9004,#9015),.PCURVE_S1.);
#8999 = CIRCLE('',#9000,1.);
#9000 = AXIS2_PLACEMENT_3D('',#9001,#9002,#9003);
#9001 = CARTESIAN_POINT('',(93.682367202281,55.,4.));
#9002 = DIRECTION('',(-0.,-0.,-1.));
#9003 = DIRECTION('',(0.,-1.,0.));
#9004 = PCURVE('',#8729,#9005);
#9005 = DEFINITIONAL_REPRESENTATION('',(#9006),#9014);
#9006 = ( BOUNDED_CURVE() B_SPLINE_CURVE(2,(#9007,#9008,#9009,#9010,
#9011,#9012,#9013),.UNSPECIFIED.,.T.,.F.) B_SPLINE_CURVE_WITH_KNOTS((1,2
    ,2,2,2,1),(-2.094395102393,0.,2.094395102393,4.188790204786,
6.28318530718,8.377580409573),.UNSPECIFIED.) CURVE() 
GEOMETRIC_REPRESENTATION_ITEM() RATIONAL_B_SPLINE_CURVE((1.,0.5,1.,0.5,
1.,0.5,1.)) REPRESENTATION_ITEM('') );
#9007 = CARTESIAN_POINT('',(1.,54.));
#9008 = CARTESIAN_POINT('',(-0.732050807569,54.));
#9009 = CARTESIAN_POINT('',(0.133974596216,55.5));
#9010 = CARTESIAN_POINT('',(1.,57.));
#9011 = CARTESIAN_POINT('',(1.866025403784,55.5));
#9012 = CARTESIAN_POINT('',(2.732050807569,54.));
#9013 = CARTESIAN_POINT('',(1.,54.));
#9014 = ( GEOMETRIC_REPRESENTATION_CONTEXT(2) 
PARAMETRIC_REPRESENTATION_CONTEXT() REPRESENTATION_CONTEXT('2D SPACE',''
  ) );
#9015 = PCURVE('',#8811,#9016);
#9016 = DEFINITIONAL_REPRESENTATION('',(#9017),#9021);
#9017 = LINE('',#9018,#9019);
#9018 = CARTESIAN_POINT('',(1.570796326795,4.));
#9019 = VECTOR('',#9020,1.);
#9020 = DIRECTION('',(-1.,0.));
#9021 = ( GEOMETRIC_REPRESENTATION_CONTEXT(2) 
PARAMETRIC_REPRESENTATION_CONTEXT() REPRESENTATION_CONTEXT('2D SPACE',''
  ) );
#9022 = FACE_BOUND('',#9023,.T.);
#9023 = EDGE_LOOP('',(#9024));
#9024 = ORIENTED_EDGE('',*,*,#9025,.T.);
#9025 = EDGE_CURVE('',#9026,#9026,#9028,.T.);
#9026 = VERTEX_POINT('',#9027);
#9027 = CARTESIAN_POINT('',(101.38236720228,6.,4.));
#9028 = SURFACE_CURVE('',#9029,(#9034,#9045),.PCURVE_S1.);
#9029 = CIRCLE('',#9030,1.7);
#9030 = AXIS2_PLACEMENT_3D('',#9031,#9032,#9033);
#9031 = CARTESIAN_POINT('',(99.682367202281,6.,4.));
#9032 = DIRECTION('',(0.,0.,-1.));
#9033 = DIRECTION('',(1.,0.,0.));
#9034 = PCURVE('',#8729,#9035);
#9035 = DEFINITIONAL_REPRESENTATION('',(#9036),#9044);
#9036 = ( BOUNDED_CURVE() B_SPLINE_CURVE(2,(#9037,#9038,#9039,#9040,
#9041,#9042,#9043),.UNSPECIFIED.,.T.,.F.) B_SPLINE_CURVE_WITH_KNOTS((1,2
    ,2,2,2,1),(-2.094395102393,0.,2.094395102393,4.188790204786,
6.28318530718,8.377580409573),.UNSPECIFIED.) CURVE() 
GEOMETRIC_REPRESENTATION_ITEM() RATIONAL_B_SPLINE_CURVE((1.,0.5,1.,0.5,
1.,0.5,1.)) REPRESENTATION_ITEM('') );
#9037 = CARTESIAN_POINT('',(8.7,6.));
#9038 = CARTESIAN_POINT('',(8.7,3.055513627133));
#9039 = CARTESIAN_POINT('',(6.15,4.527756813566));
#9040 = CARTESIAN_POINT('',(3.6,6.));
#9041 = CARTESIAN_POINT('',(6.15,7.472243186434));
#9042 = CARTESIAN_POINT('',(8.7,8.944486372867));
#9043 = CARTESIAN_POINT('',(8.7,6.));
#9044 = ( GEOMETRIC_REPRESENTATION_CONTEXT(2) 
PARAMETRIC_REPRESENTATION_CONTEXT() REPRESENTATION_CONTEXT('2D SPACE',''
  ) );
#9045 = PCURVE('',#9046,#9051);
#9046 = CYLINDRICAL_SURFACE('',#9047,1.7);
#9047 = AXIS2_PLACEMENT_3D('',#9048,#9049,#9050);
#9048 = CARTESIAN_POINT('',(99.682367202281,6.,-18.4));
#9049 = DIRECTION('',(-0.,-0.,-1.));
#9050 = DIRECTION('',(1.,0.,0.));
#9051 = DEFINITIONAL_REPRESENTATION('',(#9052),#9056);
#9052 = LINE('',#9053,#9054);
#9053 = CARTESIAN_POINT('',(-6.28318530718,-22.4));
#9054 = VECTOR('',#9055,1.);
#9055 = DIRECTION('',(1.,-0.));
#9056 = ( GEOMETRIC_REPRESENTATION_CONTEXT(2) 
PARAMETRIC_REPRESENTATION_CONTEXT() REPRESENTATION_CONTEXT('2D SPACE',''
  ) );
#9057 = FACE_BOUND('',#9058,.T.);
#9058 = EDGE_LOOP('',(#9059));
#9059 = ORIENTED_EDGE('',*,*,#9060,.T.);
#9060 = EDGE_CURVE('',#9061,#9061,#9063,.T.);
#9061 = VERTEX_POINT('',#9062);
#9062 = CARTESIAN_POINT('',(101.38236720228,50.,4.));
#9063 = SURFACE_CURVE('',#9064,(#9069,#9080),.PCURVE_S1.);
#9064 = CIRCLE('',#9065,1.7);
#9065 = AXIS2_PLACEMENT_3D('',#9066,#9067,#9068);
#9066 = CARTESIAN_POINT('',(99.682367202281,50.,4.));
#9067 = DIRECTION('',(0.,0.,-1.));
#9068 = DIRECTION('',(1.,0.,0.));
#9069 = PCURVE('',#8729,#9070);
#9070 = DEFINITIONAL_REPRESENTATION('',(#9071),#9079);
#9071 = ( BOUNDED_CURVE() B_SPLINE_CURVE(2,(#9072,#9073,#9074,#9075,
#9076,#9077,#9078),.UNSPECIFIED.,.T.,.F.) B_SPLINE_CURVE_WITH_KNOTS((1,2
    ,2,2,2,1),(-2.094395102393,0.,2.094395102393,4.188790204786,
6.28318530718,8.377580409573),.UNSPECIFIED.) CURVE() 
GEOMETRIC_REPRESENTATION_ITEM() RATIONAL_B_SPLINE_CURVE((1.,0.5,1.,0.5,
1.,0.5,1.)) REPRESENTATION_ITEM('') );
#9072 = CARTESIAN_POINT('',(8.7,50.));
#9073 = CARTESIAN_POINT('',(8.7,47.055513627133));
#9074 = CARTESIAN_POINT('',(6.15,48.527756813566));
#9075 = CARTESIAN_POINT('',(3.6,50.));
#9076 = CARTESIAN_POINT('',(6.15,51.472243186434));
#9077 = CARTESIAN_POINT('',(8.7,52.944486372867));
#9078 = CARTESIAN_POINT('',(8.7,50.));
#9079 = ( GEOMETRIC_REPRESENTATION_CONTEXT(2) 
PARAMETRIC_REPRESENTATION_CONTEXT() REPRESENTATION_CONTEXT('2D SPACE',''
  ) );
#9080 = PCURVE('',#9081,#9086);
#9081 = CYLINDRICAL_SURFACE('',#9082,1.7);
#9082 = AXIS2_PLACEMENT_3D('',#9083,#9084,#9085);
#9083 = CARTESIAN_POINT('',(99.682367202281,50.,-18.4));
#9084 = DIRECTION('',(-0.,-0.,-1.));
#9085 = DIRECTION('',(1.,0.,0.));
#9086 = DEFINITIONAL_REPRESENTATION('',(#9087),#9091);
#9087 = LINE('',#9088,#9089);
#9088 = CARTESIAN_POINT('',(-6.28318530718,-22.4));
#9089 = VECTOR('',#9090,1.);
#9090 = DIRECTION('',(1.,-0.));
#9091 = ( GEOMETRIC_REPRESENTATION_CONTEXT(2) 
PARAMETRIC_REPRESENTATION_CONTEXT() REPRESENTATION_CONTEXT('2D SPACE',''
  ) );
#9092 = ADVANCED_FACE('',(#9093),#8757,.T.);
#9093 = FACE_BOUND('',#9094,.T.);
#9094 = EDGE_LOOP('',(#9095,#9119,#9140,#9141));
#9095 = ORIENTED_EDGE('',*,*,#9096,.T.);
#9096 = EDGE_CURVE('',#8742,#9097,#9099,.T.);
#9097 = VERTEX_POINT('',#9098);
#9098 = CARTESIAN_POINT('',(93.682367202281,0.,0.));
#9099 = SURFACE_CURVE('',#9100,(#9105,#9112),.PCURVE_S1.);
#9100 = CIRCLE('',#9101,1.);
#9101 = AXIS2_PLACEMENT_3D('',#9102,#9103,#9104);
#9102 = CARTESIAN_POINT('',(93.682367202281,1.,0.));
#9103 = DIRECTION('',(0.,0.,1.));
#9104 = DIRECTION('',(0.,-1.,0.));
#9105 = PCURVE('',#8757,#9106);
#9106 = DEFINITIONAL_REPRESENTATION('',(#9107),#9111);
#9107 = LINE('',#9108,#9109);
#9108 = CARTESIAN_POINT('',(-4.712388980385,0.));
#9109 = VECTOR('',#9110,1.);
#9110 = DIRECTION('',(1.,0.));
#9111 = ( GEOMETRIC_REPRESENTATION_CONTEXT(2) 
PARAMETRIC_REPRESENTATION_CONTEXT() REPRESENTATION_CONTEXT('2D SPACE',''
  ) );
#9112 = PCURVE('',#8785,#9113);
#9113 = DEFINITIONAL_REPRESENTATION('',(#9114),#9118);
#9114 = CIRCLE('',#9115,1.);
#9115 = AXIS2_PLACEMENT_2D('',#9116,#9117);
#9116 = CARTESIAN_POINT('',(1.,1.));
#9117 = DIRECTION('',(0.,-1.));
#9118 = ( GEOMETRIC_REPRESENTATION_CONTEXT(2) 
PARAMETRIC_REPRESENTATION_CONTEXT() REPRESENTATION_CONTEXT('2D SPACE',''
  ) );
#9119 = ORIENTED_EDGE('',*,*,#9120,.T.);
#9120 = EDGE_CURVE('',#9097,#8828,#9121,.T.);
#9121 = SURFACE_CURVE('',#9122,(#9126,#9133),.PCURVE_S1.);
#9122 = LINE('',#9123,#9124);
#9123 = CARTESIAN_POINT('',(93.682367202281,0.,0.));
#9124 = VECTOR('',#9125,1.);
#9125 = DIRECTION('',(0.,0.,1.));
#9126 = PCURVE('',#8757,#9127);
#9127 = DEFINITIONAL_REPRESENTATION('',(#9128),#9132);
#9128 = LINE('',#9129,#9130);
#9129 = CARTESIAN_POINT('',(1.570796326795,0.));
#9130 = VECTOR('',#9131,1.);
#9131 = DIRECTION('',(0.,1.));
#9132 = ( GEOMETRIC_REPRESENTATION_CONTEXT(2) 
PARAMETRIC_REPRESENTATION_CONTEXT() REPRESENTATION_CONTEXT('2D SPACE',''
  ) );
#9133 = PCURVE('',#8867,#9134);
#9134 = DEFINITIONAL_REPRESENTATION('',(#9135),#9139);
#9135 = LINE('',#9136,#9137);
#9136 = CARTESIAN_POINT('',(0.,1.));
#9137 = VECTOR('',#9138,1.);
#9138 = DIRECTION('',(1.,0.));
#9139 = ( GEOMETRIC_REPRESENTATION_CONTEXT(2) 
PARAMETRIC_REPRESENTATION_CONTEXT() REPRESENTATION_CONTEXT('2D SPACE',''
  ) );
#9140 = ORIENTED_EDGE('',*,*,#8827,.F.);
#9141 = ORIENTED_EDGE('',*,*,#8741,.F.);
#9142 = ADVANCED_FACE('',(#9143),#8811,.T.);
#9143 = FACE_BOUND('',#9144,.F.);
#9144 = EDGE_LOOP('',(#9145,#9173,#9194,#9195));
#9145 = ORIENTED_EDGE('',*,*,#9146,.T.);
#9146 = EDGE_CURVE('',#8770,#9147,#9149,.T.);
#9147 = VERTEX_POINT('',#9148);
#9148 = CARTESIAN_POINT('',(93.682367202281,56.,0.));
#9149 = SURFACE_CURVE('',#9150,(#9155,#9162),.PCURVE_S1.);
#9150 = CIRCLE('',#9151,1.);
#9151 = AXIS2_PLACEMENT_3D('',#9152,#9153,#9154);
#9152 = CARTESIAN_POINT('',(93.682367202281,55.,0.));
#9153 = DIRECTION('',(-0.,-0.,-1.));
#9154 = DIRECTION('',(0.,-1.,0.));
#9155 = PCURVE('',#8811,#9156);
#9156 = DEFINITIONAL_REPRESENTATION('',(#9157),#9161);
#9157 = LINE('',#9158,#9159);
#9158 = CARTESIAN_POINT('',(1.570796326795,-0.));
#9159 = VECTOR('',#9160,1.);
#9160 = DIRECTION('',(-1.,0.));
#9161 = ( GEOMETRIC_REPRESENTATION_CONTEXT(2) 
PARAMETRIC_REPRESENTATION_CONTEXT() REPRESENTATION_CONTEXT('2D SPACE',''
  ) );
#9162 = PCURVE('',#8785,#9163);
#9163 = DEFINITIONAL_REPRESENTATION('',(#9164),#9172);
#9164 = ( BOUNDED_CURVE() B_SPLINE_CURVE(2,(#9165,#9166,#9167,#9168,
#9169,#9170,#9171),.UNSPECIFIED.,.T.,.F.) B_SPLINE_CURVE_WITH_KNOTS((1,2
    ,2,2,2,1),(-2.094395102393,0.,2.094395102393,4.188790204786,
6.28318530718,8.377580409573),.UNSPECIFIED.) CURVE() 
GEOMETRIC_REPRESENTATION_ITEM() RATIONAL_B_SPLINE_CURVE((1.,0.5,1.,0.5,
1.,0.5,1.)) REPRESENTATION_ITEM('') );
#9165 = CARTESIAN_POINT('',(1.,54.));
#9166 = CARTESIAN_POINT('',(-0.732050807569,54.));
#9167 = CARTESIAN_POINT('',(0.133974596216,55.5));
#9168 = CARTESIAN_POINT('',(1.,57.));
#9169 = CARTESIAN_POINT('',(1.866025403784,55.5));
#9170 = CARTESIAN_POINT('',(2.732050807569,54.));
#9171 = CARTESIAN_POINT('',(1.,54.));
#9172 = ( GEOMETRIC_REPRESENTATION_CONTEXT(2) 
PARAMETRIC_REPRESENTATION_CONTEXT() REPRESENTATION_CONTEXT('2D SPACE',''
  ) );
#9173 = ORIENTED_EDGE('',*,*,#9174,.T.);
#9174 = EDGE_CURVE('',#9147,#8970,#9175,.T.);
#9175 = SURFACE_CURVE('',#9176,(#9180,#9187),.PCURVE_S1.);
#9176 = LINE('',#9177,#9178);
#9177 = CARTESIAN_POINT('',(93.682367202281,56.,0.));
#9178 = VECTOR('',#9179,1.);
#9179 = DIRECTION('',(0.,0.,1.));
#9180 = PCURVE('',#8811,#9181);
#9181 = DEFINITIONAL_REPRESENTATION('',(#9182),#9186);
#9182 = LINE('',#9183,#9184);
#9183 = CARTESIAN_POINT('',(-1.570796326795,0.));
#9184 = VECTOR('',#9185,1.);
#9185 = DIRECTION('',(-0.,1.));
#9186 = ( GEOMETRIC_REPRESENTATION_CONTEXT(2) 
PARAMETRIC_REPRESENTATION_CONTEXT() REPRESENTATION_CONTEXT('2D SPACE',''
  ) );
#9187 = PCURVE('',#8985,#9188);
#9188 = DEFINITIONAL_REPRESENTATION('',(#9189),#9193);
#9189 = LINE('',#9190,#9191);
#9190 = CARTESIAN_POINT('',(0.,1.));
#9191 = VECTOR('',#9192,1.);
#9192 = DIRECTION('',(1.,0.));
#9193 = ( GEOMETRIC_REPRESENTATION_CONTEXT(2) 
PARAMETRIC_REPRESENTATION_CONTEXT() REPRESENTATION_CONTEXT('2D SPACE',''
  ) );
#9194 = ORIENTED_EDGE('',*,*,#8997,.F.);
#9195 = ORIENTED_EDGE('',*,*,#8797,.F.);
#9196 = ADVANCED_FACE('',(#9197,#9321,#9351),#8785,.F.);
#9197 = FACE_BOUND('',#9198,.F.);
#9198 = EDGE_LOOP('',(#9199,#9200,#9201,#9224,#9252,#9275,#9299,#9320));
#9199 = ORIENTED_EDGE('',*,*,#8769,.F.);
#9200 = ORIENTED_EDGE('',*,*,#9096,.T.);
#9201 = ORIENTED_EDGE('',*,*,#9202,.T.);
#9202 = EDGE_CURVE('',#9097,#9203,#9205,.T.);
#9203 = VERTEX_POINT('',#9204);
#9204 = CARTESIAN_POINT('',(109.68236720228,0.,0.));
#9205 = SURFACE_CURVE('',#9206,(#9210,#9217),.PCURVE_S1.);
#9206 = LINE('',#9207,#9208);
#9207 = CARTESIAN_POINT('',(92.682367202281,0.,0.));
#9208 = VECTOR('',#9209,1.);
#9209 = DIRECTION('',(1.,0.,0.));
#9210 = PCURVE('',#8785,#9211);
#9211 = DEFINITIONAL_REPRESENTATION('',(#9212),#9216);
#9212 = LINE('',#9213,#9214);
#9213 = CARTESIAN_POINT('',(0.,0.));
#9214 = VECTOR('',#9215,1.);
#9215 = DIRECTION('',(1.,0.));
#9216 = ( GEOMETRIC_REPRESENTATION_CONTEXT(2) 
PARAMETRIC_REPRESENTATION_CONTEXT() REPRESENTATION_CONTEXT('2D SPACE',''
  ) );
#9217 = PCURVE('',#8867,#9218);
#9218 = DEFINITIONAL_REPRESENTATION('',(#9219),#9223);
#9219 = LINE('',#9220,#9221);
#9220 = CARTESIAN_POINT('',(0.,0.));
#9221 = VECTOR('',#9222,1.);
#9222 = DIRECTION('',(0.,1.));
#9223 = ( GEOMETRIC_REPRESENTATION_CONTEXT(2) 
PARAMETRIC_REPRESENTATION_CONTEXT() REPRESENTATION_CONTEXT('2D SPACE',''
  ) );
#9224 = ORIENTED_EDGE('',*,*,#9225,.F.);
#9225 = EDGE_CURVE('',#9226,#9203,#9228,.T.);
#9226 = VERTEX_POINT('',#9227);
#9227 = CARTESIAN_POINT('',(110.68236720228,1.,0.));
#9228 = SURFACE_CURVE('',#9229,(#9234,#9245),.PCURVE_S1.);
#9229 = CIRCLE('',#9230,1.);
#9230 = AXIS2_PLACEMENT_3D('',#9231,#9232,#9233);
#9231 = CARTESIAN_POINT('',(109.68236720228,1.,0.));
#9232 = DIRECTION('',(-0.,-0.,-1.));
#9233 = DIRECTION('',(0.,-1.,0.));
#9234 = PCURVE('',#8785,#9235);
#9235 = DEFINITIONAL_REPRESENTATION('',(#9236),#9244);
#9236 = ( BOUNDED_CURVE() B_SPLINE_CURVE(2,(#9237,#9238,#9239,#9240,
#9241,#9242,#9243),.UNSPECIFIED.,.T.,.F.) B_SPLINE_CURVE_WITH_KNOTS((1,2
    ,2,2,2,1),(-2.094395102393,0.,2.094395102393,4.188790204786,
6.28318530718,8.377580409573),.UNSPECIFIED.) CURVE() 
GEOMETRIC_REPRESENTATION_ITEM() RATIONAL_B_SPLINE_CURVE((1.,0.5,1.,0.5,
1.,0.5,1.)) REPRESENTATION_ITEM('') );
#9237 = CARTESIAN_POINT('',(17.,0.));
#9238 = CARTESIAN_POINT('',(15.267949192431,0.));
#9239 = CARTESIAN_POINT('',(16.133974596216,1.5));
#9240 = CARTESIAN_POINT('',(17.,3.));
#9241 = CARTESIAN_POINT('',(17.866025403784,1.5));
#9242 = CARTESIAN_POINT('',(18.732050807569,1.554312234475E-15));
#9243 = CARTESIAN_POINT('',(17.,0.));
#9244 = ( GEOMETRIC_REPRESENTATION_CONTEXT(2) 
PARAMETRIC_REPRESENTATION_CONTEXT() REPRESENTATION_CONTEXT('2D SPACE',''
  ) );
#9245 = PCURVE('',#8900,#9246);
#9246 = DEFINITIONAL_REPRESENTATION('',(#9247),#9251);
#9247 = LINE('',#9248,#9249);
#9248 = CARTESIAN_POINT('',(4.712388980385,-0.));
#9249 = VECTOR('',#9250,1.);
#9250 = DIRECTION('',(-1.,0.));
#9251 = ( GEOMETRIC_REPRESENTATION_CONTEXT(2) 
PARAMETRIC_REPRESENTATION_CONTEXT() REPRESENTATION_CONTEXT('2D SPACE',''
  ) );
#9252 = ORIENTED_EDGE('',*,*,#9253,.T.);
#9253 = EDGE_CURVE('',#9226,#9254,#9256,.T.);
#9254 = VERTEX_POINT('',#9255);
#9255 = CARTESIAN_POINT('',(110.68236720228,55.,0.));
#9256 = SURFACE_CURVE('',#9257,(#9261,#9268),.PCURVE_S1.);
#9257 = LINE('',#9258,#9259);
#9258 = CARTESIAN_POINT('',(110.68236720228,0.,0.));
#9259 = VECTOR('',#9260,1.);
#9260 = DIRECTION('',(0.,1.,0.));
#9261 = PCURVE('',#8785,#9262);
#9262 = DEFINITIONAL_REPRESENTATION('',(#9263),#9267);
#9263 = LINE('',#9264,#9265);
#9264 = CARTESIAN_POINT('',(18.,0.));
#9265 = VECTOR('',#9266,1.);
#9266 = DIRECTION('',(0.,1.));
#9267 = ( GEOMETRIC_REPRESENTATION_CONTEXT(2) 
PARAMETRIC_REPRESENTATION_CONTEXT() REPRESENTATION_CONTEXT('2D SPACE',''
  ) );
#9268 = PCURVE('',#8928,#9269);
#9269 = DEFINITIONAL_REPRESENTATION('',(#9270),#9274);
#9270 = LINE('',#9271,#9272);
#9271 = CARTESIAN_POINT('',(0.,0.));
#9272 = VECTOR('',#9273,1.);
#9273 = DIRECTION('',(0.,-1.));
#9274 = ( GEOMETRIC_REPRESENTATION_CONTEXT(2) 
PARAMETRIC_REPRESENTATION_CONTEXT() REPRESENTATION_CONTEXT('2D SPACE',''
  ) );
#9275 = ORIENTED_EDGE('',*,*,#9276,.T.);
#9276 = EDGE_CURVE('',#9254,#9277,#9279,.T.);
#9277 = VERTEX_POINT('',#9278);
#9278 = CARTESIAN_POINT('',(109.68236720228,56.,0.));
#9279 = SURFACE_CURVE('',#9280,(#9285,#9292),.PCURVE_S1.);
#9280 = CIRCLE('',#9281,1.);
#9281 = AXIS2_PLACEMENT_3D('',#9282,#9283,#9284);
#9282 = CARTESIAN_POINT('',(109.68236720228,55.,0.));
#9283 = DIRECTION('',(0.,0.,1.));
#9284 = DIRECTION('',(0.,-1.,0.));
#9285 = PCURVE('',#8785,#9286);
#9286 = DEFINITIONAL_REPRESENTATION('',(#9287),#9291);
#9287 = CIRCLE('',#9288,1.);
#9288 = AXIS2_PLACEMENT_2D('',#9289,#9290);
#9289 = CARTESIAN_POINT('',(17.,55.));
#9290 = DIRECTION('',(0.,-1.));
#9291 = ( GEOMETRIC_REPRESENTATION_CONTEXT(2) 
PARAMETRIC_REPRESENTATION_CONTEXT() REPRESENTATION_CONTEXT('2D SPACE',''
  ) );
#9292 = PCURVE('',#8957,#9293);
#9293 = DEFINITIONAL_REPRESENTATION('',(#9294),#9298);
#9294 = LINE('',#9295,#9296);
#9295 = CARTESIAN_POINT('',(-1.570796326795,0.));
#9296 = VECTOR('',#9297,1.);
#9297 = DIRECTION('',(1.,0.));
#9298 = ( GEOMETRIC_REPRESENTATION_CONTEXT(2) 
PARAMETRIC_REPRESENTATION_CONTEXT() REPRESENTATION_CONTEXT('2D SPACE',''
  ) );
#9299 = ORIENTED_EDGE('',*,*,#9300,.F.);
#9300 = EDGE_CURVE('',#9147,#9277,#9301,.T.);
#9301 = SURFACE_CURVE('',#9302,(#9306,#9313),.PCURVE_S1.);
#9302 = LINE('',#9303,#9304);
#9303 = CARTESIAN_POINT('',(92.682367202281,56.,0.));
#9304 = VECTOR('',#9305,1.);
#9305 = DIRECTION('',(1.,0.,0.));
#9306 = PCURVE('',#8785,#9307);
#9307 = DEFINITIONAL_REPRESENTATION('',(#9308),#9312);
#9308 = LINE('',#9309,#9310);
#9309 = CARTESIAN_POINT('',(0.,56.));
#9310 = VECTOR('',#9311,1.);
#9311 = DIRECTION('',(1.,0.));
#9312 = ( GEOMETRIC_REPRESENTATION_CONTEXT(2) 
PARAMETRIC_REPRESENTATION_CONTEXT() REPRESENTATION_CONTEXT('2D SPACE',''
  ) );
#9313 = PCURVE('',#8985,#9314);
#9314 = DEFINITIONAL_REPRESENTATION('',(#9315),#9319);
#9315 = LINE('',#9316,#9317);
#9316 = CARTESIAN_POINT('',(0.,0.));
#9317 = VECTOR('',#9318,1.);
#9318 = DIRECTION('',(0.,1.));
#9319 = ( GEOMETRIC_REPRESENTATION_CONTEXT(2) 
PARAMETRIC_REPRESENTATION_CONTEXT() REPRESENTATION_CONTEXT('2D SPACE',''
  ) );
#9320 = ORIENTED_EDGE('',*,*,#9146,.F.);
#9321 = FACE_BOUND('',#9322,.F.);
#9322 = EDGE_LOOP('',(#9323));
#9323 = ORIENTED_EDGE('',*,*,#9324,.T.);
#9324 = EDGE_CURVE('',#9325,#9325,#9327,.T.);
#9325 = VERTEX_POINT('',#9326);
#9326 = CARTESIAN_POINT('',(101.38236720228,6.,0.));
#9327 = SURFACE_CURVE('',#9328,(#9333,#9344),.PCURVE_S1.);
#9328 = CIRCLE('',#9329,1.7);
#9329 = AXIS2_PLACEMENT_3D('',#9330,#9331,#9332);
#9330 = CARTESIAN_POINT('',(99.682367202281,6.,0.));
#9331 = DIRECTION('',(0.,0.,-1.));
#9332 = DIRECTION('',(1.,0.,0.));
#9333 = PCURVE('',#8785,#9334);
#9334 = DEFINITIONAL_REPRESENTATION('',(#9335),#9343);
#9335 = ( BOUNDED_CURVE() B_SPLINE_CURVE(2,(#9336,#9337,#9338,#9339,
#9340,#9341,#9342),.UNSPECIFIED.,.T.,.F.) B_SPLINE_CURVE_WITH_KNOTS((1,2
    ,2,2,2,1),(-2.094395102393,0.,2.094395102393,4.188790204786,
6.28318530718,8.377580409573),.UNSPECIFIED.) CURVE() 
GEOMETRIC_REPRESENTATION_ITEM() RATIONAL_B_SPLINE_CURVE((1.,0.5,1.,0.5,
1.,0.5,1.)) REPRESENTATION_ITEM('') );
#9336 = CARTESIAN_POINT('',(8.7,6.));
#9337 = CARTESIAN_POINT('',(8.7,3.055513627133));
#9338 = CARTESIAN_POINT('',(6.15,4.527756813566));
#9339 = CARTESIAN_POINT('',(3.6,6.));
#9340 = CARTESIAN_POINT('',(6.15,7.472243186434));
#9341 = CARTESIAN_POINT('',(8.7,8.944486372867));
#9342 = CARTESIAN_POINT('',(8.7,6.));
#9343 = ( GEOMETRIC_REPRESENTATION_CONTEXT(2) 
PARAMETRIC_REPRESENTATION_CONTEXT() REPRESENTATION_CONTEXT('2D SPACE',''
  ) );
#9344 = PCURVE('',#9046,#9345);
#9345 = DEFINITIONAL_REPRESENTATION('',(#9346),#9350);
#9346 = LINE('',#9347,#9348);
#9347 = CARTESIAN_POINT('',(-6.28318530718,-18.4));
#9348 = VECTOR('',#9349,1.);
#9349 = DIRECTION('',(1.,-0.));
#9350 = ( GEOMETRIC_REPRESENTATION_CONTEXT(2) 
PARAMETRIC_REPRESENTATION_CONTEXT() REPRESENTATION_CONTEXT('2D SPACE',''
  ) );
#9351 = FACE_BOUND('',#9352,.F.);
#9352 = EDGE_LOOP('',(#9353));
#9353 = ORIENTED_EDGE('',*,*,#9354,.T.);
#9354 = EDGE_CURVE('',#9355,#9355,#9357,.T.);
#9355 = VERTEX_POINT('',#9356);
#9356 = CARTESIAN_POINT('',(101.38236720228,50.,0.));
#9357 = SURFACE_CURVE('',#9358,(#9363,#9374),.PCURVE_S1.);
#9358 = CIRCLE('',#9359,1.7);
#9359 = AXIS2_PLACEMENT_3D('',#9360,#9361,#9362);
#9360 = CARTESIAN_POINT('',(99.682367202281,50.,0.));
#9361 = DIRECTION('',(0.,0.,-1.));
#9362 = DIRECTION('',(1.,0.,0.));
#9363 = PCURVE('',#8785,#9364);
#9364 = DEFINITIONAL_REPRESENTATION('',(#9365),#9373);
#9365 = ( BOUNDED_CURVE() B_SPLINE_CURVE(2,(#9366,#9367,#9368,#9369,
#9370,#9371,#9372),.UNSPECIFIED.,.T.,.F.) B_SPLINE_CURVE_WITH_KNOTS((1,2
    ,2,2,2,1),(-2.094395102393,0.,2.094395102393,4.188790204786,
6.28318530718,8.377580409573),.UNSPECIFIED.) CURVE() 
GEOMETRIC_REPRESENTATION_ITEM() RATIONAL_B_SPLINE_CURVE((1.,0.5,1.,0.5,
1.,0.5,1.)) REPRESENTATION_ITEM('') );
#9366 = CARTESIAN_POINT('',(8.7,50.));
#9367 = CARTESIAN_POINT('',(8.7,47.055513627133));
#9368 = CARTESIAN_POINT('',(6.15,48.527756813566));
#9369 = CARTESIAN_POINT('',(3.6,50.));
#9370 = CARTESIAN_POINT('',(6.15,51.472243186434));
#9371 = CARTESIAN_POINT('',(8.7,52.944486372867));
#9372 = CARTESIAN_POINT('',(8.7,50.));
#9373 = ( GEOMETRIC_REPRESENTATION_CONTEXT(2) 
PARAMETRIC_REPRESENTATION_CONTEXT() REPRESENTATION_CONTEXT('2D SPACE',''
  ) );
#9374 = PCURVE('',#9081,#9375);
#9375 = DEFINITIONAL_REPRESENTATION('',(#9376),#9380);
#9376 = LINE('',#9377,#9378);
#9377 = CARTESIAN_POINT('',(-6.28318530718,-18.4));
#9378 = VECTOR('',#9379,1.);
#9379 = DIRECTION('',(1.,-0.));
#9380 = ( GEOMETRIC_REPRESENTATION_CONTEXT(2) 
PARAMETRIC_REPRESENTATION_CONTEXT() REPRESENTATION_CONTEXT('2D SPACE',''
  ) );
#9381 = ADVANCED_FACE('',(#9382),#8867,.F.);
#9382 = FACE_BOUND('',#9383,.F.);
#9383 = EDGE_LOOP('',(#9384,#9385,#9386,#9387));
#9384 = ORIENTED_EDGE('',*,*,#9202,.F.);
#9385 = ORIENTED_EDGE('',*,*,#9120,.T.);
#9386 = ORIENTED_EDGE('',*,*,#8851,.T.);
#9387 = ORIENTED_EDGE('',*,*,#9388,.F.);
#9388 = EDGE_CURVE('',#9203,#8852,#9389,.T.);
#9389 = SURFACE_CURVE('',#9390,(#9394,#9401),.PCURVE_S1.);
#9390 = LINE('',#9391,#9392);
#9391 = CARTESIAN_POINT('',(109.68236720228,0.,0.));
#9392 = VECTOR('',#9393,1.);
#9393 = DIRECTION('',(0.,0.,1.));
#9394 = PCURVE('',#8867,#9395);
#9395 = DEFINITIONAL_REPRESENTATION('',(#9396),#9400);
#9396 = LINE('',#9397,#9398);
#9397 = CARTESIAN_POINT('',(0.,17.));
#9398 = VECTOR('',#9399,1.);
#9399 = DIRECTION('',(1.,0.));
#9400 = ( GEOMETRIC_REPRESENTATION_CONTEXT(2) 
PARAMETRIC_REPRESENTATION_CONTEXT() REPRESENTATION_CONTEXT('2D SPACE',''
  ) );
#9401 = PCURVE('',#8900,#9402);
#9402 = DEFINITIONAL_REPRESENTATION('',(#9403),#9407);
#9403 = LINE('',#9404,#9405);
#9404 = CARTESIAN_POINT('',(-1.570796326795,0.));
#9405 = VECTOR('',#9406,1.);
#9406 = DIRECTION('',(-0.,1.));
#9407 = ( GEOMETRIC_REPRESENTATION_CONTEXT(2) 
PARAMETRIC_REPRESENTATION_CONTEXT() REPRESENTATION_CONTEXT('2D SPACE',''
  ) );
#9408 = ADVANCED_FACE('',(#9409),#8985,.T.);
#9409 = FACE_BOUND('',#9410,.T.);
#9410 = EDGE_LOOP('',(#9411,#9412,#9413,#9414));
#9411 = ORIENTED_EDGE('',*,*,#9300,.F.);
#9412 = ORIENTED_EDGE('',*,*,#9174,.T.);
#9413 = ORIENTED_EDGE('',*,*,#8969,.T.);
#9414 = ORIENTED_EDGE('',*,*,#9415,.F.);
#9415 = EDGE_CURVE('',#9277,#8941,#9416,.T.);
#9416 = SURFACE_CURVE('',#9417,(#9421,#9428),.PCURVE_S1.);
#9417 = LINE('',#9418,#9419);
#9418 = CARTESIAN_POINT('',(109.68236720228,56.,0.));
#9419 = VECTOR('',#9420,1.);
#9420 = DIRECTION('',(0.,0.,1.));
#9421 = PCURVE('',#8985,#9422);
#9422 = DEFINITIONAL_REPRESENTATION('',(#9423),#9427);
#9423 = LINE('',#9424,#9425);
#9424 = CARTESIAN_POINT('',(0.,17.));
#9425 = VECTOR('',#9426,1.);
#9426 = DIRECTION('',(1.,0.));
#9427 = ( GEOMETRIC_REPRESENTATION_CONTEXT(2) 
PARAMETRIC_REPRESENTATION_CONTEXT() REPRESENTATION_CONTEXT('2D SPACE',''
  ) );
#9428 = PCURVE('',#8957,#9429);
#9429 = DEFINITIONAL_REPRESENTATION('',(#9430),#9434);
#9430 = LINE('',#9431,#9432);
#9431 = CARTESIAN_POINT('',(1.570796326795,0.));
#9432 = VECTOR('',#9433,1.);
#9433 = DIRECTION('',(0.,1.));
#9434 = ( GEOMETRIC_REPRESENTATION_CONTEXT(2) 
PARAMETRIC_REPRESENTATION_CONTEXT() REPRESENTATION_CONTEXT('2D SPACE',''
  ) );
#9435 = ADVANCED_FACE('',(#9436),#8900,.T.);
#9436 = FACE_BOUND('',#9437,.F.);
#9437 = EDGE_LOOP('',(#9438,#9439,#9440,#9441));
#9438 = ORIENTED_EDGE('',*,*,#9225,.T.);
#9439 = ORIENTED_EDGE('',*,*,#9388,.T.);
#9440 = ORIENTED_EDGE('',*,*,#8879,.F.);
#9441 = ORIENTED_EDGE('',*,*,#9442,.F.);
#9442 = EDGE_CURVE('',#9226,#8880,#9443,.T.);
#9443 = SURFACE_CURVE('',#9444,(#9448,#9455),.PCURVE_S1.);
#9444 = LINE('',#9445,#9446);
#9445 = CARTESIAN_POINT('',(110.68236720228,1.,0.));
#9446 = VECTOR('',#9447,1.);
#9447 = DIRECTION('',(0.,0.,1.));
#9448 = PCURVE('',#8900,#9449);
#9449 = DEFINITIONAL_REPRESENTATION('',(#9450),#9454);
#9450 = LINE('',#9451,#9452);
#9451 = CARTESIAN_POINT('',(-0.,0.));
#9452 = VECTOR('',#9453,1.);
#9453 = DIRECTION('',(-0.,1.));
#9454 = ( GEOMETRIC_REPRESENTATION_CONTEXT(2) 
PARAMETRIC_REPRESENTATION_CONTEXT() REPRESENTATION_CONTEXT('2D SPACE',''
  ) );
#9455 = PCURVE('',#8928,#9456);
#9456 = DEFINITIONAL_REPRESENTATION('',(#9457),#9461);
#9457 = LINE('',#9458,#9459);
#9458 = CARTESIAN_POINT('',(0.,-1.));
#9459 = VECTOR('',#9460,1.);
#9460 = DIRECTION('',(1.,0.));
#9461 = ( GEOMETRIC_REPRESENTATION_CONTEXT(2) 
PARAMETRIC_REPRESENTATION_CONTEXT() REPRESENTATION_CONTEXT('2D SPACE',''
  ) );
#9462 = ADVANCED_FACE('',(#9463),#8957,.T.);
#9463 = FACE_BOUND('',#9464,.T.);
#9464 = EDGE_LOOP('',(#9465,#9466,#9467,#9468));
#9465 = ORIENTED_EDGE('',*,*,#9276,.T.);
#9466 = ORIENTED_EDGE('',*,*,#9415,.T.);
#9467 = ORIENTED_EDGE('',*,*,#8940,.F.);
#9468 = ORIENTED_EDGE('',*,*,#9469,.F.);
#9469 = EDGE_CURVE('',#9254,#8913,#9470,.T.);
#9470 = SURFACE_CURVE('',#9471,(#9475,#9482),.PCURVE_S1.);
#9471 = LINE('',#9472,#9473);
#9472 = CARTESIAN_POINT('',(110.68236720228,55.,0.));
#9473 = VECTOR('',#9474,1.);
#9474 = DIRECTION('',(0.,0.,1.));
#9475 = PCURVE('',#8957,#9476);
#9476 = DEFINITIONAL_REPRESENTATION('',(#9477),#9481);
#9477 = LINE('',#9478,#9479);
#9478 = CARTESIAN_POINT('',(0.,0.));
#9479 = VECTOR('',#9480,1.);
#9480 = DIRECTION('',(0.,1.));
#9481 = ( GEOMETRIC_REPRESENTATION_CONTEXT(2) 
PARAMETRIC_REPRESENTATION_CONTEXT() REPRESENTATION_CONTEXT('2D SPACE',''
  ) );
#9482 = PCURVE('',#8928,#9483);
#9483 = DEFINITIONAL_REPRESENTATION('',(#9484),#9488);
#9484 = LINE('',#9485,#9486);
#9485 = CARTESIAN_POINT('',(0.,-55.));
#9486 = VECTOR('',#9487,1.);
#9487 = DIRECTION('',(1.,0.));
#9488 = ( GEOMETRIC_REPRESENTATION_CONTEXT(2) 
PARAMETRIC_REPRESENTATION_CONTEXT() REPRESENTATION_CONTEXT('2D SPACE',''
  ) );
#9489 = ADVANCED_FACE('',(#9490),#8928,.T.);
#9490 = FACE_BOUND('',#9491,.T.);
#9491 = EDGE_LOOP('',(#9492,#9493,#9494,#9495));
#9492 = ORIENTED_EDGE('',*,*,#8912,.F.);
#9493 = ORIENTED_EDGE('',*,*,#9442,.F.);
#9494 = ORIENTED_EDGE('',*,*,#9253,.T.);
#9495 = ORIENTED_EDGE('',*,*,#9469,.T.);
#9496 = ADVANCED_FACE('',(#9497),#9046,.F.);
#9497 = FACE_BOUND('',#9498,.T.);
#9498 = EDGE_LOOP('',(#9499,#9500,#9521,#9522));
#9499 = ORIENTED_EDGE('',*,*,#9324,.T.);
#9500 = ORIENTED_EDGE('',*,*,#9501,.T.);
#9501 = EDGE_CURVE('',#9325,#9026,#9502,.T.);
#9502 = SEAM_CURVE('',#9503,(#9507,#9514),.PCURVE_S1.);
#9503 = LINE('',#9504,#9505);
#9504 = CARTESIAN_POINT('',(101.38236720228,6.,-18.4));
#9505 = VECTOR('',#9506,1.);
#9506 = DIRECTION('',(0.,0.,1.));
#9507 = PCURVE('',#9046,#9508);
#9508 = DEFINITIONAL_REPRESENTATION('',(#9509),#9513);
#9509 = LINE('',#9510,#9511);
#9510 = CARTESIAN_POINT('',(-6.28318530718,0.));
#9511 = VECTOR('',#9512,1.);
#9512 = DIRECTION('',(-0.,-1.));
#9513 = ( GEOMETRIC_REPRESENTATION_CONTEXT(2) 
PARAMETRIC_REPRESENTATION_CONTEXT() REPRESENTATION_CONTEXT('2D SPACE',''
  ) );
#9514 = PCURVE('',#9046,#9515);
#9515 = DEFINITIONAL_REPRESENTATION('',(#9516),#9520);
#9516 = LINE('',#9517,#9518);
#9517 = CARTESIAN_POINT('',(-0.,0.));
#9518 = VECTOR('',#9519,1.);
#9519 = DIRECTION('',(-0.,-1.));
#9520 = ( GEOMETRIC_REPRESENTATION_CONTEXT(2) 
PARAMETRIC_REPRESENTATION_CONTEXT() REPRESENTATION_CONTEXT('2D SPACE',''
  ) );
#9521 = ORIENTED_EDGE('',*,*,#9025,.F.);
#9522 = ORIENTED_EDGE('',*,*,#9501,.F.);
#9523 = ADVANCED_FACE('',(#9524),#9081,.F.);
#9524 = FACE_BOUND('',#9525,.T.);
#9525 = EDGE_LOOP('',(#9526,#9527,#9548,#9549));
#9526 = ORIENTED_EDGE('',*,*,#9354,.T.);
#9527 = ORIENTED_EDGE('',*,*,#9528,.T.);
#9528 = EDGE_CURVE('',#9355,#9061,#9529,.T.);
#9529 = SEAM_CURVE('',#9530,(#9534,#9541),.PCURVE_S1.);
#9530 = LINE('',#9531,#9532);
#9531 = CARTESIAN_POINT('',(101.38236720228,50.,-18.4));
#9532 = VECTOR('',#9533,1.);
#9533 = DIRECTION('',(0.,0.,1.));
#9534 = PCURVE('',#9081,#9535);
#9535 = DEFINITIONAL_REPRESENTATION('',(#9536),#9540);
#9536 = LINE('',#9537,#9538);
#9537 = CARTESIAN_POINT('',(-6.28318530718,0.));
#9538 = VECTOR('',#9539,1.);
#9539 = DIRECTION('',(-0.,-1.));
#9540 = ( GEOMETRIC_REPRESENTATION_CONTEXT(2) 
PARAMETRIC_REPRESENTATION_CONTEXT() REPRESENTATION_CONTEXT('2D SPACE',''
  ) );
#9541 = PCURVE('',#9081,#9542);
#9542 = DEFINITIONAL_REPRESENTATION('',(#9543),#9547);
#9543 = LINE('',#9544,#9545);
#9544 = CARTESIAN_POINT('',(-0.,0.));
#9545 = VECTOR('',#9546,1.);
#9546 = DIRECTION('',(-0.,-1.));
#9547 = ( GEOMETRIC_REPRESENTATION_CONTEXT(2) 
PARAMETRIC_REPRESENTATION_CONTEXT() REPRESENTATION_CONTEXT('2D SPACE',''
  ) );
#9548 = ORIENTED_EDGE('',*,*,#9060,.F.);
#9549 = ORIENTED_EDGE('',*,*,#9528,.F.);
#9550 = ( GEOMETRIC_REPRESENTATION_CONTEXT(3) 
GLOBAL_UNCERTAINTY_ASSIGNED_CONTEXT((#9554)) 
GLOBAL_UNIT_ASSIGNED_CONTEXT((#9551,#9552,#9553)) REPRESENTATION_CONTEXT
('Context #1','3D Context with UNIT and UNCERTAINTY') );
#9551 = ( LENGTH_UNIT() NAMED_UNIT(*) SI_UNIT(.MILLI.,.METRE.) );
#9552 = ( NAMED_UNIT(*) PLANE_ANGLE_UNIT() SI_UNIT($,.RADIAN.) );
#9553 = ( NAMED_UNIT(*) SI_UNIT($,.STERADIAN.) SOLID_ANGLE_UNIT() );
#9554 = UNCERTAINTY_MEASURE_WITH_UNIT(LENGTH_MEASURE(1.E-07),#9551,
  'distance_accuracy_value','confusion accuracy');
#9555 = CONTEXT_DEPENDENT_SHAPE_REPRESENTATION(#9556,#9558);
#9556 = ( REPRESENTATION_RELATIONSHIP('','',#8699,#10) 
REPRESENTATION_RELATIONSHIP_WITH_TRANSFORMATION(#9557) 
SHAPE_REPRESENTATION_RELATIONSHIP() );
#9557 = ITEM_DEFINED_TRANSFORMATION('','',#11,#19);
#9558 = PRODUCT_DEFINITION_SHAPE('Placement','Placement of an item',
  #9559);
#9559 = NEXT_ASSEMBLY_USAGE_OCCURRENCE('2','','',#5,#8694,$);
#9560 = PRODUCT_RELATED_PRODUCT_CATEGORY('part',$,(#8696));
#9561 = SHAPE_DEFINITION_REPRESENTATION(#9562,#9568);
#9562 = PRODUCT_DEFINITION_SHAPE('','',#9563);
#9563 = PRODUCT_DEFINITION('design','',#9564,#9567);
#9564 = PRODUCT_DEFINITION_FORMATION('','',#9565);
#9565 = PRODUCT('Open CASCADE STEP translator 7.9 4.3',
  'Open CASCADE STEP translator 7.9 4.3','',(#9566));
#9566 = PRODUCT_CONTEXT('',#2,'mechanical');
#9567 = PRODUCT_DEFINITION_CONTEXT('part definition',#2,'design');
#9568 = ADVANCED_BREP_SHAPE_REPRESENTATION('',(#11,#9569),#10459);
#9569 = MANIFOLD_SOLID_BREP('',#9570);
#9570 = CLOSED_SHELL('',(#9571,#9697,#9982,#10032,#10263,#10290,#10317,
    #10344,#10351,#10378,#10405,#10432));
#9571 = ADVANCED_FACE('',(#9572),#9587,.T.);
#9572 = FACE_BOUND('',#9573,.F.);
#9573 = EDGE_LOOP('',(#9574,#9610,#9638,#9671));
#9574 = ORIENTED_EDGE('',*,*,#9575,.F.);
#9575 = EDGE_CURVE('',#9576,#9578,#9580,.T.);
#9576 = VERTEX_POINT('',#9577);
#9577 = CARTESIAN_POINT('',(162.76728025737,51.159551998495,0.));
#9578 = VERTEX_POINT('',#9579);
#9579 = CARTESIAN_POINT('',(125.82236720228,31.927247576516,0.));
#9580 = SURFACE_CURVE('',#9581,(#9586,#9598),.PCURVE_S1.);
#9581 = CIRCLE('',#9582,26.);
#9582 = AXIS2_PLACEMENT_3D('',#9583,#9584,#9585);
#9583 = CARTESIAN_POINT('',(151.48236720228,27.736257240092,0.));
#9584 = DIRECTION('',(0.,-0.,1.));
#9585 = DIRECTION('',(0.434035117503,0.900895952246,0.));
#9586 = PCURVE('',#9587,#9592);
#9587 = CYLINDRICAL_SURFACE('',#9588,26.);
#9588 = AXIS2_PLACEMENT_3D('',#9589,#9590,#9591);
#9589 = CARTESIAN_POINT('',(151.48236720228,27.736257240092,0.));
#9590 = DIRECTION('',(-0.,-0.,-1.));
#9591 = DIRECTION('',(1.,0.,0.));
#9592 = DEFINITIONAL_REPRESENTATION('',(#9593),#9597);
#9593 = LINE('',#9594,#9595);
#9594 = CARTESIAN_POINT('',(-1.121829352151,0.));
#9595 = VECTOR('',#9596,1.);
#9596 = DIRECTION('',(-1.,0.));
#9597 = ( GEOMETRIC_REPRESENTATION_CONTEXT(2) 
PARAMETRIC_REPRESENTATION_CONTEXT() REPRESENTATION_CONTEXT('2D SPACE',''
  ) );
#9598 = PCURVE('',#9599,#9604);
#9599 = PLANE('',#9600);
#9600 = AXIS2_PLACEMENT_3D('',#9601,#9602,#9603);
#9601 = CARTESIAN_POINT('',(151.48236720228,27.736257240092,0.));
#9602 = DIRECTION('',(0.,0.,1.));
#9603 = DIRECTION('',(1.,0.,-0.));
#9604 = DEFINITIONAL_REPRESENTATION('',(#9605),#9609);
#9605 = CIRCLE('',#9606,26.);
#9606 = AXIS2_PLACEMENT_2D('',#9607,#9608);
#9607 = CARTESIAN_POINT('',(0.,-3.552713678801E-15));
#9608 = DIRECTION('',(0.434035117503,0.900895952246));
#9609 = ( GEOMETRIC_REPRESENTATION_CONTEXT(2) 
PARAMETRIC_REPRESENTATION_CONTEXT() REPRESENTATION_CONTEXT('2D SPACE',''
  ) );
#9610 = ORIENTED_EDGE('',*,*,#9611,.F.);
#9611 = EDGE_CURVE('',#9612,#9576,#9614,.T.);
#9612 = VERTEX_POINT('',#9613);
#9613 = CARTESIAN_POINT('',(162.76728025737,51.159551998495,2.4));
#9614 = SURFACE_CURVE('',#9615,(#9619,#9626),.PCURVE_S1.);
#9615 = LINE('',#9616,#9617);
#9616 = CARTESIAN_POINT('',(162.76728025737,51.159551998495,0.));
#9617 = VECTOR('',#9618,1.);
#9618 = DIRECTION('',(-0.,-0.,-1.));
#9619 = PCURVE('',#9587,#9620);
#9620 = DEFINITIONAL_REPRESENTATION('',(#9621),#9625);
#9621 = LINE('',#9622,#9623);
#9622 = CARTESIAN_POINT('',(-1.121829352151,0.));
#9623 = VECTOR('',#9624,1.);
#9624 = DIRECTION('',(-0.,1.));
#9625 = ( GEOMETRIC_REPRESENTATION_CONTEXT(2) 
PARAMETRIC_REPRESENTATION_CONTEXT() REPRESENTATION_CONTEXT('2D SPACE',''
  ) );
#9626 = PCURVE('',#9627,#9632);
#9627 = CYLINDRICAL_SURFACE('',#9628,4.8);
#9628 = AXIS2_PLACEMENT_3D('',#9629,#9630,#9631);
#9629 = CARTESIAN_POINT('',(167.54250742011,50.672514480184,0.));
#9630 = DIRECTION('',(-0.,-0.,-1.));
#9631 = DIRECTION('',(1.,0.,0.));
#9632 = DEFINITIONAL_REPRESENTATION('',(#9633),#9637);
#9633 = LINE('',#9634,#9635);
#9634 = CARTESIAN_POINT('',(-9.323136894107,0.));
#9635 = VECTOR('',#9636,1.);
#9636 = DIRECTION('',(-0.,1.));
#9637 = ( GEOMETRIC_REPRESENTATION_CONTEXT(2) 
PARAMETRIC_REPRESENTATION_CONTEXT() REPRESENTATION_CONTEXT('2D SPACE',''
  ) );
#9638 = ORIENTED_EDGE('',*,*,#9639,.F.);
#9639 = EDGE_CURVE('',#9640,#9612,#9642,.T.);
#9640 = VERTEX_POINT('',#9641);
#9641 = CARTESIAN_POINT('',(125.82236720228,31.927247576516,2.4));
#9642 = SURFACE_CURVE('',#9643,(#9648,#9655),.PCURVE_S1.);
#9643 = CIRCLE('',#9644,26.);
#9644 = AXIS2_PLACEMENT_3D('',#9645,#9646,#9647);
#9645 = CARTESIAN_POINT('',(151.48236720228,27.736257240092,2.4));
#9646 = DIRECTION('',(0.,0.,-1.));
#9647 = DIRECTION('',(0.698116525325,0.715984159789,0.));
#9648 = PCURVE('',#9587,#9649);
#9649 = DEFINITIONAL_REPRESENTATION('',(#9650),#9654);
#9650 = LINE('',#9651,#9652);
#9651 = CARTESIAN_POINT('',(-7.081218132223,-2.4));
#9652 = VECTOR('',#9653,1.);
#9653 = DIRECTION('',(1.,-0.));
#9654 = ( GEOMETRIC_REPRESENTATION_CONTEXT(2) 
PARAMETRIC_REPRESENTATION_CONTEXT() REPRESENTATION_CONTEXT('2D SPACE',''
  ) );
#9655 = PCURVE('',#9656,#9661);
#9656 = PLANE('',#9657);
#9657 = AXIS2_PLACEMENT_3D('',#9658,#9659,#9660);
#9658 = CARTESIAN_POINT('',(151.48236720228,27.736257240092,2.4));
#9659 = DIRECTION('',(0.,0.,1.));
#9660 = DIRECTION('',(1.,0.,-0.));
#9661 = DEFINITIONAL_REPRESENTATION('',(#9662),#9670);
#9662 = ( BOUNDED_CURVE() B_SPLINE_CURVE(2,(#9663,#9664,#9665,#9666,
#9667,#9668,#9669),.UNSPECIFIED.,.T.,.F.) B_SPLINE_CURVE_WITH_KNOTS((1,2
    ,2,2,2,1),(-2.094395102393,0.,2.094395102393,4.188790204786,
6.28318530718,8.377580409573),.UNSPECIFIED.) CURVE() 
GEOMETRIC_REPRESENTATION_ITEM() RATIONAL_B_SPLINE_CURVE((1.,0.5,1.,0.5,
1.,0.5,1.)) REPRESENTATION_ITEM('') );
#9663 = CARTESIAN_POINT('',(18.151029658445,18.615588154507));
#9664 = CARTESIAN_POINT('',(50.39417415483,-12.8229174236));
#9665 = CARTESIAN_POINT('',(7.046057418969,-25.02704686631));
#9666 = CARTESIAN_POINT('',(-36.30205931689,-37.23117630901));
#9667 = CARTESIAN_POINT('',(-25.19708707741,6.411458711805));
#9668 = CARTESIAN_POINT('',(-14.09211483793,50.054093732624));
#9669 = CARTESIAN_POINT('',(18.151029658445,18.615588154507));
#9670 = ( GEOMETRIC_REPRESENTATION_CONTEXT(2) 
PARAMETRIC_REPRESENTATION_CONTEXT() REPRESENTATION_CONTEXT('2D SPACE',''
  ) );
#9671 = ORIENTED_EDGE('',*,*,#9672,.T.);
#9672 = EDGE_CURVE('',#9640,#9578,#9673,.T.);
#9673 = SURFACE_CURVE('',#9674,(#9678,#9685),.PCURVE_S1.);
#9674 = LINE('',#9675,#9676);
#9675 = CARTESIAN_POINT('',(125.82236720228,31.927247576516,0.));
#9676 = VECTOR('',#9677,1.);
#9677 = DIRECTION('',(-0.,-0.,-1.));
#9678 = PCURVE('',#9587,#9679);
#9679 = DEFINITIONAL_REPRESENTATION('',(#9680),#9684);
#9680 = LINE('',#9681,#9682);
#9681 = CARTESIAN_POINT('',(-2.979694390036,0.));
#9682 = VECTOR('',#9683,1.);
#9683 = DIRECTION('',(-0.,1.));
#9684 = ( GEOMETRIC_REPRESENTATION_CONTEXT(2) 
PARAMETRIC_REPRESENTATION_CONTEXT() REPRESENTATION_CONTEXT('2D SPACE',''
  ) );
#9685 = PCURVE('',#9686,#9691);
#9686 = CYLINDRICAL_SURFACE('',#9687,4.8);
#9687 = AXIS2_PLACEMENT_3D('',#9688,#9689,#9690);
#9688 = CARTESIAN_POINT('',(123.48236720228,27.736257240092,0.));
#9689 = DIRECTION('',(-0.,-0.,-1.));
#9690 = DIRECTION('',(1.,0.,0.));
#9691 = DEFINITIONAL_REPRESENTATION('',(#9692),#9696);
#9692 = LINE('',#9693,#9694);
#9693 = CARTESIAN_POINT('',(-1.06157215526,0.));
#9694 = VECTOR('',#9695,1.);
#9695 = DIRECTION('',(-0.,1.));
#9696 = ( GEOMETRIC_REPRESENTATION_CONTEXT(2) 
PARAMETRIC_REPRESENTATION_CONTEXT() REPRESENTATION_CONTEXT('2D SPACE',''
  ) );
#9697 = ADVANCED_FACE('',(#9698,#9842,#9877,#9912,#9947),#9599,.F.);
#9698 = FACE_BOUND('',#9699,.F.);
#9699 = EDGE_LOOP('',(#9700,#9728,#9729,#9753,#9782,#9815));
#9700 = ORIENTED_EDGE('',*,*,#9701,.F.);
#9701 = EDGE_CURVE('',#9576,#9702,#9704,.T.);
#9702 = VERTEX_POINT('',#9703);
#9703 = CARTESIAN_POINT('',(169.63339686072,46.351845394599,0.));
#9704 = SURFACE_CURVE('',#9705,(#9710,#9721),.PCURVE_S1.);
#9705 = CIRCLE('',#9706,4.8);
#9706 = AXIS2_PLACEMENT_3D('',#9707,#9708,#9709);
#9707 = CARTESIAN_POINT('',(167.54250742011,50.672514480184,0.));
#9708 = DIRECTION('',(0.,0.,-1.));
#9709 = DIRECTION('',(-0.994838992237,0.101466149648,0.));
#9710 = PCURVE('',#9599,#9711);
#9711 = DEFINITIONAL_REPRESENTATION('',(#9712),#9720);
#9712 = ( BOUNDED_CURVE() B_SPLINE_CURVE(2,(#9713,#9714,#9715,#9716,
#9717,#9718,#9719),.UNSPECIFIED.,.T.,.F.) B_SPLINE_CURVE_WITH_KNOTS((1,2
    ,2,2,2,1),(-2.094395102393,0.,2.094395102393,4.188790204786,
6.28318530718,8.377580409573),.UNSPECIFIED.) CURVE() 
GEOMETRIC_REPRESENTATION_ITEM() RATIONAL_B_SPLINE_CURVE((1.,0.5,1.,0.5,
1.,0.5,1.)) REPRESENTATION_ITEM('') );
#9713 = CARTESIAN_POINT('',(11.284913055091,23.423294758403));
#9714 = CARTESIAN_POINT('',(12.128486781998,31.694230821949));
#9715 = CARTESIAN_POINT('',(18.869540662652,26.828206512709));
#9716 = CARTESIAN_POINT('',(25.610594543307,21.962182203469));
#9717 = CARTESIAN_POINT('',(18.025966935745,18.557270449163));
#9718 = CARTESIAN_POINT('',(10.441339328183,15.152358694857));
#9719 = CARTESIAN_POINT('',(11.284913055091,23.423294758403));
#9720 = ( GEOMETRIC_REPRESENTATION_CONTEXT(2) 
PARAMETRIC_REPRESENTATION_CONTEXT() REPRESENTATION_CONTEXT('2D SPACE',''
  ) );
#9721 = PCURVE('',#9627,#9722);
#9722 = DEFINITIONAL_REPRESENTATION('',(#9723),#9727);
#9723 = LINE('',#9724,#9725);
#9724 = CARTESIAN_POINT('',(-9.323136894107,0.));
#9725 = VECTOR('',#9726,1.);
#9726 = DIRECTION('',(1.,-0.));
#9727 = ( GEOMETRIC_REPRESENTATION_CONTEXT(2) 
PARAMETRIC_REPRESENTATION_CONTEXT() REPRESENTATION_CONTEXT('2D SPACE',''
  ) );
#9728 = ORIENTED_EDGE('',*,*,#9575,.T.);
#9729 = ORIENTED_EDGE('',*,*,#9730,.T.);
#9730 = EDGE_CURVE('',#9578,#9731,#9733,.T.);
#9731 = VERTEX_POINT('',#9732);
#9732 = CARTESIAN_POINT('',(125.82236720228,23.545266903668,0.));
#9733 = SURFACE_CURVE('',#9734,(#9739,#9746),.PCURVE_S1.);
#9734 = CIRCLE('',#9735,4.8);
#9735 = AXIS2_PLACEMENT_3D('',#9736,#9737,#9738);
#9736 = CARTESIAN_POINT('',(123.48236720228,27.736257240092,0.));
#9737 = DIRECTION('',(0.,0.,1.));
#9738 = DIRECTION('',(1.,0.,0.));
#9739 = PCURVE('',#9599,#9740);
#9740 = DEFINITIONAL_REPRESENTATION('',(#9741),#9745);
#9741 = CIRCLE('',#9742,4.8);
#9742 = AXIS2_PLACEMENT_2D('',#9743,#9744);
#9743 = CARTESIAN_POINT('',(-28.,0.));
#9744 = DIRECTION('',(1.,0.));
#9745 = ( GEOMETRIC_REPRESENTATION_CONTEXT(2) 
PARAMETRIC_REPRESENTATION_CONTEXT() REPRESENTATION_CONTEXT('2D SPACE',''
  ) );
#9746 = PCURVE('',#9686,#9747);
#9747 = DEFINITIONAL_REPRESENTATION('',(#9748),#9752);
#9748 = LINE('',#9749,#9750);
#9749 = CARTESIAN_POINT('',(-0.,0.));
#9750 = VECTOR('',#9751,1.);
#9751 = DIRECTION('',(-1.,0.));
#9752 = ( GEOMETRIC_REPRESENTATION_CONTEXT(2) 
PARAMETRIC_REPRESENTATION_CONTEXT() REPRESENTATION_CONTEXT('2D SPACE',''
  ) );
#9753 = ORIENTED_EDGE('',*,*,#9754,.T.);
#9754 = EDGE_CURVE('',#9731,#9755,#9757,.T.);
#9755 = VERTEX_POINT('',#9756);
#9756 = CARTESIAN_POINT('',(162.76728025737,4.312962481688,0.));
#9757 = SURFACE_CURVE('',#9758,(#9763,#9770),.PCURVE_S1.);
#9758 = CIRCLE('',#9759,26.);
#9759 = AXIS2_PLACEMENT_3D('',#9760,#9761,#9762);
#9760 = CARTESIAN_POINT('',(151.48236720228,27.736257240092,0.));
#9761 = DIRECTION('',(0.,-0.,1.));
#9762 = DIRECTION('',(0.434035117503,0.900895952246,0.));
#9763 = PCURVE('',#9599,#9764);
#9764 = DEFINITIONAL_REPRESENTATION('',(#9765),#9769);
#9765 = CIRCLE('',#9766,26.);
#9766 = AXIS2_PLACEMENT_2D('',#9767,#9768);
#9767 = CARTESIAN_POINT('',(0.,-3.552713678801E-15));
#9768 = DIRECTION('',(0.434035117503,0.900895952246));
#9769 = ( GEOMETRIC_REPRESENTATION_CONTEXT(2) 
PARAMETRIC_REPRESENTATION_CONTEXT() REPRESENTATION_CONTEXT('2D SPACE',''
  ) );
#9770 = PCURVE('',#9771,#9776);
#9771 = CYLINDRICAL_SURFACE('',#9772,26.);
#9772 = AXIS2_PLACEMENT_3D('',#9773,#9774,#9775);
#9773 = CARTESIAN_POINT('',(151.48236720228,27.736257240092,0.));
#9774 = DIRECTION('',(-0.,-0.,-1.));
#9775 = DIRECTION('',(1.,0.,0.));
#9776 = DEFINITIONAL_REPRESENTATION('',(#9777),#9781);
#9777 = LINE('',#9778,#9779);
#9778 = CARTESIAN_POINT('',(-1.121829352151,0.));
#9779 = VECTOR('',#9780,1.);
#9780 = DIRECTION('',(-1.,0.));
#9781 = ( GEOMETRIC_REPRESENTATION_CONTEXT(2) 
PARAMETRIC_REPRESENTATION_CONTEXT() REPRESENTATION_CONTEXT('2D SPACE',''
  ) );
#9782 = ORIENTED_EDGE('',*,*,#9783,.F.);
#9783 = EDGE_CURVE('',#9784,#9755,#9786,.T.);
#9784 = VERTEX_POINT('',#9785);
#9785 = CARTESIAN_POINT('',(169.63339686072,9.120669085584,0.));
#9786 = SURFACE_CURVE('',#9787,(#9792,#9803),.PCURVE_S1.);
#9787 = CIRCLE('',#9788,4.8);
#9788 = AXIS2_PLACEMENT_3D('',#9789,#9790,#9791);
#9789 = CARTESIAN_POINT('',(167.54250742011,4.8,0.));
#9790 = DIRECTION('',(0.,0.,-1.));
#9791 = DIRECTION('',(0.435601966795,0.90013939283,0.));
#9792 = PCURVE('',#9599,#9793);
#9793 = DEFINITIONAL_REPRESENTATION('',(#9794),#9802);
#9794 = ( BOUNDED_CURVE() B_SPLINE_CURVE(2,(#9795,#9796,#9797,#9798,
#9799,#9800,#9801),.UNSPECIFIED.,.T.,.F.) B_SPLINE_CURVE_WITH_KNOTS((1,2
    ,2,2,2,1),(-2.094395102393,0.,2.094395102393,4.188790204786,
6.28318530718,8.377580409573),.UNSPECIFIED.) CURVE() 
GEOMETRIC_REPRESENTATION_ITEM() RATIONAL_B_SPLINE_CURVE((1.,0.5,1.,0.5,
1.,0.5,1.)) REPRESENTATION_ITEM('') );
#9795 = CARTESIAN_POINT('',(18.151029658445,-18.6155881545));
#9796 = CARTESIAN_POINT('',(25.634648037369,-22.23711489866));
#9797 = CARTESIAN_POINT('',(18.756504686983,-26.90735515496));
#9798 = CARTESIAN_POINT('',(11.878361336598,-31.57759541126));
#9799 = CARTESIAN_POINT('',(11.27288630806,-23.2858284108));
#9800 = CARTESIAN_POINT('',(10.667411279521,-14.99406141035));
#9801 = CARTESIAN_POINT('',(18.151029658445,-18.6155881545));
#9802 = ( GEOMETRIC_REPRESENTATION_CONTEXT(2) 
PARAMETRIC_REPRESENTATION_CONTEXT() REPRESENTATION_CONTEXT('2D SPACE',''
  ) );
#9803 = PCURVE('',#9804,#9809);
#9804 = CYLINDRICAL_SURFACE('',#9805,4.8);
#9805 = AXIS2_PLACEMENT_3D('',#9806,#9807,#9808);
#9806 = CARTESIAN_POINT('',(167.54250742011,4.8,0.));
#9807 = DIRECTION('',(-0.,-0.,-1.));
#9808 = DIRECTION('',(1.,0.,0.));
#9809 = DEFINITIONAL_REPRESENTATION('',(#9810),#9814);
#9810 = LINE('',#9811,#9812);
#9811 = CARTESIAN_POINT('',(-7.403274716913,0.));
#9812 = VECTOR('',#9813,1.);
#9813 = DIRECTION('',(1.,-0.));
#9814 = ( GEOMETRIC_REPRESENTATION_CONTEXT(2) 
PARAMETRIC_REPRESENTATION_CONTEXT() REPRESENTATION_CONTEXT('2D SPACE',''
  ) );
#9815 = ORIENTED_EDGE('',*,*,#9816,.T.);
#9816 = EDGE_CURVE('',#9784,#9702,#9817,.T.);
#9817 = SURFACE_CURVE('',#9818,(#9823,#9830),.PCURVE_S1.);
#9818 = CIRCLE('',#9819,26.);
#9819 = AXIS2_PLACEMENT_3D('',#9820,#9821,#9822);
#9820 = CARTESIAN_POINT('',(151.48236720228,27.736257240092,0.));
#9821 = DIRECTION('',(0.,-0.,1.));
#9822 = DIRECTION('',(0.434035117503,0.900895952246,0.));
#9823 = PCURVE('',#9599,#9824);
#9824 = DEFINITIONAL_REPRESENTATION('',(#9825),#9829);
#9825 = CIRCLE('',#9826,26.);
#9826 = AXIS2_PLACEMENT_2D('',#9827,#9828);
#9827 = CARTESIAN_POINT('',(0.,-3.552713678801E-15));
#9828 = DIRECTION('',(0.434035117503,0.900895952246));
#9829 = ( GEOMETRIC_REPRESENTATION_CONTEXT(2) 
PARAMETRIC_REPRESENTATION_CONTEXT() REPRESENTATION_CONTEXT('2D SPACE',''
  ) );
#9830 = PCURVE('',#9831,#9836);
#9831 = CYLINDRICAL_SURFACE('',#9832,26.);
#9832 = AXIS2_PLACEMENT_3D('',#9833,#9834,#9835);
#9833 = CARTESIAN_POINT('',(151.48236720228,27.736257240092,0.));
#9834 = DIRECTION('',(-0.,-0.,-1.));
#9835 = DIRECTION('',(1.,0.,0.));
#9836 = DEFINITIONAL_REPRESENTATION('',(#9837),#9841);
#9837 = LINE('',#9838,#9839);
#9838 = CARTESIAN_POINT('',(-1.121829352151,0.));
#9839 = VECTOR('',#9840,1.);
#9840 = DIRECTION('',(-1.,0.));
#9841 = ( GEOMETRIC_REPRESENTATION_CONTEXT(2) 
PARAMETRIC_REPRESENTATION_CONTEXT() REPRESENTATION_CONTEXT('2D SPACE',''
  ) );
#9842 = FACE_BOUND('',#9843,.F.);
#9843 = EDGE_LOOP('',(#9844));
#9844 = ORIENTED_EDGE('',*,*,#9845,.T.);
#9845 = EDGE_CURVE('',#9846,#9846,#9848,.T.);
#9846 = VERTEX_POINT('',#9847);
#9847 = CARTESIAN_POINT('',(169.24250742011,4.8,0.));
#9848 = SURFACE_CURVE('',#9849,(#9854,#9865),.PCURVE_S1.);
#9849 = CIRCLE('',#9850,1.7);
#9850 = AXIS2_PLACEMENT_3D('',#9851,#9852,#9853);
#9851 = CARTESIAN_POINT('',(167.54250742011,4.8,0.));
#9852 = DIRECTION('',(0.,0.,-1.));
#9853 = DIRECTION('',(1.,0.,0.));
#9854 = PCURVE('',#9599,#9855);
#9855 = DEFINITIONAL_REPRESENTATION('',(#9856),#9864);
#9856 = ( BOUNDED_CURVE() B_SPLINE_CURVE(2,(#9857,#9858,#9859,#9860,
#9861,#9862,#9863),.UNSPECIFIED.,.T.,.F.) B_SPLINE_CURVE_WITH_KNOTS((1,2
    ,2,2,2,1),(-2.094395102393,0.,2.094395102393,4.188790204786,
6.28318530718,8.377580409573),.UNSPECIFIED.) CURVE() 
GEOMETRIC_REPRESENTATION_ITEM() RATIONAL_B_SPLINE_CURVE((1.,0.5,1.,0.5,
1.,0.5,1.)) REPRESENTATION_ITEM('') );
#9857 = CARTESIAN_POINT('',(17.760140217829,-22.93625724009));
#9858 = CARTESIAN_POINT('',(17.760140217829,-25.88074361295));
#9859 = CARTESIAN_POINT('',(15.210140217829,-24.40850042652));
#9860 = CARTESIAN_POINT('',(12.660140217829,-22.93625724009));
#9861 = CARTESIAN_POINT('',(15.210140217829,-21.46401405365));
#9862 = CARTESIAN_POINT('',(17.760140217829,-19.99177086722));
#9863 = CARTESIAN_POINT('',(17.760140217829,-22.93625724009));
#9864 = ( GEOMETRIC_REPRESENTATION_CONTEXT(2) 
PARAMETRIC_REPRESENTATION_CONTEXT() REPRESENTATION_CONTEXT('2D SPACE',''
  ) );
#9865 = PCURVE('',#9866,#9871);
#9866 = CYLINDRICAL_SURFACE('',#9867,1.7);
#9867 = AXIS2_PLACEMENT_3D('',#9868,#9869,#9870);
#9868 = CARTESIAN_POINT('',(167.54250742011,4.8,-31.55));
#9869 = DIRECTION('',(-0.,-0.,-1.));
#9870 = DIRECTION('',(1.,0.,0.));
#9871 = DEFINITIONAL_REPRESENTATION('',(#9872),#9876);
#9872 = LINE('',#9873,#9874);
#9873 = CARTESIAN_POINT('',(-6.28318530718,-31.55));
#9874 = VECTOR('',#9875,1.);
#9875 = DIRECTION('',(1.,-0.));
#9876 = ( GEOMETRIC_REPRESENTATION_CONTEXT(2) 
PARAMETRIC_REPRESENTATION_CONTEXT() REPRESENTATION_CONTEXT('2D SPACE',''
  ) );
#9877 = FACE_BOUND('',#9878,.F.);
#9878 = EDGE_LOOP('',(#9879));
#9879 = ORIENTED_EDGE('',*,*,#9880,.T.);
#9880 = EDGE_CURVE('',#9881,#9881,#9883,.T.);
#9881 = VERTEX_POINT('',#9882);
#9882 = CARTESIAN_POINT('',(172.48236720228,27.736257240092,0.));
#9883 = SURFACE_CURVE('',#9884,(#9889,#9900),.PCURVE_S1.);
#9884 = CIRCLE('',#9885,21.);
#9885 = AXIS2_PLACEMENT_3D('',#9886,#9887,#9888);
#9886 = CARTESIAN_POINT('',(151.48236720228,27.736257240092,0.));
#9887 = DIRECTION('',(0.,0.,-1.));
#9888 = DIRECTION('',(1.,0.,0.));
#9889 = PCURVE('',#9599,#9890);
#9890 = DEFINITIONAL_REPRESENTATION('',(#9891),#9899);
#9891 = ( BOUNDED_CURVE() B_SPLINE_CURVE(2,(#9892,#9893,#9894,#9895,
#9896,#9897,#9898),.UNSPECIFIED.,.T.,.F.) B_SPLINE_CURVE_WITH_KNOTS((1,2
    ,2,2,2,1),(-2.094395102393,0.,2.094395102393,4.188790204786,
6.28318530718,8.377580409573),.UNSPECIFIED.) CURVE() 
GEOMETRIC_REPRESENTATION_ITEM() RATIONAL_B_SPLINE_CURVE((1.,0.5,1.,0.5,
1.,0.5,1.)) REPRESENTATION_ITEM('') );
#9892 = CARTESIAN_POINT('',(21.,-3.552713678801E-15));
#9893 = CARTESIAN_POINT('',(21.,-36.37306695894));
#9894 = CARTESIAN_POINT('',(-10.5,-18.18653347947));
#9895 = CARTESIAN_POINT('',(-42.,-8.696230235219E-15));
#9896 = CARTESIAN_POINT('',(-10.5,18.186533479473));
#9897 = CARTESIAN_POINT('',(21.,36.373066958946));
#9898 = CARTESIAN_POINT('',(21.,-3.552713678801E-15));
#9899 = ( GEOMETRIC_REPRESENTATION_CONTEXT(2) 
PARAMETRIC_REPRESENTATION_CONTEXT() REPRESENTATION_CONTEXT('2D SPACE',''
  ) );
#9900 = PCURVE('',#9901,#9906);
#9901 = CYLINDRICAL_SURFACE('',#9902,21.);
#9902 = AXIS2_PLACEMENT_3D('',#9903,#9904,#9905);
#9903 = CARTESIAN_POINT('',(151.48236720228,27.736257240092,-0.1));
#9904 = DIRECTION('',(-0.,-0.,-1.));
#9905 = DIRECTION('',(1.,0.,0.));
#9906 = DEFINITIONAL_REPRESENTATION('',(#9907),#9911);
#9907 = LINE('',#9908,#9909);
#9908 = CARTESIAN_POINT('',(-6.28318530718,-0.1));
#9909 = VECTOR('',#9910,1.);
#9910 = DIRECTION('',(1.,-0.));
#9911 = ( GEOMETRIC_REPRESENTATION_CONTEXT(2) 
PARAMETRIC_REPRESENTATION_CONTEXT() REPRESENTATION_CONTEXT('2D SPACE',''
  ) );
#9912 = FACE_BOUND('',#9913,.F.);
#9913 = EDGE_LOOP('',(#9914));
#9914 = ORIENTED_EDGE('',*,*,#9915,.T.);
#9915 = EDGE_CURVE('',#9916,#9916,#9918,.T.);
#9916 = VERTEX_POINT('',#9917);
#9917 = CARTESIAN_POINT('',(125.18236720228,27.736257240092,0.));
#9918 = SURFACE_CURVE('',#9919,(#9924,#9935),.PCURVE_S1.);
#9919 = CIRCLE('',#9920,1.7);
#9920 = AXIS2_PLACEMENT_3D('',#9921,#9922,#9923);
#9921 = CARTESIAN_POINT('',(123.48236720228,27.736257240092,0.));
#9922 = DIRECTION('',(0.,0.,-1.));
#9923 = DIRECTION('',(1.,0.,0.));
#9924 = PCURVE('',#9599,#9925);
#9925 = DEFINITIONAL_REPRESENTATION('',(#9926),#9934);
#9926 = ( BOUNDED_CURVE() B_SPLINE_CURVE(2,(#9927,#9928,#9929,#9930,
#9931,#9932,#9933),.UNSPECIFIED.,.T.,.F.) B_SPLINE_CURVE_WITH_KNOTS((1,2
    ,2,2,2,1),(-2.094395102393,0.,2.094395102393,4.188790204786,
6.28318530718,8.377580409573),.UNSPECIFIED.) CURVE() 
GEOMETRIC_REPRESENTATION_ITEM() RATIONAL_B_SPLINE_CURVE((1.,0.5,1.,0.5,
1.,0.5,1.)) REPRESENTATION_ITEM('') );
#9927 = CARTESIAN_POINT('',(-26.3,0.));
#9928 = CARTESIAN_POINT('',(-26.3,-2.944486372867));
#9929 = CARTESIAN_POINT('',(-28.85,-1.472243186434));
#9930 = CARTESIAN_POINT('',(-31.4,-4.163799117101E-16));
#9931 = CARTESIAN_POINT('',(-28.85,1.472243186434));
#9932 = CARTESIAN_POINT('',(-26.3,2.944486372867));
#9933 = CARTESIAN_POINT('',(-26.3,0.));
#9934 = ( GEOMETRIC_REPRESENTATION_CONTEXT(2) 
PARAMETRIC_REPRESENTATION_CONTEXT() REPRESENTATION_CONTEXT('2D SPACE',''
  ) );
#9935 = PCURVE('',#9936,#9941);
#9936 = CYLINDRICAL_SURFACE('',#9937,1.7);
#9937 = AXIS2_PLACEMENT_3D('',#9938,#9939,#9940);
#9938 = CARTESIAN_POINT('',(123.48236720228,27.736257240092,-31.55));
#9939 = DIRECTION('',(-0.,-0.,-1.));
#9940 = DIRECTION('',(1.,0.,0.));
#9941 = DEFINITIONAL_REPRESENTATION('',(#9942),#9946);
#9942 = LINE('',#9943,#9944);
#9943 = CARTESIAN_POINT('',(-6.28318530718,-31.55));
#9944 = VECTOR('',#9945,1.);
#9945 = DIRECTION('',(1.,-0.));
#9946 = ( GEOMETRIC_REPRESENTATION_CONTEXT(2) 
PARAMETRIC_REPRESENTATION_CONTEXT() REPRESENTATION_CONTEXT('2D SPACE',''
  ) );
#9947 = FACE_BOUND('',#9948,.F.);
#9948 = EDGE_LOOP('',(#9949));
#9949 = ORIENTED_EDGE('',*,*,#9950,.T.);
#9950 = EDGE_CURVE('',#9951,#9951,#9953,.T.);
#9951 = VERTEX_POINT('',#9952);
#9952 = CARTESIAN_POINT('',(169.24250742011,50.672514480184,0.));
#9953 = SURFACE_CURVE('',#9954,(#9959,#9970),.PCURVE_S1.);
#9954 = CIRCLE('',#9955,1.7);
#9955 = AXIS2_PLACEMENT_3D('',#9956,#9957,#9958);
#9956 = CARTESIAN_POINT('',(167.54250742011,50.672514480184,0.));
#9957 = DIRECTION('',(0.,0.,-1.));
#9958 = DIRECTION('',(1.,0.,0.));
#9959 = PCURVE('',#9599,#9960);
#9960 = DEFINITIONAL_REPRESENTATION('',(#9961),#9969);
#9961 = ( BOUNDED_CURVE() B_SPLINE_CURVE(2,(#9962,#9963,#9964,#9965,
#9966,#9967,#9968),.UNSPECIFIED.,.T.,.F.) B_SPLINE_CURVE_WITH_KNOTS((1,2
    ,2,2,2,1),(-2.094395102393,0.,2.094395102393,4.188790204786,
6.28318530718,8.377580409573),.UNSPECIFIED.) CURVE() 
GEOMETRIC_REPRESENTATION_ITEM() RATIONAL_B_SPLINE_CURVE((1.,0.5,1.,0.5,
1.,0.5,1.)) REPRESENTATION_ITEM('') );
#9962 = CARTESIAN_POINT('',(17.760140217829,22.936257240092));
#9963 = CARTESIAN_POINT('',(17.760140217829,19.991770867225));
#9964 = CARTESIAN_POINT('',(15.210140217829,21.464014053658));
#9965 = CARTESIAN_POINT('',(12.660140217829,22.936257240092));
#9966 = CARTESIAN_POINT('',(15.210140217829,24.408500426525));
#9967 = CARTESIAN_POINT('',(17.760140217829,25.880743612959));
#9968 = CARTESIAN_POINT('',(17.760140217829,22.936257240092));
#9969 = ( GEOMETRIC_REPRESENTATION_CONTEXT(2) 
PARAMETRIC_REPRESENTATION_CONTEXT() REPRESENTATION_CONTEXT('2D SPACE',''
  ) );
#9970 = PCURVE('',#9971,#9976);
#9971 = CYLINDRICAL_SURFACE('',#9972,1.7);
#9972 = AXIS2_PLACEMENT_3D('',#9973,#9974,#9975);
#9973 = CARTESIAN_POINT('',(167.54250742011,50.672514480184,-31.55));
#9974 = DIRECTION('',(-0.,-0.,-1.));
#9975 = DIRECTION('',(1.,0.,0.));
#9976 = DEFINITIONAL_REPRESENTATION('',(#9977),#9981);
#9977 = LINE('',#9978,#9979);
#9978 = CARTESIAN_POINT('',(-6.28318530718,-31.55));
#9979 = VECTOR('',#9980,1.);
#9980 = DIRECTION('',(1.,-0.));
#9981 = ( GEOMETRIC_REPRESENTATION_CONTEXT(2) 
PARAMETRIC_REPRESENTATION_CONTEXT() REPRESENTATION_CONTEXT('2D SPACE',''
  ) );
#9982 = ADVANCED_FACE('',(#9983),#9686,.T.);
#9983 = FACE_BOUND('',#9984,.F.);
#9984 = EDGE_LOOP('',(#9985,#9986,#9987,#10011));
#9985 = ORIENTED_EDGE('',*,*,#9730,.F.);
#9986 = ORIENTED_EDGE('',*,*,#9672,.F.);
#9987 = ORIENTED_EDGE('',*,*,#9988,.T.);
#9988 = EDGE_CURVE('',#9640,#9989,#9991,.T.);
#9989 = VERTEX_POINT('',#9990);
#9990 = CARTESIAN_POINT('',(125.82236720228,23.545266903668,2.4));
#9991 = SURFACE_CURVE('',#9992,(#9997,#10004),.PCURVE_S1.);
#9992 = CIRCLE('',#9993,4.8);
#9993 = AXIS2_PLACEMENT_3D('',#9994,#9995,#9996);
#9994 = CARTESIAN_POINT('',(123.48236720228,27.736257240092,2.4));
#9995 = DIRECTION('',(0.,0.,1.));
#9996 = DIRECTION('',(1.,0.,0.));
#9997 = PCURVE('',#9686,#9998);
#9998 = DEFINITIONAL_REPRESENTATION('',(#9999),#10003);
#9999 = LINE('',#10000,#10001);
#10000 = CARTESIAN_POINT('',(-0.,-2.4));
#10001 = VECTOR('',#10002,1.);
#10002 = DIRECTION('',(-1.,0.));
#10003 = ( GEOMETRIC_REPRESENTATION_CONTEXT(2) 
PARAMETRIC_REPRESENTATION_CONTEXT() REPRESENTATION_CONTEXT('2D SPACE',''
  ) );
#10004 = PCURVE('',#9656,#10005);
#10005 = DEFINITIONAL_REPRESENTATION('',(#10006),#10010);
#10006 = CIRCLE('',#10007,4.8);
#10007 = AXIS2_PLACEMENT_2D('',#10008,#10009);
#10008 = CARTESIAN_POINT('',(-28.,0.));
#10009 = DIRECTION('',(1.,0.));
#10010 = ( GEOMETRIC_REPRESENTATION_CONTEXT(2) 
PARAMETRIC_REPRESENTATION_CONTEXT() REPRESENTATION_CONTEXT('2D SPACE',''
  ) );
#10011 = ORIENTED_EDGE('',*,*,#10012,.T.);
#10012 = EDGE_CURVE('',#9989,#9731,#10013,.T.);
#10013 = SURFACE_CURVE('',#10014,(#10018,#10025),.PCURVE_S1.);
#10014 = LINE('',#10015,#10016);
#10015 = CARTESIAN_POINT('',(125.82236720228,23.545266903668,0.));
#10016 = VECTOR('',#10017,1.);
#10017 = DIRECTION('',(-0.,-0.,-1.));
#10018 = PCURVE('',#9686,#10019);
#10019 = DEFINITIONAL_REPRESENTATION('',(#10020),#10024);
#10020 = LINE('',#10021,#10022);
#10021 = CARTESIAN_POINT('',(-5.22161315192,0.));
#10022 = VECTOR('',#10023,1.);
#10023 = DIRECTION('',(-0.,1.));
#10024 = ( GEOMETRIC_REPRESENTATION_CONTEXT(2) 
PARAMETRIC_REPRESENTATION_CONTEXT() REPRESENTATION_CONTEXT('2D SPACE',''
  ) );
#10025 = PCURVE('',#9771,#10026);
#10026 = DEFINITIONAL_REPRESENTATION('',(#10027),#10031);
#10027 = LINE('',#10028,#10029);
#10028 = CARTESIAN_POINT('',(-3.303490917144,0.));
#10029 = VECTOR('',#10030,1.);
#10030 = DIRECTION('',(-0.,1.));
#10031 = ( GEOMETRIC_REPRESENTATION_CONTEXT(2) 
PARAMETRIC_REPRESENTATION_CONTEXT() REPRESENTATION_CONTEXT('2D SPACE',''
  ) );
#10032 = ADVANCED_FACE('',(#10033,#10143,#10173,#10203,#10233),#9656,.T.
  );
#10033 = FACE_BOUND('',#10034,.T.);
#10034 = EDGE_LOOP('',(#10035,#10065,#10091,#10092,#10093,#10121));
#10035 = ORIENTED_EDGE('',*,*,#10036,.F.);
#10036 = EDGE_CURVE('',#10037,#10039,#10041,.T.);
#10037 = VERTEX_POINT('',#10038);
#10038 = CARTESIAN_POINT('',(169.63339686072,46.351845394599,2.4));
#10039 = VERTEX_POINT('',#10040);
#10040 = CARTESIAN_POINT('',(169.63339686072,9.120669085584,2.4));
#10041 = SURFACE_CURVE('',#10042,(#10047,#10058),.PCURVE_S1.);
#10042 = CIRCLE('',#10043,26.);
#10043 = AXIS2_PLACEMENT_3D('',#10044,#10045,#10046);
#10044 = CARTESIAN_POINT('',(151.48236720228,27.736257240092,2.4));
#10045 = DIRECTION('',(0.,0.,-1.));
#10046 = DIRECTION('',(0.698116525325,0.715984159789,0.));
#10047 = PCURVE('',#9656,#10048);
#10048 = DEFINITIONAL_REPRESENTATION('',(#10049),#10057);
#10049 = ( BOUNDED_CURVE() B_SPLINE_CURVE(2,(#10050,#10051,#10052,#10053
    ,#10054,#10055,#10056),.UNSPECIFIED.,.T.,.F.) 
B_SPLINE_CURVE_WITH_KNOTS((1,2,2,2,2,1),(-2.094395102393,0.,
    2.094395102393,4.188790204786,6.28318530718,8.377580409573),
.UNSPECIFIED.) CURVE() GEOMETRIC_REPRESENTATION_ITEM() 
RATIONAL_B_SPLINE_CURVE((1.,0.5,1.,0.5,1.,0.5,1.)) REPRESENTATION_ITEM(
  '') );
#10050 = CARTESIAN_POINT('',(18.151029658445,18.615588154507));
#10051 = CARTESIAN_POINT('',(50.39417415483,-12.8229174236));
#10052 = CARTESIAN_POINT('',(7.046057418969,-25.02704686631));
#10053 = CARTESIAN_POINT('',(-36.30205931689,-37.23117630901));
#10054 = CARTESIAN_POINT('',(-25.19708707741,6.411458711805));
#10055 = CARTESIAN_POINT('',(-14.09211483793,50.054093732624));
#10056 = CARTESIAN_POINT('',(18.151029658445,18.615588154507));
#10057 = ( GEOMETRIC_REPRESENTATION_CONTEXT(2) 
PARAMETRIC_REPRESENTATION_CONTEXT() REPRESENTATION_CONTEXT('2D SPACE',''
  ) );
#10058 = PCURVE('',#9831,#10059);
#10059 = DEFINITIONAL_REPRESENTATION('',(#10060),#10064);
#10060 = LINE('',#10061,#10062);
#10061 = CARTESIAN_POINT('',(-7.081218132223,-2.4));
#10062 = VECTOR('',#10063,1.);
#10063 = DIRECTION('',(1.,-0.));
#10064 = ( GEOMETRIC_REPRESENTATION_CONTEXT(2) 
PARAMETRIC_REPRESENTATION_CONTEXT() REPRESENTATION_CONTEXT('2D SPACE',''
  ) );
#10065 = ORIENTED_EDGE('',*,*,#10066,.F.);
#10066 = EDGE_CURVE('',#9612,#10037,#10067,.T.);
#10067 = SURFACE_CURVE('',#10068,(#10073,#10084),.PCURVE_S1.);
#10068 = CIRCLE('',#10069,4.8);
#10069 = AXIS2_PLACEMENT_3D('',#10070,#10071,#10072);
#10070 = CARTESIAN_POINT('',(167.54250742011,50.672514480184,2.4));
#10071 = DIRECTION('',(0.,0.,-1.));
#10072 = DIRECTION('',(-0.994838992237,0.101466149648,0.));
#10073 = PCURVE('',#9656,#10074);
#10074 = DEFINITIONAL_REPRESENTATION('',(#10075),#10083);
#10075 = ( BOUNDED_CURVE() B_SPLINE_CURVE(2,(#10076,#10077,#10078,#10079
    ,#10080,#10081,#10082),.UNSPECIFIED.,.T.,.F.) 
B_SPLINE_CURVE_WITH_KNOTS((1,2,2,2,2,1),(-2.094395102393,0.,
    2.094395102393,4.188790204786,6.28318530718,8.377580409573),
.UNSPECIFIED.) CURVE() GEOMETRIC_REPRESENTATION_ITEM() 
RATIONAL_B_SPLINE_CURVE((1.,0.5,1.,0.5,1.,0.5,1.)) REPRESENTATION_ITEM(
  '') );
#10076 = CARTESIAN_POINT('',(11.284913055091,23.423294758403));
#10077 = CARTESIAN_POINT('',(12.128486781998,31.694230821949));
#10078 = CARTESIAN_POINT('',(18.869540662652,26.828206512709));
#10079 = CARTESIAN_POINT('',(25.610594543307,21.962182203469));
#10080 = CARTESIAN_POINT('',(18.025966935745,18.557270449163));
#10081 = CARTESIAN_POINT('',(10.441339328183,15.152358694857));
#10082 = CARTESIAN_POINT('',(11.284913055091,23.423294758403));
#10083 = ( GEOMETRIC_REPRESENTATION_CONTEXT(2) 
PARAMETRIC_REPRESENTATION_CONTEXT() REPRESENTATION_CONTEXT('2D SPACE',''
  ) );
#10084 = PCURVE('',#9627,#10085);
#10085 = DEFINITIONAL_REPRESENTATION('',(#10086),#10090);
#10086 = LINE('',#10087,#10088);
#10087 = CARTESIAN_POINT('',(-9.323136894107,-2.4));
#10088 = VECTOR('',#10089,1.);
#10089 = DIRECTION('',(1.,-0.));
#10090 = ( GEOMETRIC_REPRESENTATION_CONTEXT(2) 
PARAMETRIC_REPRESENTATION_CONTEXT() REPRESENTATION_CONTEXT('2D SPACE',''
  ) );
#10091 = ORIENTED_EDGE('',*,*,#9639,.F.);
#10092 = ORIENTED_EDGE('',*,*,#9988,.T.);
#10093 = ORIENTED_EDGE('',*,*,#10094,.F.);
#10094 = EDGE_CURVE('',#10095,#9989,#10097,.T.);
#10095 = VERTEX_POINT('',#10096);
#10096 = CARTESIAN_POINT('',(162.76728025737,4.312962481688,2.4));
#10097 = SURFACE_CURVE('',#10098,(#10103,#10114),.PCURVE_S1.);
#10098 = CIRCLE('',#10099,26.);
#10099 = AXIS2_PLACEMENT_3D('',#10100,#10101,#10102);
#10100 = CARTESIAN_POINT('',(151.48236720228,27.736257240092,2.4));
#10101 = DIRECTION('',(0.,0.,-1.));
#10102 = DIRECTION('',(0.698116525325,0.715984159789,0.));
#10103 = PCURVE('',#9656,#10104);
#10104 = DEFINITIONAL_REPRESENTATION('',(#10105),#10113);
#10105 = ( BOUNDED_CURVE() B_SPLINE_CURVE(2,(#10106,#10107,#10108,#10109
    ,#10110,#10111,#10112),.UNSPECIFIED.,.T.,.F.) 
B_SPLINE_CURVE_WITH_KNOTS((1,2,2,2,2,1),(-2.094395102393,0.,
    2.094395102393,4.188790204786,6.28318530718,8.377580409573),
.UNSPECIFIED.) CURVE() GEOMETRIC_REPRESENTATION_ITEM() 
RATIONAL_B_SPLINE_CURVE((1.,0.5,1.,0.5,1.,0.5,1.)) REPRESENTATION_ITEM(
  '') );
#10106 = CARTESIAN_POINT('',(18.151029658445,18.615588154507));
#10107 = CARTESIAN_POINT('',(50.39417415483,-12.8229174236));
#10108 = CARTESIAN_POINT('',(7.046057418969,-25.02704686631));
#10109 = CARTESIAN_POINT('',(-36.30205931689,-37.23117630901));
#10110 = CARTESIAN_POINT('',(-25.19708707741,6.411458711805));
#10111 = CARTESIAN_POINT('',(-14.09211483793,50.054093732624));
#10112 = CARTESIAN_POINT('',(18.151029658445,18.615588154507));
#10113 = ( GEOMETRIC_REPRESENTATION_CONTEXT(2) 
PARAMETRIC_REPRESENTATION_CONTEXT() REPRESENTATION_CONTEXT('2D SPACE',''
  ) );
#10114 = PCURVE('',#9771,#10115);
#10115 = DEFINITIONAL_REPRESENTATION('',(#10116),#10120);
#10116 = LINE('',#10117,#10118);
#10117 = CARTESIAN_POINT('',(-7.081218132223,-2.4));
#10118 = VECTOR('',#10119,1.);
#10119 = DIRECTION('',(1.,-0.));
#10120 = ( GEOMETRIC_REPRESENTATION_CONTEXT(2) 
PARAMETRIC_REPRESENTATION_CONTEXT() REPRESENTATION_CONTEXT('2D SPACE',''
  ) );
#10121 = ORIENTED_EDGE('',*,*,#10122,.T.);
#10122 = EDGE_CURVE('',#10095,#10039,#10123,.T.);
#10123 = SURFACE_CURVE('',#10124,(#10129,#10136),.PCURVE_S1.);
#10124 = CIRCLE('',#10125,4.8);
#10125 = AXIS2_PLACEMENT_3D('',#10126,#10127,#10128);
#10126 = CARTESIAN_POINT('',(167.54250742011,4.8,2.4));
#10127 = DIRECTION('',(0.,0.,1.));
#10128 = DIRECTION('',(-0.994838992237,-0.101466149648,0.));
#10129 = PCURVE('',#9656,#10130);
#10130 = DEFINITIONAL_REPRESENTATION('',(#10131),#10135);
#10131 = CIRCLE('',#10132,4.8);
#10132 = AXIS2_PLACEMENT_2D('',#10133,#10134);
#10133 = CARTESIAN_POINT('',(16.060140217829,-22.93625724009));
#10134 = DIRECTION('',(-0.994838992237,-0.101466149648));
#10135 = ( GEOMETRIC_REPRESENTATION_CONTEXT(2) 
PARAMETRIC_REPRESENTATION_CONTEXT() REPRESENTATION_CONTEXT('2D SPACE',''
  ) );
#10136 = PCURVE('',#9804,#10137);
#10137 = DEFINITIONAL_REPRESENTATION('',(#10138),#10142);
#10138 = LINE('',#10139,#10140);
#10139 = CARTESIAN_POINT('',(-3.243233720253,-2.4));
#10140 = VECTOR('',#10141,1.);
#10141 = DIRECTION('',(-1.,0.));
#10142 = ( GEOMETRIC_REPRESENTATION_CONTEXT(2) 
PARAMETRIC_REPRESENTATION_CONTEXT() REPRESENTATION_CONTEXT('2D SPACE',''
  ) );
#10143 = FACE_BOUND('',#10144,.T.);
#10144 = EDGE_LOOP('',(#10145));
#10145 = ORIENTED_EDGE('',*,*,#10146,.T.);
#10146 = EDGE_CURVE('',#10147,#10147,#10149,.T.);
#10147 = VERTEX_POINT('',#10148);
#10148 = CARTESIAN_POINT('',(169.24250742011,4.8,2.4));
#10149 = SURFACE_CURVE('',#10150,(#10155,#10166),.PCURVE_S1.);
#10150 = CIRCLE('',#10151,1.7);
#10151 = AXIS2_PLACEMENT_3D('',#10152,#10153,#10154);
#10152 = CARTESIAN_POINT('',(167.54250742011,4.8,2.4));
#10153 = DIRECTION('',(0.,0.,-1.));
#10154 = DIRECTION('',(1.,0.,0.));
#10155 = PCURVE('',#9656,#10156);
#10156 = DEFINITIONAL_REPRESENTATION('',(#10157),#10165);
#10157 = ( BOUNDED_CURVE() B_SPLINE_CURVE(2,(#10158,#10159,#10160,#10161
    ,#10162,#10163,#10164),.UNSPECIFIED.,.T.,.F.) 
B_SPLINE_CURVE_WITH_KNOTS((1,2,2,2,2,1),(-2.094395102393,0.,
    2.094395102393,4.188790204786,6.28318530718,8.377580409573),
.UNSPECIFIED.) CURVE() GEOMETRIC_REPRESENTATION_ITEM() 
RATIONAL_B_SPLINE_CURVE((1.,0.5,1.,0.5,1.,0.5,1.)) REPRESENTATION_ITEM(
  '') );
#10158 = CARTESIAN_POINT('',(17.760140217829,-22.93625724009));
#10159 = CARTESIAN_POINT('',(17.760140217829,-25.88074361295));
#10160 = CARTESIAN_POINT('',(15.210140217829,-24.40850042652));
#10161 = CARTESIAN_POINT('',(12.660140217829,-22.93625724009));
#10162 = CARTESIAN_POINT('',(15.210140217829,-21.46401405365));
#10163 = CARTESIAN_POINT('',(17.760140217829,-19.99177086722));
#10164 = CARTESIAN_POINT('',(17.760140217829,-22.93625724009));
#10165 = ( GEOMETRIC_REPRESENTATION_CONTEXT(2) 
PARAMETRIC_REPRESENTATION_CONTEXT() REPRESENTATION_CONTEXT('2D SPACE',''
  ) );
#10166 = PCURVE('',#9866,#10167);
#10167 = DEFINITIONAL_REPRESENTATION('',(#10168),#10172);
#10168 = LINE('',#10169,#10170);
#10169 = CARTESIAN_POINT('',(-6.28318530718,-33.95));
#10170 = VECTOR('',#10171,1.);
#10171 = DIRECTION('',(1.,-0.));
#10172 = ( GEOMETRIC_REPRESENTATION_CONTEXT(2) 
PARAMETRIC_REPRESENTATION_CONTEXT() REPRESENTATION_CONTEXT('2D SPACE',''
  ) );
#10173 = FACE_BOUND('',#10174,.T.);
#10174 = EDGE_LOOP('',(#10175));
#10175 = ORIENTED_EDGE('',*,*,#10176,.T.);
#10176 = EDGE_CURVE('',#10177,#10177,#10179,.T.);
#10177 = VERTEX_POINT('',#10178);
#10178 = CARTESIAN_POINT('',(172.48236720228,27.736257240092,2.4));
#10179 = SURFACE_CURVE('',#10180,(#10185,#10196),.PCURVE_S1.);
#10180 = CIRCLE('',#10181,21.);
#10181 = AXIS2_PLACEMENT_3D('',#10182,#10183,#10184);
#10182 = CARTESIAN_POINT('',(151.48236720228,27.736257240092,2.4));
#10183 = DIRECTION('',(0.,0.,-1.));
#10184 = DIRECTION('',(1.,0.,0.));
#10185 = PCURVE('',#9656,#10186);
#10186 = DEFINITIONAL_REPRESENTATION('',(#10187),#10195);
#10187 = ( BOUNDED_CURVE() B_SPLINE_CURVE(2,(#10188,#10189,#10190,#10191
    ,#10192,#10193,#10194),.UNSPECIFIED.,.T.,.F.) 
B_SPLINE_CURVE_WITH_KNOTS((1,2,2,2,2,1),(-2.094395102393,0.,
    2.094395102393,4.188790204786,6.28318530718,8.377580409573),
.UNSPECIFIED.) CURVE() GEOMETRIC_REPRESENTATION_ITEM() 
RATIONAL_B_SPLINE_CURVE((1.,0.5,1.,0.5,1.,0.5,1.)) REPRESENTATION_ITEM(
  '') );
#10188 = CARTESIAN_POINT('',(21.,-3.552713678801E-15));
#10189 = CARTESIAN_POINT('',(21.,-36.37306695894));
#10190 = CARTESIAN_POINT('',(-10.5,-18.18653347947));
#10191 = CARTESIAN_POINT('',(-42.,-8.696230235219E-15));
#10192 = CARTESIAN_POINT('',(-10.5,18.186533479473));
#10193 = CARTESIAN_POINT('',(21.,36.373066958946));
#10194 = CARTESIAN_POINT('',(21.,-3.552713678801E-15));
#10195 = ( GEOMETRIC_REPRESENTATION_CONTEXT(2) 
PARAMETRIC_REPRESENTATION_CONTEXT() REPRESENTATION_CONTEXT('2D SPACE',''
  ) );
#10196 = PCURVE('',#9901,#10197);
#10197 = DEFINITIONAL_REPRESENTATION('',(#10198),#10202);
#10198 = LINE('',#10199,#10200);
#10199 = CARTESIAN_POINT('',(-6.28318530718,-2.5));
#10200 = VECTOR('',#10201,1.);
#10201 = DIRECTION('',(1.,-0.));
#10202 = ( GEOMETRIC_REPRESENTATION_CONTEXT(2) 
PARAMETRIC_REPRESENTATION_CONTEXT() REPRESENTATION_CONTEXT('2D SPACE',''
  ) );
#10203 = FACE_BOUND('',#10204,.T.);
#10204 = EDGE_LOOP('',(#10205));
#10205 = ORIENTED_EDGE('',*,*,#10206,.T.);
#10206 = EDGE_CURVE('',#10207,#10207,#10209,.T.);
#10207 = VERTEX_POINT('',#10208);
#10208 = CARTESIAN_POINT('',(125.18236720228,27.736257240092,2.4));
#10209 = SURFACE_CURVE('',#10210,(#10215,#10226),.PCURVE_S1.);
#10210 = CIRCLE('',#10211,1.7);
#10211 = AXIS2_PLACEMENT_3D('',#10212,#10213,#10214);
#10212 = CARTESIAN_POINT('',(123.48236720228,27.736257240092,2.4));
#10213 = DIRECTION('',(0.,0.,-1.));
#10214 = DIRECTION('',(1.,0.,0.));
#10215 = PCURVE('',#9656,#10216);
#10216 = DEFINITIONAL_REPRESENTATION('',(#10217),#10225);
#10217 = ( BOUNDED_CURVE() B_SPLINE_CURVE(2,(#10218,#10219,#10220,#10221
    ,#10222,#10223,#10224),.UNSPECIFIED.,.T.,.F.) 
B_SPLINE_CURVE_WITH_KNOTS((1,2,2,2,2,1),(-2.094395102393,0.,
    2.094395102393,4.188790204786,6.28318530718,8.377580409573),
.UNSPECIFIED.) CURVE() GEOMETRIC_REPRESENTATION_ITEM() 
RATIONAL_B_SPLINE_CURVE((1.,0.5,1.,0.5,1.,0.5,1.)) REPRESENTATION_ITEM(
  '') );
#10218 = CARTESIAN_POINT('',(-26.3,0.));
#10219 = CARTESIAN_POINT('',(-26.3,-2.944486372867));
#10220 = CARTESIAN_POINT('',(-28.85,-1.472243186434));
#10221 = CARTESIAN_POINT('',(-31.4,-4.163799117101E-16));
#10222 = CARTESIAN_POINT('',(-28.85,1.472243186434));
#10223 = CARTESIAN_POINT('',(-26.3,2.944486372867));
#10224 = CARTESIAN_POINT('',(-26.3,0.));
#10225 = ( GEOMETRIC_REPRESENTATION_CONTEXT(2) 
PARAMETRIC_REPRESENTATION_CONTEXT() REPRESENTATION_CONTEXT('2D SPACE',''
  ) );
#10226 = PCURVE('',#9936,#10227);
#10227 = DEFINITIONAL_REPRESENTATION('',(#10228),#10232);
#10228 = LINE('',#10229,#10230);
#10229 = CARTESIAN_POINT('',(-6.28318530718,-33.95));
#10230 = VECTOR('',#10231,1.);
#10231 = DIRECTION('',(1.,-0.));
#10232 = ( GEOMETRIC_REPRESENTATION_CONTEXT(2) 
PARAMETRIC_REPRESENTATION_CONTEXT() REPRESENTATION_CONTEXT('2D SPACE',''
  ) );
#10233 = FACE_BOUND('',#10234,.T.);
#10234 = EDGE_LOOP('',(#10235));
#10235 = ORIENTED_EDGE('',*,*,#10236,.T.);
#10236 = EDGE_CURVE('',#10237,#10237,#10239,.T.);
#10237 = VERTEX_POINT('',#10238);
#10238 = CARTESIAN_POINT('',(169.24250742011,50.672514480184,2.4));
#10239 = SURFACE_CURVE('',#10240,(#10245,#10256),.PCURVE_S1.);
#10240 = CIRCLE('',#10241,1.7);
#10241 = AXIS2_PLACEMENT_3D('',#10242,#10243,#10244);
#10242 = CARTESIAN_POINT('',(167.54250742011,50.672514480184,2.4));
#10243 = DIRECTION('',(0.,0.,-1.));
#10244 = DIRECTION('',(1.,0.,0.));
#10245 = PCURVE('',#9656,#10246);
#10246 = DEFINITIONAL_REPRESENTATION('',(#10247),#10255);
#10247 = ( BOUNDED_CURVE() B_SPLINE_CURVE(2,(#10248,#10249,#10250,#10251
    ,#10252,#10253,#10254),.UNSPECIFIED.,.T.,.F.) 
B_SPLINE_CURVE_WITH_KNOTS((1,2,2,2,2,1),(-2.094395102393,0.,
    2.094395102393,4.188790204786,6.28318530718,8.377580409573),
.UNSPECIFIED.) CURVE() GEOMETRIC_REPRESENTATION_ITEM() 
RATIONAL_B_SPLINE_CURVE((1.,0.5,1.,0.5,1.,0.5,1.)) REPRESENTATION_ITEM(
  '') );
#10248 = CARTESIAN_POINT('',(17.760140217829,22.936257240092));
#10249 = CARTESIAN_POINT('',(17.760140217829,19.991770867225));
#10250 = CARTESIAN_POINT('',(15.210140217829,21.464014053658));
#10251 = CARTESIAN_POINT('',(12.660140217829,22.936257240092));
#10252 = CARTESIAN_POINT('',(15.210140217829,24.408500426525));
#10253 = CARTESIAN_POINT('',(17.760140217829,25.880743612959));
#10254 = CARTESIAN_POINT('',(17.760140217829,22.936257240092));
#10255 = ( GEOMETRIC_REPRESENTATION_CONTEXT(2) 
PARAMETRIC_REPRESENTATION_CONTEXT() REPRESENTATION_CONTEXT('2D SPACE',''
  ) );
#10256 = PCURVE('',#9971,#10257);
#10257 = DEFINITIONAL_REPRESENTATION('',(#10258),#10262);
#10258 = LINE('',#10259,#10260);
#10259 = CARTESIAN_POINT('',(-6.28318530718,-33.95));
#10260 = VECTOR('',#10261,1.);
#10261 = DIRECTION('',(1.,-0.));
#10262 = ( GEOMETRIC_REPRESENTATION_CONTEXT(2) 
PARAMETRIC_REPRESENTATION_CONTEXT() REPRESENTATION_CONTEXT('2D SPACE',''
  ) );
#10263 = ADVANCED_FACE('',(#10264),#9627,.T.);
#10264 = FACE_BOUND('',#10265,.F.);
#10265 = EDGE_LOOP('',(#10266,#10267,#10268,#10269));
#10266 = ORIENTED_EDGE('',*,*,#10066,.F.);
#10267 = ORIENTED_EDGE('',*,*,#9611,.T.);
#10268 = ORIENTED_EDGE('',*,*,#9701,.T.);
#10269 = ORIENTED_EDGE('',*,*,#10270,.F.);
#10270 = EDGE_CURVE('',#10037,#9702,#10271,.T.);
#10271 = SURFACE_CURVE('',#10272,(#10276,#10283),.PCURVE_S1.);
#10272 = LINE('',#10273,#10274);
#10273 = CARTESIAN_POINT('',(169.63339686072,46.3518453946,0.));
#10274 = VECTOR('',#10275,1.);
#10275 = DIRECTION('',(-0.,-0.,-1.));
#10276 = PCURVE('',#9627,#10277);
#10277 = DEFINITIONAL_REPRESENTATION('',(#10278),#10282);
#10278 = LINE('',#10279,#10280);
#10279 = CARTESIAN_POINT('',(-5.163095897446,0.));
#10280 = VECTOR('',#10281,1.);
#10281 = DIRECTION('',(-0.,1.));
#10282 = ( GEOMETRIC_REPRESENTATION_CONTEXT(2) 
PARAMETRIC_REPRESENTATION_CONTEXT() REPRESENTATION_CONTEXT('2D SPACE',''
  ) );
#10283 = PCURVE('',#9831,#10284);
#10284 = DEFINITIONAL_REPRESENTATION('',(#10285),#10289);
#10285 = LINE('',#10286,#10287);
#10286 = CARTESIAN_POINT('',(-7.081218132223,0.));
#10287 = VECTOR('',#10288,1.);
#10288 = DIRECTION('',(-0.,1.));
#10289 = ( GEOMETRIC_REPRESENTATION_CONTEXT(2) 
PARAMETRIC_REPRESENTATION_CONTEXT() REPRESENTATION_CONTEXT('2D SPACE',''
  ) );
#10290 = ADVANCED_FACE('',(#10291),#9831,.T.);
#10291 = FACE_BOUND('',#10292,.F.);
#10292 = EDGE_LOOP('',(#10293,#10294,#10315,#10316));
#10293 = ORIENTED_EDGE('',*,*,#9816,.F.);
#10294 = ORIENTED_EDGE('',*,*,#10295,.F.);
#10295 = EDGE_CURVE('',#10039,#9784,#10296,.T.);
#10296 = SURFACE_CURVE('',#10297,(#10301,#10308),.PCURVE_S1.);
#10297 = LINE('',#10298,#10299);
#10298 = CARTESIAN_POINT('',(169.63339686072,9.120669085584,0.));
#10299 = VECTOR('',#10300,1.);
#10300 = DIRECTION('',(-0.,-0.,-1.));
#10301 = PCURVE('',#9831,#10302);
#10302 = DEFINITIONAL_REPRESENTATION('',(#10303),#10307);
#10303 = LINE('',#10304,#10305);
#10304 = CARTESIAN_POINT('',(-5.485152482137,0.));
#10305 = VECTOR('',#10306,1.);
#10306 = DIRECTION('',(-0.,1.));
#10307 = ( GEOMETRIC_REPRESENTATION_CONTEXT(2) 
PARAMETRIC_REPRESENTATION_CONTEXT() REPRESENTATION_CONTEXT('2D SPACE',''
  ) );
#10308 = PCURVE('',#9804,#10309);
#10309 = DEFINITIONAL_REPRESENTATION('',(#10310),#10314);
#10310 = LINE('',#10311,#10312);
#10311 = CARTESIAN_POINT('',(-7.403274716913,0.));
#10312 = VECTOR('',#10313,1.);
#10313 = DIRECTION('',(-0.,1.));
#10314 = ( GEOMETRIC_REPRESENTATION_CONTEXT(2) 
PARAMETRIC_REPRESENTATION_CONTEXT() REPRESENTATION_CONTEXT('2D SPACE',''
  ) );
#10315 = ORIENTED_EDGE('',*,*,#10036,.F.);
#10316 = ORIENTED_EDGE('',*,*,#10270,.T.);
#10317 = ADVANCED_FACE('',(#10318),#9804,.T.);
#10318 = FACE_BOUND('',#10319,.F.);
#10319 = EDGE_LOOP('',(#10320,#10321,#10342,#10343));
#10320 = ORIENTED_EDGE('',*,*,#9783,.T.);
#10321 = ORIENTED_EDGE('',*,*,#10322,.F.);
#10322 = EDGE_CURVE('',#10095,#9755,#10323,.T.);
#10323 = SURFACE_CURVE('',#10324,(#10328,#10335),.PCURVE_S1.);
#10324 = LINE('',#10325,#10326);
#10325 = CARTESIAN_POINT('',(162.76728025737,4.312962481688,0.));
#10326 = VECTOR('',#10327,1.);
#10327 = DIRECTION('',(-0.,-0.,-1.));
#10328 = PCURVE('',#9804,#10329);
#10329 = DEFINITIONAL_REPRESENTATION('',(#10330),#10334);
#10330 = LINE('',#10331,#10332);
#10331 = CARTESIAN_POINT('',(-3.243233720253,0.));
#10332 = VECTOR('',#10333,1.);
#10333 = DIRECTION('',(-0.,1.));
#10334 = ( GEOMETRIC_REPRESENTATION_CONTEXT(2) 
PARAMETRIC_REPRESENTATION_CONTEXT() REPRESENTATION_CONTEXT('2D SPACE',''
  ) );
#10335 = PCURVE('',#9771,#10336);
#10336 = DEFINITIONAL_REPRESENTATION('',(#10337),#10341);
#10337 = LINE('',#10338,#10339);
#10338 = CARTESIAN_POINT('',(-5.161355955029,0.));
#10339 = VECTOR('',#10340,1.);
#10340 = DIRECTION('',(-0.,1.));
#10341 = ( GEOMETRIC_REPRESENTATION_CONTEXT(2) 
PARAMETRIC_REPRESENTATION_CONTEXT() REPRESENTATION_CONTEXT('2D SPACE',''
  ) );
#10342 = ORIENTED_EDGE('',*,*,#10122,.T.);
#10343 = ORIENTED_EDGE('',*,*,#10295,.T.);
#10344 = ADVANCED_FACE('',(#10345),#9771,.T.);
#10345 = FACE_BOUND('',#10346,.F.);
#10346 = EDGE_LOOP('',(#10347,#10348,#10349,#10350));
#10347 = ORIENTED_EDGE('',*,*,#9754,.F.);
#10348 = ORIENTED_EDGE('',*,*,#10012,.F.);
#10349 = ORIENTED_EDGE('',*,*,#10094,.F.);
#10350 = ORIENTED_EDGE('',*,*,#10322,.T.);
#10351 = ADVANCED_FACE('',(#10352),#9866,.F.);
#10352 = FACE_BOUND('',#10353,.T.);
#10353 = EDGE_LOOP('',(#10354,#10355,#10376,#10377));
#10354 = ORIENTED_EDGE('',*,*,#9845,.T.);
#10355 = ORIENTED_EDGE('',*,*,#10356,.T.);
#10356 = EDGE_CURVE('',#9846,#10147,#10357,.T.);
#10357 = SEAM_CURVE('',#10358,(#10362,#10369),.PCURVE_S1.);
#10358 = LINE('',#10359,#10360);
#10359 = CARTESIAN_POINT('',(169.24250742011,4.8,-31.55));
#10360 = VECTOR('',#10361,1.);
#10361 = DIRECTION('',(0.,0.,1.));
#10362 = PCURVE('',#9866,#10363);
#10363 = DEFINITIONAL_REPRESENTATION('',(#10364),#10368);
#10364 = LINE('',#10365,#10366);
#10365 = CARTESIAN_POINT('',(-6.28318530718,0.));
#10366 = VECTOR('',#10367,1.);
#10367 = DIRECTION('',(-0.,-1.));
#10368 = ( GEOMETRIC_REPRESENTATION_CONTEXT(2) 
PARAMETRIC_REPRESENTATION_CONTEXT() REPRESENTATION_CONTEXT('2D SPACE',''
  ) );
#10369 = PCURVE('',#9866,#10370);
#10370 = DEFINITIONAL_REPRESENTATION('',(#10371),#10375);
#10371 = LINE('',#10372,#10373);
#10372 = CARTESIAN_POINT('',(-0.,0.));
#10373 = VECTOR('',#10374,1.);
#10374 = DIRECTION('',(-0.,-1.));
#10375 = ( GEOMETRIC_REPRESENTATION_CONTEXT(2) 
PARAMETRIC_REPRESENTATION_CONTEXT() REPRESENTATION_CONTEXT('2D SPACE',''
  ) );
#10376 = ORIENTED_EDGE('',*,*,#10146,.F.);
#10377 = ORIENTED_EDGE('',*,*,#10356,.F.);
#10378 = ADVANCED_FACE('',(#10379),#9901,.F.);
#10379 = FACE_BOUND('',#10380,.T.);
#10380 = EDGE_LOOP('',(#10381,#10382,#10403,#10404));
#10381 = ORIENTED_EDGE('',*,*,#9880,.T.);
#10382 = ORIENTED_EDGE('',*,*,#10383,.T.);
#10383 = EDGE_CURVE('',#9881,#10177,#10384,.T.);
#10384 = SEAM_CURVE('',#10385,(#10389,#10396),.PCURVE_S1.);
#10385 = LINE('',#10386,#10387);
#10386 = CARTESIAN_POINT('',(172.48236720228,27.736257240092,-0.1));
#10387 = VECTOR('',#10388,1.);
#10388 = DIRECTION('',(0.,0.,1.));
#10389 = PCURVE('',#9901,#10390);
#10390 = DEFINITIONAL_REPRESENTATION('',(#10391),#10395);
#10391 = LINE('',#10392,#10393);
#10392 = CARTESIAN_POINT('',(-6.28318530718,0.));
#10393 = VECTOR('',#10394,1.);
#10394 = DIRECTION('',(-0.,-1.));
#10395 = ( GEOMETRIC_REPRESENTATION_CONTEXT(2) 
PARAMETRIC_REPRESENTATION_CONTEXT() REPRESENTATION_CONTEXT('2D SPACE',''
  ) );
#10396 = PCURVE('',#9901,#10397);
#10397 = DEFINITIONAL_REPRESENTATION('',(#10398),#10402);
#10398 = LINE('',#10399,#10400);
#10399 = CARTESIAN_POINT('',(-0.,0.));
#10400 = VECTOR('',#10401,1.);
#10401 = DIRECTION('',(-0.,-1.));
#10402 = ( GEOMETRIC_REPRESENTATION_CONTEXT(2) 
PARAMETRIC_REPRESENTATION_CONTEXT() REPRESENTATION_CONTEXT('2D SPACE',''
  ) );
#10403 = ORIENTED_EDGE('',*,*,#10176,.F.);
#10404 = ORIENTED_EDGE('',*,*,#10383,.F.);
#10405 = ADVANCED_FACE('',(#10406),#9936,.F.);
#10406 = FACE_BOUND('',#10407,.T.);
#10407 = EDGE_LOOP('',(#10408,#10409,#10430,#10431));
#10408 = ORIENTED_EDGE('',*,*,#9915,.T.);
#10409 = ORIENTED_EDGE('',*,*,#10410,.T.);
#10410 = EDGE_CURVE('',#9916,#10207,#10411,.T.);
#10411 = SEAM_CURVE('',#10412,(#10416,#10423),.PCURVE_S1.);
#10412 = LINE('',#10413,#10414);
#10413 = CARTESIAN_POINT('',(125.18236720228,27.736257240092,-31.55));
#10414 = VECTOR('',#10415,1.);
#10415 = DIRECTION('',(0.,0.,1.));
#10416 = PCURVE('',#9936,#10417);
#10417 = DEFINITIONAL_REPRESENTATION('',(#10418),#10422);
#10418 = LINE('',#10419,#10420);
#10419 = CARTESIAN_POINT('',(-6.28318530718,0.));
#10420 = VECTOR('',#10421,1.);
#10421 = DIRECTION('',(-0.,-1.));
#10422 = ( GEOMETRIC_REPRESENTATION_CONTEXT(2) 
PARAMETRIC_REPRESENTATION_CONTEXT() REPRESENTATION_CONTEXT('2D SPACE',''
  ) );
#10423 = PCURVE('',#9936,#10424);
#10424 = DEFINITIONAL_REPRESENTATION('',(#10425),#10429);
#10425 = LINE('',#10426,#10427);
#10426 = CARTESIAN_POINT('',(-0.,0.));
#10427 = VECTOR('',#10428,1.);
#10428 = DIRECTION('',(-0.,-1.));
#10429 = ( GEOMETRIC_REPRESENTATION_CONTEXT(2) 
PARAMETRIC_REPRESENTATION_CONTEXT() REPRESENTATION_CONTEXT('2D SPACE',''
  ) );
#10430 = ORIENTED_EDGE('',*,*,#10206,.F.);
#10431 = ORIENTED_EDGE('',*,*,#10410,.F.);
#10432 = ADVANCED_FACE('',(#10433),#9971,.F.);
#10433 = FACE_BOUND('',#10434,.T.);
#10434 = EDGE_LOOP('',(#10435,#10436,#10457,#10458));
#10435 = ORIENTED_EDGE('',*,*,#9950,.T.);
#10436 = ORIENTED_EDGE('',*,*,#10437,.T.);
#10437 = EDGE_CURVE('',#9951,#10237,#10438,.T.);
#10438 = SEAM_CURVE('',#10439,(#10443,#10450),.PCURVE_S1.);
#10439 = LINE('',#10440,#10441);
#10440 = CARTESIAN_POINT('',(169.24250742011,50.672514480184,-31.55));
#10441 = VECTOR('',#10442,1.);
#10442 = DIRECTION('',(0.,0.,1.));
#10443 = PCURVE('',#9971,#10444);
#10444 = DEFINITIONAL_REPRESENTATION('',(#10445),#10449);
#10445 = LINE('',#10446,#10447);
#10446 = CARTESIAN_POINT('',(-6.28318530718,0.));
#10447 = VECTOR('',#10448,1.);
#10448 = DIRECTION('',(-0.,-1.));
#10449 = ( GEOMETRIC_REPRESENTATION_CONTEXT(2) 
PARAMETRIC_REPRESENTATION_CONTEXT() REPRESENTATION_CONTEXT('2D SPACE',''
  ) );
#10450 = PCURVE('',#9971,#10451);
#10451 = DEFINITIONAL_REPRESENTATION('',(#10452),#10456);
#10452 = LINE('',#10453,#10454);
#10453 = CARTESIAN_POINT('',(-0.,0.));
#10454 = VECTOR('',#10455,1.);
#10455 = DIRECTION('',(-0.,-1.));
#10456 = ( GEOMETRIC_REPRESENTATION_CONTEXT(2) 
PARAMETRIC_REPRESENTATION_CONTEXT() REPRESENTATION_CONTEXT('2D SPACE',''
  ) );
#10457 = ORIENTED_EDGE('',*,*,#10236,.F.);
#10458 = ORIENTED_EDGE('',*,*,#10437,.F.);
#10459 = ( GEOMETRIC_REPRESENTATION_CONTEXT(3) 
GLOBAL_UNCERTAINTY_ASSIGNED_CONTEXT((#10463)) 
GLOBAL_UNIT_ASSIGNED_CONTEXT((#10460,#10461,#10462)) 
REPRESENTATION_CONTEXT('Context #1',
  '3D Context with UNIT and UNCERTAINTY') );
#10460 = ( LENGTH_UNIT() NAMED_UNIT(*) SI_UNIT(.MILLI.,.METRE.) );
#10461 = ( NAMED_UNIT(*) PLANE_ANGLE_UNIT() SI_UNIT($,.RADIAN.) );
#10462 = ( NAMED_UNIT(*) SI_UNIT($,.STERADIAN.) SOLID_ANGLE_UNIT() );
#10463 = UNCERTAINTY_MEASURE_WITH_UNIT(LENGTH_MEASURE(1.E-07),#10460,
  'distance_accuracy_value','confusion accuracy');
#10464 = CONTEXT_DEPENDENT_SHAPE_REPRESENTATION(#10465,#10467);
#10465 = ( REPRESENTATION_RELATIONSHIP('','',#9568,#10) 
REPRESENTATION_RELATIONSHIP_WITH_TRANSFORMATION(#10466) 
SHAPE_REPRESENTATION_RELATIONSHIP() );
#10466 = ITEM_DEFINED_TRANSFORMATION('','',#11,#23);
#10467 = PRODUCT_DEFINITION_SHAPE('Placement','Placement of an item',
  #10468);
#10468 = NEXT_ASSEMBLY_USAGE_OCCURRENCE('3','','',#5,#9563,$);
#10469 = PRODUCT_RELATED_PRODUCT_CATEGORY('part',$,(#9565));
ENDSEC;
END-ISO-10303-21;
