ISO-10303-21;
HEADER;
FILE_DESCRIPTION(('Open CASCADE Model'),'2;1');
FILE_NAME('Open CASCADE Shape Model','2026-08-25T15:52:17',('Author'),(
    'Open CASCADE'),'Open CASCADE STEP processor 7.9','Open CASCADE 7.9'
  ,'Unknown');
FILE_SCHEMA(('AUTOMOTIVE_DESIGN { 1 0 10303 214 1 1 1 1 }'));
ENDSEC;
DATA;
#1 = APPLICATION_PROTOCOL_DEFINITION('international standard',
  'automotive_design',2000,#2);
#2 = APPLICATION_CONTEXT(
  'core data for automotive mechanical design processes');
#3 = SHAPE_DEFINITION_REPRESENTATION(#4,#10);
#4 = PRODUCT_DEFINITION_SHAPE('','',#5);
#5 = PRODUCT_DEFINITION('design','',#6,#9);
#6 = PRODUCT_DEFINITION_FORMATION('','',#7);
#7 = PRODUCT('Open CASCADE STEP translator 7.9 1',
  'Open CASCADE STEP translator 7.9 1','',(#8));
#8 = PRODUCT_CONTEXT('',#2,'mechanical');
#9 = PRODUCT_DEFINITION_CONTEXT('part definition',#2,'design');
#10 = ADVANCED_BREP_SHAPE_REPRESENTATION('',(#11,#15),#4730);
#11 = AXIS2_PLACEMENT_3D('',#12,#13,#14);
#12 = CARTESIAN_POINT('',(0.,0.,0.));
#13 = DIRECTION('',(0.,0.,1.));
#14 = DIRECTION('',(1.,0.,-0.));
#15 = MANIFOLD_SOLID_BREP('',#16);
#16 = CLOSED_SHELL('',(#17,#293,#679,#756,#803,#858,#912,#937,#992,#1047
    ,#1102,#1175,#1455,#1722,#1770,#1824,#2093,#2356,#2384,#2439,#2478,
    #2482,#2486,#2490,#2518,#2549,#2574,#2621,#2628,#2653,#2722,#2729,
    #2754,#2801,#2808,#2833,#2837,#3546,#3582,#3659,#3736,#3785,#3835,
    #3912,#3989,#4038,#4088,#4165,#4242,#4291,#4341,#4418,#4495,#4544,
    #4594,#4621,#4628,#4655,#4662,#4689,#4696,#4723));
#17 = ADVANCED_FACE('',(#18),#31,.T.);
#18 = FACE_BOUND('',#19,.F.);
#19 = EDGE_LOOP('',(#20,#54,#77,#110,#136,#165,#188,#215,#216,#240,#266,
    #292));
#20 = ORIENTED_EDGE('',*,*,#21,.F.);
#21 = EDGE_CURVE('',#22,#22,#24,.T.);
#22 = VERTEX_POINT('',#23);
#23 = CARTESIAN_POINT('',(23.,0.,1.8));
#24 = SURFACE_CURVE('',#25,(#30,#42),.PCURVE_S1.);
#25 = CIRCLE('',#26,23.);
#26 = AXIS2_PLACEMENT_3D('',#27,#28,#29);
#27 = CARTESIAN_POINT('',(0.,0.,1.8));
#28 = DIRECTION('',(0.,0.,1.));
#29 = DIRECTION('',(1.,0.,0.));
#30 = PCURVE('',#31,#36);
#31 = CYLINDRICAL_SURFACE('',#32,23.);
#32 = AXIS2_PLACEMENT_3D('',#33,#34,#35);
#33 = CARTESIAN_POINT('',(0.,0.,1.8));
#34 = DIRECTION('',(-0.,-0.,-1.));
#35 = DIRECTION('',(1.,0.,0.));
#36 = DEFINITIONAL_REPRESENTATION('',(#37),#41);
#37 = LINE('',#38,#39);
#38 = CARTESIAN_POINT('',(-0.,0.));
#39 = VECTOR('',#40,1.);
#40 = DIRECTION('',(-1.,0.));
#41 = ( GEOMETRIC_REPRESENTATION_CONTEXT(2) 
PARAMETRIC_REPRESENTATION_CONTEXT() REPRESENTATION_CONTEXT('2D SPACE',''
  ) );
#42 = PCURVE('',#43,#48);
#43 = PLANE('',#44);
#44 = AXIS2_PLACEMENT_3D('',#45,#46,#47);
#45 = CARTESIAN_POINT('',(-1.426894051345E-15,1.914892223345E-15,1.8));
#46 = DIRECTION('',(0.,0.,1.));
#47 = DIRECTION('',(1.,0.,-0.));
#48 = DEFINITIONAL_REPRESENTATION('',(#49),#53);
#49 = CIRCLE('',#50,23.);
#50 = AXIS2_PLACEMENT_2D('',#51,#52);
#51 = CARTESIAN_POINT('',(1.426894051345E-15,-1.914892223345E-15));
#52 = DIRECTION('',(1.,0.));
#53 = ( GEOMETRIC_REPRESENTATION_CONTEXT(2) 
PARAMETRIC_REPRESENTATION_CONTEXT() REPRESENTATION_CONTEXT('2D SPACE',''
  ) );
#54 = ORIENTED_EDGE('',*,*,#55,.T.);
#55 = EDGE_CURVE('',#22,#56,#58,.T.);
#56 = VERTEX_POINT('',#57);
#57 = CARTESIAN_POINT('',(23.,0.,2.9));
#58 = SEAM_CURVE('',#59,(#63,#70),.PCURVE_S1.);
#59 = LINE('',#60,#61);
#60 = CARTESIAN_POINT('',(23.,0.,1.8));
#61 = VECTOR('',#62,1.);
#62 = DIRECTION('',(0.,0.,1.));
#63 = PCURVE('',#31,#64);
#64 = DEFINITIONAL_REPRESENTATION('',(#65),#69);
#65 = LINE('',#66,#67);
#66 = CARTESIAN_POINT('',(-6.28318530718,0.));
#67 = VECTOR('',#68,1.);
#68 = DIRECTION('',(-0.,-1.));
#69 = ( GEOMETRIC_REPRESENTATION_CONTEXT(2) 
PARAMETRIC_REPRESENTATION_CONTEXT() REPRESENTATION_CONTEXT('2D SPACE',''
  ) );
#70 = PCURVE('',#31,#71);
#71 = DEFINITIONAL_REPRESENTATION('',(#72),#76);
#72 = LINE('',#73,#74);
#73 = CARTESIAN_POINT('',(-0.,0.));
#74 = VECTOR('',#75,1.);
#75 = DIRECTION('',(-0.,-1.));
#76 = ( GEOMETRIC_REPRESENTATION_CONTEXT(2) 
PARAMETRIC_REPRESENTATION_CONTEXT() REPRESENTATION_CONTEXT('2D SPACE',''
  ) );
#77 = ORIENTED_EDGE('',*,*,#78,.F.);
#78 = EDGE_CURVE('',#79,#56,#81,.T.);
#79 = VERTEX_POINT('',#80);
#80 = CARTESIAN_POINT('',(22.747307532981,3.4,2.9));
#81 = SURFACE_CURVE('',#82,(#87,#94),.PCURVE_S1.);
#82 = CIRCLE('',#83,23.);
#83 = AXIS2_PLACEMENT_3D('',#84,#85,#86);
#84 = CARTESIAN_POINT('',(0.,0.,2.9));
#85 = DIRECTION('',(0.,0.,-1.));
#86 = DIRECTION('',(1.,0.,0.));
#87 = PCURVE('',#31,#88);
#88 = DEFINITIONAL_REPRESENTATION('',(#89),#93);
#89 = LINE('',#90,#91);
#90 = CARTESIAN_POINT('',(-6.28318530718,-1.1));
#91 = VECTOR('',#92,1.);
#92 = DIRECTION('',(1.,-0.));
#93 = ( GEOMETRIC_REPRESENTATION_CONTEXT(2) 
PARAMETRIC_REPRESENTATION_CONTEXT() REPRESENTATION_CONTEXT('2D SPACE',''
  ) );
#94 = PCURVE('',#95,#100);
#95 = PLANE('',#96);
#96 = AXIS2_PLACEMENT_3D('',#97,#98,#99);
#97 = CARTESIAN_POINT('',(22.2,-6.8,2.9));
#98 = DIRECTION('',(0.,0.,1.));
#99 = DIRECTION('',(0.,1.,0.));
#100 = DEFINITIONAL_REPRESENTATION('',(#101),#109);
#101 = ( BOUNDED_CURVE() B_SPLINE_CURVE(2,(#102,#103,#104,#105,#106,#107
,#108),.UNSPECIFIED.,.T.,.F.) B_SPLINE_CURVE_WITH_KNOTS((1,2,2,2,2,1),(
    -2.094395102393,0.,2.094395102393,4.188790204786,6.28318530718,
8.377580409573),.UNSPECIFIED.) CURVE() GEOMETRIC_REPRESENTATION_ITEM() 
RATIONAL_B_SPLINE_CURVE((1.,0.5,1.,0.5,1.,0.5,1.)) REPRESENTATION_ITEM(
  '') );
#102 = CARTESIAN_POINT('',(6.8,-0.8));
#103 = CARTESIAN_POINT('',(-33.03716857408,-0.8));
#104 = CARTESIAN_POINT('',(-13.11858428704,33.7));
#105 = CARTESIAN_POINT('',(6.8,68.2));
#106 = CARTESIAN_POINT('',(26.718584287042,33.7));
#107 = CARTESIAN_POINT('',(46.637168574084,-0.8));
#108 = CARTESIAN_POINT('',(6.8,-0.8));
#109 = ( GEOMETRIC_REPRESENTATION_CONTEXT(2) 
PARAMETRIC_REPRESENTATION_CONTEXT() REPRESENTATION_CONTEXT('2D SPACE',''
  ) );
#110 = ORIENTED_EDGE('',*,*,#111,.F.);
#111 = EDGE_CURVE('',#112,#79,#114,.T.);
#112 = VERTEX_POINT('',#113);
#113 = CARTESIAN_POINT('',(22.747307532981,3.4,7.5));
#114 = SURFACE_CURVE('',#115,(#119,#125),.PCURVE_S1.);
#115 = LINE('',#116,#117);
#116 = CARTESIAN_POINT('',(22.747307532981,3.4,1.8));
#117 = VECTOR('',#118,1.);
#118 = DIRECTION('',(-0.,-0.,-1.));
#119 = PCURVE('',#31,#120);
#120 = DEFINITIONAL_REPRESENTATION('',(#121),#124);
#121 = B_SPLINE_CURVE_WITH_KNOTS('',1,(#122,#123),.UNSPECIFIED.,.F.,.F.,
  (2,2),(-6.16,-0.64),.PIECEWISE_BEZIER_KNOTS.);
#122 = CARTESIAN_POINT('',(-0.148369847472,-6.16));
#123 = CARTESIAN_POINT('',(-0.148369847472,-0.64));
#124 = ( GEOMETRIC_REPRESENTATION_CONTEXT(2) 
PARAMETRIC_REPRESENTATION_CONTEXT() REPRESENTATION_CONTEXT('2D SPACE',''
  ) );
#125 = PCURVE('',#126,#131);
#126 = PLANE('',#127);
#127 = AXIS2_PLACEMENT_3D('',#128,#129,#130);
#128 = CARTESIAN_POINT('',(22.2,3.4,2.9));
#129 = DIRECTION('',(0.,-1.,0.));
#130 = DIRECTION('',(0.,0.,1.));
#131 = DEFINITIONAL_REPRESENTATION('',(#132),#135);
#132 = B_SPLINE_CURVE_WITH_KNOTS('',1,(#133,#134),.UNSPECIFIED.,.F.,.F.,
  (2,2),(-6.16,-0.64),.PIECEWISE_BEZIER_KNOTS.);
#133 = CARTESIAN_POINT('',(5.06,-0.547307532981));
#134 = CARTESIAN_POINT('',(-0.46,-0.547307532981));
#135 = ( GEOMETRIC_REPRESENTATION_CONTEXT(2) 
PARAMETRIC_REPRESENTATION_CONTEXT() REPRESENTATION_CONTEXT('2D SPACE',''
  ) );
#136 = ORIENTED_EDGE('',*,*,#137,.T.);
#137 = EDGE_CURVE('',#112,#138,#140,.T.);
#138 = VERTEX_POINT('',#139);
#139 = CARTESIAN_POINT('',(23.,0.,7.5));
#140 = SURFACE_CURVE('',#141,(#146,#153),.PCURVE_S1.);
#141 = CIRCLE('',#142,23.);
#142 = AXIS2_PLACEMENT_3D('',#143,#144,#145);
#143 = CARTESIAN_POINT('',(0.,0.,7.5));
#144 = DIRECTION('',(0.,0.,-1.));
#145 = DIRECTION('',(1.,0.,0.));
#146 = PCURVE('',#31,#147);
#147 = DEFINITIONAL_REPRESENTATION('',(#148),#152);
#148 = LINE('',#149,#150);
#149 = CARTESIAN_POINT('',(-6.28318530718,-5.7));
#150 = VECTOR('',#151,1.);
#151 = DIRECTION('',(1.,-0.));
#152 = ( GEOMETRIC_REPRESENTATION_CONTEXT(2) 
PARAMETRIC_REPRESENTATION_CONTEXT() REPRESENTATION_CONTEXT('2D SPACE',''
  ) );
#153 = PCURVE('',#154,#159);
#154 = PLANE('',#155);
#155 = AXIS2_PLACEMENT_3D('',#156,#157,#158);
#156 = CARTESIAN_POINT('',(22.2,3.4,7.5));
#157 = DIRECTION('',(0.,0.,-1.));
#158 = DIRECTION('',(0.,-1.,0.));
#159 = DEFINITIONAL_REPRESENTATION('',(#160),#164);
#160 = CIRCLE('',#161,23.);
#161 = AXIS2_PLACEMENT_2D('',#162,#163);
#162 = CARTESIAN_POINT('',(3.4,22.2));
#163 = DIRECTION('',(0.,-1.));
#164 = ( GEOMETRIC_REPRESENTATION_CONTEXT(2) 
PARAMETRIC_REPRESENTATION_CONTEXT() REPRESENTATION_CONTEXT('2D SPACE',''
  ) );
#165 = ORIENTED_EDGE('',*,*,#166,.T.);
#166 = EDGE_CURVE('',#138,#167,#169,.T.);
#167 = VERTEX_POINT('',#168);
#168 = CARTESIAN_POINT('',(23.,0.,12.3));
#169 = SEAM_CURVE('',#170,(#174,#181),.PCURVE_S1.);
#170 = LINE('',#171,#172);
#171 = CARTESIAN_POINT('',(23.,0.,1.8));
#172 = VECTOR('',#173,1.);
#173 = DIRECTION('',(0.,0.,1.));
#174 = PCURVE('',#31,#175);
#175 = DEFINITIONAL_REPRESENTATION('',(#176),#180);
#176 = LINE('',#177,#178);
#177 = CARTESIAN_POINT('',(-6.28318530718,0.));
#178 = VECTOR('',#179,1.);
#179 = DIRECTION('',(-0.,-1.));
#180 = ( GEOMETRIC_REPRESENTATION_CONTEXT(2) 
PARAMETRIC_REPRESENTATION_CONTEXT() REPRESENTATION_CONTEXT('2D SPACE',''
  ) );
#181 = PCURVE('',#31,#182);
#182 = DEFINITIONAL_REPRESENTATION('',(#183),#187);
#183 = LINE('',#184,#185);
#184 = CARTESIAN_POINT('',(-0.,0.));
#185 = VECTOR('',#186,1.);
#186 = DIRECTION('',(-0.,-1.));
#187 = ( GEOMETRIC_REPRESENTATION_CONTEXT(2) 
PARAMETRIC_REPRESENTATION_CONTEXT() REPRESENTATION_CONTEXT('2D SPACE',''
  ) );
#188 = ORIENTED_EDGE('',*,*,#189,.T.);
#189 = EDGE_CURVE('',#167,#167,#190,.T.);
#190 = SURFACE_CURVE('',#191,(#196,#203),.PCURVE_S1.);
#191 = CIRCLE('',#192,23.);
#192 = AXIS2_PLACEMENT_3D('',#193,#194,#195);
#193 = CARTESIAN_POINT('',(0.,0.,12.3));
#194 = DIRECTION('',(0.,0.,1.));
#195 = DIRECTION('',(1.,0.,-0.));
#196 = PCURVE('',#31,#197);
#197 = DEFINITIONAL_REPRESENTATION('',(#198),#202);
#198 = LINE('',#199,#200);
#199 = CARTESIAN_POINT('',(-0.,-10.5));
#200 = VECTOR('',#201,1.);
#201 = DIRECTION('',(-1.,0.));
#202 = ( GEOMETRIC_REPRESENTATION_CONTEXT(2) 
PARAMETRIC_REPRESENTATION_CONTEXT() REPRESENTATION_CONTEXT('2D SPACE',''
  ) );
#203 = PCURVE('',#204,#209);
#204 = TOROIDAL_SURFACE('',#205,21.8,1.2);
#205 = AXIS2_PLACEMENT_3D('',#206,#207,#208);
#206 = CARTESIAN_POINT('',(0.,0.,12.3));
#207 = DIRECTION('',(0.,0.,1.));
#208 = DIRECTION('',(1.,0.,-0.));
#209 = DEFINITIONAL_REPRESENTATION('',(#210),#214);
#210 = LINE('',#211,#212);
#211 = CARTESIAN_POINT('',(0.,0.));
#212 = VECTOR('',#213,1.);
#213 = DIRECTION('',(1.,0.));
#214 = ( GEOMETRIC_REPRESENTATION_CONTEXT(2) 
PARAMETRIC_REPRESENTATION_CONTEXT() REPRESENTATION_CONTEXT('2D SPACE',''
  ) );
#215 = ORIENTED_EDGE('',*,*,#166,.F.);
#216 = ORIENTED_EDGE('',*,*,#217,.T.);
#217 = EDGE_CURVE('',#138,#218,#220,.T.);
#218 = VERTEX_POINT('',#219);
#219 = CARTESIAN_POINT('',(21.971800108321,-6.8,7.5));
#220 = SURFACE_CURVE('',#221,(#226,#233),.PCURVE_S1.);
#221 = CIRCLE('',#222,23.);
#222 = AXIS2_PLACEMENT_3D('',#223,#224,#225);
#223 = CARTESIAN_POINT('',(0.,0.,7.5));
#224 = DIRECTION('',(0.,0.,-1.));
#225 = DIRECTION('',(1.,0.,0.));
#226 = PCURVE('',#31,#227);
#227 = DEFINITIONAL_REPRESENTATION('',(#228),#232);
#228 = LINE('',#229,#230);
#229 = CARTESIAN_POINT('',(-6.28318530718,-5.7));
#230 = VECTOR('',#231,1.);
#231 = DIRECTION('',(1.,-0.));
#232 = ( GEOMETRIC_REPRESENTATION_CONTEXT(2) 
PARAMETRIC_REPRESENTATION_CONTEXT() REPRESENTATION_CONTEXT('2D SPACE',''
  ) );
#233 = PCURVE('',#154,#234);
#234 = DEFINITIONAL_REPRESENTATION('',(#235),#239);
#235 = CIRCLE('',#236,23.);
#236 = AXIS2_PLACEMENT_2D('',#237,#238);
#237 = CARTESIAN_POINT('',(3.4,22.2));
#238 = DIRECTION('',(0.,-1.));
#239 = ( GEOMETRIC_REPRESENTATION_CONTEXT(2) 
PARAMETRIC_REPRESENTATION_CONTEXT() REPRESENTATION_CONTEXT('2D SPACE',''
  ) );
#240 = ORIENTED_EDGE('',*,*,#241,.T.);
#241 = EDGE_CURVE('',#218,#242,#244,.T.);
#242 = VERTEX_POINT('',#243);
#243 = CARTESIAN_POINT('',(21.971800108321,-6.8,2.9));
#244 = SURFACE_CURVE('',#245,(#249,#255),.PCURVE_S1.);
#245 = LINE('',#246,#247);
#246 = CARTESIAN_POINT('',(21.971800108321,-6.8,1.8));
#247 = VECTOR('',#248,1.);
#248 = DIRECTION('',(-0.,-0.,-1.));
#249 = PCURVE('',#31,#250);
#250 = DEFINITIONAL_REPRESENTATION('',(#251),#254);
#251 = B_SPLINE_CURVE_WITH_KNOTS('',1,(#252,#253),.UNSPECIFIED.,.F.,.F.,
  (2,2),(-6.16,-0.64),.PIECEWISE_BEZIER_KNOTS.);
#252 = CARTESIAN_POINT('',(-5.983047167296,-6.16));
#253 = CARTESIAN_POINT('',(-5.983047167296,-0.64));
#254 = ( GEOMETRIC_REPRESENTATION_CONTEXT(2) 
PARAMETRIC_REPRESENTATION_CONTEXT() REPRESENTATION_CONTEXT('2D SPACE',''
  ) );
#255 = PCURVE('',#256,#261);
#256 = PLANE('',#257);
#257 = AXIS2_PLACEMENT_3D('',#258,#259,#260);
#258 = CARTESIAN_POINT('',(22.2,-6.8,7.5));
#259 = DIRECTION('',(-0.,1.,0.));
#260 = DIRECTION('',(0.,0.,-1.));
#261 = DEFINITIONAL_REPRESENTATION('',(#262),#265);
#262 = B_SPLINE_CURVE_WITH_KNOTS('',1,(#263,#264),.UNSPECIFIED.,.F.,.F.,
  (2,2),(-6.16,-0.64),.PIECEWISE_BEZIER_KNOTS.);
#263 = CARTESIAN_POINT('',(-0.46,0.228199891679));
#264 = CARTESIAN_POINT('',(5.06,0.228199891679));
#265 = ( GEOMETRIC_REPRESENTATION_CONTEXT(2) 
PARAMETRIC_REPRESENTATION_CONTEXT() REPRESENTATION_CONTEXT('2D SPACE',''
  ) );
#266 = ORIENTED_EDGE('',*,*,#267,.F.);
#267 = EDGE_CURVE('',#56,#242,#268,.T.);
#268 = SURFACE_CURVE('',#269,(#274,#281),.PCURVE_S1.);
#269 = CIRCLE('',#270,23.);
#270 = AXIS2_PLACEMENT_3D('',#271,#272,#273);
#271 = CARTESIAN_POINT('',(0.,0.,2.9));
#272 = DIRECTION('',(0.,0.,-1.));
#273 = DIRECTION('',(1.,0.,0.));
#274 = PCURVE('',#31,#275);
#275 = DEFINITIONAL_REPRESENTATION('',(#276),#280);
#276 = LINE('',#277,#278);
#277 = CARTESIAN_POINT('',(-6.28318530718,-1.1));
#278 = VECTOR('',#279,1.);
#279 = DIRECTION('',(1.,-0.));
#280 = ( GEOMETRIC_REPRESENTATION_CONTEXT(2) 
PARAMETRIC_REPRESENTATION_CONTEXT() REPRESENTATION_CONTEXT('2D SPACE',''
  ) );
#281 = PCURVE('',#95,#282);
#282 = DEFINITIONAL_REPRESENTATION('',(#283),#291);
#283 = ( BOUNDED_CURVE() B_SPLINE_CURVE(2,(#284,#285,#286,#287,#288,#289
,#290),.UNSPECIFIED.,.T.,.F.) B_SPLINE_CURVE_WITH_KNOTS((1,2,2,2,2,1),(
    -2.094395102393,0.,2.094395102393,4.188790204786,6.28318530718,
8.377580409573),.UNSPECIFIED.) CURVE() GEOMETRIC_REPRESENTATION_ITEM() 
RATIONAL_B_SPLINE_CURVE((1.,0.5,1.,0.5,1.,0.5,1.)) REPRESENTATION_ITEM(
  '') );
#284 = CARTESIAN_POINT('',(6.8,-0.8));
#285 = CARTESIAN_POINT('',(-33.03716857408,-0.8));
#286 = CARTESIAN_POINT('',(-13.11858428704,33.7));
#287 = CARTESIAN_POINT('',(6.8,68.2));
#288 = CARTESIAN_POINT('',(26.718584287042,33.7));
#289 = CARTESIAN_POINT('',(46.637168574084,-0.8));
#290 = CARTESIAN_POINT('',(6.8,-0.8));
#291 = ( GEOMETRIC_REPRESENTATION_CONTEXT(2) 
PARAMETRIC_REPRESENTATION_CONTEXT() REPRESENTATION_CONTEXT('2D SPACE',''
  ) );
#292 = ORIENTED_EDGE('',*,*,#55,.F.);
#293 = ADVANCED_FACE('',(#294,#297,#332,#367,#402,#644),#43,.F.);
#294 = FACE_BOUND('',#295,.F.);
#295 = EDGE_LOOP('',(#296));
#296 = ORIENTED_EDGE('',*,*,#21,.T.);
#297 = FACE_BOUND('',#298,.F.);
#298 = EDGE_LOOP('',(#299));
#299 = ORIENTED_EDGE('',*,*,#300,.T.);
#300 = EDGE_CURVE('',#301,#301,#303,.T.);
#301 = VERTEX_POINT('',#302);
#302 = CARTESIAN_POINT('',(-10.9,-14.9,1.8));
#303 = SURFACE_CURVE('',#304,(#309,#320),.PCURVE_S1.);
#304 = CIRCLE('',#305,1.6);
#305 = AXIS2_PLACEMENT_3D('',#306,#307,#308);
#306 = CARTESIAN_POINT('',(-12.5,-14.9,1.8));
#307 = DIRECTION('',(0.,0.,-1.));
#308 = DIRECTION('',(1.,0.,0.));
#309 = PCURVE('',#43,#310);
#310 = DEFINITIONAL_REPRESENTATION('',(#311),#319);
#311 = ( BOUNDED_CURVE() B_SPLINE_CURVE(2,(#312,#313,#314,#315,#316,#317
,#318),.UNSPECIFIED.,.T.,.F.) B_SPLINE_CURVE_WITH_KNOTS((1,2,2,2,2,1),(
    -2.094395102393,0.,2.094395102393,4.188790204786,6.28318530718,
8.377580409573),.UNSPECIFIED.) CURVE() GEOMETRIC_REPRESENTATION_ITEM() 
RATIONAL_B_SPLINE_CURVE((1.,0.5,1.,0.5,1.,0.5,1.)) REPRESENTATION_ITEM(
  '') );
#312 = CARTESIAN_POINT('',(-10.9,-14.9));
#313 = CARTESIAN_POINT('',(-10.9,-17.67128129211));
#314 = CARTESIAN_POINT('',(-13.3,-16.28564064605));
#315 = CARTESIAN_POINT('',(-15.7,-14.9));
#316 = CARTESIAN_POINT('',(-13.3,-13.51435935394));
#317 = CARTESIAN_POINT('',(-10.9,-12.12871870789));
#318 = CARTESIAN_POINT('',(-10.9,-14.9));
#319 = ( GEOMETRIC_REPRESENTATION_CONTEXT(2) 
PARAMETRIC_REPRESENTATION_CONTEXT() REPRESENTATION_CONTEXT('2D SPACE',''
  ) );
#320 = PCURVE('',#321,#326);
#321 = CYLINDRICAL_SURFACE('',#322,1.6);
#322 = AXIS2_PLACEMENT_3D('',#323,#324,#325);
#323 = CARTESIAN_POINT('',(-12.5,-14.9,1.7));
#324 = DIRECTION('',(-0.,-0.,-1.));
#325 = DIRECTION('',(1.,0.,0.));
#326 = DEFINITIONAL_REPRESENTATION('',(#327),#331);
#327 = LINE('',#328,#329);
#328 = CARTESIAN_POINT('',(-6.28318530718,-0.1));
#329 = VECTOR('',#330,1.);
#330 = DIRECTION('',(1.,-0.));
#331 = ( GEOMETRIC_REPRESENTATION_CONTEXT(2) 
PARAMETRIC_REPRESENTATION_CONTEXT() REPRESENTATION_CONTEXT('2D SPACE',''
  ) );
#332 = FACE_BOUND('',#333,.F.);
#333 = EDGE_LOOP('',(#334));
#334 = ORIENTED_EDGE('',*,*,#335,.T.);
#335 = EDGE_CURVE('',#336,#336,#338,.T.);
#336 = VERTEX_POINT('',#337);
#337 = CARTESIAN_POINT('',(14.1,-14.9,1.8));
#338 = SURFACE_CURVE('',#339,(#344,#355),.PCURVE_S1.);
#339 = CIRCLE('',#340,1.6);
#340 = AXIS2_PLACEMENT_3D('',#341,#342,#343);
#341 = CARTESIAN_POINT('',(12.5,-14.9,1.8));
#342 = DIRECTION('',(0.,0.,-1.));
#343 = DIRECTION('',(1.,0.,0.));
#344 = PCURVE('',#43,#345);
#345 = DEFINITIONAL_REPRESENTATION('',(#346),#354);
#346 = ( BOUNDED_CURVE() B_SPLINE_CURVE(2,(#347,#348,#349,#350,#351,#352
,#353),.UNSPECIFIED.,.T.,.F.) B_SPLINE_CURVE_WITH_KNOTS((1,2,2,2,2,1),(
    -2.094395102393,0.,2.094395102393,4.188790204786,6.28318530718,
8.377580409573),.UNSPECIFIED.) CURVE() GEOMETRIC_REPRESENTATION_ITEM() 
RATIONAL_B_SPLINE_CURVE((1.,0.5,1.,0.5,1.,0.5,1.)) REPRESENTATION_ITEM(
  '') );
#347 = CARTESIAN_POINT('',(14.1,-14.9));
#348 = CARTESIAN_POINT('',(14.1,-17.67128129211));
#349 = CARTESIAN_POINT('',(11.7,-16.28564064605));
#350 = CARTESIAN_POINT('',(9.3,-14.9));
#351 = CARTESIAN_POINT('',(11.7,-13.51435935394));
#352 = CARTESIAN_POINT('',(14.1,-12.12871870789));
#353 = CARTESIAN_POINT('',(14.1,-14.9));
#354 = ( GEOMETRIC_REPRESENTATION_CONTEXT(2) 
PARAMETRIC_REPRESENTATION_CONTEXT() REPRESENTATION_CONTEXT('2D SPACE',''
  ) );
#355 = PCURVE('',#356,#361);
#356 = CYLINDRICAL_SURFACE('',#357,1.6);
#357 = AXIS2_PLACEMENT_3D('',#358,#359,#360);
#358 = CARTESIAN_POINT('',(12.5,-14.9,1.7));
#359 = DIRECTION('',(-0.,-0.,-1.));
#360 = DIRECTION('',(1.,0.,0.));
#361 = DEFINITIONAL_REPRESENTATION('',(#362),#366);
#362 = LINE('',#363,#364);
#363 = CARTESIAN_POINT('',(-6.28318530718,-0.1));
#364 = VECTOR('',#365,1.);
#365 = DIRECTION('',(1.,-0.));
#366 = ( GEOMETRIC_REPRESENTATION_CONTEXT(2) 
PARAMETRIC_REPRESENTATION_CONTEXT() REPRESENTATION_CONTEXT('2D SPACE',''
  ) );
#367 = FACE_BOUND('',#368,.F.);
#368 = EDGE_LOOP('',(#369));
#369 = ORIENTED_EDGE('',*,*,#370,.T.);
#370 = EDGE_CURVE('',#371,#371,#373,.T.);
#371 = VERTEX_POINT('',#372);
#372 = CARTESIAN_POINT('',(-10.9,14.9,1.8));
#373 = SURFACE_CURVE('',#374,(#379,#390),.PCURVE_S1.);
#374 = CIRCLE('',#375,1.6);
#375 = AXIS2_PLACEMENT_3D('',#376,#377,#378);
#376 = CARTESIAN_POINT('',(-12.5,14.9,1.8));
#377 = DIRECTION('',(0.,0.,-1.));
#378 = DIRECTION('',(1.,0.,0.));
#379 = PCURVE('',#43,#380);
#380 = DEFINITIONAL_REPRESENTATION('',(#381),#389);
#381 = ( BOUNDED_CURVE() B_SPLINE_CURVE(2,(#382,#383,#384,#385,#386,#387
,#388),.UNSPECIFIED.,.T.,.F.) B_SPLINE_CURVE_WITH_KNOTS((1,2,2,2,2,1),(
    -2.094395102393,0.,2.094395102393,4.188790204786,6.28318530718,
8.377580409573),.UNSPECIFIED.) CURVE() GEOMETRIC_REPRESENTATION_ITEM() 
RATIONAL_B_SPLINE_CURVE((1.,0.5,1.,0.5,1.,0.5,1.)) REPRESENTATION_ITEM(
  '') );
#382 = CARTESIAN_POINT('',(-10.9,14.9));
#383 = CARTESIAN_POINT('',(-10.9,12.12871870789));
#384 = CARTESIAN_POINT('',(-13.3,13.514359353945));
#385 = CARTESIAN_POINT('',(-15.7,14.9));
#386 = CARTESIAN_POINT('',(-13.3,16.285640646055));
#387 = CARTESIAN_POINT('',(-10.9,17.67128129211));
#388 = CARTESIAN_POINT('',(-10.9,14.9));
#389 = ( GEOMETRIC_REPRESENTATION_CONTEXT(2) 
PARAMETRIC_REPRESENTATION_CONTEXT() REPRESENTATION_CONTEXT('2D SPACE',''
  ) );
#390 = PCURVE('',#391,#396);
#391 = CYLINDRICAL_SURFACE('',#392,1.6);
#392 = AXIS2_PLACEMENT_3D('',#393,#394,#395);
#393 = CARTESIAN_POINT('',(-12.5,14.9,1.7));
#394 = DIRECTION('',(-0.,-0.,-1.));
#395 = DIRECTION('',(1.,0.,0.));
#396 = DEFINITIONAL_REPRESENTATION('',(#397),#401);
#397 = LINE('',#398,#399);
#398 = CARTESIAN_POINT('',(-6.28318530718,-0.1));
#399 = VECTOR('',#400,1.);
#400 = DIRECTION('',(1.,-0.));
#401 = ( GEOMETRIC_REPRESENTATION_CONTEXT(2) 
PARAMETRIC_REPRESENTATION_CONTEXT() REPRESENTATION_CONTEXT('2D SPACE',''
  ) );
#402 = FACE_BOUND('',#403,.F.);
#403 = EDGE_LOOP('',(#404,#435,#468,#497,#530,#559,#588,#617));
#404 = ORIENTED_EDGE('',*,*,#405,.F.);
#405 = EDGE_CURVE('',#406,#408,#410,.T.);
#406 = VERTEX_POINT('',#407);
#407 = CARTESIAN_POINT('',(-11.59761890625,-17.86575595112,1.8));
#408 = VERTEX_POINT('',#409);
#409 = CARTESIAN_POINT('',(11.597618906255,-17.86575595112,1.8));
#410 = SURFACE_CURVE('',#411,(#416,#423),.PCURVE_S1.);
#411 = CIRCLE('',#412,21.3);
#412 = AXIS2_PLACEMENT_3D('',#413,#414,#415);
#413 = CARTESIAN_POINT('',(0.,0.,1.8));
#414 = DIRECTION('',(0.,0.,1.));
#415 = DIRECTION('',(-0.544489150528,-0.838767885029,0.));
#416 = PCURVE('',#43,#417);
#417 = DEFINITIONAL_REPRESENTATION('',(#418),#422);
#418 = CIRCLE('',#419,21.3);
#419 = AXIS2_PLACEMENT_2D('',#420,#421);
#420 = CARTESIAN_POINT('',(1.426894051345E-15,-1.914892223345E-15));
#421 = DIRECTION('',(-0.544489150528,-0.838767885029));
#422 = ( GEOMETRIC_REPRESENTATION_CONTEXT(2) 
PARAMETRIC_REPRESENTATION_CONTEXT() REPRESENTATION_CONTEXT('2D SPACE',''
  ) );
#423 = PCURVE('',#424,#429);
#424 = CYLINDRICAL_SURFACE('',#425,21.3);
#425 = AXIS2_PLACEMENT_3D('',#426,#427,#428);
#426 = CARTESIAN_POINT('',(0.,0.,1.79));
#427 = DIRECTION('',(-0.,-0.,-1.));
#428 = DIRECTION('',(1.,0.,0.));
#429 = DEFINITIONAL_REPRESENTATION('',(#430),#434);
#430 = LINE('',#431,#432);
#431 = CARTESIAN_POINT('',(-4.136609033618,-1.E-02));
#432 = VECTOR('',#433,1.);
#433 = DIRECTION('',(-1.,-0.));
#434 = ( GEOMETRIC_REPRESENTATION_CONTEXT(2) 
PARAMETRIC_REPRESENTATION_CONTEXT() REPRESENTATION_CONTEXT('2D SPACE',''
  ) );
#435 = ORIENTED_EDGE('',*,*,#436,.F.);
#436 = EDGE_CURVE('',#437,#406,#439,.T.);
#437 = VERTEX_POINT('',#438);
#438 = CARTESIAN_POINT('',(-15.57747230085,-14.52695276774,1.8));
#439 = SURFACE_CURVE('',#440,(#445,#456),.PCURVE_S1.);
#440 = CIRCLE('',#441,3.1);
#441 = AXIS2_PLACEMENT_3D('',#442,#443,#444);
#442 = CARTESIAN_POINT('',(-12.5,-14.9,1.8));
#443 = DIRECTION('',(0.,0.,-1.));
#444 = DIRECTION('',(-0.992733000274,0.120337816857,0.));
#445 = PCURVE('',#43,#446);
#446 = DEFINITIONAL_REPRESENTATION('',(#447),#455);
#447 = ( BOUNDED_CURVE() B_SPLINE_CURVE(2,(#448,#449,#450,#451,#452,#453
,#454),.UNSPECIFIED.,.T.,.F.) B_SPLINE_CURVE_WITH_KNOTS((1,2,2,2,2,1),(
    -2.094395102393,0.,2.094395102393,4.188790204786,6.28318530718,
8.377580409573),.UNSPECIFIED.) CURVE() GEOMETRIC_REPRESENTATION_ITEM() 
RATIONAL_B_SPLINE_CURVE((1.,0.5,1.,0.5,1.,0.5,1.)) REPRESENTATION_ITEM(
  '') );
#448 = CARTESIAN_POINT('',(-15.57747230085,-14.52695276774));
#449 = CARTESIAN_POINT('',(-14.93133554095,-9.196614383782));
#450 = CARTESIAN_POINT('',(-10.63819546962,-12.42135442414));
#451 = CARTESIAN_POINT('',(-6.345055398298,-15.64609446451));
#452 = CARTESIAN_POINT('',(-11.28433222952,-17.7516928081));
#453 = CARTESIAN_POINT('',(-16.22360906074,-19.8572911517));
#454 = CARTESIAN_POINT('',(-15.57747230085,-14.52695276774));
#455 = ( GEOMETRIC_REPRESENTATION_CONTEXT(2) 
PARAMETRIC_REPRESENTATION_CONTEXT() REPRESENTATION_CONTEXT('2D SPACE',''
  ) );
#456 = PCURVE('',#457,#462);
#457 = CYLINDRICAL_SURFACE('',#458,3.1);
#458 = AXIS2_PLACEMENT_3D('',#459,#460,#461);
#459 = CARTESIAN_POINT('',(-12.5,-14.9,1.8));
#460 = DIRECTION('',(-0.,-0.,-1.));
#461 = DIRECTION('',(1.,0.,0.));
#462 = DEFINITIONAL_REPRESENTATION('',(#463),#467);
#463 = LINE('',#464,#465);
#464 = CARTESIAN_POINT('',(-9.304147795643,0.));
#465 = VECTOR('',#466,1.);
#466 = DIRECTION('',(1.,-0.));
#467 = ( GEOMETRIC_REPRESENTATION_CONTEXT(2) 
PARAMETRIC_REPRESENTATION_CONTEXT() REPRESENTATION_CONTEXT('2D SPACE',''
  ) );
#468 = ORIENTED_EDGE('',*,*,#469,.F.);
#469 = EDGE_CURVE('',#470,#437,#472,.T.);
#470 = VERTEX_POINT('',#471);
#471 = CARTESIAN_POINT('',(-15.57747230085,14.526952767742,1.8));
#472 = SURFACE_CURVE('',#473,(#478,#485),.PCURVE_S1.);
#473 = CIRCLE('',#474,21.3);
#474 = AXIS2_PLACEMENT_3D('',#475,#476,#477);
#475 = CARTESIAN_POINT('',(0.,0.,1.8));
#476 = DIRECTION('',(0.,0.,1.));
#477 = DIRECTION('',(-0.544489150528,-0.838767885029,0.));
#478 = PCURVE('',#43,#479);
#479 = DEFINITIONAL_REPRESENTATION('',(#480),#484);
#480 = CIRCLE('',#481,21.3);
#481 = AXIS2_PLACEMENT_2D('',#482,#483);
#482 = CARTESIAN_POINT('',(1.426894051345E-15,-1.914892223345E-15));
#483 = DIRECTION('',(-0.544489150528,-0.838767885029));
#484 = ( GEOMETRIC_REPRESENTATION_CONTEXT(2) 
PARAMETRIC_REPRESENTATION_CONTEXT() REPRESENTATION_CONTEXT('2D SPACE',''
  ) );
#485 = PCURVE('',#486,#491);
#486 = CYLINDRICAL_SURFACE('',#487,21.3);
#487 = AXIS2_PLACEMENT_3D('',#488,#489,#490);
#488 = CARTESIAN_POINT('',(0.,0.,1.79));
#489 = DIRECTION('',(-0.,-0.,-1.));
#490 = DIRECTION('',(1.,0.,0.));
#491 = DEFINITIONAL_REPRESENTATION('',(#492),#496);
#492 = LINE('',#493,#494);
#493 = CARTESIAN_POINT('',(-4.136609033618,-1.E-02));
#494 = VECTOR('',#495,1.);
#495 = DIRECTION('',(-1.,-0.));
#496 = ( GEOMETRIC_REPRESENTATION_CONTEXT(2) 
PARAMETRIC_REPRESENTATION_CONTEXT() REPRESENTATION_CONTEXT('2D SPACE',''
  ) );
#497 = ORIENTED_EDGE('',*,*,#498,.F.);
#498 = EDGE_CURVE('',#499,#470,#501,.T.);
#499 = VERTEX_POINT('',#500);
#500 = CARTESIAN_POINT('',(-11.59761890625,17.865755951128,1.8));
#501 = SURFACE_CURVE('',#502,(#507,#518),.PCURVE_S1.);
#502 = CIRCLE('',#503,3.1);
#503 = AXIS2_PLACEMENT_3D('',#504,#505,#506);
#504 = CARTESIAN_POINT('',(-12.5,14.9,1.8));
#505 = DIRECTION('',(0.,0.,-1.));
#506 = DIRECTION('',(0.291090675402,0.956695468106,0.));
#507 = PCURVE('',#43,#508);
#508 = DEFINITIONAL_REPRESENTATION('',(#509),#517);
#509 = ( BOUNDED_CURVE() B_SPLINE_CURVE(2,(#510,#511,#512,#513,#514,#515
,#516),.UNSPECIFIED.,.T.,.F.) B_SPLINE_CURVE_WITH_KNOTS((1,2,2,2,2,1),(
    -2.094395102393,0.,2.094395102393,4.188790204786,6.28318530718,
8.377580409573),.UNSPECIFIED.) CURVE() GEOMETRIC_REPRESENTATION_ITEM() 
RATIONAL_B_SPLINE_CURVE((1.,0.5,1.,0.5,1.,0.5,1.)) REPRESENTATION_ITEM(
  '') );
#510 = CARTESIAN_POINT('',(-11.59761890625,17.865755951128));
#511 = CARTESIAN_POINT('',(-6.460778916052,16.302786048973));
#512 = CARTESIAN_POINT('',(-10.38277055177,12.635637073358));
#513 = CARTESIAN_POINT('',(-14.30476218749,8.968488097744));
#514 = CARTESIAN_POINT('',(-15.51961054197,14.198606975514));
#515 = CARTESIAN_POINT('',(-16.73445889645,19.428725853284));
#516 = CARTESIAN_POINT('',(-11.59761890625,17.865755951128));
#517 = ( GEOMETRIC_REPRESENTATION_CONTEXT(2) 
PARAMETRIC_REPRESENTATION_CONTEXT() REPRESENTATION_CONTEXT('2D SPACE',''
  ) );
#518 = PCURVE('',#519,#524);
#519 = CYLINDRICAL_SURFACE('',#520,3.1);
#520 = AXIS2_PLACEMENT_3D('',#521,#522,#523);
#521 = CARTESIAN_POINT('',(-12.5,14.9,1.8));
#522 = DIRECTION('',(-0.,-0.,-1.));
#523 = DIRECTION('',(1.,0.,0.));
#524 = DEFINITIONAL_REPRESENTATION('',(#525),#529);
#525 = LINE('',#526,#527);
#526 = CARTESIAN_POINT('',(-7.558614949143,0.));
#527 = VECTOR('',#528,1.);
#528 = DIRECTION('',(1.,-0.));
#529 = ( GEOMETRIC_REPRESENTATION_CONTEXT(2) 
PARAMETRIC_REPRESENTATION_CONTEXT() REPRESENTATION_CONTEXT('2D SPACE',''
  ) );
#530 = ORIENTED_EDGE('',*,*,#531,.F.);
#531 = EDGE_CURVE('',#532,#499,#534,.T.);
#532 = VERTEX_POINT('',#533);
#533 = CARTESIAN_POINT('',(11.597618906255,17.865755951128,1.8));
#534 = SURFACE_CURVE('',#535,(#540,#547),.PCURVE_S1.);
#535 = CIRCLE('',#536,21.3);
#536 = AXIS2_PLACEMENT_3D('',#537,#538,#539);
#537 = CARTESIAN_POINT('',(0.,0.,1.8));
#538 = DIRECTION('',(0.,0.,1.));
#539 = DIRECTION('',(-0.544489150528,-0.838767885029,0.));
#540 = PCURVE('',#43,#541);
#541 = DEFINITIONAL_REPRESENTATION('',(#542),#546);
#542 = CIRCLE('',#543,21.3);
#543 = AXIS2_PLACEMENT_2D('',#544,#545);
#544 = CARTESIAN_POINT('',(1.426894051345E-15,-1.914892223345E-15));
#545 = DIRECTION('',(-0.544489150528,-0.838767885029));
#546 = ( GEOMETRIC_REPRESENTATION_CONTEXT(2) 
PARAMETRIC_REPRESENTATION_CONTEXT() REPRESENTATION_CONTEXT('2D SPACE',''
  ) );
#547 = PCURVE('',#548,#553);
#548 = CYLINDRICAL_SURFACE('',#549,21.3);
#549 = AXIS2_PLACEMENT_3D('',#550,#551,#552);
#550 = CARTESIAN_POINT('',(0.,0.,1.79));
#551 = DIRECTION('',(-0.,-0.,-1.));
#552 = DIRECTION('',(1.,0.,0.));
#553 = DEFINITIONAL_REPRESENTATION('',(#554),#558);
#554 = LINE('',#555,#556);
#555 = CARTESIAN_POINT('',(-4.136609033618,-1.E-02));
#556 = VECTOR('',#557,1.);
#557 = DIRECTION('',(-1.,-0.));
#558 = ( GEOMETRIC_REPRESENTATION_CONTEXT(2) 
PARAMETRIC_REPRESENTATION_CONTEXT() REPRESENTATION_CONTEXT('2D SPACE',''
  ) );
#559 = ORIENTED_EDGE('',*,*,#560,.T.);
#560 = EDGE_CURVE('',#532,#561,#563,.T.);
#561 = VERTEX_POINT('',#562);
#562 = CARTESIAN_POINT('',(15.577472300851,14.526952767742,1.8));
#563 = SURFACE_CURVE('',#564,(#569,#576),.PCURVE_S1.);
#564 = CIRCLE('',#565,3.1);
#565 = AXIS2_PLACEMENT_3D('',#566,#567,#568);
#566 = CARTESIAN_POINT('',(12.5,14.9,1.8));
#567 = DIRECTION('',(0.,0.,1.));
#568 = DIRECTION('',(1.,0.,0.));
#569 = PCURVE('',#43,#570);
#570 = DEFINITIONAL_REPRESENTATION('',(#571),#575);
#571 = CIRCLE('',#572,3.1);
#572 = AXIS2_PLACEMENT_2D('',#573,#574);
#573 = CARTESIAN_POINT('',(12.5,14.9));
#574 = DIRECTION('',(1.,0.));
#575 = ( GEOMETRIC_REPRESENTATION_CONTEXT(2) 
PARAMETRIC_REPRESENTATION_CONTEXT() REPRESENTATION_CONTEXT('2D SPACE',''
  ) );
#576 = PCURVE('',#577,#582);
#577 = CYLINDRICAL_SURFACE('',#578,3.1);
#578 = AXIS2_PLACEMENT_3D('',#579,#580,#581);
#579 = CARTESIAN_POINT('',(12.5,14.9,1.8));
#580 = DIRECTION('',(-0.,-0.,-1.));
#581 = DIRECTION('',(1.,0.,0.));
#582 = DEFINITIONAL_REPRESENTATION('',(#583),#587);
#583 = LINE('',#584,#585);
#584 = CARTESIAN_POINT('',(-0.,0.));
#585 = VECTOR('',#586,1.);
#586 = DIRECTION('',(-1.,0.));
#587 = ( GEOMETRIC_REPRESENTATION_CONTEXT(2) 
PARAMETRIC_REPRESENTATION_CONTEXT() REPRESENTATION_CONTEXT('2D SPACE',''
  ) );
#588 = ORIENTED_EDGE('',*,*,#589,.F.);
#589 = EDGE_CURVE('',#590,#561,#592,.T.);
#590 = VERTEX_POINT('',#591);
#591 = CARTESIAN_POINT('',(15.577472300851,-14.52695276774,1.8));
#592 = SURFACE_CURVE('',#593,(#598,#605),.PCURVE_S1.);
#593 = CIRCLE('',#594,21.3);
#594 = AXIS2_PLACEMENT_3D('',#595,#596,#597);
#595 = CARTESIAN_POINT('',(0.,0.,1.8));
#596 = DIRECTION('',(0.,0.,1.));
#597 = DIRECTION('',(-0.544489150528,-0.838767885029,0.));
#598 = PCURVE('',#43,#599);
#599 = DEFINITIONAL_REPRESENTATION('',(#600),#604);
#600 = CIRCLE('',#601,21.3);
#601 = AXIS2_PLACEMENT_2D('',#602,#603);
#602 = CARTESIAN_POINT('',(1.426894051345E-15,-1.914892223345E-15));
#603 = DIRECTION('',(-0.544489150528,-0.838767885029));
#604 = ( GEOMETRIC_REPRESENTATION_CONTEXT(2) 
PARAMETRIC_REPRESENTATION_CONTEXT() REPRESENTATION_CONTEXT('2D SPACE',''
  ) );
#605 = PCURVE('',#606,#611);
#606 = CYLINDRICAL_SURFACE('',#607,21.3);
#607 = AXIS2_PLACEMENT_3D('',#608,#609,#610);
#608 = CARTESIAN_POINT('',(0.,0.,1.79));
#609 = DIRECTION('',(-0.,-0.,-1.));
#610 = DIRECTION('',(1.,0.,0.));
#611 = DEFINITIONAL_REPRESENTATION('',(#612),#616);
#612 = LINE('',#613,#614);
#613 = CARTESIAN_POINT('',(-4.136609033618,-1.E-02));
#614 = VECTOR('',#615,1.);
#615 = DIRECTION('',(-1.,-0.));
#616 = ( GEOMETRIC_REPRESENTATION_CONTEXT(2) 
PARAMETRIC_REPRESENTATION_CONTEXT() REPRESENTATION_CONTEXT('2D SPACE',''
  ) );
#617 = ORIENTED_EDGE('',*,*,#618,.T.);
#618 = EDGE_CURVE('',#590,#408,#619,.T.);
#619 = SURFACE_CURVE('',#620,(#625,#632),.PCURVE_S1.);
#620 = CIRCLE('',#621,3.1);
#621 = AXIS2_PLACEMENT_3D('',#622,#623,#624);
#622 = CARTESIAN_POINT('',(12.5,-14.9,1.8));
#623 = DIRECTION('',(0.,0.,1.));
#624 = DIRECTION('',(1.,0.,0.));
#625 = PCURVE('',#43,#626);
#626 = DEFINITIONAL_REPRESENTATION('',(#627),#631);
#627 = CIRCLE('',#628,3.1);
#628 = AXIS2_PLACEMENT_2D('',#629,#630);
#629 = CARTESIAN_POINT('',(12.5,-14.9));
#630 = DIRECTION('',(1.,0.));
#631 = ( GEOMETRIC_REPRESENTATION_CONTEXT(2) 
PARAMETRIC_REPRESENTATION_CONTEXT() REPRESENTATION_CONTEXT('2D SPACE',''
  ) );
#632 = PCURVE('',#633,#638);
#633 = CYLINDRICAL_SURFACE('',#634,3.1);
#634 = AXIS2_PLACEMENT_3D('',#635,#636,#637);
#635 = CARTESIAN_POINT('',(12.5,-14.9,1.8));
#636 = DIRECTION('',(-0.,-0.,-1.));
#637 = DIRECTION('',(1.,0.,0.));
#638 = DEFINITIONAL_REPRESENTATION('',(#639),#643);
#639 = LINE('',#640,#641);
#640 = CARTESIAN_POINT('',(-0.,0.));
#641 = VECTOR('',#642,1.);
#642 = DIRECTION('',(-1.,0.));
#643 = ( GEOMETRIC_REPRESENTATION_CONTEXT(2) 
PARAMETRIC_REPRESENTATION_CONTEXT() REPRESENTATION_CONTEXT('2D SPACE',''
  ) );
#644 = FACE_BOUND('',#645,.F.);
#645 = EDGE_LOOP('',(#646));
#646 = ORIENTED_EDGE('',*,*,#647,.T.);
#647 = EDGE_CURVE('',#648,#648,#650,.T.);
#648 = VERTEX_POINT('',#649);
#649 = CARTESIAN_POINT('',(14.1,14.9,1.8));
#650 = SURFACE_CURVE('',#651,(#656,#667),.PCURVE_S1.);
#651 = CIRCLE('',#652,1.6);
#652 = AXIS2_PLACEMENT_3D('',#653,#654,#655);
#653 = CARTESIAN_POINT('',(12.5,14.9,1.8));
#654 = DIRECTION('',(0.,0.,-1.));
#655 = DIRECTION('',(1.,0.,0.));
#656 = PCURVE('',#43,#657);
#657 = DEFINITIONAL_REPRESENTATION('',(#658),#666);
#658 = ( BOUNDED_CURVE() B_SPLINE_CURVE(2,(#659,#660,#661,#662,#663,#664
,#665),.UNSPECIFIED.,.T.,.F.) B_SPLINE_CURVE_WITH_KNOTS((1,2,2,2,2,1),(
    -2.094395102393,0.,2.094395102393,4.188790204786,6.28318530718,
8.377580409573),.UNSPECIFIED.) CURVE() GEOMETRIC_REPRESENTATION_ITEM() 
RATIONAL_B_SPLINE_CURVE((1.,0.5,1.,0.5,1.,0.5,1.)) REPRESENTATION_ITEM(
  '') );
#659 = CARTESIAN_POINT('',(14.1,14.9));
#660 = CARTESIAN_POINT('',(14.1,12.12871870789));
#661 = CARTESIAN_POINT('',(11.7,13.514359353945));
#662 = CARTESIAN_POINT('',(9.3,14.9));
#663 = CARTESIAN_POINT('',(11.7,16.285640646055));
#664 = CARTESIAN_POINT('',(14.1,17.67128129211));
#665 = CARTESIAN_POINT('',(14.1,14.9));
#666 = ( GEOMETRIC_REPRESENTATION_CONTEXT(2) 
PARAMETRIC_REPRESENTATION_CONTEXT() REPRESENTATION_CONTEXT('2D SPACE',''
  ) );
#667 = PCURVE('',#668,#673);
#668 = CYLINDRICAL_SURFACE('',#669,1.6);
#669 = AXIS2_PLACEMENT_3D('',#670,#671,#672);
#670 = CARTESIAN_POINT('',(12.5,14.9,1.7));
#671 = DIRECTION('',(-0.,-0.,-1.));
#672 = DIRECTION('',(1.,0.,0.));
#673 = DEFINITIONAL_REPRESENTATION('',(#674),#678);
#674 = LINE('',#675,#676);
#675 = CARTESIAN_POINT('',(-6.28318530718,-0.1));
#676 = VECTOR('',#677,1.);
#677 = DIRECTION('',(1.,-0.));
#678 = ( GEOMETRIC_REPRESENTATION_CONTEXT(2) 
PARAMETRIC_REPRESENTATION_CONTEXT() REPRESENTATION_CONTEXT('2D SPACE',''
  ) );
#679 = ADVANCED_FACE('',(#680),#95,.T.);
#680 = FACE_BOUND('',#681,.T.);
#681 = EDGE_LOOP('',(#682,#705,#706,#707,#730));
#682 = ORIENTED_EDGE('',*,*,#683,.F.);
#683 = EDGE_CURVE('',#242,#684,#686,.T.);
#684 = VERTEX_POINT('',#685);
#685 = CARTESIAN_POINT('',(20.185390756683,-6.8,2.9));
#686 = SURFACE_CURVE('',#687,(#691,#698),.PCURVE_S1.);
#687 = LINE('',#688,#689);
#688 = CARTESIAN_POINT('',(25.2,-6.8,2.9));
#689 = VECTOR('',#690,1.);
#690 = DIRECTION('',(-1.,0.,0.));
#691 = PCURVE('',#95,#692);
#692 = DEFINITIONAL_REPRESENTATION('',(#693),#697);
#693 = LINE('',#694,#695);
#694 = CARTESIAN_POINT('',(0.,-3.));
#695 = VECTOR('',#696,1.);
#696 = DIRECTION('',(0.,1.));
#697 = ( GEOMETRIC_REPRESENTATION_CONTEXT(2) 
PARAMETRIC_REPRESENTATION_CONTEXT() REPRESENTATION_CONTEXT('2D SPACE',''
  ) );
#698 = PCURVE('',#256,#699);
#699 = DEFINITIONAL_REPRESENTATION('',(#700),#704);
#700 = LINE('',#701,#702);
#701 = CARTESIAN_POINT('',(4.6,-3.));
#702 = VECTOR('',#703,1.);
#703 = DIRECTION('',(0.,1.));
#704 = ( GEOMETRIC_REPRESENTATION_CONTEXT(2) 
PARAMETRIC_REPRESENTATION_CONTEXT() REPRESENTATION_CONTEXT('2D SPACE',''
  ) );
#705 = ORIENTED_EDGE('',*,*,#267,.F.);
#706 = ORIENTED_EDGE('',*,*,#78,.F.);
#707 = ORIENTED_EDGE('',*,*,#708,.F.);
#708 = EDGE_CURVE('',#709,#79,#711,.T.);
#709 = VERTEX_POINT('',#710);
#710 = CARTESIAN_POINT('',(21.026887549041,3.4,2.9));
#711 = SURFACE_CURVE('',#712,(#716,#723),.PCURVE_S1.);
#712 = LINE('',#713,#714);
#713 = CARTESIAN_POINT('',(19.2,3.4,2.9));
#714 = VECTOR('',#715,1.);
#715 = DIRECTION('',(1.,0.,0.));
#716 = PCURVE('',#95,#717);
#717 = DEFINITIONAL_REPRESENTATION('',(#718),#722);
#718 = LINE('',#719,#720);
#719 = CARTESIAN_POINT('',(10.2,3.));
#720 = VECTOR('',#721,1.);
#721 = DIRECTION('',(0.,-1.));
#722 = ( GEOMETRIC_REPRESENTATION_CONTEXT(2) 
PARAMETRIC_REPRESENTATION_CONTEXT() REPRESENTATION_CONTEXT('2D SPACE',''
  ) );
#723 = PCURVE('',#126,#724);
#724 = DEFINITIONAL_REPRESENTATION('',(#725),#729);
#725 = LINE('',#726,#727);
#726 = CARTESIAN_POINT('',(0.,3.));
#727 = VECTOR('',#728,1.);
#728 = DIRECTION('',(0.,-1.));
#729 = ( GEOMETRIC_REPRESENTATION_CONTEXT(2) 
PARAMETRIC_REPRESENTATION_CONTEXT() REPRESENTATION_CONTEXT('2D SPACE',''
  ) );
#730 = ORIENTED_EDGE('',*,*,#731,.T.);
#731 = EDGE_CURVE('',#709,#684,#732,.T.);
#732 = SURFACE_CURVE('',#733,(#738,#749),.PCURVE_S1.);
#733 = CIRCLE('',#734,21.3);
#734 = AXIS2_PLACEMENT_3D('',#735,#736,#737);
#735 = CARTESIAN_POINT('',(0.,0.,2.9));
#736 = DIRECTION('',(0.,0.,-1.));
#737 = DIRECTION('',(0.987177819204,0.159624413146,0.));
#738 = PCURVE('',#95,#739);
#739 = DEFINITIONAL_REPRESENTATION('',(#740),#748);
#740 = ( BOUNDED_CURVE() B_SPLINE_CURVE(2,(#741,#742,#743,#744,#745,#746
,#747),.UNSPECIFIED.,.T.,.F.) B_SPLINE_CURVE_WITH_KNOTS((1,2,2,2,2,1),(
    -2.094395102393,0.,2.094395102393,4.188790204786,6.28318530718,
8.377580409573),.UNSPECIFIED.) CURVE() GEOMETRIC_REPRESENTATION_ITEM() 
RATIONAL_B_SPLINE_CURVE((1.,0.5,1.,0.5,1.,0.5,1.)) REPRESENTATION_ITEM(
  '') );
#741 = CARTESIAN_POINT('',(10.2,1.173112450959));
#742 = CARTESIAN_POINT('',(-26.21963755997,-4.715860294775));
#743 = CARTESIAN_POINT('',(-13.10981877998,29.768957401653));
#744 = CARTESIAN_POINT('',(-4.440892098501E-15,64.253775098081));
#745 = CARTESIAN_POINT('',(23.309818779988,35.657930147387));
#746 = CARTESIAN_POINT('',(46.619637559976,7.062085196694));
#747 = CARTESIAN_POINT('',(10.2,1.173112450959));
#748 = ( GEOMETRIC_REPRESENTATION_CONTEXT(2) 
PARAMETRIC_REPRESENTATION_CONTEXT() REPRESENTATION_CONTEXT('2D SPACE',''
  ) );
#749 = PCURVE('',#606,#750);
#750 = DEFINITIONAL_REPRESENTATION('',(#751),#755);
#751 = LINE('',#752,#753);
#752 = CARTESIAN_POINT('',(-6.44349548317,-1.11));
#753 = VECTOR('',#754,1.);
#754 = DIRECTION('',(1.,-0.));
#755 = ( GEOMETRIC_REPRESENTATION_CONTEXT(2) 
PARAMETRIC_REPRESENTATION_CONTEXT() REPRESENTATION_CONTEXT('2D SPACE',''
  ) );
#756 = ADVANCED_FACE('',(#757),#256,.T.);
#757 = FACE_BOUND('',#758,.T.);
#758 = EDGE_LOOP('',(#759,#782,#783,#784));
#759 = ORIENTED_EDGE('',*,*,#760,.F.);
#760 = EDGE_CURVE('',#218,#761,#763,.T.);
#761 = VERTEX_POINT('',#762);
#762 = CARTESIAN_POINT('',(20.185390756683,-6.8,7.5));
#763 = SURFACE_CURVE('',#764,(#768,#775),.PCURVE_S1.);
#764 = LINE('',#765,#766);
#765 = CARTESIAN_POINT('',(25.2,-6.8,7.5));
#766 = VECTOR('',#767,1.);
#767 = DIRECTION('',(-1.,0.,0.));
#768 = PCURVE('',#256,#769);
#769 = DEFINITIONAL_REPRESENTATION('',(#770),#774);
#770 = LINE('',#771,#772);
#771 = CARTESIAN_POINT('',(0.,-3.));
#772 = VECTOR('',#773,1.);
#773 = DIRECTION('',(0.,1.));
#774 = ( GEOMETRIC_REPRESENTATION_CONTEXT(2) 
PARAMETRIC_REPRESENTATION_CONTEXT() REPRESENTATION_CONTEXT('2D SPACE',''
  ) );
#775 = PCURVE('',#154,#776);
#776 = DEFINITIONAL_REPRESENTATION('',(#777),#781);
#777 = LINE('',#778,#779);
#778 = CARTESIAN_POINT('',(10.2,-3.));
#779 = VECTOR('',#780,1.);
#780 = DIRECTION('',(0.,1.));
#781 = ( GEOMETRIC_REPRESENTATION_CONTEXT(2) 
PARAMETRIC_REPRESENTATION_CONTEXT() REPRESENTATION_CONTEXT('2D SPACE',''
  ) );
#782 = ORIENTED_EDGE('',*,*,#241,.T.);
#783 = ORIENTED_EDGE('',*,*,#683,.T.);
#784 = ORIENTED_EDGE('',*,*,#785,.F.);
#785 = EDGE_CURVE('',#761,#684,#786,.T.);
#786 = SURFACE_CURVE('',#787,(#791,#797),.PCURVE_S1.);
#787 = LINE('',#788,#789);
#788 = CARTESIAN_POINT('',(20.185390756683,-6.8,1.79));
#789 = VECTOR('',#790,1.);
#790 = DIRECTION('',(-0.,-0.,-1.));
#791 = PCURVE('',#256,#792);
#792 = DEFINITIONAL_REPRESENTATION('',(#793),#796);
#793 = B_SPLINE_CURVE_WITH_KNOTS('',1,(#794,#795),.UNSPECIFIED.,.F.,.F.,
  (2,2),(-6.17,-0.65),.PIECEWISE_BEZIER_KNOTS.);
#794 = CARTESIAN_POINT('',(-0.46,2.014609243317));
#795 = CARTESIAN_POINT('',(5.06,2.014609243317));
#796 = ( GEOMETRIC_REPRESENTATION_CONTEXT(2) 
PARAMETRIC_REPRESENTATION_CONTEXT() REPRESENTATION_CONTEXT('2D SPACE',''
  ) );
#797 = PCURVE('',#606,#798);
#798 = DEFINITIONAL_REPRESENTATION('',(#799),#802);
#799 = B_SPLINE_CURVE_WITH_KNOTS('',1,(#800,#801),.UNSPECIFIED.,.F.,.F.,
  (2,2),(-5.71,-1.11),.PIECEWISE_BEZIER_KNOTS.);
#800 = CARTESIAN_POINT('',(-5.958248578304,-5.71));
#801 = CARTESIAN_POINT('',(-5.958248578304,-1.11));
#802 = ( GEOMETRIC_REPRESENTATION_CONTEXT(2) 
PARAMETRIC_REPRESENTATION_CONTEXT() REPRESENTATION_CONTEXT('2D SPACE',''
  ) );
#803 = ADVANCED_FACE('',(#804),#154,.T.);
#804 = FACE_BOUND('',#805,.T.);
#805 = EDGE_LOOP('',(#806,#829,#830,#831,#832));
#806 = ORIENTED_EDGE('',*,*,#807,.T.);
#807 = EDGE_CURVE('',#808,#112,#810,.T.);
#808 = VERTEX_POINT('',#809);
#809 = CARTESIAN_POINT('',(21.026887549041,3.4,7.5));
#810 = SURFACE_CURVE('',#811,(#815,#822),.PCURVE_S1.);
#811 = LINE('',#812,#813);
#812 = CARTESIAN_POINT('',(19.2,3.4,7.5));
#813 = VECTOR('',#814,1.);
#814 = DIRECTION('',(1.,0.,0.));
#815 = PCURVE('',#154,#816);
#816 = DEFINITIONAL_REPRESENTATION('',(#817),#821);
#817 = LINE('',#818,#819);
#818 = CARTESIAN_POINT('',(0.,3.));
#819 = VECTOR('',#820,1.);
#820 = DIRECTION('',(0.,-1.));
#821 = ( GEOMETRIC_REPRESENTATION_CONTEXT(2) 
PARAMETRIC_REPRESENTATION_CONTEXT() REPRESENTATION_CONTEXT('2D SPACE',''
  ) );
#822 = PCURVE('',#126,#823);
#823 = DEFINITIONAL_REPRESENTATION('',(#824),#828);
#824 = LINE('',#825,#826);
#825 = CARTESIAN_POINT('',(4.6,3.));
#826 = VECTOR('',#827,1.);
#827 = DIRECTION('',(0.,-1.));
#828 = ( GEOMETRIC_REPRESENTATION_CONTEXT(2) 
PARAMETRIC_REPRESENTATION_CONTEXT() REPRESENTATION_CONTEXT('2D SPACE',''
  ) );
#829 = ORIENTED_EDGE('',*,*,#137,.T.);
#830 = ORIENTED_EDGE('',*,*,#217,.T.);
#831 = ORIENTED_EDGE('',*,*,#760,.T.);
#832 = ORIENTED_EDGE('',*,*,#833,.T.);
#833 = EDGE_CURVE('',#761,#808,#834,.T.);
#834 = SURFACE_CURVE('',#835,(#840,#851),.PCURVE_S1.);
#835 = CIRCLE('',#836,21.3);
#836 = AXIS2_PLACEMENT_3D('',#837,#838,#839);
#837 = CARTESIAN_POINT('',(0.,0.,7.5));
#838 = DIRECTION('',(-0.,0.,1.));
#839 = DIRECTION('',(0.947670927544,-0.319248826291,0.));
#840 = PCURVE('',#154,#841);
#841 = DEFINITIONAL_REPRESENTATION('',(#842),#850);
#842 = ( BOUNDED_CURVE() B_SPLINE_CURVE(2,(#843,#844,#845,#846,#847,#848
,#849),.UNSPECIFIED.,.T.,.F.) B_SPLINE_CURVE_WITH_KNOTS((1,2,2,2,2,1),(
    -2.094395102393,0.,2.094395102393,4.188790204786,6.28318530718,
8.377580409573),.UNSPECIFIED.) CURVE() GEOMETRIC_REPRESENTATION_ITEM() 
RATIONAL_B_SPLINE_CURVE((1.,0.5,1.,0.5,1.,0.5,1.)) REPRESENTATION_ITEM(
  '') );
#843 = CARTESIAN_POINT('',(10.2,2.014609243317));
#844 = CARTESIAN_POINT('',(-24.7621223612,-9.763336248152));
#845 = CARTESIAN_POINT('',(-17.4810611806,26.403722632608));
#846 = CARTESIAN_POINT('',(-10.2,62.570781513367));
#847 = CARTESIAN_POINT('',(17.481061180603,38.181668124076));
#848 = CARTESIAN_POINT('',(45.162122361207,13.792554734785));
#849 = CARTESIAN_POINT('',(10.2,2.014609243317));
#850 = ( GEOMETRIC_REPRESENTATION_CONTEXT(2) 
PARAMETRIC_REPRESENTATION_CONTEXT() REPRESENTATION_CONTEXT('2D SPACE',''
  ) );
#851 = PCURVE('',#606,#852);
#852 = DEFINITIONAL_REPRESENTATION('',(#853),#857);
#853 = LINE('',#854,#855);
#854 = CARTESIAN_POINT('',(-5.958248578304,-5.71));
#855 = VECTOR('',#856,1.);
#856 = DIRECTION('',(-1.,-0.));
#857 = ( GEOMETRIC_REPRESENTATION_CONTEXT(2) 
PARAMETRIC_REPRESENTATION_CONTEXT() REPRESENTATION_CONTEXT('2D SPACE',''
  ) );
#858 = ADVANCED_FACE('',(#859),#204,.T.);
#859 = FACE_BOUND('',#860,.T.);
#860 = EDGE_LOOP('',(#861,#883,#884,#885));
#861 = ORIENTED_EDGE('',*,*,#862,.F.);
#862 = EDGE_CURVE('',#167,#863,#865,.T.);
#863 = VERTEX_POINT('',#864);
#864 = CARTESIAN_POINT('',(21.8,0.,13.5));
#865 = SEAM_CURVE('',#866,(#871,#877),.PCURVE_S1.);
#866 = CIRCLE('',#867,1.2);
#867 = AXIS2_PLACEMENT_3D('',#868,#869,#870);
#868 = CARTESIAN_POINT('',(21.8,0.,12.3));
#869 = DIRECTION('',(0.,-1.,0.));
#870 = DIRECTION('',(1.,0.,0.));
#871 = PCURVE('',#204,#872);
#872 = DEFINITIONAL_REPRESENTATION('',(#873),#876);
#873 = B_SPLINE_CURVE_WITH_KNOTS('',1,(#874,#875),.UNSPECIFIED.,.F.,.F.,
  (2,2),(0.,1.570796326795),.PIECEWISE_BEZIER_KNOTS.);
#874 = CARTESIAN_POINT('',(0.,0.));
#875 = CARTESIAN_POINT('',(0.,1.570796326795));
#876 = ( GEOMETRIC_REPRESENTATION_CONTEXT(2) 
PARAMETRIC_REPRESENTATION_CONTEXT() REPRESENTATION_CONTEXT('2D SPACE',''
  ) );
#877 = PCURVE('',#204,#878);
#878 = DEFINITIONAL_REPRESENTATION('',(#879),#882);
#879 = B_SPLINE_CURVE_WITH_KNOTS('',1,(#880,#881),.UNSPECIFIED.,.F.,.F.,
  (2,2),(0.,1.570796326795),.PIECEWISE_BEZIER_KNOTS.);
#880 = CARTESIAN_POINT('',(6.28318530718,0.));
#881 = CARTESIAN_POINT('',(6.28318530718,1.570796326795));
#882 = ( GEOMETRIC_REPRESENTATION_CONTEXT(2) 
PARAMETRIC_REPRESENTATION_CONTEXT() REPRESENTATION_CONTEXT('2D SPACE',''
  ) );
#883 = ORIENTED_EDGE('',*,*,#189,.T.);
#884 = ORIENTED_EDGE('',*,*,#862,.T.);
#885 = ORIENTED_EDGE('',*,*,#886,.F.);
#886 = EDGE_CURVE('',#863,#863,#887,.T.);
#887 = SURFACE_CURVE('',#888,(#893,#900),.PCURVE_S1.);
#888 = CIRCLE('',#889,21.8);
#889 = AXIS2_PLACEMENT_3D('',#890,#891,#892);
#890 = CARTESIAN_POINT('',(0.,0.,13.5));
#891 = DIRECTION('',(0.,0.,1.));
#892 = DIRECTION('',(1.,0.,-0.));
#893 = PCURVE('',#204,#894);
#894 = DEFINITIONAL_REPRESENTATION('',(#895),#899);
#895 = LINE('',#896,#897);
#896 = CARTESIAN_POINT('',(0.,1.570796326795));
#897 = VECTOR('',#898,1.);
#898 = DIRECTION('',(1.,0.));
#899 = ( GEOMETRIC_REPRESENTATION_CONTEXT(2) 
PARAMETRIC_REPRESENTATION_CONTEXT() REPRESENTATION_CONTEXT('2D SPACE',''
  ) );
#900 = PCURVE('',#901,#906);
#901 = PLANE('',#902);
#902 = AXIS2_PLACEMENT_3D('',#903,#904,#905);
#903 = CARTESIAN_POINT('',(-1.426894051345E-15,1.914892223345E-15,13.5)
  );
#904 = DIRECTION('',(0.,0.,1.));
#905 = DIRECTION('',(1.,0.,-0.));
#906 = DEFINITIONAL_REPRESENTATION('',(#907),#911);
#907 = CIRCLE('',#908,21.8);
#908 = AXIS2_PLACEMENT_2D('',#909,#910);
#909 = CARTESIAN_POINT('',(1.426894051345E-15,-1.914892223345E-15));
#910 = DIRECTION('',(1.,0.));
#911 = ( GEOMETRIC_REPRESENTATION_CONTEXT(2) 
PARAMETRIC_REPRESENTATION_CONTEXT() REPRESENTATION_CONTEXT('2D SPACE',''
  ) );
#912 = ADVANCED_FACE('',(#913),#126,.T.);
#913 = FACE_BOUND('',#914,.T.);
#914 = EDGE_LOOP('',(#915,#916,#917,#918));
#915 = ORIENTED_EDGE('',*,*,#708,.T.);
#916 = ORIENTED_EDGE('',*,*,#111,.F.);
#917 = ORIENTED_EDGE('',*,*,#807,.F.);
#918 = ORIENTED_EDGE('',*,*,#919,.T.);
#919 = EDGE_CURVE('',#808,#709,#920,.T.);
#920 = SURFACE_CURVE('',#921,(#925,#931),.PCURVE_S1.);
#921 = LINE('',#922,#923);
#922 = CARTESIAN_POINT('',(21.026887549041,3.4,1.79));
#923 = VECTOR('',#924,1.);
#924 = DIRECTION('',(-0.,-0.,-1.));
#925 = PCURVE('',#126,#926);
#926 = DEFINITIONAL_REPRESENTATION('',(#927),#930);
#927 = B_SPLINE_CURVE_WITH_KNOTS('',1,(#928,#929),.UNSPECIFIED.,.F.,.F.,
  (2,2),(-6.17,-0.65),.PIECEWISE_BEZIER_KNOTS.);
#928 = CARTESIAN_POINT('',(5.06,1.173112450959));
#929 = CARTESIAN_POINT('',(-0.46,1.173112450959));
#930 = ( GEOMETRIC_REPRESENTATION_CONTEXT(2) 
PARAMETRIC_REPRESENTATION_CONTEXT() REPRESENTATION_CONTEXT('2D SPACE',''
  ) );
#931 = PCURVE('',#606,#932);
#932 = DEFINITIONAL_REPRESENTATION('',(#933),#936);
#933 = B_SPLINE_CURVE_WITH_KNOTS('',1,(#934,#935),.UNSPECIFIED.,.F.,.F.,
  (2,2),(-5.71,-1.11),.PIECEWISE_BEZIER_KNOTS.);
#934 = CARTESIAN_POINT('',(-6.44349548317,-5.71));
#935 = CARTESIAN_POINT('',(-6.44349548317,-1.11));
#936 = ( GEOMETRIC_REPRESENTATION_CONTEXT(2) 
PARAMETRIC_REPRESENTATION_CONTEXT() REPRESENTATION_CONTEXT('2D SPACE',''
  ) );
#937 = ADVANCED_FACE('',(#938),#321,.F.);
#938 = FACE_BOUND('',#939,.T.);
#939 = EDGE_LOOP('',(#940,#941,#964,#991));
#940 = ORIENTED_EDGE('',*,*,#300,.T.);
#941 = ORIENTED_EDGE('',*,*,#942,.T.);
#942 = EDGE_CURVE('',#301,#943,#945,.T.);
#943 = VERTEX_POINT('',#944);
#944 = CARTESIAN_POINT('',(-10.9,-14.9,8.7));
#945 = SEAM_CURVE('',#946,(#950,#957),.PCURVE_S1.);
#946 = LINE('',#947,#948);
#947 = CARTESIAN_POINT('',(-10.9,-14.9,1.7));
#948 = VECTOR('',#949,1.);
#949 = DIRECTION('',(0.,0.,1.));
#950 = PCURVE('',#321,#951);
#951 = DEFINITIONAL_REPRESENTATION('',(#952),#956);
#952 = LINE('',#953,#954);
#953 = CARTESIAN_POINT('',(-6.28318530718,0.));
#954 = VECTOR('',#955,1.);
#955 = DIRECTION('',(-0.,-1.));
#956 = ( GEOMETRIC_REPRESENTATION_CONTEXT(2) 
PARAMETRIC_REPRESENTATION_CONTEXT() REPRESENTATION_CONTEXT('2D SPACE',''
  ) );
#957 = PCURVE('',#321,#958);
#958 = DEFINITIONAL_REPRESENTATION('',(#959),#963);
#959 = LINE('',#960,#961);
#960 = CARTESIAN_POINT('',(-0.,0.));
#961 = VECTOR('',#962,1.);
#962 = DIRECTION('',(-0.,-1.));
#963 = ( GEOMETRIC_REPRESENTATION_CONTEXT(2) 
PARAMETRIC_REPRESENTATION_CONTEXT() REPRESENTATION_CONTEXT('2D SPACE',''
  ) );
#964 = ORIENTED_EDGE('',*,*,#965,.T.);
#965 = EDGE_CURVE('',#943,#943,#966,.T.);
#966 = SURFACE_CURVE('',#967,(#972,#979),.PCURVE_S1.);
#967 = CIRCLE('',#968,1.6);
#968 = AXIS2_PLACEMENT_3D('',#969,#970,#971);
#969 = CARTESIAN_POINT('',(-12.5,-14.9,8.7));
#970 = DIRECTION('',(0.,0.,1.));
#971 = DIRECTION('',(1.,0.,0.));
#972 = PCURVE('',#321,#973);
#973 = DEFINITIONAL_REPRESENTATION('',(#974),#978);
#974 = LINE('',#975,#976);
#975 = CARTESIAN_POINT('',(-0.,-7.));
#976 = VECTOR('',#977,1.);
#977 = DIRECTION('',(-1.,0.));
#978 = ( GEOMETRIC_REPRESENTATION_CONTEXT(2) 
PARAMETRIC_REPRESENTATION_CONTEXT() REPRESENTATION_CONTEXT('2D SPACE',''
  ) );
#979 = PCURVE('',#980,#985);
#980 = PLANE('',#981);
#981 = AXIS2_PLACEMENT_3D('',#982,#983,#984);
#982 = CARTESIAN_POINT('',(-12.5,-14.9,8.7));
#983 = DIRECTION('',(0.,0.,1.));
#984 = DIRECTION('',(1.,0.,-0.));
#985 = DEFINITIONAL_REPRESENTATION('',(#986),#990);
#986 = CIRCLE('',#987,1.6);
#987 = AXIS2_PLACEMENT_2D('',#988,#989);
#988 = CARTESIAN_POINT('',(0.,0.));
#989 = DIRECTION('',(1.,0.));
#990 = ( GEOMETRIC_REPRESENTATION_CONTEXT(2) 
PARAMETRIC_REPRESENTATION_CONTEXT() REPRESENTATION_CONTEXT('2D SPACE',''
  ) );
#991 = ORIENTED_EDGE('',*,*,#942,.F.);
#992 = ADVANCED_FACE('',(#993),#356,.F.);
#993 = FACE_BOUND('',#994,.T.);
#994 = EDGE_LOOP('',(#995,#996,#1019,#1046));
#995 = ORIENTED_EDGE('',*,*,#335,.T.);
#996 = ORIENTED_EDGE('',*,*,#997,.T.);
#997 = EDGE_CURVE('',#336,#998,#1000,.T.);
#998 = VERTEX_POINT('',#999);
#999 = CARTESIAN_POINT('',(14.1,-14.9,8.7));
#1000 = SEAM_CURVE('',#1001,(#1005,#1012),.PCURVE_S1.);
#1001 = LINE('',#1002,#1003);
#1002 = CARTESIAN_POINT('',(14.1,-14.9,1.7));
#1003 = VECTOR('',#1004,1.);
#1004 = DIRECTION('',(0.,0.,1.));
#1005 = PCURVE('',#356,#1006);
#1006 = DEFINITIONAL_REPRESENTATION('',(#1007),#1011);
#1007 = LINE('',#1008,#1009);
#1008 = CARTESIAN_POINT('',(-6.28318530718,0.));
#1009 = VECTOR('',#1010,1.);
#1010 = DIRECTION('',(-0.,-1.));
#1011 = ( GEOMETRIC_REPRESENTATION_CONTEXT(2) 
PARAMETRIC_REPRESENTATION_CONTEXT() REPRESENTATION_CONTEXT('2D SPACE',''
  ) );
#1012 = PCURVE('',#356,#1013);
#1013 = DEFINITIONAL_REPRESENTATION('',(#1014),#1018);
#1014 = LINE('',#1015,#1016);
#1015 = CARTESIAN_POINT('',(-0.,0.));
#1016 = VECTOR('',#1017,1.);
#1017 = DIRECTION('',(-0.,-1.));
#1018 = ( GEOMETRIC_REPRESENTATION_CONTEXT(2) 
PARAMETRIC_REPRESENTATION_CONTEXT() REPRESENTATION_CONTEXT('2D SPACE',''
  ) );
#1019 = ORIENTED_EDGE('',*,*,#1020,.T.);
#1020 = EDGE_CURVE('',#998,#998,#1021,.T.);
#1021 = SURFACE_CURVE('',#1022,(#1027,#1034),.PCURVE_S1.);
#1022 = CIRCLE('',#1023,1.6);
#1023 = AXIS2_PLACEMENT_3D('',#1024,#1025,#1026);
#1024 = CARTESIAN_POINT('',(12.5,-14.9,8.7));
#1025 = DIRECTION('',(0.,0.,1.));
#1026 = DIRECTION('',(1.,0.,0.));
#1027 = PCURVE('',#356,#1028);
#1028 = DEFINITIONAL_REPRESENTATION('',(#1029),#1033);
#1029 = LINE('',#1030,#1031);
#1030 = CARTESIAN_POINT('',(-0.,-7.));
#1031 = VECTOR('',#1032,1.);
#1032 = DIRECTION('',(-1.,0.));
#1033 = ( GEOMETRIC_REPRESENTATION_CONTEXT(2) 
PARAMETRIC_REPRESENTATION_CONTEXT() REPRESENTATION_CONTEXT('2D SPACE',''
  ) );
#1034 = PCURVE('',#1035,#1040);
#1035 = PLANE('',#1036);
#1036 = AXIS2_PLACEMENT_3D('',#1037,#1038,#1039);
#1037 = CARTESIAN_POINT('',(12.5,-14.9,8.7));
#1038 = DIRECTION('',(0.,0.,1.));
#1039 = DIRECTION('',(1.,0.,-0.));
#1040 = DEFINITIONAL_REPRESENTATION('',(#1041),#1045);
#1041 = CIRCLE('',#1042,1.6);
#1042 = AXIS2_PLACEMENT_2D('',#1043,#1044);
#1043 = CARTESIAN_POINT('',(1.7763568394E-15,0.));
#1044 = DIRECTION('',(1.,0.));
#1045 = ( GEOMETRIC_REPRESENTATION_CONTEXT(2) 
PARAMETRIC_REPRESENTATION_CONTEXT() REPRESENTATION_CONTEXT('2D SPACE',''
  ) );
#1046 = ORIENTED_EDGE('',*,*,#997,.F.);
#1047 = ADVANCED_FACE('',(#1048),#391,.F.);
#1048 = FACE_BOUND('',#1049,.T.);
#1049 = EDGE_LOOP('',(#1050,#1051,#1074,#1101));
#1050 = ORIENTED_EDGE('',*,*,#370,.T.);
#1051 = ORIENTED_EDGE('',*,*,#1052,.T.);
#1052 = EDGE_CURVE('',#371,#1053,#1055,.T.);
#1053 = VERTEX_POINT('',#1054);
#1054 = CARTESIAN_POINT('',(-10.9,14.9,8.7));
#1055 = SEAM_CURVE('',#1056,(#1060,#1067),.PCURVE_S1.);
#1056 = LINE('',#1057,#1058);
#1057 = CARTESIAN_POINT('',(-10.9,14.9,1.7));
#1058 = VECTOR('',#1059,1.);
#1059 = DIRECTION('',(0.,0.,1.));
#1060 = PCURVE('',#391,#1061);
#1061 = DEFINITIONAL_REPRESENTATION('',(#1062),#1066);
#1062 = LINE('',#1063,#1064);
#1063 = CARTESIAN_POINT('',(-6.28318530718,0.));
#1064 = VECTOR('',#1065,1.);
#1065 = DIRECTION('',(-0.,-1.));
#1066 = ( GEOMETRIC_REPRESENTATION_CONTEXT(2) 
PARAMETRIC_REPRESENTATION_CONTEXT() REPRESENTATION_CONTEXT('2D SPACE',''
  ) );
#1067 = PCURVE('',#391,#1068);
#1068 = DEFINITIONAL_REPRESENTATION('',(#1069),#1073);
#1069 = LINE('',#1070,#1071);
#1070 = CARTESIAN_POINT('',(-0.,0.));
#1071 = VECTOR('',#1072,1.);
#1072 = DIRECTION('',(-0.,-1.));
#1073 = ( GEOMETRIC_REPRESENTATION_CONTEXT(2) 
PARAMETRIC_REPRESENTATION_CONTEXT() REPRESENTATION_CONTEXT('2D SPACE',''
  ) );
#1074 = ORIENTED_EDGE('',*,*,#1075,.T.);
#1075 = EDGE_CURVE('',#1053,#1053,#1076,.T.);
#1076 = SURFACE_CURVE('',#1077,(#1082,#1089),.PCURVE_S1.);
#1077 = CIRCLE('',#1078,1.6);
#1078 = AXIS2_PLACEMENT_3D('',#1079,#1080,#1081);
#1079 = CARTESIAN_POINT('',(-12.5,14.9,8.7));
#1080 = DIRECTION('',(0.,0.,1.));
#1081 = DIRECTION('',(1.,0.,0.));
#1082 = PCURVE('',#391,#1083);
#1083 = DEFINITIONAL_REPRESENTATION('',(#1084),#1088);
#1084 = LINE('',#1085,#1086);
#1085 = CARTESIAN_POINT('',(-0.,-7.));
#1086 = VECTOR('',#1087,1.);
#1087 = DIRECTION('',(-1.,0.));
#1088 = ( GEOMETRIC_REPRESENTATION_CONTEXT(2) 
PARAMETRIC_REPRESENTATION_CONTEXT() REPRESENTATION_CONTEXT('2D SPACE',''
  ) );
#1089 = PCURVE('',#1090,#1095);
#1090 = PLANE('',#1091);
#1091 = AXIS2_PLACEMENT_3D('',#1092,#1093,#1094);
#1092 = CARTESIAN_POINT('',(-12.5,14.9,8.7));
#1093 = DIRECTION('',(0.,0.,1.));
#1094 = DIRECTION('',(1.,0.,-0.));
#1095 = DEFINITIONAL_REPRESENTATION('',(#1096),#1100);
#1096 = CIRCLE('',#1097,1.6);
#1097 = AXIS2_PLACEMENT_2D('',#1098,#1099);
#1098 = CARTESIAN_POINT('',(1.7763568394E-15,-3.552713678801E-15));
#1099 = DIRECTION('',(1.,0.));
#1100 = ( GEOMETRIC_REPRESENTATION_CONTEXT(2) 
PARAMETRIC_REPRESENTATION_CONTEXT() REPRESENTATION_CONTEXT('2D SPACE',''
  ) );
#1101 = ORIENTED_EDGE('',*,*,#1052,.F.);
#1102 = ADVANCED_FACE('',(#1103),#424,.F.);
#1103 = FACE_BOUND('',#1104,.T.);
#1104 = EDGE_LOOP('',(#1105,#1106,#1127,#1156));
#1105 = ORIENTED_EDGE('',*,*,#405,.F.);
#1106 = ORIENTED_EDGE('',*,*,#1107,.F.);
#1107 = EDGE_CURVE('',#1108,#406,#1110,.T.);
#1108 = VERTEX_POINT('',#1109);
#1109 = CARTESIAN_POINT('',(-11.59761890625,-17.86575595112,9.22));
#1110 = SURFACE_CURVE('',#1111,(#1115,#1121),.PCURVE_S1.);
#1111 = LINE('',#1112,#1113);
#1112 = CARTESIAN_POINT('',(-11.59761890625,-17.86575595112,1.79));
#1113 = VECTOR('',#1114,1.);
#1114 = DIRECTION('',(-0.,-0.,-1.));
#1115 = PCURVE('',#424,#1116);
#1116 = DEFINITIONAL_REPRESENTATION('',(#1117),#1120);
#1117 = B_SPLINE_CURVE_WITH_KNOTS('',1,(#1118,#1119),.UNSPECIFIED.,.F.,
  .F.,(2,2),(-7.43,-1.E-02),.PIECEWISE_BEZIER_KNOTS.);
#1118 = CARTESIAN_POINT('',(-4.136609033618,-7.43));
#1119 = CARTESIAN_POINT('',(-4.136609033618,-1.E-02));
#1120 = ( GEOMETRIC_REPRESENTATION_CONTEXT(2) 
PARAMETRIC_REPRESENTATION_CONTEXT() REPRESENTATION_CONTEXT('2D SPACE',''
  ) );
#1121 = PCURVE('',#457,#1122);
#1122 = DEFINITIONAL_REPRESENTATION('',(#1123),#1126);
#1123 = B_SPLINE_CURVE_WITH_KNOTS('',1,(#1124,#1125),.UNSPECIFIED.,.F.,
  .F.,(2,2),(-7.43,-1.E-02),.PIECEWISE_BEZIER_KNOTS.);
#1124 = CARTESIAN_POINT('',(-5.007755665216,-7.42));
#1125 = CARTESIAN_POINT('',(-5.007755665216,0.));
#1126 = ( GEOMETRIC_REPRESENTATION_CONTEXT(2) 
PARAMETRIC_REPRESENTATION_CONTEXT() REPRESENTATION_CONTEXT('2D SPACE',''
  ) );
#1127 = ORIENTED_EDGE('',*,*,#1128,.T.);
#1128 = EDGE_CURVE('',#1108,#1129,#1131,.T.);
#1129 = VERTEX_POINT('',#1130);
#1130 = CARTESIAN_POINT('',(11.597618906255,-17.86575595112,9.22));
#1131 = SURFACE_CURVE('',#1132,(#1137,#1144),.PCURVE_S1.);
#1132 = CIRCLE('',#1133,21.3);
#1133 = AXIS2_PLACEMENT_3D('',#1134,#1135,#1136);
#1134 = CARTESIAN_POINT('',(0.,0.,9.22));
#1135 = DIRECTION('',(0.,0.,1.));
#1136 = DIRECTION('',(-0.544489150528,-0.838767885029,0.));
#1137 = PCURVE('',#424,#1138);
#1138 = DEFINITIONAL_REPRESENTATION('',(#1139),#1143);
#1139 = LINE('',#1140,#1141);
#1140 = CARTESIAN_POINT('',(-4.136609033618,-7.43));
#1141 = VECTOR('',#1142,1.);
#1142 = DIRECTION('',(-1.,0.));
#1143 = ( GEOMETRIC_REPRESENTATION_CONTEXT(2) 
PARAMETRIC_REPRESENTATION_CONTEXT() REPRESENTATION_CONTEXT('2D SPACE',''
  ) );
#1144 = PCURVE('',#1145,#1150);
#1145 = PLANE('',#1146);
#1146 = AXIS2_PLACEMENT_3D('',#1147,#1148,#1149);
#1147 = CARTESIAN_POINT('',(-5.13592538043E-16,1.184870924777E-15,9.22)
  );
#1148 = DIRECTION('',(0.,0.,1.));
#1149 = DIRECTION('',(1.,0.,-0.));
#1150 = DEFINITIONAL_REPRESENTATION('',(#1151),#1155);
#1151 = CIRCLE('',#1152,21.3);
#1152 = AXIS2_PLACEMENT_2D('',#1153,#1154);
#1153 = CARTESIAN_POINT('',(5.13592538043E-16,-1.184870924777E-15));
#1154 = DIRECTION('',(-0.544489150528,-0.838767885029));
#1155 = ( GEOMETRIC_REPRESENTATION_CONTEXT(2) 
PARAMETRIC_REPRESENTATION_CONTEXT() REPRESENTATION_CONTEXT('2D SPACE',''
  ) );
#1156 = ORIENTED_EDGE('',*,*,#1157,.T.);
#1157 = EDGE_CURVE('',#1129,#408,#1158,.T.);
#1158 = SURFACE_CURVE('',#1159,(#1163,#1169),.PCURVE_S1.);
#1159 = LINE('',#1160,#1161);
#1160 = CARTESIAN_POINT('',(11.597618906255,-17.86575595112,1.79));
#1161 = VECTOR('',#1162,1.);
#1162 = DIRECTION('',(-0.,-0.,-1.));
#1163 = PCURVE('',#424,#1164);
#1164 = DEFINITIONAL_REPRESENTATION('',(#1165),#1168);
#1165 = B_SPLINE_CURVE_WITH_KNOTS('',1,(#1166,#1167),.UNSPECIFIED.,.F.,
  .F.,(2,2),(-7.4300006,-9.9994E-03),.PIECEWISE_BEZIER_KNOTS.);
#1166 = CARTESIAN_POINT('',(-5.288168927152,-7.4300006));
#1167 = CARTESIAN_POINT('',(-5.288168927152,-9.9994E-03));
#1168 = ( GEOMETRIC_REPRESENTATION_CONTEXT(2) 
PARAMETRIC_REPRESENTATION_CONTEXT() REPRESENTATION_CONTEXT('2D SPACE',''
  ) );
#1169 = PCURVE('',#633,#1170);
#1170 = DEFINITIONAL_REPRESENTATION('',(#1171),#1174);
#1171 = B_SPLINE_CURVE_WITH_KNOTS('',1,(#1172,#1173),.UNSPECIFIED.,.F.,
  .F.,(2,2),(-7.4300006,-9.9994E-03),.PIECEWISE_BEZIER_KNOTS.);
#1172 = CARTESIAN_POINT('',(-4.417022295554,-7.4200006));
#1173 = CARTESIAN_POINT('',(-4.417022295554,6.000000001283E-07));
#1174 = ( GEOMETRIC_REPRESENTATION_CONTEXT(2) 
PARAMETRIC_REPRESENTATION_CONTEXT() REPRESENTATION_CONTEXT('2D SPACE',''
  ) );
#1175 = ADVANCED_FACE('',(#1176),#457,.T.);
#1176 = FACE_BOUND('',#1177,.F.);
#1177 = EDGE_LOOP('',(#1178,#1179,#1180,#1207,#1292,#1325,#1404,#1436));
#1178 = ORIENTED_EDGE('',*,*,#436,.T.);
#1179 = ORIENTED_EDGE('',*,*,#1107,.F.);
#1180 = ORIENTED_EDGE('',*,*,#1181,.F.);
#1181 = EDGE_CURVE('',#1182,#1108,#1184,.T.);
#1182 = VERTEX_POINT('',#1183);
#1183 = CARTESIAN_POINT('',(-11.5851422414,-17.86193100553,9.22));
#1184 = SURFACE_CURVE('',#1185,(#1190,#1196),.PCURVE_S1.);
#1185 = CIRCLE('',#1186,3.1);
#1186 = AXIS2_PLACEMENT_3D('',#1187,#1188,#1189);
#1187 = CARTESIAN_POINT('',(-12.5,-14.9,9.22));
#1188 = DIRECTION('',(0.,0.,-1.));
#1189 = DIRECTION('',(1.,0.,0.));
#1190 = PCURVE('',#457,#1191);
#1191 = DEFINITIONAL_REPRESENTATION('',(#1192),#1195);
#1192 = B_SPLINE_CURVE_WITH_KNOTS('',1,(#1193,#1194),.UNSPECIFIED.,.F.,
  .F.,(2,2),(1.271220024784,1.275429641964),.PIECEWISE_BEZIER_KNOTS.);
#1193 = CARTESIAN_POINT('',(-5.011965282396,-7.42));
#1194 = CARTESIAN_POINT('',(-5.007755665216,-7.42));
#1195 = ( GEOMETRIC_REPRESENTATION_CONTEXT(2) 
PARAMETRIC_REPRESENTATION_CONTEXT() REPRESENTATION_CONTEXT('2D SPACE',''
  ) );
#1196 = PCURVE('',#1145,#1197);
#1197 = DEFINITIONAL_REPRESENTATION('',(#1198),#1206);
#1198 = ( BOUNDED_CURVE() B_SPLINE_CURVE(2,(#1199,#1200,#1201,#1202,
#1203,#1204,#1205),.UNSPECIFIED.,.T.,.F.) B_SPLINE_CURVE_WITH_KNOTS((1,2
    ,2,2,2,1),(-2.094395102393,0.,2.094395102393,4.188790204786,
6.28318530718,8.377580409573),.UNSPECIFIED.) CURVE() 
GEOMETRIC_REPRESENTATION_ITEM() RATIONAL_B_SPLINE_CURVE((1.,0.5,1.,0.5,
1.,0.5,1.)) REPRESENTATION_ITEM('') );
#1199 = CARTESIAN_POINT('',(-9.4,-14.9));
#1200 = CARTESIAN_POINT('',(-9.4,-20.26935750346));
#1201 = CARTESIAN_POINT('',(-14.05,-17.58467875173));
#1202 = CARTESIAN_POINT('',(-18.7,-14.9));
#1203 = CARTESIAN_POINT('',(-14.05,-12.21532124826));
#1204 = CARTESIAN_POINT('',(-9.4,-9.530642496536));
#1205 = CARTESIAN_POINT('',(-9.4,-14.9));
#1206 = ( GEOMETRIC_REPRESENTATION_CONTEXT(2) 
PARAMETRIC_REPRESENTATION_CONTEXT() REPRESENTATION_CONTEXT('2D SPACE',''
  ) );
#1207 = ORIENTED_EDGE('',*,*,#1208,.T.);
#1208 = EDGE_CURVE('',#1182,#1209,#1211,.T.);
#1209 = VERTEX_POINT('',#1210);
#1210 = CARTESIAN_POINT('',(-9.740800026792,-16.31308722584,11.51));
#1211 = SURFACE_CURVE('',#1212,(#1235,#1261),.PCURVE_S1.);
#1212 = B_SPLINE_CURVE_WITH_KNOTS('',5,(#1213,#1214,#1215,#1216,#1217,
    #1218,#1219,#1220,#1221,#1222,#1223,#1224,#1225,#1226,#1227,#1228,
    #1229,#1230,#1231,#1232,#1233,#1234),.UNSPECIFIED.,.F.,.F.,(6,4,4,4,
    4,6),(0.,0.210425820755,0.434974320555,0.67159312858,0.913383806557,
    1.),.UNSPECIFIED.);
#1213 = CARTESIAN_POINT('',(-11.5851422414,-17.86193100553,9.22));
#1214 = CARTESIAN_POINT('',(-11.47125689334,-17.82675500242,
    9.311483762191));
#1215 = CARTESIAN_POINT('',(-11.36188510238,-17.78697775562,
    9.404029088129));
#1216 = CARTESIAN_POINT('',(-11.25678826068,-17.74311739781,
    9.497436252067));
#1217 = CARTESIAN_POINT('',(-11.15578915461,-17.69555294048,
    9.591558823826));
#1218 = CARTESIAN_POINT('',(-10.95515075545,-17.59019094117,
    9.787387259688));
#1219 = CARTESIAN_POINT('',(-10.8560621905,-17.53192303285,
    9.889173835101));
#1220 = CARTESIAN_POINT('',(-10.76127228609,-17.47014036333,
    9.991525241215));
#1221 = CARTESIAN_POINT('',(-10.67064502308,-17.40511243242,
    10.094341126908));
#1222 = CARTESIAN_POINT('',(-10.49283987059,-17.26532767932,
    10.306297650634));
#1223 = CARTESIAN_POINT('',(-10.40611143773,-17.19023739022,
    10.415478670397));
#1224 = CARTESIAN_POINT('',(-10.32375691994,-17.11202417755,
    10.524998133725));
#1225 = CARTESIAN_POINT('',(-10.24569518995,-17.03087030077,
    10.634779000936));
#1226 = CARTESIAN_POINT('',(-10.09644491436,-16.86111542296,
    10.857137815974));
#1227 = CARTESIAN_POINT('',(-10.02544504347,-16.77239168637,
    10.969722769291));
#1228 = CARTESIAN_POINT('',(-9.958825786868,-16.68088254235,
    11.082441606194));
#1229 = CARTESIAN_POINT('',(-9.89657787689,-16.58668732482,11.1952271543
    ));
#1230 = CARTESIAN_POINT('',(-9.818012848246,-16.45517759579,
    11.348417445392));
#1231 = CARTESIAN_POINT('',(-9.797856823842,-16.42015501609,
    11.38882093724));
#1232 = CARTESIAN_POINT('',(-9.778267590634,-16.38479777159,
    11.429221418358));
#1233 = CARTESIAN_POINT('',(-9.759247510997,-16.34910787717,
    11.469615722021));
#1234 = CARTESIAN_POINT('',(-9.740799752713,-16.31308669067,11.5100006)
  );
#1235 = PCURVE('',#457,#1236);
#1236 = DEFINITIONAL_REPRESENTATION('',(#1237),#1260);
#1237 = B_SPLINE_CURVE_WITH_KNOTS('',5,(#1238,#1239,#1240,#1241,#1242,
    #1243,#1244,#1245,#1246,#1247,#1248,#1249,#1250,#1251,#1252,#1253,
    #1254,#1255,#1256,#1257,#1258,#1259),.UNSPECIFIED.,.F.,.F.,(6,4,4,4,
    4,6),(0.,0.210425820755,0.434974320555,0.67159312858,0.913383806557,
    0.999999742628),.UNSPECIFIED.);
#1238 = CARTESIAN_POINT('',(-5.011965282396,-7.42));
#1239 = CARTESIAN_POINT('',(-5.050414978842,-7.511483762191));
#1240 = CARTESIAN_POINT('',(-5.087911639242,-7.604029088129));
#1241 = CARTESIAN_POINT('',(-5.124597426225,-7.697436252067));
#1242 = CARTESIAN_POINT('',(-5.160575881862,-7.791558823826));
#1243 = CARTESIAN_POINT('',(-5.233679316711,-7.987387259688));
#1244 = CARTESIAN_POINT('',(-5.270717516582,-8.089173835101));
#1245 = CARTESIAN_POINT('',(-5.307166892756,-8.191525241215));
#1246 = CARTESIAN_POINT('',(-5.343113995659,-8.294341126908));
#1247 = CARTESIAN_POINT('',(-5.416073187317,-8.506297650634));
#1248 = CARTESIAN_POINT('',(-5.453037752961,-8.615478670397));
#1249 = CARTESIAN_POINT('',(-5.489624886926,-8.724998133725));
#1250 = CARTESIAN_POINT('',(-5.525912228083,-8.834779000936));
#1251 = CARTESIAN_POINT('',(-5.598827131016,-9.057137815974));
#1252 = CARTESIAN_POINT('',(-5.635444216376,-9.169722769291));
#1253 = CARTESIAN_POINT('',(-5.671907277446,-9.282441606194));
#1254 = CARTESIAN_POINT('',(-5.708290639603,-9.3952271543));
#1255 = CARTESIAN_POINT('',(-5.757706831463,-9.548417325337));
#1256 = CARTESIAN_POINT('',(-5.770740064762,-9.588820697129));
#1257 = CARTESIAN_POINT('',(-5.783776808758,-9.629221058219));
#1258 = CARTESIAN_POINT('',(-5.796820747005,-9.669615241909));
#1259 = CARTESIAN_POINT('',(-5.809875645481,-9.71));
#1260 = ( GEOMETRIC_REPRESENTATION_CONTEXT(2) 
PARAMETRIC_REPRESENTATION_CONTEXT() REPRESENTATION_CONTEXT('2D SPACE',''
  ) );
#1261 = PCURVE('',#1262,#1267);
#1262 = CONICAL_SURFACE('',#1263,21.3,0.785398163397);
#1263 = AXIS2_PLACEMENT_3D('',#1264,#1265,#1266);
#1264 = CARTESIAN_POINT('',(0.,0.,9.21));
#1265 = DIRECTION('',(-0.,-0.,-1.));
#1266 = DIRECTION('',(1.,0.,0.));
#1267 = DEFINITIONAL_REPRESENTATION('',(#1268),#1291);
#1268 = B_SPLINE_CURVE_WITH_KNOTS('',5,(#1269,#1270,#1271,#1272,#1273,
    #1274,#1275,#1276,#1277,#1278,#1279,#1280,#1281,#1282,#1283,#1284,
    #1285,#1286,#1287,#1288,#1289,#1290),.UNSPECIFIED.,.F.,.F.,(6,4,4,4,
    4,6),(0.,0.210425820755,0.434974320555,0.67159312858,0.913383806557,
    0.999999742628),.UNSPECIFIED.);
#1269 = CARTESIAN_POINT('',(-4.137002757649,-1.E-02));
#1270 = CARTESIAN_POINT('',(-4.140591599629,-0.101483762191));
#1271 = CARTESIAN_POINT('',(-4.143923522732,-0.194029088129));
#1272 = CARTESIAN_POINT('',(-4.147016644916,-0.287436252067));
#1273 = CARTESIAN_POINT('',(-4.149883205448,-0.381558823826));
#1274 = CARTESIAN_POINT('',(-4.155360292046,-0.577387259688));
#1275 = CARTESIAN_POINT('',(-4.157940593748,-0.679173835101));
#1276 = CARTESIAN_POINT('',(-4.160285179493,-0.781525241215));
#1277 = CARTESIAN_POINT('',(-4.162401134841,-0.884341126908));
#1278 = CARTESIAN_POINT('',(-4.166286596526,-1.096297650634));
#1279 = CARTESIAN_POINT('',(-4.168031315931,-1.205478670397));
#1280 = CARTESIAN_POINT('',(-4.16953238477,-1.314998133725));
#1281 = CARTESIAN_POINT('',(-4.170791510089,-1.424779000936));
#1282 = CARTESIAN_POINT('',(-4.172845970196,-1.647137815974));
#1283 = CARTESIAN_POINT('',(-4.173630549738,-1.759722769291));
#1284 = CARTESIAN_POINT('',(-4.17416017458,-1.872441606194));
#1285 = CARTESIAN_POINT('',(-4.174430517925,-1.9852271543));
#1286 = CARTESIAN_POINT('',(-4.174434958436,-2.138417325337));
#1287 = CARTESIAN_POINT('',(-4.17440185581,-2.178820697129));
#1288 = CARTESIAN_POINT('',(-4.174334121021,-2.219221058219));
#1289 = CARTESIAN_POINT('',(-4.174231333239,-2.259615241909));
#1290 = CARTESIAN_POINT('',(-4.174093009176,-2.3));
#1291 = ( GEOMETRIC_REPRESENTATION_CONTEXT(2) 
PARAMETRIC_REPRESENTATION_CONTEXT() REPRESENTATION_CONTEXT('2D SPACE',''
  ) );
#1292 = ORIENTED_EDGE('',*,*,#1293,.F.);
#1293 = EDGE_CURVE('',#1294,#1209,#1296,.T.);
#1294 = VERTEX_POINT('',#1295);
#1295 = CARTESIAN_POINT('',(-14.37125252965,-12.42847942143,11.51));
#1296 = SURFACE_CURVE('',#1297,(#1302,#1309),.PCURVE_S1.);
#1297 = CIRCLE('',#1298,3.1);
#1298 = AXIS2_PLACEMENT_3D('',#1299,#1300,#1301);
#1299 = CARTESIAN_POINT('',(-12.5,-14.9,11.51));
#1300 = DIRECTION('',(0.,0.,-1.));
#1301 = DIRECTION('',(-0.603629848274,0.797264702763,0.));
#1302 = PCURVE('',#457,#1303);
#1303 = DEFINITIONAL_REPRESENTATION('',(#1304),#1308);
#1304 = LINE('',#1305,#1306);
#1305 = CARTESIAN_POINT('',(-8.502027815378,-9.71));
#1306 = VECTOR('',#1307,1.);
#1307 = DIRECTION('',(1.,-0.));
#1308 = ( GEOMETRIC_REPRESENTATION_CONTEXT(2) 
PARAMETRIC_REPRESENTATION_CONTEXT() REPRESENTATION_CONTEXT('2D SPACE',''
  ) );
#1309 = PCURVE('',#1310,#1315);
#1310 = PLANE('',#1311);
#1311 = AXIS2_PLACEMENT_3D('',#1312,#1313,#1314);
#1312 = CARTESIAN_POINT('',(-12.5,-14.9,11.51));
#1313 = DIRECTION('',(0.,0.,1.));
#1314 = DIRECTION('',(1.,0.,-0.));
#1315 = DEFINITIONAL_REPRESENTATION('',(#1316),#1324);
#1316 = ( BOUNDED_CURVE() B_SPLINE_CURVE(2,(#1317,#1318,#1319,#1320,
#1321,#1322,#1323),.UNSPECIFIED.,.T.,.F.) B_SPLINE_CURVE_WITH_KNOTS((1,2
    ,2,2,2,1),(-2.094395102393,0.,2.094395102393,4.188790204786,
6.28318530718,8.377580409573),.UNSPECIFIED.) CURVE() 
GEOMETRIC_REPRESENTATION_ITEM() RATIONAL_B_SPLINE_CURVE((1.,0.5,1.,0.5,
1.,0.5,1.)) REPRESENTATION_ITEM('') );
#1317 = CARTESIAN_POINT('',(-1.871252529651,2.471520578566));
#1318 = CARTESIAN_POINT('',(2.409546684378,5.712625033713));
#1319 = CARTESIAN_POINT('',(3.07602587184,0.38479193829));
#1320 = CARTESIAN_POINT('',(3.742505059302,-4.943041157132));
#1321 = CARTESIAN_POINT('',(-1.204773342189,-2.856312516857));
#1322 = CARTESIAN_POINT('',(-6.152051743679,-0.769583876581));
#1323 = CARTESIAN_POINT('',(-1.871252529651,2.471520578566));
#1324 = ( GEOMETRIC_REPRESENTATION_CONTEXT(2) 
PARAMETRIC_REPRESENTATION_CONTEXT() REPRESENTATION_CONTEXT('2D SPACE',''
  ) );
#1325 = ORIENTED_EDGE('',*,*,#1326,.T.);
#1326 = EDGE_CURVE('',#1294,#1327,#1329,.T.);
#1327 = VERTEX_POINT('',#1328);
#1328 = CARTESIAN_POINT('',(-15.57587465173,-14.51400113109,9.22));
#1329 = SURFACE_CURVE('',#1330,(#1351,#1375),.PCURVE_S1.);
#1330 = B_SPLINE_CURVE_WITH_KNOTS('',7,(#1331,#1332,#1333,#1334,#1335,
    #1336,#1337,#1338,#1339,#1340,#1341,#1342,#1343,#1344,#1345,#1346,
    #1347,#1348,#1349,#1350),.UNSPECIFIED.,.F.,.F.,(8,6,6,8),(0.,
    8.681663882905E-02,0.56463878042,1.),.UNSPECIFIED.);
#1331 = CARTESIAN_POINT('',(-14.37125252965,-12.42847942143,11.51));
#1332 = CARTESIAN_POINT('',(-14.39435378868,-12.44596998565,
    11.481085518692));
#1333 = CARTESIAN_POINT('',(-14.41725135327,-12.46370264744,
    11.452166527765));
#1334 = CARTESIAN_POINT('',(-14.43994499711,-12.48167644127,
    11.423243961858));
#1335 = CARTESIAN_POINT('',(-14.46243438039,-12.4998904995,
    11.394318743864));
#1336 = CARTESIAN_POINT('',(-14.48471904983,-12.51834405239,
    11.365391784939));
#1337 = CARTESIAN_POINT('',(-14.50679843862,-12.5370364281,
    11.336463984492));
#1338 = CARTESIAN_POINT('',(-14.6490590212,-12.66015758213,
    11.148323414579));
#1339 = CARTESIAN_POINT('',(-14.76319794383,-12.77155720044,
    10.989124189424));
#1340 = CARTESIAN_POINT('',(-14.87099262799,-12.89007997253,
    10.830067262476));
#1341 = CARTESIAN_POINT('',(-14.97222059217,-13.01571625879,
    10.671296986223));
#1342 = CARTESIAN_POINT('',(-15.06655495687,-13.14851171168,
    10.512973812538));
#1343 = CARTESIAN_POINT('',(-15.1535500733,-13.28857565437,
    10.355275581321));
#1344 = CARTESIAN_POINT('',(-15.30460751098,-13.5705508321,
    10.055464241387));
#1345 = CARTESIAN_POINT('',(-15.37000020614,-13.71115354331,
    9.913252236251));
#1346 = CARTESIAN_POINT('',(-15.42832287315,-13.85810880696,
    9.771883262256));
#1347 = CARTESIAN_POINT('',(-15.47897618539,-14.01161533163,
    9.631553347125));
#1348 = CARTESIAN_POINT('',(-15.52117477472,-14.17190105876,
    9.492539443488));
#1349 = CARTESIAN_POINT('',(-15.55394116097,-14.3392216856,
    9.355198796255));
#1350 = CARTESIAN_POINT('',(-15.57587465173,-14.51400113109,9.22));
#1351 = PCURVE('',#457,#1352);
#1352 = DEFINITIONAL_REPRESENTATION('',(#1353),#1374);
#1353 = B_SPLINE_CURVE_WITH_KNOTS('',7,(#1354,#1355,#1356,#1357,#1358,
    #1359,#1360,#1361,#1362,#1363,#1364,#1365,#1366,#1367,#1368,#1369,
    #1370,#1371,#1372,#1373),.UNSPECIFIED.,.F.,.F.,(8,6,6,8),(0.,
    8.681663882905E-02,0.56463878042,1.),.UNSPECIFIED.);
#1354 = CARTESIAN_POINT('',(-8.502027815378,-9.71));
#1355 = CARTESIAN_POINT('',(-8.511374797651,-9.681085518692));
#1356 = CARTESIAN_POINT('',(-8.520716536056,-9.652166527765));
#1357 = CARTESIAN_POINT('',(-8.530054114227,-9.623243961858));
#1358 = CARTESIAN_POINT('',(-8.539388603918,-9.594318743864));
#1359 = CARTESIAN_POINT('',(-8.548721065006,-9.565391784939));
#1360 = CARTESIAN_POINT('',(-8.558052545491,-9.536463984492));
#1361 = CARTESIAN_POINT('',(-8.618743067242,-9.348323414579));
#1362 = CARTESIAN_POINT('',(-8.670099980938,-9.189124189424));
#1363 = CARTESIAN_POINT('',(-8.72163381719,-9.030067262476));
#1364 = CARTESIAN_POINT('',(-8.773511101808,-8.871296986223));
#1365 = CARTESIAN_POINT('',(-8.825897816711,-8.712973812538));
#1366 = CARTESIAN_POINT('',(-8.878976810558,-8.555275581321));
#1367 = CARTESIAN_POINT('',(-8.982166496947,-8.255464241387));
#1368 = CARTESIAN_POINT('',(-9.032107837543,-8.113252236251));
#1369 = CARTESIAN_POINT('',(-9.082973347577,-7.971883262256));
#1370 = CARTESIAN_POINT('',(-9.134947930942,-7.831553347125));
#1371 = CARTESIAN_POINT('',(-9.188245000941,-7.692539443488));
#1372 = CARTESIAN_POINT('',(-9.243115497023,-7.555198796255));
#1373 = CARTESIAN_POINT('',(-9.299938178463,-7.42));
#1374 = ( GEOMETRIC_REPRESENTATION_CONTEXT(2) 
PARAMETRIC_REPRESENTATION_CONTEXT() REPRESENTATION_CONTEXT('2D SPACE',''
  ) );
#1375 = PCURVE('',#1376,#1381);
#1376 = CONICAL_SURFACE('',#1377,21.3,0.785398163397);
#1377 = AXIS2_PLACEMENT_3D('',#1378,#1379,#1380);
#1378 = CARTESIAN_POINT('',(0.,0.,9.21));
#1379 = DIRECTION('',(-0.,-0.,-1.));
#1380 = DIRECTION('',(1.,0.,0.));
#1381 = DEFINITIONAL_REPRESENTATION('',(#1382),#1403);
#1382 = B_SPLINE_CURVE_WITH_KNOTS('',7,(#1383,#1384,#1385,#1386,#1387,
    #1388,#1389,#1390,#1391,#1392,#1393,#1394,#1395,#1396,#1397,#1398,
    #1399,#1400,#1401,#1402),.UNSPECIFIED.,.F.,.F.,(8,6,6,8),(0.,
    8.681663882905E-02,0.56463878042,1.),.UNSPECIFIED.);
#1383 = CARTESIAN_POINT('',(-10.13781045168,-2.3));
#1384 = CARTESIAN_POINT('',(-10.13771141509,-2.271085518692));
#1385 = CARTESIAN_POINT('',(-10.13762938069,-2.242166527765));
#1386 = CARTESIAN_POINT('',(-10.13756420939,-2.213243961858));
#1387 = CARTESIAN_POINT('',(-10.13751577116,-2.184318743864));
#1388 = CARTESIAN_POINT('',(-10.13748394494,-2.155391784939));
#1389 = CARTESIAN_POINT('',(-10.13746861868,-2.126463984492));
#1390 = CARTESIAN_POINT('',(-10.13747558212,-1.938323414579));
#1391 = CARTESIAN_POINT('',(-10.13797816705,-1.779124189424));
#1392 = CARTESIAN_POINT('',(-10.13896005261,-1.620067262476));
#1393 = CARTESIAN_POINT('',(-10.1404121007,-1.461296986223));
#1394 = CARTESIAN_POINT('',(-10.14233135958,-1.302973812538));
#1395 = CARTESIAN_POINT('',(-10.14472136264,-1.145275581321));
#1396 = CARTESIAN_POINT('',(-10.15021288071,-0.845464241387));
#1397 = CARTESIAN_POINT('',(-10.15323154685,-0.703252236251));
#1398 = CARTESIAN_POINT('',(-10.15666060397,-0.561883262256));
#1399 = CARTESIAN_POINT('',(-10.16051535396,-0.421553347125));
#1400 = CARTESIAN_POINT('',(-10.16481780726,-0.282539443488));
#1401 = CARTESIAN_POINT('',(-10.16959695198,-0.145198796255));
#1402 = CARTESIAN_POINT('',(-10.17490070321,-9.999999999999E-03));
#1403 = ( GEOMETRIC_REPRESENTATION_CONTEXT(2) 
PARAMETRIC_REPRESENTATION_CONTEXT() REPRESENTATION_CONTEXT('2D SPACE',''
  ) );
#1404 = ORIENTED_EDGE('',*,*,#1405,.F.);
#1405 = EDGE_CURVE('',#1406,#1327,#1408,.T.);
#1406 = VERTEX_POINT('',#1407);
#1407 = CARTESIAN_POINT('',(-15.57747230085,-14.52695276774,9.22));
#1408 = SURFACE_CURVE('',#1409,(#1414,#1420),.PCURVE_S1.);
#1409 = CIRCLE('',#1410,3.1);
#1410 = AXIS2_PLACEMENT_3D('',#1411,#1412,#1413);
#1411 = CARTESIAN_POINT('',(-12.5,-14.9,9.22));
#1412 = DIRECTION('',(0.,0.,-1.));
#1413 = DIRECTION('',(1.,0.,0.));
#1414 = PCURVE('',#457,#1415);
#1415 = DEFINITIONAL_REPRESENTATION('',(#1416),#1419);
#1416 = B_SPLINE_CURVE_WITH_KNOTS('',1,(#1417,#1418),.UNSPECIFIED.,.F.,
  .F.,(2,2),(3.262222818716,3.266432435896),.PIECEWISE_BEZIER_KNOTS.);
#1417 = CARTESIAN_POINT('',(-9.304147795643,-7.42));
#1418 = CARTESIAN_POINT('',(-9.299938178463,-7.42));
#1419 = ( GEOMETRIC_REPRESENTATION_CONTEXT(2) 
PARAMETRIC_REPRESENTATION_CONTEXT() REPRESENTATION_CONTEXT('2D SPACE',''
  ) );
#1420 = PCURVE('',#1421,#1426);
#1421 = PLANE('',#1422);
#1422 = AXIS2_PLACEMENT_3D('',#1423,#1424,#1425);
#1423 = CARTESIAN_POINT('',(-5.13592538043E-16,1.184870924777E-15,9.22)
  );
#1424 = DIRECTION('',(0.,0.,1.));
#1425 = DIRECTION('',(1.,0.,-0.));
#1426 = DEFINITIONAL_REPRESENTATION('',(#1427),#1435);
#1427 = ( BOUNDED_CURVE() B_SPLINE_CURVE(2,(#1428,#1429,#1430,#1431,
#1432,#1433,#1434),.UNSPECIFIED.,.T.,.F.) B_SPLINE_CURVE_WITH_KNOTS((1,2
    ,2,2,2,1),(-2.094395102393,0.,2.094395102393,4.188790204786,
6.28318530718,8.377580409573),.UNSPECIFIED.) CURVE() 
GEOMETRIC_REPRESENTATION_ITEM() RATIONAL_B_SPLINE_CURVE((1.,0.5,1.,0.5,
1.,0.5,1.)) REPRESENTATION_ITEM('') );
#1428 = CARTESIAN_POINT('',(-9.4,-14.9));
#1429 = CARTESIAN_POINT('',(-9.4,-20.26935750346));
#1430 = CARTESIAN_POINT('',(-14.05,-17.58467875173));
#1431 = CARTESIAN_POINT('',(-18.7,-14.9));
#1432 = CARTESIAN_POINT('',(-14.05,-12.21532124826));
#1433 = CARTESIAN_POINT('',(-9.4,-9.530642496536));
#1434 = CARTESIAN_POINT('',(-9.4,-14.9));
#1435 = ( GEOMETRIC_REPRESENTATION_CONTEXT(2) 
PARAMETRIC_REPRESENTATION_CONTEXT() REPRESENTATION_CONTEXT('2D SPACE',''
  ) );
#1436 = ORIENTED_EDGE('',*,*,#1437,.T.);
#1437 = EDGE_CURVE('',#1406,#437,#1438,.T.);
#1438 = SURFACE_CURVE('',#1439,(#1443,#1449),.PCURVE_S1.);
#1439 = LINE('',#1440,#1441);
#1440 = CARTESIAN_POINT('',(-15.57747230085,-14.52695276774,1.79));
#1441 = VECTOR('',#1442,1.);
#1442 = DIRECTION('',(-0.,-0.,-1.));
#1443 = PCURVE('',#457,#1444);
#1444 = DEFINITIONAL_REPRESENTATION('',(#1445),#1448);
#1445 = B_SPLINE_CURVE_WITH_KNOTS('',1,(#1446,#1447),.UNSPECIFIED.,.F.,
  .F.,(2,2),(-7.43,-1.E-02),.PIECEWISE_BEZIER_KNOTS.);
#1446 = CARTESIAN_POINT('',(-9.304147795643,-7.42));
#1447 = CARTESIAN_POINT('',(-9.304147795643,0.));
#1448 = ( GEOMETRIC_REPRESENTATION_CONTEXT(2) 
PARAMETRIC_REPRESENTATION_CONTEXT() REPRESENTATION_CONTEXT('2D SPACE',''
  ) );
#1449 = PCURVE('',#486,#1450);
#1450 = DEFINITIONAL_REPRESENTATION('',(#1451),#1454);
#1451 = B_SPLINE_CURVE_WITH_KNOTS('',1,(#1452,#1453),.UNSPECIFIED.,.F.,
  .F.,(2,2),(-7.43,-1.E-02),.PIECEWISE_BEZIER_KNOTS.);
#1452 = CARTESIAN_POINT('',(-10.17529442724,-7.43));
#1453 = CARTESIAN_POINT('',(-10.17529442724,-1.E-02));
#1454 = ( GEOMETRIC_REPRESENTATION_CONTEXT(2) 
PARAMETRIC_REPRESENTATION_CONTEXT() REPRESENTATION_CONTEXT('2D SPACE',''
  ) );
#1455 = ADVANCED_FACE('',(#1456),#633,.T.);
#1456 = FACE_BOUND('',#1457,.F.);
#1457 = EDGE_LOOP('',(#1458,#1459,#1480,#1513,#1592,#1621,#1695,#1721));
#1458 = ORIENTED_EDGE('',*,*,#618,.F.);
#1459 = ORIENTED_EDGE('',*,*,#1460,.F.);
#1460 = EDGE_CURVE('',#1461,#590,#1463,.T.);
#1461 = VERTEX_POINT('',#1462);
#1462 = CARTESIAN_POINT('',(15.577472300851,-14.52695276774,9.22));
#1463 = SURFACE_CURVE('',#1464,(#1468,#1474),.PCURVE_S1.);
#1464 = LINE('',#1465,#1466);
#1465 = CARTESIAN_POINT('',(15.577472300851,-14.52695276774,1.79));
#1466 = VECTOR('',#1467,1.);
#1467 = DIRECTION('',(-0.,-0.,-1.));
#1468 = PCURVE('',#633,#1469);
#1469 = DEFINITIONAL_REPRESENTATION('',(#1470),#1473);
#1470 = B_SPLINE_CURVE_WITH_KNOTS('',1,(#1471,#1472),.UNSPECIFIED.,.F.,
  .F.,(2,2),(-7.4300006,-9.9994E-03),.PIECEWISE_BEZIER_KNOTS.);
#1471 = CARTESIAN_POINT('',(-0.120630165126,-7.4200006));
#1472 = CARTESIAN_POINT('',(-0.120630165126,6.000000001283E-07));
#1473 = ( GEOMETRIC_REPRESENTATION_CONTEXT(2) 
PARAMETRIC_REPRESENTATION_CONTEXT() REPRESENTATION_CONTEXT('2D SPACE',''
  ) );
#1474 = PCURVE('',#606,#1475);
#1475 = DEFINITIONAL_REPRESENTATION('',(#1476),#1479);
#1476 = B_SPLINE_CURVE_WITH_KNOTS('',1,(#1477,#1478),.UNSPECIFIED.,.F.,
  .F.,(2,2),(-7.4300006,-9.9994E-03),.PIECEWISE_BEZIER_KNOTS.);
#1477 = CARTESIAN_POINT('',(-5.532668840708,-7.4300006));
#1478 = CARTESIAN_POINT('',(-5.532668840708,-9.9994E-03));
#1479 = ( GEOMETRIC_REPRESENTATION_CONTEXT(2) 
PARAMETRIC_REPRESENTATION_CONTEXT() REPRESENTATION_CONTEXT('2D SPACE',''
  ) );
#1480 = ORIENTED_EDGE('',*,*,#1481,.F.);
#1481 = EDGE_CURVE('',#1482,#1461,#1484,.T.);
#1482 = VERTEX_POINT('',#1483);
#1483 = CARTESIAN_POINT('',(15.575874651738,-14.51400113109,9.22));
#1484 = SURFACE_CURVE('',#1485,(#1490,#1497),.PCURVE_S1.);
#1485 = CIRCLE('',#1486,3.1);
#1486 = AXIS2_PLACEMENT_3D('',#1487,#1488,#1489);
#1487 = CARTESIAN_POINT('',(12.5,-14.9,9.22));
#1488 = DIRECTION('',(0.,0.,-1.));
#1489 = DIRECTION('',(1.,0.,0.));
#1490 = PCURVE('',#633,#1491);
#1491 = DEFINITIONAL_REPRESENTATION('',(#1492),#1496);
#1492 = LINE('',#1493,#1494);
#1493 = CARTESIAN_POINT('',(-6.28318530718,-7.42));
#1494 = VECTOR('',#1495,1.);
#1495 = DIRECTION('',(1.,-0.));
#1496 = ( GEOMETRIC_REPRESENTATION_CONTEXT(2) 
PARAMETRIC_REPRESENTATION_CONTEXT() REPRESENTATION_CONTEXT('2D SPACE',''
  ) );
#1497 = PCURVE('',#1498,#1503);
#1498 = PLANE('',#1499);
#1499 = AXIS2_PLACEMENT_3D('',#1500,#1501,#1502);
#1500 = CARTESIAN_POINT('',(-5.13592538043E-16,1.184870924777E-15,9.22)
  );
#1501 = DIRECTION('',(0.,0.,1.));
#1502 = DIRECTION('',(1.,0.,-0.));
#1503 = DEFINITIONAL_REPRESENTATION('',(#1504),#1512);
#1504 = ( BOUNDED_CURVE() B_SPLINE_CURVE(2,(#1505,#1506,#1507,#1508,
#1509,#1510,#1511),.UNSPECIFIED.,.T.,.F.) B_SPLINE_CURVE_WITH_KNOTS((1,2
    ,2,2,2,1),(-2.094395102393,0.,2.094395102393,4.188790204786,
6.28318530718,8.377580409573),.UNSPECIFIED.) CURVE() 
GEOMETRIC_REPRESENTATION_ITEM() RATIONAL_B_SPLINE_CURVE((1.,0.5,1.,0.5,
1.,0.5,1.)) REPRESENTATION_ITEM('') );
#1505 = CARTESIAN_POINT('',(15.6,-14.9));
#1506 = CARTESIAN_POINT('',(15.6,-20.26935750346));
#1507 = CARTESIAN_POINT('',(10.95,-17.58467875173));
#1508 = CARTESIAN_POINT('',(6.3,-14.9));
#1509 = CARTESIAN_POINT('',(10.95,-12.21532124826));
#1510 = CARTESIAN_POINT('',(15.6,-9.530642496536));
#1511 = CARTESIAN_POINT('',(15.6,-14.9));
#1512 = ( GEOMETRIC_REPRESENTATION_CONTEXT(2) 
PARAMETRIC_REPRESENTATION_CONTEXT() REPRESENTATION_CONTEXT('2D SPACE',''
  ) );
#1513 = ORIENTED_EDGE('',*,*,#1514,.T.);
#1514 = EDGE_CURVE('',#1482,#1515,#1517,.T.);
#1515 = VERTEX_POINT('',#1516);
#1516 = CARTESIAN_POINT('',(14.371252529651,-12.42847942143,11.51));
#1517 = SURFACE_CURVE('',#1518,(#1539,#1563),.PCURVE_S1.);
#1518 = B_SPLINE_CURVE_WITH_KNOTS('',7,(#1519,#1520,#1521,#1522,#1523,
    #1524,#1525,#1526,#1527,#1528,#1529,#1530,#1531,#1532,#1533,#1534,
    #1535,#1536,#1537,#1538),.UNSPECIFIED.,.F.,.F.,(8,6,6,8),(0.,
    0.433086359882,0.914348712435,1.),.UNSPECIFIED.);
#1519 = CARTESIAN_POINT('',(15.575874651738,-14.51400113109,9.22));
#1520 = CARTESIAN_POINT('',(15.554055756977,-14.34013485652,
    9.354492422523));
#1521 = CARTESIAN_POINT('',(15.521516815014,-14.17364928322,
    9.491104671154));
#1522 = CARTESIAN_POINT('',(15.479636690784,-14.01412766138,
    9.629375067226));
#1523 = CARTESIAN_POINT('',(15.429379862573,-13.8613175492,
    9.768951223301));
#1524 = CARTESIAN_POINT('',(15.371521588867,-13.7149940174,
    9.909559756642));
#1525 = CARTESIAN_POINT('',(15.306654436013,-13.57496072865,
    10.05100681781));
#1526 = CARTESIAN_POINT('',(15.15583965773,-13.29221753249,
    10.351154993177));
#1527 = CARTESIAN_POINT('',(15.068374689007,-13.15098938967,
    10.509975528327));
#1528 = CARTESIAN_POINT('',(14.973457292145,-13.0171363021,
    10.669433052244));
#1529 = CARTESIAN_POINT('',(14.871544165244,-12.89054600536,
    10.829345539005));
#1530 = CARTESIAN_POINT('',(14.762969758016,-12.77117165056,
    10.989548936204));
#1531 = CARTESIAN_POINT('',(14.647961240082,-12.65902307936,
    11.149895821194));
#1532 = CARTESIAN_POINT('',(14.505019177332,-12.53553122266,
    11.338794394482));
#1533 = CARTESIAN_POINT('',(14.483222568119,-12.51710557647,
    11.367333835518));
#1534 = CARTESIAN_POINT('',(14.461226181767,-12.49891241987,
    11.395872410441));
#1535 = CARTESIAN_POINT('',(14.439030558128,-12.48095240165,
    11.424409255274));
#1536 = CARTESIAN_POINT('',(14.416636129607,-12.46322626348,
    11.452943494744));
#1537 = CARTESIAN_POINT('',(14.394043221156,-12.44573483994,
    11.481474242276));
#1538 = CARTESIAN_POINT('',(14.37125205028,-12.42847905849,11.5100006));
#1539 = PCURVE('',#633,#1540);
#1540 = DEFINITIONAL_REPRESENTATION('',(#1541),#1562);
#1541 = B_SPLINE_CURVE_WITH_KNOTS('',7,(#1542,#1543,#1544,#1545,#1546,
    #1547,#1548,#1549,#1550,#1551,#1552,#1553,#1554,#1555,#1556,#1557,
    #1558,#1559,#1560,#1561),.UNSPECIFIED.,.F.,.F.,(8,6,6,8),(0.,
    0.433086359882,0.914348712435,1.),.UNSPECIFIED.);
#1542 = CARTESIAN_POINT('',(-0.124839782306,-7.42));
#1543 = CARTESIAN_POINT('',(-0.181365582038,-7.554492422523));
#1544 = CARTESIAN_POINT('',(-0.235959665293,-7.691104671154));
#1545 = CARTESIAN_POINT('',(-0.288994712496,-7.829375067226));
#1546 = CARTESIAN_POINT('',(-0.340718350168,-7.968951223301));
#1547 = CARTESIAN_POINT('',(-0.39134114416,-8.109559756641));
#1548 = CARTESIAN_POINT('',(-0.441045629456,-8.25100681781));
#1549 = CARTESIAN_POINT('',(-0.544416904138,-8.551154993177));
#1550 = CARTESIAN_POINT('',(-0.597892387949,-8.709975528327));
#1551 = CARTESIAN_POINT('',(-0.650662642696,-8.869433052244));
#1552 = CARTESIAN_POINT('',(-0.702914591641,-9.029345539005));
#1553 = CARTESIAN_POINT('',(-0.754817718782,-9.189548936204));
#1554 = CARTESIAN_POINT('',(-0.806542133784,-9.349895821194));
#1555 = CARTESIAN_POINT('',(-0.867477158268,-9.538794394482));
#1556 = CARTESIAN_POINT('',(-0.876683447811,-9.567333835518));
#1557 = CARTESIAN_POINT('',(-0.885890746644,-9.595872410441));
#1558 = CARTESIAN_POINT('',(-0.895100061542,-9.624409255274));
#1559 = CARTESIAN_POINT('',(-0.904312410545,-9.652943494744));
#1560 = CARTESIAN_POINT('',(-0.913528822957,-9.681474242276));
#1561 = CARTESIAN_POINT('',(-0.922750339349,-9.7100006));
#1562 = ( GEOMETRIC_REPRESENTATION_CONTEXT(2) 
PARAMETRIC_REPRESENTATION_CONTEXT() REPRESENTATION_CONTEXT('2D SPACE',''
  ) );
#1563 = PCURVE('',#1564,#1569);
#1564 = CONICAL_SURFACE('',#1565,21.3,0.785398163397);
#1565 = AXIS2_PLACEMENT_3D('',#1566,#1567,#1568);
#1566 = CARTESIAN_POINT('',(0.,0.,9.21));
#1567 = DIRECTION('',(-0.,-0.,-1.));
#1568 = DIRECTION('',(1.,0.,0.));
#1569 = DEFINITIONAL_REPRESENTATION('',(#1570),#1591);
#1570 = B_SPLINE_CURVE_WITH_KNOTS('',7,(#1571,#1572,#1573,#1574,#1575,
    #1576,#1577,#1578,#1579,#1580,#1581,#1582,#1583,#1584,#1585,#1586,
    #1587,#1588,#1589,#1590),.UNSPECIFIED.,.F.,.F.,(8,6,6,8),(0.,
    0.433086359882,0.914348712435,1.),.UNSPECIFIED.);
#1571 = CARTESIAN_POINT('',(-5.533062564739,-1.000000000001E-02));
#1572 = CARTESIAN_POINT('',(-5.53833860543,-0.144492422523));
#1573 = CARTESIAN_POINT('',(-5.543095518513,-0.281104671154));
#1574 = CARTESIAN_POINT('',(-5.547380453698,-0.419375067226));
#1575 = CARTESIAN_POINT('',(-5.55122204105,-0.5589512233));
#1576 = CARTESIAN_POINT('',(-5.554642033015,-0.699559756642));
#1577 = CARTESIAN_POINT('',(-5.557655597962,-0.84100681781));
#1578 = CARTESIAN_POINT('',(-5.563180536169,-1.141154993177));
#1579 = CARTESIAN_POINT('',(-5.565597841136,-1.299975528327));
#1580 = CARTESIAN_POINT('',(-5.567537563201,-1.459433052244));
#1581 = CARTESIAN_POINT('',(-5.569003381836,-1.619345539005));
#1582 = CARTESIAN_POINT('',(-5.569992309572,-1.779548936204));
#1583 = CARTESIAN_POINT('',(-5.570495005647,-1.939895821194));
#1584 = CARTESIAN_POINT('',(-5.570493370022,-2.128794394482));
#1585 = CARTESIAN_POINT('',(-5.570477156454,-2.157333835518));
#1586 = CARTESIAN_POINT('',(-5.57044487704,-2.185872410441));
#1587 = CARTESIAN_POINT('',(-5.570396423849,-2.214409255274));
#1588 = CARTESIAN_POINT('',(-5.570331680408,-2.242943494744));
#1589 = CARTESIAN_POINT('',(-5.570250521711,-2.271474242276));
#1590 = CARTESIAN_POINT('',(-5.570152814211,-2.3000006));
#1591 = ( GEOMETRIC_REPRESENTATION_CONTEXT(2) 
PARAMETRIC_REPRESENTATION_CONTEXT() REPRESENTATION_CONTEXT('2D SPACE',''
  ) );
#1592 = ORIENTED_EDGE('',*,*,#1593,.T.);
#1593 = EDGE_CURVE('',#1515,#1594,#1596,.T.);
#1594 = VERTEX_POINT('',#1595);
#1595 = CARTESIAN_POINT('',(9.740800026792,-16.31308722584,11.51));
#1596 = SURFACE_CURVE('',#1597,(#1602,#1609),.PCURVE_S1.);
#1597 = CIRCLE('',#1598,3.1);
#1598 = AXIS2_PLACEMENT_3D('',#1599,#1600,#1601);
#1599 = CARTESIAN_POINT('',(12.5,-14.9,11.51));
#1600 = DIRECTION('',(0.,0.,1.));
#1601 = DIRECTION('',(1.,0.,0.));
#1602 = PCURVE('',#633,#1603);
#1603 = DEFINITIONAL_REPRESENTATION('',(#1604),#1608);
#1604 = LINE('',#1605,#1606);
#1605 = CARTESIAN_POINT('',(-0.,-9.71));
#1606 = VECTOR('',#1607,1.);
#1607 = DIRECTION('',(-1.,0.));
#1608 = ( GEOMETRIC_REPRESENTATION_CONTEXT(2) 
PARAMETRIC_REPRESENTATION_CONTEXT() REPRESENTATION_CONTEXT('2D SPACE',''
  ) );
#1609 = PCURVE('',#1610,#1615);
#1610 = PLANE('',#1611);
#1611 = AXIS2_PLACEMENT_3D('',#1612,#1613,#1614);
#1612 = CARTESIAN_POINT('',(12.5,-14.9,11.51));
#1613 = DIRECTION('',(0.,0.,1.));
#1614 = DIRECTION('',(1.,0.,-0.));
#1615 = DEFINITIONAL_REPRESENTATION('',(#1616),#1620);
#1616 = CIRCLE('',#1617,3.1);
#1617 = AXIS2_PLACEMENT_2D('',#1618,#1619);
#1618 = CARTESIAN_POINT('',(0.,0.));
#1619 = DIRECTION('',(1.,0.));
#1620 = ( GEOMETRIC_REPRESENTATION_CONTEXT(2) 
PARAMETRIC_REPRESENTATION_CONTEXT() REPRESENTATION_CONTEXT('2D SPACE',''
  ) );
#1621 = ORIENTED_EDGE('',*,*,#1622,.T.);
#1622 = EDGE_CURVE('',#1594,#1623,#1625,.T.);
#1623 = VERTEX_POINT('',#1624);
#1624 = CARTESIAN_POINT('',(11.585142241405,-17.86193100553,9.22));
#1625 = SURFACE_CURVE('',#1626,(#1647,#1671),.PCURVE_S1.);
#1626 = B_SPLINE_CURVE_WITH_KNOTS('',7,(#1627,#1628,#1629,#1630,#1631,
    #1632,#1633,#1634,#1635,#1636,#1637,#1638,#1639,#1640,#1641,#1642,
    #1643,#1644,#1645,#1646),.UNSPECIFIED.,.F.,.F.,(8,6,6,8),(0.,
    8.727542540622E-02,0.565662221257,1.),.UNSPECIFIED.);
#1627 = CARTESIAN_POINT('',(9.740800026792,-16.31308722584,11.51));
#1628 = CARTESIAN_POINT('',(9.754077923598,-16.33901370217,
    11.480932725927));
#1629 = CARTESIAN_POINT('',(9.767632544942,-16.36477999457,
    11.451860894483));
#1630 = CARTESIAN_POINT('',(9.781462964874,-16.39038570611,
    11.422785455158));
#1631 = CARTESIAN_POINT('',(9.795568376013,-16.41583034308,
    11.393707345475));
#1632 = CARTESIAN_POINT('',(9.809948089554,-16.44111331501,
    11.364627490991));
#1633 = CARTESIAN_POINT('',(9.824601535263,-16.46623393463,
    11.335546805294));
#1634 = CARTESIAN_POINT('',(9.921346811118,-16.62799201688,
    11.147065278434));
#1635 = CARTESIAN_POINT('',(10.011369877468,-16.75988056519,
    10.987678765553));
#1636 = CARTESIAN_POINT('',(10.109529695743,-16.88674692187,
    10.828435721654));
#1637 = CARTESIAN_POINT('',(10.215856041149,-17.00836906298,
    10.669481021595));
#1638 = CARTESIAN_POINT('',(10.330451553835,-17.12443128627,
    10.510975794122));
#1639 = CARTESIAN_POINT('',(10.453502621585,-17.23451136715,
    10.353098721519));
#1640 = CARTESIAN_POINT('',(10.705010969997,-17.43202953715,
    10.053458595117));
#1641 = CARTESIAN_POINT('',(10.831893243527,-17.52059249224,
    9.911590779435));
#1642 = CARTESIAN_POINT('',(10.966228020421,-17.6033196969,
    9.770563972578));
#1643 = CARTESIAN_POINT('',(11.10831359402,-17.67965830894,
    9.630573221189));
#1644 = CARTESIAN_POINT('',(11.258508839996,-17.74887879879,
    9.491893868664));
#1645 = CARTESIAN_POINT('',(11.417233031743,-17.8100685405,
    9.354880969927));
#1646 = CARTESIAN_POINT('',(11.585142241405,-17.86193100553,9.22));
#1647 = PCURVE('',#633,#1648);
#1648 = DEFINITIONAL_REPRESENTATION('',(#1649),#1670);
#1649 = B_SPLINE_CURVE_WITH_KNOTS('',7,(#1650,#1651,#1652,#1653,#1654,
    #1655,#1656,#1657,#1658,#1659,#1660,#1661,#1662,#1663,#1664,#1665,
    #1666,#1667,#1668,#1669),.UNSPECIFIED.,.F.,.F.,(8,6,6,8),(0.,
    8.727542540622E-02,0.565662221257,1.),.UNSPECIFIED.);
#1650 = CARTESIAN_POINT('',(-3.614902315288,-9.71));
#1651 = CARTESIAN_POINT('',(-3.62429868981,-9.680932725927));
#1652 = CARTESIAN_POINT('',(-3.633689764916,-9.651860894483));
#1653 = CARTESIAN_POINT('',(-3.643076641475,-9.622785455158));
#1654 = CARTESIAN_POINT('',(-3.652460408248,-9.593707345475));
#1655 = CARTESIAN_POINT('',(-3.661842141884,-9.564627490991));
#1656 = CARTESIAN_POINT('',(-3.671222906923,-9.535546805294));
#1657 = CARTESIAN_POINT('',(-3.732023433348,-9.347065278434));
#1658 = CARTESIAN_POINT('',(-3.783441848796,-9.187678765553));
#1659 = CARTESIAN_POINT('',(-3.835038621301,-9.028435721654));
#1660 = CARTESIAN_POINT('',(-3.886980874804,-8.869481021595));
#1661 = CARTESIAN_POINT('',(-3.939435209375,-8.710975794122));
#1662 = CARTESIAN_POINT('',(-3.992585230825,-8.553098721519));
#1663 = CARTESIAN_POINT('',(-4.095745430139,-8.253458595117));
#1664 = CARTESIAN_POINT('',(-4.145580220359,-8.111590779435));
#1665 = CARTESIAN_POINT('',(-4.196336545115,-7.970563972577));
#1666 = CARTESIAN_POINT('',(-4.248198240344,-7.830573221189));
#1667 = CARTESIAN_POINT('',(-4.301377435327,-7.691893868664));
#1668 = CARTESIAN_POINT('',(-4.356123576113,-7.554880969927));
#1669 = CARTESIAN_POINT('',(-4.412812678373,-7.42));
#1670 = ( GEOMETRIC_REPRESENTATION_CONTEXT(2) 
PARAMETRIC_REPRESENTATION_CONTEXT() REPRESENTATION_CONTEXT('2D SPACE',''
  ) );
#1671 = PCURVE('',#1262,#1672);
#1672 = DEFINITIONAL_REPRESENTATION('',(#1673),#1694);
#1673 = B_SPLINE_CURVE_WITH_KNOTS('',7,(#1674,#1675,#1676,#1677,#1678,
    #1679,#1680,#1681,#1682,#1683,#1684,#1685,#1686,#1687,#1688,#1689,
    #1690,#1691,#1692,#1693),.UNSPECIFIED.,.F.,.F.,(8,6,6,8),(0.,
    8.727542540622E-02,0.565662221257,1.),.UNSPECIFIED.);
#1674 = CARTESIAN_POINT('',(-5.250684951593,-2.3));
#1675 = CARTESIAN_POINT('',(-5.250585391669,-2.270932725927));
#1676 = CARTESIAN_POINT('',(-5.250503014084,-2.241860894483));
#1677 = CARTESIAN_POINT('',(-5.250437677565,-2.212785455158));
#1678 = CARTESIAN_POINT('',(-5.250389250031,-2.183707345475));
#1679 = CARTESIAN_POINT('',(-5.2503576086,-2.154627490991));
#1680 = CARTESIAN_POINT('',(-5.250342639583,-2.125546805294));
#1681 = CARTESIAN_POINT('',(-5.250353002633,-1.937065278434));
#1682 = CARTESIAN_POINT('',(-5.250859550261,-1.777678765553));
#1683 = CARTESIAN_POINT('',(-5.251846457686,-1.618435721654));
#1684 = CARTESIAN_POINT('',(-5.253304591731,-1.459481021595));
#1685 = CARTESIAN_POINT('',(-5.255231030611,-1.300975794122));
#1686 = CARTESIAN_POINT('',(-5.257629369626,-1.143098721519));
#1687 = CARTESIAN_POINT('',(-5.263129988232,-0.843458595117));
#1688 = CARTESIAN_POINT('',(-5.266146372043,-0.701590779435));
#1689 = CARTESIAN_POINT('',(-5.269571361076,-0.560563972578));
#1690 = CARTESIAN_POINT('',(-5.273420197185,-0.420573221189));
#1691 = CARTESIAN_POINT('',(-5.277714774565,-0.281893868664));
#1692 = CARTESIAN_POINT('',(-5.282483919995,-0.144880969927));
#1693 = CARTESIAN_POINT('',(-5.28777520312,-9.999999999999E-03));
#1694 = ( GEOMETRIC_REPRESENTATION_CONTEXT(2) 
PARAMETRIC_REPRESENTATION_CONTEXT() REPRESENTATION_CONTEXT('2D SPACE',''
  ) );
#1695 = ORIENTED_EDGE('',*,*,#1696,.F.);
#1696 = EDGE_CURVE('',#1129,#1623,#1697,.T.);
#1697 = SURFACE_CURVE('',#1698,(#1703,#1710),.PCURVE_S1.);
#1698 = CIRCLE('',#1699,3.1);
#1699 = AXIS2_PLACEMENT_3D('',#1700,#1701,#1702);
#1700 = CARTESIAN_POINT('',(12.5,-14.9,9.22));
#1701 = DIRECTION('',(0.,0.,-1.));
#1702 = DIRECTION('',(1.,0.,0.));
#1703 = PCURVE('',#633,#1704);
#1704 = DEFINITIONAL_REPRESENTATION('',(#1705),#1709);
#1705 = LINE('',#1706,#1707);
#1706 = CARTESIAN_POINT('',(-6.28318530718,-7.42));
#1707 = VECTOR('',#1708,1.);
#1708 = DIRECTION('',(1.,-0.));
#1709 = ( GEOMETRIC_REPRESENTATION_CONTEXT(2) 
PARAMETRIC_REPRESENTATION_CONTEXT() REPRESENTATION_CONTEXT('2D SPACE',''
  ) );
#1710 = PCURVE('',#1145,#1711);
#1711 = DEFINITIONAL_REPRESENTATION('',(#1712),#1720);
#1712 = ( BOUNDED_CURVE() B_SPLINE_CURVE(2,(#1713,#1714,#1715,#1716,
#1717,#1718,#1719),.UNSPECIFIED.,.T.,.F.) B_SPLINE_CURVE_WITH_KNOTS((1,2
    ,2,2,2,1),(-2.094395102393,0.,2.094395102393,4.188790204786,
6.28318530718,8.377580409573),.UNSPECIFIED.) CURVE() 
GEOMETRIC_REPRESENTATION_ITEM() RATIONAL_B_SPLINE_CURVE((1.,0.5,1.,0.5,
1.,0.5,1.)) REPRESENTATION_ITEM('') );
#1713 = CARTESIAN_POINT('',(15.6,-14.9));
#1714 = CARTESIAN_POINT('',(15.6,-20.26935750346));
#1715 = CARTESIAN_POINT('',(10.95,-17.58467875173));
#1716 = CARTESIAN_POINT('',(6.3,-14.9));
#1717 = CARTESIAN_POINT('',(10.95,-12.21532124826));
#1718 = CARTESIAN_POINT('',(15.6,-9.530642496536));
#1719 = CARTESIAN_POINT('',(15.6,-14.9));
#1720 = ( GEOMETRIC_REPRESENTATION_CONTEXT(2) 
PARAMETRIC_REPRESENTATION_CONTEXT() REPRESENTATION_CONTEXT('2D SPACE',''
  ) );
#1721 = ORIENTED_EDGE('',*,*,#1157,.T.);
#1722 = ADVANCED_FACE('',(#1723),#486,.F.);
#1723 = FACE_BOUND('',#1724,.T.);
#1724 = EDGE_LOOP('',(#1725,#1726,#1747,#1769));
#1725 = ORIENTED_EDGE('',*,*,#469,.F.);
#1726 = ORIENTED_EDGE('',*,*,#1727,.F.);
#1727 = EDGE_CURVE('',#1728,#470,#1730,.T.);
#1728 = VERTEX_POINT('',#1729);
#1729 = CARTESIAN_POINT('',(-15.57747230085,14.526952767742,9.22));
#1730 = SURFACE_CURVE('',#1731,(#1735,#1741),.PCURVE_S1.);
#1731 = LINE('',#1732,#1733);
#1732 = CARTESIAN_POINT('',(-15.57747230085,14.526952767742,1.79));
#1733 = VECTOR('',#1734,1.);
#1734 = DIRECTION('',(-0.,-0.,-1.));
#1735 = PCURVE('',#486,#1736);
#1736 = DEFINITIONAL_REPRESENTATION('',(#1737),#1740);
#1737 = B_SPLINE_CURVE_WITH_KNOTS('',1,(#1738,#1739),.UNSPECIFIED.,.F.,
  .F.,(2,2),(-7.4300006,-9.9994E-03),.PIECEWISE_BEZIER_KNOTS.);
#1738 = CARTESIAN_POINT('',(-8.674261494297,-7.4300006));
#1739 = CARTESIAN_POINT('',(-8.674261494297,-9.9994E-03));
#1740 = ( GEOMETRIC_REPRESENTATION_CONTEXT(2) 
PARAMETRIC_REPRESENTATION_CONTEXT() REPRESENTATION_CONTEXT('2D SPACE',''
  ) );
#1741 = PCURVE('',#519,#1742);
#1742 = DEFINITIONAL_REPRESENTATION('',(#1743),#1746);
#1743 = B_SPLINE_CURVE_WITH_KNOTS('',1,(#1744,#1745),.UNSPECIFIED.,.F.,
  .F.,(2,2),(-7.43,-1.E-02),.PIECEWISE_BEZIER_KNOTS.);
#1744 = CARTESIAN_POINT('',(-3.262222818716,-7.42));
#1745 = CARTESIAN_POINT('',(-3.262222818716,0.));
#1746 = ( GEOMETRIC_REPRESENTATION_CONTEXT(2) 
PARAMETRIC_REPRESENTATION_CONTEXT() REPRESENTATION_CONTEXT('2D SPACE',''
  ) );
#1747 = ORIENTED_EDGE('',*,*,#1748,.T.);
#1748 = EDGE_CURVE('',#1728,#1406,#1749,.T.);
#1749 = SURFACE_CURVE('',#1750,(#1755,#1762),.PCURVE_S1.);
#1750 = CIRCLE('',#1751,21.3);
#1751 = AXIS2_PLACEMENT_3D('',#1752,#1753,#1754);
#1752 = CARTESIAN_POINT('',(0.,0.,9.22));
#1753 = DIRECTION('',(0.,0.,1.));
#1754 = DIRECTION('',(-0.544489150528,-0.838767885029,0.));
#1755 = PCURVE('',#486,#1756);
#1756 = DEFINITIONAL_REPRESENTATION('',(#1757),#1761);
#1757 = LINE('',#1758,#1759);
#1758 = CARTESIAN_POINT('',(-4.136609033618,-7.43));
#1759 = VECTOR('',#1760,1.);
#1760 = DIRECTION('',(-1.,0.));
#1761 = ( GEOMETRIC_REPRESENTATION_CONTEXT(2) 
PARAMETRIC_REPRESENTATION_CONTEXT() REPRESENTATION_CONTEXT('2D SPACE',''
  ) );
#1762 = PCURVE('',#1421,#1763);
#1763 = DEFINITIONAL_REPRESENTATION('',(#1764),#1768);
#1764 = CIRCLE('',#1765,21.3);
#1765 = AXIS2_PLACEMENT_2D('',#1766,#1767);
#1766 = CARTESIAN_POINT('',(5.13592538043E-16,-1.184870924777E-15));
#1767 = DIRECTION('',(-0.544489150528,-0.838767885029));
#1768 = ( GEOMETRIC_REPRESENTATION_CONTEXT(2) 
PARAMETRIC_REPRESENTATION_CONTEXT() REPRESENTATION_CONTEXT('2D SPACE',''
  ) );
#1769 = ORIENTED_EDGE('',*,*,#1437,.T.);
#1770 = ADVANCED_FACE('',(#1771,#1818),#606,.F.);
#1771 = FACE_BOUND('',#1772,.T.);
#1772 = EDGE_LOOP('',(#1773,#1774,#1775,#1799));
#1773 = ORIENTED_EDGE('',*,*,#589,.F.);
#1774 = ORIENTED_EDGE('',*,*,#1460,.F.);
#1775 = ORIENTED_EDGE('',*,*,#1776,.T.);
#1776 = EDGE_CURVE('',#1461,#1777,#1779,.T.);
#1777 = VERTEX_POINT('',#1778);
#1778 = CARTESIAN_POINT('',(15.577472300851,14.526952767742,9.22));
#1779 = SURFACE_CURVE('',#1780,(#1785,#1792),.PCURVE_S1.);
#1780 = CIRCLE('',#1781,21.3);
#1781 = AXIS2_PLACEMENT_3D('',#1782,#1783,#1784);
#1782 = CARTESIAN_POINT('',(0.,0.,9.22));
#1783 = DIRECTION('',(0.,0.,1.));
#1784 = DIRECTION('',(-0.544489150528,-0.838767885029,0.));
#1785 = PCURVE('',#606,#1786);
#1786 = DEFINITIONAL_REPRESENTATION('',(#1787),#1791);
#1787 = LINE('',#1788,#1789);
#1788 = CARTESIAN_POINT('',(-4.136609033618,-7.43));
#1789 = VECTOR('',#1790,1.);
#1790 = DIRECTION('',(-1.,0.));
#1791 = ( GEOMETRIC_REPRESENTATION_CONTEXT(2) 
PARAMETRIC_REPRESENTATION_CONTEXT() REPRESENTATION_CONTEXT('2D SPACE',''
  ) );
#1792 = PCURVE('',#1498,#1793);
#1793 = DEFINITIONAL_REPRESENTATION('',(#1794),#1798);
#1794 = CIRCLE('',#1795,21.3);
#1795 = AXIS2_PLACEMENT_2D('',#1796,#1797);
#1796 = CARTESIAN_POINT('',(5.13592538043E-16,-1.184870924777E-15));
#1797 = DIRECTION('',(-0.544489150528,-0.838767885029));
#1798 = ( GEOMETRIC_REPRESENTATION_CONTEXT(2) 
PARAMETRIC_REPRESENTATION_CONTEXT() REPRESENTATION_CONTEXT('2D SPACE',''
  ) );
#1799 = ORIENTED_EDGE('',*,*,#1800,.T.);
#1800 = EDGE_CURVE('',#1777,#561,#1801,.T.);
#1801 = SURFACE_CURVE('',#1802,(#1806,#1812),.PCURVE_S1.);
#1802 = LINE('',#1803,#1804);
#1803 = CARTESIAN_POINT('',(15.577472300851,14.526952767742,1.79));
#1804 = VECTOR('',#1805,1.);
#1805 = DIRECTION('',(-0.,-0.,-1.));
#1806 = PCURVE('',#606,#1807);
#1807 = DEFINITIONAL_REPRESENTATION('',(#1808),#1811);
#1808 = B_SPLINE_CURVE_WITH_KNOTS('',1,(#1809,#1810),.UNSPECIFIED.,.F.,
  .F.,(2,2),(-7.4300006,-9.9994E-03),.PIECEWISE_BEZIER_KNOTS.);
#1809 = CARTESIAN_POINT('',(-7.033701773652,-7.4300006));
#1810 = CARTESIAN_POINT('',(-7.033701773652,-9.9994E-03));
#1811 = ( GEOMETRIC_REPRESENTATION_CONTEXT(2) 
PARAMETRIC_REPRESENTATION_CONTEXT() REPRESENTATION_CONTEXT('2D SPACE',''
  ) );
#1812 = PCURVE('',#577,#1813);
#1813 = DEFINITIONAL_REPRESENTATION('',(#1814),#1817);
#1814 = B_SPLINE_CURVE_WITH_KNOTS('',1,(#1815,#1816),.UNSPECIFIED.,.F.,
  .F.,(2,2),(-7.4300006,-9.9994E-03),.PIECEWISE_BEZIER_KNOTS.);
#1815 = CARTESIAN_POINT('',(-6.162555142054,-7.4200006));
#1816 = CARTESIAN_POINT('',(-6.162555142054,6.000000001283E-07));
#1817 = ( GEOMETRIC_REPRESENTATION_CONTEXT(2) 
PARAMETRIC_REPRESENTATION_CONTEXT() REPRESENTATION_CONTEXT('2D SPACE',''
  ) );
#1818 = FACE_BOUND('',#1819,.T.);
#1819 = EDGE_LOOP('',(#1820,#1821,#1822,#1823));
#1820 = ORIENTED_EDGE('',*,*,#833,.F.);
#1821 = ORIENTED_EDGE('',*,*,#785,.T.);
#1822 = ORIENTED_EDGE('',*,*,#731,.F.);
#1823 = ORIENTED_EDGE('',*,*,#919,.F.);
#1824 = ADVANCED_FACE('',(#1825),#519,.T.);
#1825 = FACE_BOUND('',#1826,.F.);
#1826 = EDGE_LOOP('',(#1827,#1828,#1829,#1856,#1930,#1963,#2042,#2074));
#1827 = ORIENTED_EDGE('',*,*,#498,.T.);
#1828 = ORIENTED_EDGE('',*,*,#1727,.F.);
#1829 = ORIENTED_EDGE('',*,*,#1830,.F.);
#1830 = EDGE_CURVE('',#1831,#1728,#1833,.T.);
#1831 = VERTEX_POINT('',#1832);
#1832 = CARTESIAN_POINT('',(-15.57587465173,14.514001131093,9.22));
#1833 = SURFACE_CURVE('',#1834,(#1839,#1845),.PCURVE_S1.);
#1834 = CIRCLE('',#1835,3.1);
#1835 = AXIS2_PLACEMENT_3D('',#1836,#1837,#1838);
#1836 = CARTESIAN_POINT('',(-12.5,14.9,9.22));
#1837 = DIRECTION('',(0.,0.,-1.));
#1838 = DIRECTION('',(1.,0.,0.));
#1839 = PCURVE('',#519,#1840);
#1840 = DEFINITIONAL_REPRESENTATION('',(#1841),#1844);
#1841 = B_SPLINE_CURVE_WITH_KNOTS('',1,(#1842,#1843),.UNSPECIFIED.,.F.,
  .F.,(2,2),(3.016752871284,3.020962488464),.PIECEWISE_BEZIER_KNOTS.);
#1842 = CARTESIAN_POINT('',(-3.266432435896,-7.42));
#1843 = CARTESIAN_POINT('',(-3.262222818716,-7.42));
#1844 = ( GEOMETRIC_REPRESENTATION_CONTEXT(2) 
PARAMETRIC_REPRESENTATION_CONTEXT() REPRESENTATION_CONTEXT('2D SPACE',''
  ) );
#1845 = PCURVE('',#1421,#1846);
#1846 = DEFINITIONAL_REPRESENTATION('',(#1847),#1855);
#1847 = ( BOUNDED_CURVE() B_SPLINE_CURVE(2,(#1848,#1849,#1850,#1851,
#1852,#1853,#1854),.UNSPECIFIED.,.T.,.F.) B_SPLINE_CURVE_WITH_KNOTS((1,2
    ,2,2,2,1),(-2.094395102393,0.,2.094395102393,4.188790204786,
6.28318530718,8.377580409573),.UNSPECIFIED.) CURVE() 
GEOMETRIC_REPRESENTATION_ITEM() RATIONAL_B_SPLINE_CURVE((1.,0.5,1.,0.5,
1.,0.5,1.)) REPRESENTATION_ITEM('') );
#1848 = CARTESIAN_POINT('',(-9.4,14.9));
#1849 = CARTESIAN_POINT('',(-9.4,9.530642496536));
#1850 = CARTESIAN_POINT('',(-14.05,12.215321248268));
#1851 = CARTESIAN_POINT('',(-18.7,14.9));
#1852 = CARTESIAN_POINT('',(-14.05,17.584678751732));
#1853 = CARTESIAN_POINT('',(-9.4,20.269357503464));
#1854 = CARTESIAN_POINT('',(-9.4,14.9));
#1855 = ( GEOMETRIC_REPRESENTATION_CONTEXT(2) 
PARAMETRIC_REPRESENTATION_CONTEXT() REPRESENTATION_CONTEXT('2D SPACE',''
  ) );
#1856 = ORIENTED_EDGE('',*,*,#1857,.T.);
#1857 = EDGE_CURVE('',#1831,#1858,#1860,.T.);
#1858 = VERTEX_POINT('',#1859);
#1859 = CARTESIAN_POINT('',(-14.37125252965,12.428479421434,11.51));
#1860 = SURFACE_CURVE('',#1861,(#1882,#1906),.PCURVE_S1.);
#1861 = B_SPLINE_CURVE_WITH_KNOTS('',7,(#1862,#1863,#1864,#1865,#1866,
    #1867,#1868,#1869,#1870,#1871,#1872,#1873,#1874,#1875,#1876,#1877,
    #1878,#1879,#1880,#1881),.UNSPECIFIED.,.F.,.F.,(8,6,6,8),(0.,
    0.435226991634,0.912721602815,1.),.UNSPECIFIED.);
#1862 = CARTESIAN_POINT('',(-15.57587465173,14.514001131093,9.22));
#1863 = CARTESIAN_POINT('',(-15.55394791894,14.339275537246,
    9.355157139889));
#1864 = CARTESIAN_POINT('',(-15.52119496187,14.17200414323,
    9.492454829248));
#1865 = CARTESIAN_POINT('',(-15.47901517927,14.011763455312,
    9.631424883217));
#1866 = CARTESIAN_POINT('',(-15.42838528198,13.858297968797,
    9.771710344356));
#1867 = CARTESIAN_POINT('',(-15.37009003996,13.711379920629,
    9.913034471214));
#1868 = CARTESIAN_POINT('',(-15.30472838045,13.570810742494,
    10.055201364666));
#1869 = CARTESIAN_POINT('',(-15.1537729075,13.28895407478,10.35485847191
    ));
#1870 = CARTESIAN_POINT('',(-15.06685536449,13.148968673912,
    10.512446994321));
#1871 = CARTESIAN_POINT('',(-14.9726075338,13.016242137276,
    10.670659989851));
#1872 = CARTESIAN_POINT('',(-14.87147442452,12.890665234147,
    10.829319927575));
#1873 = CARTESIAN_POINT('',(-14.76378253711,12.772192239467,
    10.988266647387));
#1874 = CARTESIAN_POINT('',(-14.6497542176,12.660832561217,
    11.147356075393));
#1875 = CARTESIAN_POINT('',(-14.50750252919,12.53763268379,
    11.335541391022));
#1876 = CARTESIAN_POINT('',(-14.48531118615,12.51883450347,
    11.364623079268));
#1877 = CARTESIAN_POINT('',(-14.46291236069,12.500277678846,
    11.393703936361));
#1878 = CARTESIAN_POINT('',(-14.44030663053,12.481962891003,
    11.42278304863));
#1879 = CARTESIAN_POINT('',(-14.41749445748,12.463890920991,
    11.451859490417));
#1880 = CARTESIAN_POINT('',(-14.3944761874,12.446062649826,
    11.480932324083));
#1881 = CARTESIAN_POINT('',(-14.37125205028,12.42847905849,11.5100006));
#1882 = PCURVE('',#519,#1883);
#1883 = DEFINITIONAL_REPRESENTATION('',(#1884),#1905);
#1884 = B_SPLINE_CURVE_WITH_KNOTS('',7,(#1885,#1886,#1887,#1888,#1889,
    #1890,#1891,#1892,#1893,#1894,#1895,#1896,#1897,#1898,#1899,#1900,
    #1901,#1902,#1903,#1904),.UNSPECIFIED.,.F.,.F.,(8,6,6,8),(0.,
    0.435226991634,0.912721602815,0.99999974264),.UNSPECIFIED.);
#1885 = CARTESIAN_POINT('',(-3.266432435896,-7.42));
#1886 = CARTESIAN_POINT('',(-3.323237609588,-7.555157139889));
#1887 = CARTESIAN_POINT('',(-3.37809180822,-7.692454829248));
#1888 = CARTESIAN_POINT('',(-3.43137343072,-7.831424883217));
#1889 = CARTESIAN_POINT('',(-3.483333220541,-7.971710344356));
#1890 = CARTESIAN_POINT('',(-3.534184422417,-8.113034471214));
#1891 = CARTESIAN_POINT('',(-3.584111800043,-8.255201364666));
#1892 = CARTESIAN_POINT('',(-3.687252256668,-8.55485847191));
#1893 = CARTESIAN_POINT('',(-3.740296740016,-8.712446994321));
#1894 = CARTESIAN_POINT('',(-3.792649474251,-8.870659989851));
#1895 = CARTESIAN_POINT('',(-3.844492972992,-9.029319927575));
#1896 = CARTESIAN_POINT('',(-3.895992912177,-9.188266647387));
#1897 = CARTESIAN_POINT('',(-3.947315486332,-9.347356075393));
#1898 = CARTESIAN_POINT('',(-4.008020433165,-9.535541305268));
#1899 = CARTESIAN_POINT('',(-4.017401493745,-9.56462290776));
#1900 = CARTESIAN_POINT('',(-4.026783522851,-9.593703679107));
#1901 = CARTESIAN_POINT('',(-4.036167585126,-9.622782705645));
#1902 = CARTESIAN_POINT('',(-4.045554757318,-9.651859061726));
#1903 = CARTESIAN_POINT('',(-4.054946128282,-9.680931809716));
#1904 = CARTESIAN_POINT('',(-4.064342798981,-9.71));
#1905 = ( GEOMETRIC_REPRESENTATION_CONTEXT(2) 
PARAMETRIC_REPRESENTATION_CONTEXT() REPRESENTATION_CONTEXT('2D SPACE',''
  ) );
#1906 = PCURVE('',#1376,#1907);
#1907 = DEFINITIONAL_REPRESENTATION('',(#1908),#1929);
#1908 = B_SPLINE_CURVE_WITH_KNOTS('',7,(#1909,#1910,#1911,#1912,#1913,
    #1914,#1915,#1916,#1917,#1918,#1919,#1920,#1921,#1922,#1923,#1924,
    #1925,#1926,#1927,#1928),.UNSPECIFIED.,.F.,.F.,(8,6,6,8),(0.,
    0.435226991634,0.912721602815,1.),.UNSPECIFIED.);
#1909 = CARTESIAN_POINT('',(-8.674655218329,-1.000000000002E-02));
#1910 = CARTESIAN_POINT('',(-8.679957335403,-0.145157139889));
#1911 = CARTESIAN_POINT('',(-8.684735169894,-0.282454829248));
#1912 = CARTESIAN_POINT('',(-8.689036591516,-0.421424883217));
#1913 = CARTESIAN_POINT('',(-8.692890567201,-0.561710344356));
#1914 = CARTESIAN_POINT('',(-8.696319092148,-0.703034471214));
#1915 = CARTESIAN_POINT('',(-8.699337460359,-0.845201364666));
#1916 = CARTESIAN_POINT('',(-8.704827756944,-1.14485847191));
#1917 = CARTESIAN_POINT('',(-8.707217249591,-1.302446994321));
#1918 = CARTESIAN_POINT('',(-8.709136626478,-1.460659989851));
#1919 = CARTESIAN_POINT('',(-8.710589427769,-1.619319927575));
#1920 = CARTESIAN_POINT('',(-8.711572724352,-1.778266647387));
#1921 = CARTESIAN_POINT('',(-8.712077417661,-1.937356075393));
#1922 = CARTESIAN_POINT('',(-8.712087784702,-2.125541391022));
#1923 = CARTESIAN_POINT('',(-8.712072817748,-2.154623079268));
#1924 = CARTESIAN_POINT('',(-8.712041177244,-2.183703936361));
#1925 = CARTESIAN_POINT('',(-8.711992749491,-2.21278304863));
#1926 = CARTESIAN_POINT('',(-8.711927411595,-2.241859490417));
#1927 = CARTESIAN_POINT('',(-8.711845031461,-2.270932324083));
#1928 = CARTESIAN_POINT('',(-8.711745467801,-2.3000006));
#1929 = ( GEOMETRIC_REPRESENTATION_CONTEXT(2) 
PARAMETRIC_REPRESENTATION_CONTEXT() REPRESENTATION_CONTEXT('2D SPACE',''
  ) );
#1930 = ORIENTED_EDGE('',*,*,#1931,.F.);
#1931 = EDGE_CURVE('',#1932,#1858,#1934,.T.);
#1932 = VERTEX_POINT('',#1933);
#1933 = CARTESIAN_POINT('',(-9.740800026792,16.313087225846,11.51));
#1934 = SURFACE_CURVE('',#1935,(#1940,#1947),.PCURVE_S1.);
#1935 = CIRCLE('',#1936,3.1);
#1936 = AXIS2_PLACEMENT_3D('',#1937,#1938,#1939);
#1937 = CARTESIAN_POINT('',(-12.5,14.9,11.51));
#1938 = DIRECTION('',(0.,0.,-1.));
#1939 = DIRECTION('',(0.890064507486,0.455834588982,0.));
#1940 = PCURVE('',#519,#1941);
#1941 = DEFINITIONAL_REPRESENTATION('',(#1942),#1946);
#1942 = LINE('',#1943,#1944);
#1943 = CARTESIAN_POINT('',(-6.756494968878,-9.71));
#1944 = VECTOR('',#1945,1.);
#1945 = DIRECTION('',(1.,-0.));
#1946 = ( GEOMETRIC_REPRESENTATION_CONTEXT(2) 
PARAMETRIC_REPRESENTATION_CONTEXT() REPRESENTATION_CONTEXT('2D SPACE',''
  ) );
#1947 = PCURVE('',#1948,#1953);
#1948 = PLANE('',#1949);
#1949 = AXIS2_PLACEMENT_3D('',#1950,#1951,#1952);
#1950 = CARTESIAN_POINT('',(-12.5,14.9,11.51));
#1951 = DIRECTION('',(0.,0.,1.));
#1952 = DIRECTION('',(1.,0.,-0.));
#1953 = DEFINITIONAL_REPRESENTATION('',(#1954),#1962);
#1954 = ( BOUNDED_CURVE() B_SPLINE_CURVE(2,(#1955,#1956,#1957,#1958,
#1959,#1960,#1961),.UNSPECIFIED.,.T.,.F.) B_SPLINE_CURVE_WITH_KNOTS((1,2
    ,2,2,2,1),(-2.094395102393,0.,2.094395102393,4.188790204786,
6.28318530718,8.377580409573),.UNSPECIFIED.) CURVE() 
GEOMETRIC_REPRESENTATION_ITEM() RATIONAL_B_SPLINE_CURVE((1.,0.5,1.,0.5,
1.,0.5,1.)) REPRESENTATION_ITEM('') );
#1955 = CARTESIAN_POINT('',(2.759199973208,1.413087225846));
#1956 = CARTESIAN_POINT('',(5.206738843899,-3.365987315993));
#1957 = CARTESIAN_POINT('',(-0.155830551258,-3.096080883842));
#1958 = CARTESIAN_POINT('',(-5.518399946416,-2.826174451691));
#1959 = CARTESIAN_POINT('',(-2.60336942195,1.682993657997));
#1960 = CARTESIAN_POINT('',(0.311661102517,6.192161767685));
#1961 = CARTESIAN_POINT('',(2.759199973208,1.413087225846));
#1962 = ( GEOMETRIC_REPRESENTATION_CONTEXT(2) 
PARAMETRIC_REPRESENTATION_CONTEXT() REPRESENTATION_CONTEXT('2D SPACE',''
  ) );
#1963 = ORIENTED_EDGE('',*,*,#1964,.T.);
#1964 = EDGE_CURVE('',#1932,#1965,#1967,.T.);
#1965 = VERTEX_POINT('',#1966);
#1966 = CARTESIAN_POINT('',(-11.5851422414,17.861931005533,9.22));
#1967 = SURFACE_CURVE('',#1968,(#1989,#2013),.PCURVE_S1.);
#1968 = B_SPLINE_CURVE_WITH_KNOTS('',7,(#1969,#1970,#1971,#1972,#1973,
    #1974,#1975,#1976,#1977,#1978,#1979,#1980,#1981,#1982,#1983,#1984,
    #1985,#1986,#1987,#1988),.UNSPECIFIED.,.F.,.F.,(8,6,6,8),(0.,
    8.531945334093E-02,0.566090801122,1.),.UNSPECIFIED.);
#1969 = CARTESIAN_POINT('',(-9.740800026792,16.313087225846,11.51));
#1970 = CARTESIAN_POINT('',(-9.753780348468,16.338432655742,
    11.481584161769));
#1971 = CARTESIAN_POINT('',(-9.767025130307,16.363625001155,
    11.453163968013));
#1972 = CARTESIAN_POINT('',(-9.780533507004,16.388663891233,
    11.424740305974));
#1973 = CARTESIAN_POINT('',(-9.794304721682,16.413548866738,
    11.396314051865));
#1974 = CARTESIAN_POINT('',(-9.808338125902,16.438279380057,
    11.36788607087));
#1975 = CARTESIAN_POINT('',(-9.822633179652,16.46285479519,
    11.339457217142));
#1976 = CARTESIAN_POINT('',(-9.919213398917,16.624877712356,
    11.150832833007));
#1977 = CARTESIAN_POINT('',(-10.00952536247,16.757522387668,
    10.990648965993));
#1978 = CARTESIAN_POINT('',(-10.10805490889,16.885098274815,
    10.830607663871));
#1979 = CARTESIAN_POINT('',(-10.21483136997,17.007381005284,
    10.670855892261));
#1980 = CARTESIAN_POINT('',(-10.32995831741,17.124050839913,
    10.51155711656));
#1981 = CARTESIAN_POINT('',(-10.45362464471,17.234679571067,
    10.352892636064));
#1982 = CARTESIAN_POINT('',(-10.70576202408,17.43255361472,
    10.052618964092));
#1983 = CARTESIAN_POINT('',(-10.83255586237,17.521000443956,
    9.910895240809));
#1984 = CARTESIAN_POINT('',(-10.96678864605,17.603620824981,
    9.770011677179));
#1985 = CARTESIAN_POINT('',(-11.10875800769,17.679863091868,
    9.630162909327));
#1986 = CARTESIAN_POINT('',(-11.25882193382,17.748999491122,
    9.491623608273));
#1987 = CARTESIAN_POINT('',(-11.41739866874,17.810119701145,
    9.354747914216));
#1988 = CARTESIAN_POINT('',(-11.5851422414,17.861931005533,9.22));
#1989 = PCURVE('',#519,#1990);
#1990 = DEFINITIONAL_REPRESENTATION('',(#1991),#2012);
#1991 = B_SPLINE_CURVE_WITH_KNOTS('',7,(#1992,#1993,#1994,#1995,#1996,
    #1997,#1998,#1999,#2000,#2001,#2002,#2003,#2004,#2005,#2006,#2007,
    #2008,#2009,#2010,#2011),.UNSPECIFIED.,.F.,.F.,(8,6,6,8),(0.,
    8.531945334093E-02,0.566090801122,1.),.UNSPECIFIED.);
#1992 = CARTESIAN_POINT('',(-6.756494968878,-9.71));
#1993 = CARTESIAN_POINT('',(-6.765680758289,-9.681584161769));
#1994 = CARTESIAN_POINT('',(-6.774861483084,-9.653163968013));
#1995 = CARTESIAN_POINT('',(-6.784038171893,-9.624740305974));
#1996 = CARTESIAN_POINT('',(-6.793211842202,-9.596314051865));
#1997 = CARTESIAN_POINT('',(-6.802383500358,-9.56788607087));
#1998 = CARTESIAN_POINT('',(-6.811554141564,-9.539457217142));
#1999 = CARTESIAN_POINT('',(-6.87240072235,-9.350832833007));
#2000 = CARTESIAN_POINT('',(-6.924071777277,-9.190648965993));
#2001 = CARTESIAN_POINT('',(-6.975920406658,-9.030607663871));
#2002 = CARTESIAN_POINT('',(-7.028116195153,-8.870855892261));
#2003 = CARTESIAN_POINT('',(-7.080828087941,-8.71155711656));
#2004 = CARTESIAN_POINT('',(-7.134242350868,-8.552892636064));
#2005 = CARTESIAN_POINT('',(-7.237633043387,-8.252618964092));
#2006 = CARTESIAN_POINT('',(-7.287423215542,-8.110895240809));
#2007 = CARTESIAN_POINT('',(-7.338133818296,-7.970011677179));
#2008 = CARTESIAN_POINT('',(-7.389948241601,-7.830162909327));
#2009 = CARTESIAN_POINT('',(-7.443078078641,-7.691623608273));
#2010 = CARTESIAN_POINT('',(-7.497772151667,-7.554747914216));
#2011 = CARTESIAN_POINT('',(-7.554405331963,-7.42));
#2012 = ( GEOMETRIC_REPRESENTATION_CONTEXT(2) 
PARAMETRIC_REPRESENTATION_CONTEXT() REPRESENTATION_CONTEXT('2D SPACE',''
  ) );
#2013 = PCURVE('',#2014,#2019);
#2014 = CONICAL_SURFACE('',#2015,21.3,0.785398163397);
#2015 = AXIS2_PLACEMENT_3D('',#2016,#2017,#2018);
#2016 = CARTESIAN_POINT('',(0.,0.,9.21));
#2017 = DIRECTION('',(-0.,-0.,-1.));
#2018 = DIRECTION('',(1.,0.,0.));
#2019 = DEFINITIONAL_REPRESENTATION('',(#2020),#2041);
#2020 = B_SPLINE_CURVE_WITH_KNOTS('',7,(#2021,#2022,#2023,#2024,#2025,
    #2026,#2027,#2028,#2029,#2030,#2031,#2032,#2033,#2034,#2035,#2036,
    #2037,#2038,#2039,#2040),.UNSPECIFIED.,.F.,.F.,(8,6,6,8),(0.,
    8.531945334093E-02,0.566090801122,1.),.UNSPECIFIED.);
#2021 = CARTESIAN_POINT('',(-8.392277605183,-2.3));
#2022 = CARTESIAN_POINT('',(-8.392180276528,-2.271584161769));
#2023 = CARTESIAN_POINT('',(-8.392099368695,-2.243163968013));
#2024 = CARTESIAN_POINT('',(-8.39203474968,-2.214740305974));
#2025 = CARTESIAN_POINT('',(-8.391986295889,-2.186314051865));
#2026 = CARTESIAN_POINT('',(-8.391953892135,-2.15788607087));
#2027 = CARTESIAN_POINT('',(-8.391937431639,-2.129457217142));
#2028 = CARTESIAN_POINT('',(-8.391933347119,-1.940832833007));
#2029 = CARTESIAN_POINT('',(-8.39243299565,-1.780648965993));
#2030 = CARTESIAN_POINT('',(-8.393417941668,-1.620607663871));
#2031 = CARTESIAN_POINT('',(-8.394878843989,-1.460855892261));
#2032 = CARTESIAN_POINT('',(-8.396812692376,-1.30155711656));
#2033 = CARTESIAN_POINT('',(-8.399223115513,-1.142892636064));
#2034 = CARTESIAN_POINT('',(-8.404740499902,-0.842618964092));
#2035 = CARTESIAN_POINT('',(-8.4077559219,-0.70089524081));
#2036 = CARTESIAN_POINT('',(-8.411179202583,-0.560011677179));
#2037 = CARTESIAN_POINT('',(-8.415025558666,-0.420162909328));
#2038 = CARTESIAN_POINT('',(-8.419316835772,-0.281623608273));
#2039 = CARTESIAN_POINT('',(-8.424081793264,-0.144747914216));
#2040 = CARTESIAN_POINT('',(-8.42936785671,-9.999999999999E-03));
#2041 = ( GEOMETRIC_REPRESENTATION_CONTEXT(2) 
PARAMETRIC_REPRESENTATION_CONTEXT() REPRESENTATION_CONTEXT('2D SPACE',''
  ) );
#2042 = ORIENTED_EDGE('',*,*,#2043,.F.);
#2043 = EDGE_CURVE('',#2044,#1965,#2046,.T.);
#2044 = VERTEX_POINT('',#2045);
#2045 = CARTESIAN_POINT('',(-11.59761890625,17.865755951128,9.22));
#2046 = SURFACE_CURVE('',#2047,(#2052,#2058),.PCURVE_S1.);
#2047 = CIRCLE('',#2048,3.1);
#2048 = AXIS2_PLACEMENT_3D('',#2049,#2050,#2051);
#2049 = CARTESIAN_POINT('',(-12.5,14.9,9.22));
#2050 = DIRECTION('',(0.,0.,-1.));
#2051 = DIRECTION('',(1.,0.,0.));
#2052 = PCURVE('',#519,#2053);
#2053 = DEFINITIONAL_REPRESENTATION('',(#2054),#2057);
#2054 = B_SPLINE_CURVE_WITH_KNOTS('',1,(#2055,#2056),.UNSPECIFIED.,.F.,
  .F.,(2,2),(5.007755665216,5.011965282396),.PIECEWISE_BEZIER_KNOTS.);
#2055 = CARTESIAN_POINT('',(-7.558614949143,-7.42));
#2056 = CARTESIAN_POINT('',(-7.554405331963,-7.42));
#2057 = ( GEOMETRIC_REPRESENTATION_CONTEXT(2) 
PARAMETRIC_REPRESENTATION_CONTEXT() REPRESENTATION_CONTEXT('2D SPACE',''
  ) );
#2058 = PCURVE('',#2059,#2064);
#2059 = PLANE('',#2060);
#2060 = AXIS2_PLACEMENT_3D('',#2061,#2062,#2063);
#2061 = CARTESIAN_POINT('',(-5.13592538043E-16,1.184870924777E-15,9.22)
  );
#2062 = DIRECTION('',(0.,0.,1.));
#2063 = DIRECTION('',(1.,0.,-0.));
#2064 = DEFINITIONAL_REPRESENTATION('',(#2065),#2073);
#2065 = ( BOUNDED_CURVE() B_SPLINE_CURVE(2,(#2066,#2067,#2068,#2069,
#2070,#2071,#2072),.UNSPECIFIED.,.T.,.F.) B_SPLINE_CURVE_WITH_KNOTS((1,2
    ,2,2,2,1),(-2.094395102393,0.,2.094395102393,4.188790204786,
6.28318530718,8.377580409573),.UNSPECIFIED.) CURVE() 
GEOMETRIC_REPRESENTATION_ITEM() RATIONAL_B_SPLINE_CURVE((1.,0.5,1.,0.5,
1.,0.5,1.)) REPRESENTATION_ITEM('') );
#2066 = CARTESIAN_POINT('',(-9.4,14.9));
#2067 = CARTESIAN_POINT('',(-9.4,9.530642496536));
#2068 = CARTESIAN_POINT('',(-14.05,12.215321248268));
#2069 = CARTESIAN_POINT('',(-18.7,14.9));
#2070 = CARTESIAN_POINT('',(-14.05,17.584678751732));
#2071 = CARTESIAN_POINT('',(-9.4,20.269357503464));
#2072 = CARTESIAN_POINT('',(-9.4,14.9));
#2073 = ( GEOMETRIC_REPRESENTATION_CONTEXT(2) 
PARAMETRIC_REPRESENTATION_CONTEXT() REPRESENTATION_CONTEXT('2D SPACE',''
  ) );
#2074 = ORIENTED_EDGE('',*,*,#2075,.T.);
#2075 = EDGE_CURVE('',#2044,#499,#2076,.T.);
#2076 = SURFACE_CURVE('',#2077,(#2081,#2087),.PCURVE_S1.);
#2077 = LINE('',#2078,#2079);
#2078 = CARTESIAN_POINT('',(-11.59761890625,17.865755951128,1.79));
#2079 = VECTOR('',#2080,1.);
#2080 = DIRECTION('',(-0.,-0.,-1.));
#2081 = PCURVE('',#519,#2082);
#2082 = DEFINITIONAL_REPRESENTATION('',(#2083),#2086);
#2083 = B_SPLINE_CURVE_WITH_KNOTS('',1,(#2084,#2085),.UNSPECIFIED.,.F.,
  .F.,(2,2),(-7.43,-1.E-02),.PIECEWISE_BEZIER_KNOTS.);
#2084 = CARTESIAN_POINT('',(-7.558614949143,-7.42));
#2085 = CARTESIAN_POINT('',(-7.558614949143,0.));
#2086 = ( GEOMETRIC_REPRESENTATION_CONTEXT(2) 
PARAMETRIC_REPRESENTATION_CONTEXT() REPRESENTATION_CONTEXT('2D SPACE',''
  ) );
#2087 = PCURVE('',#548,#2088);
#2088 = DEFINITIONAL_REPRESENTATION('',(#2089),#2092);
#2089 = B_SPLINE_CURVE_WITH_KNOTS('',1,(#2090,#2091),.UNSPECIFIED.,.F.,
  .F.,(2,2),(-7.4300006,-9.9994E-03),.PIECEWISE_BEZIER_KNOTS.);
#2090 = CARTESIAN_POINT('',(-8.429761580741,-7.4300006));
#2091 = CARTESIAN_POINT('',(-8.429761580741,-9.9994E-03));
#2092 = ( GEOMETRIC_REPRESENTATION_CONTEXT(2) 
PARAMETRIC_REPRESENTATION_CONTEXT() REPRESENTATION_CONTEXT('2D SPACE',''
  ) );
#2093 = ADVANCED_FACE('',(#2094),#577,.T.);
#2094 = FACE_BOUND('',#2095,.F.);
#2095 = EDGE_LOOP('',(#2096,#2097,#2118,#2146,#2220,#2249,#2329,#2355));
#2096 = ORIENTED_EDGE('',*,*,#560,.F.);
#2097 = ORIENTED_EDGE('',*,*,#2098,.F.);
#2098 = EDGE_CURVE('',#2099,#532,#2101,.T.);
#2099 = VERTEX_POINT('',#2100);
#2100 = CARTESIAN_POINT('',(11.597618906255,17.865755951128,9.22));
#2101 = SURFACE_CURVE('',#2102,(#2106,#2112),.PCURVE_S1.);
#2102 = LINE('',#2103,#2104);
#2103 = CARTESIAN_POINT('',(11.597618906255,17.865755951128,1.79));
#2104 = VECTOR('',#2105,1.);
#2105 = DIRECTION('',(-0.,-0.,-1.));
#2106 = PCURVE('',#577,#2107);
#2107 = DEFINITIONAL_REPRESENTATION('',(#2108),#2111);
#2108 = B_SPLINE_CURVE_WITH_KNOTS('',1,(#2109,#2110),.UNSPECIFIED.,.F.,
  .F.,(2,2),(-7.4300006,-9.9994E-03),.PIECEWISE_BEZIER_KNOTS.);
#2109 = CARTESIAN_POINT('',(-1.866163011626,-7.4200006));
#2110 = CARTESIAN_POINT('',(-1.866163011626,6.000000001283E-07));
#2111 = ( GEOMETRIC_REPRESENTATION_CONTEXT(2) 
PARAMETRIC_REPRESENTATION_CONTEXT() REPRESENTATION_CONTEXT('2D SPACE',''
  ) );
#2112 = PCURVE('',#548,#2113);
#2113 = DEFINITIONAL_REPRESENTATION('',(#2114),#2117);
#2114 = B_SPLINE_CURVE_WITH_KNOTS('',1,(#2115,#2116),.UNSPECIFIED.,.F.,
  .F.,(2,2),(-7.4300006,-9.9994E-03),.PIECEWISE_BEZIER_KNOTS.);
#2115 = CARTESIAN_POINT('',(-7.278201687208,-7.4300006));
#2116 = CARTESIAN_POINT('',(-7.278201687208,-9.9994E-03));
#2117 = ( GEOMETRIC_REPRESENTATION_CONTEXT(2) 
PARAMETRIC_REPRESENTATION_CONTEXT() REPRESENTATION_CONTEXT('2D SPACE',''
  ) );
#2118 = ORIENTED_EDGE('',*,*,#2119,.F.);
#2119 = EDGE_CURVE('',#2120,#2099,#2122,.T.);
#2120 = VERTEX_POINT('',#2121);
#2121 = CARTESIAN_POINT('',(11.585142241405,17.861931005533,9.22));
#2122 = SURFACE_CURVE('',#2123,(#2128,#2135),.PCURVE_S1.);
#2123 = CIRCLE('',#2124,3.1);
#2124 = AXIS2_PLACEMENT_3D('',#2125,#2126,#2127);
#2125 = CARTESIAN_POINT('',(12.5,14.9,9.22));
#2126 = DIRECTION('',(0.,0.,-1.));
#2127 = DIRECTION('',(1.,0.,0.));
#2128 = PCURVE('',#577,#2129);
#2129 = DEFINITIONAL_REPRESENTATION('',(#2130),#2134);
#2130 = LINE('',#2131,#2132);
#2131 = CARTESIAN_POINT('',(-6.28318530718,-7.42));
#2132 = VECTOR('',#2133,1.);
#2133 = DIRECTION('',(1.,-0.));
#2134 = ( GEOMETRIC_REPRESENTATION_CONTEXT(2) 
PARAMETRIC_REPRESENTATION_CONTEXT() REPRESENTATION_CONTEXT('2D SPACE',''
  ) );
#2135 = PCURVE('',#2059,#2136);
#2136 = DEFINITIONAL_REPRESENTATION('',(#2137),#2145);
#2137 = ( BOUNDED_CURVE() B_SPLINE_CURVE(2,(#2138,#2139,#2140,#2141,
#2142,#2143,#2144),.UNSPECIFIED.,.T.,.F.) B_SPLINE_CURVE_WITH_KNOTS((1,2
    ,2,2,2,1),(-2.094395102393,0.,2.094395102393,4.188790204786,
6.28318530718,8.377580409573),.UNSPECIFIED.) CURVE() 
GEOMETRIC_REPRESENTATION_ITEM() RATIONAL_B_SPLINE_CURVE((1.,0.5,1.,0.5,
1.,0.5,1.)) REPRESENTATION_ITEM('') );
#2138 = CARTESIAN_POINT('',(15.6,14.9));
#2139 = CARTESIAN_POINT('',(15.6,9.530642496536));
#2140 = CARTESIAN_POINT('',(10.95,12.215321248268));
#2141 = CARTESIAN_POINT('',(6.3,14.9));
#2142 = CARTESIAN_POINT('',(10.95,17.584678751732));
#2143 = CARTESIAN_POINT('',(15.6,20.269357503464));
#2144 = CARTESIAN_POINT('',(15.6,14.9));
#2145 = ( GEOMETRIC_REPRESENTATION_CONTEXT(2) 
PARAMETRIC_REPRESENTATION_CONTEXT() REPRESENTATION_CONTEXT('2D SPACE',''
  ) );
#2146 = ORIENTED_EDGE('',*,*,#2147,.T.);
#2147 = EDGE_CURVE('',#2120,#2148,#2150,.T.);
#2148 = VERTEX_POINT('',#2149);
#2149 = CARTESIAN_POINT('',(9.740800026792,16.313087225846,11.51));
#2150 = SURFACE_CURVE('',#2151,(#2172,#2196),.PCURVE_S1.);
#2151 = B_SPLINE_CURVE_WITH_KNOTS('',7,(#2152,#2153,#2154,#2155,#2156,
    #2157,#2158,#2159,#2160,#2161,#2162,#2163,#2164,#2165,#2166,#2167,
    #2168,#2169,#2170,#2171),.UNSPECIFIED.,.F.,.F.,(8,6,6,8),(0.,
    0.433994377465,0.912144892333,1.),.UNSPECIFIED.);
#2152 = CARTESIAN_POINT('',(11.585142241405,17.861931005533,9.22));
#2153 = CARTESIAN_POINT('',(11.417365747549,17.810109532708,
    9.354774359713));
#2154 = CARTESIAN_POINT('',(11.258759703001,17.748975504228,
    9.491677323896));
#2155 = CARTESIAN_POINT('',(11.108669673061,17.679822393479,
    9.630244461163));
#2156 = CARTESIAN_POINT('',(10.966677208988,17.603560979721,
    9.770121449682));
#2157 = CARTESIAN_POINT('',(10.832424147791,17.520919369216,
    9.911033484836));
#2158 = CARTESIAN_POINT('',(10.705612725783,17.432449461674,
    10.052785848783));
#2159 = CARTESIAN_POINT('',(10.454192159303,17.235110591751,
    10.352228818635));
#2160 = CARTESIAN_POINT('',(10.331160878545,17.125114234249,
    10.510024715029));
#2161 = CARTESIAN_POINT('',(10.216577729039,17.009139733758,
    10.66844889844));
#2162 = CARTESIAN_POINT('',(10.110256291951,16.887609127297,
    10.827322849424));
#2163 = CARTESIAN_POINT('',(10.012093753493,16.760838048117,
    10.986485616216));
#2164 = CARTESIAN_POINT('',(9.922060005572,16.629048581899,
    11.145792517202));
#2165 = CARTESIAN_POINT('',(9.825185390466,16.467234430461,
    11.334388464957));
#2166 = CARTESIAN_POINT('',(9.810425469123,16.44195238235,
    11.363662334692));
#2167 = CARTESIAN_POINT('',(9.795942912989,16.416505799528,
    11.392935386749));
#2168 = CARTESIAN_POINT('',(9.781738301375,16.390895384971,
    11.422206689443));
#2169 = CARTESIAN_POINT('',(9.767812335322,16.365121742324,
    11.451475298788));
#2170 = CARTESIAN_POINT('',(9.754165837602,16.3391853759,11.480740258501
    ));
#2171 = CARTESIAN_POINT('',(9.740799752713,16.313086690677,11.5100006));
#2172 = PCURVE('',#577,#2173);
#2173 = DEFINITIONAL_REPRESENTATION('',(#2174),#2195);
#2174 = B_SPLINE_CURVE_WITH_KNOTS('',7,(#2175,#2176,#2177,#2178,#2179,
    #2180,#2181,#2182,#2183,#2184,#2185,#2186,#2187,#2188,#2189,#2190,
    #2191,#2192,#2193,#2194),.UNSPECIFIED.,.F.,.F.,(8,6,6,8),(0.,
    0.433994377465,0.912144892333,1.),.UNSPECIFIED.);
#2175 = CARTESIAN_POINT('',(-1.870372628806,-7.42));
#2176 = CARTESIAN_POINT('',(-1.927016923877,-7.554774359713));
#2177 = CARTESIAN_POINT('',(-1.981721346073,-7.691677323896));
#2178 = CARTESIAN_POINT('',(-2.034860993959,-7.830244461163));
#2179 = CARTESIAN_POINT('',(-2.086684813714,-7.970121449682));
#2180 = CARTESIAN_POINT('',(-2.137404504987,-8.111033484836));
#2181 = CARTESIAN_POINT('',(-2.187203546269,-8.252785848783));
#2182 = CARTESIAN_POINT('',(-2.290305755961,-8.552228818635));
#2183 = CARTESIAN_POINT('',(-2.343433152826,-8.710024715029));
#2184 = CARTESIAN_POINT('',(-2.395864756156,-8.86844889844));
#2185 = CARTESIAN_POINT('',(-2.447783964674,-9.027322849424));
#2186 = CARTESIAN_POINT('',(-2.499357175005,-9.186485616216));
#2187 = CARTESIAN_POINT('',(-2.550751276814,-9.345792517202));
#2188 = CARTESIAN_POINT('',(-2.611588747004,-9.534388464957));
#2189 = CARTESIAN_POINT('',(-2.62103178804,-9.563662334692));
#2190 = CARTESIAN_POINT('',(-2.63047578193,-9.592935386749));
#2191 = CARTESIAN_POINT('',(-2.63992181437,-9.622206689443));
#2192 = CARTESIAN_POINT('',(-2.649370983449,-9.651475298788));
#2193 = CARTESIAN_POINT('',(-2.658824399649,-9.680740258501));
#2194 = CARTESIAN_POINT('',(-2.668283185849,-9.7100006));
#2195 = ( GEOMETRIC_REPRESENTATION_CONTEXT(2) 
PARAMETRIC_REPRESENTATION_CONTEXT() REPRESENTATION_CONTEXT('2D SPACE',''
  ) );
#2196 = PCURVE('',#2014,#2197);
#2197 = DEFINITIONAL_REPRESENTATION('',(#2198),#2219);
#2198 = B_SPLINE_CURVE_WITH_KNOTS('',7,(#2199,#2200,#2201,#2202,#2203,
    #2204,#2205,#2206,#2207,#2208,#2209,#2210,#2211,#2212,#2213,#2214,
    #2215,#2216,#2217,#2218),.UNSPECIFIED.,.F.,.F.,(8,6,6,8),(0.,
    0.433994377465,0.912144892333,1.),.UNSPECIFIED.);
#2199 = CARTESIAN_POINT('',(-7.278595411239,-1.000000000001E-02));
#2200 = CARTESIAN_POINT('',(-7.283882512123,-0.144774359713));
#2201 = CARTESIAN_POINT('',(-7.288648302083,-0.281677323896));
#2202 = CARTESIAN_POINT('',(-7.292940235297,-0.420244461163));
#2203 = CARTESIAN_POINT('',(-7.296787084521,-0.560121449682));
#2204 = CARTESIAN_POINT('',(-7.300210705022,-0.701033484836));
#2205 = CARTESIAN_POINT('',(-7.303226318505,-0.842785848783));
#2206 = CARTESIAN_POINT('',(-7.308727421131,-1.142228818635));
#2207 = CARTESIAN_POINT('',(-7.31112685566,-1.300024715029));
#2208 = CARTESIAN_POINT('',(-7.313054829724,-1.45844889844));
#2209 = CARTESIAN_POINT('',(-7.314514957956,-1.617322849424));
#2210 = CARTESIAN_POINT('',(-7.315504348479,-1.776485616216));
#2211 = CARTESIAN_POINT('',(-7.31601391103,-1.935792517202));
#2212 = CARTESIAN_POINT('',(-7.316028560043,-2.124388464957));
#2213 = CARTESIAN_POINT('',(-7.316014048633,-2.153662334692));
#2214 = CARTESIAN_POINT('',(-7.315982645652,-2.182935386749));
#2215 = CARTESIAN_POINT('',(-7.315934235314,-2.212206689443));
#2216 = CARTESIAN_POINT('',(-7.315868692394,-2.241475298788));
#2217 = CARTESIAN_POINT('',(-7.315785882227,-2.270740258501));
#2218 = CARTESIAN_POINT('',(-7.315685660711,-2.3000006));
#2219 = ( GEOMETRIC_REPRESENTATION_CONTEXT(2) 
PARAMETRIC_REPRESENTATION_CONTEXT() REPRESENTATION_CONTEXT('2D SPACE',''
  ) );
#2220 = ORIENTED_EDGE('',*,*,#2221,.T.);
#2221 = EDGE_CURVE('',#2148,#2222,#2224,.T.);
#2222 = VERTEX_POINT('',#2223);
#2223 = CARTESIAN_POINT('',(14.371252529651,12.428479421434,11.51));
#2224 = SURFACE_CURVE('',#2225,(#2230,#2237),.PCURVE_S1.);
#2225 = CIRCLE('',#2226,3.1);
#2226 = AXIS2_PLACEMENT_3D('',#2227,#2228,#2229);
#2227 = CARTESIAN_POINT('',(12.5,14.9,11.51));
#2228 = DIRECTION('',(0.,0.,1.));
#2229 = DIRECTION('',(1.,0.,0.));
#2230 = PCURVE('',#577,#2231);
#2231 = DEFINITIONAL_REPRESENTATION('',(#2232),#2236);
#2232 = LINE('',#2233,#2234);
#2233 = CARTESIAN_POINT('',(-0.,-9.71));
#2234 = VECTOR('',#2235,1.);
#2235 = DIRECTION('',(-1.,0.));
#2236 = ( GEOMETRIC_REPRESENTATION_CONTEXT(2) 
PARAMETRIC_REPRESENTATION_CONTEXT() REPRESENTATION_CONTEXT('2D SPACE',''
  ) );
#2237 = PCURVE('',#2238,#2243);
#2238 = PLANE('',#2239);
#2239 = AXIS2_PLACEMENT_3D('',#2240,#2241,#2242);
#2240 = CARTESIAN_POINT('',(12.5,14.9,11.51));
#2241 = DIRECTION('',(0.,0.,1.));
#2242 = DIRECTION('',(1.,0.,-0.));
#2243 = DEFINITIONAL_REPRESENTATION('',(#2244),#2248);
#2244 = CIRCLE('',#2245,3.1);
#2245 = AXIS2_PLACEMENT_2D('',#2246,#2247);
#2246 = CARTESIAN_POINT('',(-1.7763568394E-15,0.));
#2247 = DIRECTION('',(1.,0.));
#2248 = ( GEOMETRIC_REPRESENTATION_CONTEXT(2) 
PARAMETRIC_REPRESENTATION_CONTEXT() REPRESENTATION_CONTEXT('2D SPACE',''
  ) );
#2249 = ORIENTED_EDGE('',*,*,#2250,.T.);
#2250 = EDGE_CURVE('',#2222,#2251,#2253,.T.);
#2251 = VERTEX_POINT('',#2252);
#2252 = CARTESIAN_POINT('',(15.575874651738,14.514001131093,9.22));
#2253 = SURFACE_CURVE('',#2254,(#2277,#2303),.PCURVE_S1.);
#2254 = B_SPLINE_CURVE_WITH_KNOTS('',5,(#2255,#2256,#2257,#2258,#2259,
    #2260,#2261,#2262,#2263,#2264,#2265,#2266,#2267,#2268,#2269,#2270,
    #2271,#2272,#2273,#2274,#2275,#2276),.UNSPECIFIED.,.F.,.F.,(6,4,4,4,
    4,6),(0.,8.685341373726E-02,0.329246041939,0.56560938926,
    0.790672146649,1.),.UNSPECIFIED.);
#2255 = CARTESIAN_POINT('',(14.371252529651,12.428479421434,11.51));
#2256 = CARTESIAN_POINT('',(14.403606434221,12.45297540431,
    11.469504528843));
#2257 = CARTESIAN_POINT('',(14.43553225921,12.47798017388,
    11.428999580375));
#2258 = CARTESIAN_POINT('',(14.467029211671,12.503490347003,
    11.388488429504));
#2259 = CARTESIAN_POINT('',(14.498095702966,12.529503226801,
    11.347974268834));
#2260 = CARTESIAN_POINT('',(14.614222475592,12.630011537641,
    11.194392580089));
#2261 = CARTESIAN_POINT('',(14.696343838893,12.707905459699,
    11.081326488941));
#2262 = CARTESIAN_POINT('',(14.775042733903,12.789656169902,
    10.968327793854));
#2263 = CARTESIAN_POINT('',(14.850218771346,12.875255607986,
    10.855464180618));
#2264 = CARTESIAN_POINT('',(14.991443450891,13.051978579036,
    10.632950011183));
#2265 = CARTESIAN_POINT('',(15.057671610316,13.14291044671,
    10.523290977136));
#2266 = CARTESIAN_POINT('',(15.120263729376,13.237550901612,
    10.413893476409));
#2267 = CARTESIAN_POINT('',(15.179026487441,13.335948161113,
    10.304834374634));
#2268 = CARTESIAN_POINT('',(15.285752401151,13.53553302852,
    10.092767243369));
#2269 = CARTESIAN_POINT('',(15.33409647941,13.636360104624,
    9.989721488496));
#2270 = CARTESIAN_POINT('',(15.378500444333,13.740739308754,
    9.887143216294));
#2271 = CARTESIAN_POINT('',(15.418672728426,13.84875848015,
    9.785133658679));
#2272 = CARTESIAN_POINT('',(15.487283050324,14.0645105923,9.589594390901
    ));
#2273 = CARTESIAN_POINT('',(15.516343936745,14.171731384061,
    9.495974130249));
#2274 = CARTESIAN_POINT('',(15.541085929231,14.28230941841,
    9.403063329271));
#2275 = CARTESIAN_POINT('',(15.561110556861,14.39635180918,
    9.311006391848));
#2276 = CARTESIAN_POINT('',(15.575874651738,14.514001131093,9.22));
#2277 = PCURVE('',#577,#2278);
#2278 = DEFINITIONAL_REPRESENTATION('',(#2279),#2302);
#2279 = B_SPLINE_CURVE_WITH_KNOTS('',5,(#2280,#2281,#2282,#2283,#2284,
    #2285,#2286,#2287,#2288,#2289,#2290,#2291,#2292,#2293,#2294,#2295,
    #2296,#2297,#2298,#2299,#2300,#2301),.UNSPECIFIED.,.F.,.F.,(6,4,4,4,
    4,6),(0.,8.685341373726E-02,0.329246041939,0.56560938926,
    0.790672146649,1.),.UNSPECIFIED.);
#2280 = CARTESIAN_POINT('',(-5.360435161788,-9.71));
#2281 = CARTESIAN_POINT('',(-5.373525849703,-9.669504528843));
#2282 = CARTESIAN_POINT('',(-5.386605517231,-9.628999580375));
#2283 = CARTESIAN_POINT('',(-5.399677961351,-9.588488429504));
#2284 = CARTESIAN_POINT('',(-5.412746895783,-9.547974268834));
#2285 = CARTESIAN_POINT('',(-5.462289389414,-9.394392580089));
#2286 = CARTESIAN_POINT('',(-5.498763555079,-9.281326488941));
#2287 = CARTESIAN_POINT('',(-5.535318242729,-9.168327793854));
#2288 = CARTESIAN_POINT('',(-5.572028322462,-9.055464180618));
#2289 = CARTESIAN_POINT('',(-5.645002466251,-8.832950011183));
#2290 = CARTESIAN_POINT('',(-5.681254359095,-8.723290977136));
#2291 = CARTESIAN_POINT('',(-5.717806140753,-8.613893476409));
#2292 = CARTESIAN_POINT('',(-5.75473525085,-8.504834374634));
#2293 = CARTESIAN_POINT('',(-5.827744408797,-8.292767243369));
#2294 = CARTESIAN_POINT('',(-5.863779815313,-8.189721488496));
#2295 = CARTESIAN_POINT('',(-5.90032065969,-8.087143216294));
#2296 = CARTESIAN_POINT('',(-5.93745417095,-7.985133658679));
#2297 = CARTESIAN_POINT('',(-6.010485994561,-7.789594390901));
#2298 = CARTESIAN_POINT('',(-6.04628772121,-7.695974130249));
#2299 = CARTESIAN_POINT('',(-6.082790505212,-7.603063329271));
#2300 = CARTESIAN_POINT('',(-6.120096462336,-7.511006391848));
#2301 = CARTESIAN_POINT('',(-6.158345524873,-7.42));
#2302 = ( GEOMETRIC_REPRESENTATION_CONTEXT(2) 
PARAMETRIC_REPRESENTATION_CONTEXT() REPRESENTATION_CONTEXT('2D SPACE',''
  ) );
#2303 = PCURVE('',#1564,#2304);
#2304 = DEFINITIONAL_REPRESENTATION('',(#2305),#2328);
#2305 = B_SPLINE_CURVE_WITH_KNOTS('',5,(#2306,#2307,#2308,#2309,#2310,
    #2311,#2312,#2313,#2314,#2315,#2316,#2317,#2318,#2319,#2320,#2321,
    #2322,#2323,#2324,#2325,#2326,#2327),.UNSPECIFIED.,.F.,.F.,(6,4,4,4,
    4,6),(0.,8.685341373726E-02,0.329246041939,0.56560938926,
    0.790672146649,1.),.UNSPECIFIED.);
#2306 = CARTESIAN_POINT('',(-6.996217798093,-2.3));
#2307 = CARTESIAN_POINT('',(-6.996079094821,-2.259504528843));
#2308 = CARTESIAN_POINT('',(-6.995976122936,-2.218999580375));
#2309 = CARTESIAN_POINT('',(-6.995908395173,-2.178488429504));
#2310 = CARTESIAN_POINT('',(-6.995875487402,-2.137974268834));
#2311 = CARTESIAN_POINT('',(-6.995881367837,-1.984392580089));
#2312 = CARTESIAN_POINT('',(-6.996154079119,-1.871326488941));
#2313 = CARTESIAN_POINT('',(-6.996687329005,-1.758327793854));
#2314 = CARTESIAN_POINT('',(-6.997476772779,-1.645464180618));
#2315 = CARTESIAN_POINT('',(-6.999539696696,-1.422950011183));
#2316 = CARTESIAN_POINT('',(-7.000800632727,-1.313290977136));
#2317 = CARTESIAN_POINT('',(-7.002303000286,-1.203893476409));
#2318 = CARTESIAN_POINT('',(-7.004048519054,-1.094834374634));
#2319 = CARTESIAN_POINT('',(-7.007940949771,-0.882767243369));
#2320 = CARTESIAN_POINT('',(-7.010064635347,-0.779721488496));
#2321 = CARTESIAN_POINT('',(-7.012418060595,-0.677143216294));
#2322 = CARTESIAN_POINT('',(-7.015008381733,-0.575133658679));
#2323 = CARTESIAN_POINT('',(-7.020487470677,-0.379594390901));
#2324 = CARTESIAN_POINT('',(-7.023342600986,-0.285974130249));
#2325 = CARTESIAN_POINT('',(-7.02642206322,-0.193063329271));
#2326 = CARTESIAN_POINT('',(-7.029737934534,-0.101006391848));
#2327 = CARTESIAN_POINT('',(-7.03330804962,-9.999999999999E-03));
#2328 = ( GEOMETRIC_REPRESENTATION_CONTEXT(2) 
PARAMETRIC_REPRESENTATION_CONTEXT() REPRESENTATION_CONTEXT('2D SPACE',''
  ) );
#2329 = ORIENTED_EDGE('',*,*,#2330,.F.);
#2330 = EDGE_CURVE('',#1777,#2251,#2331,.T.);
#2331 = SURFACE_CURVE('',#2332,(#2337,#2344),.PCURVE_S1.);
#2332 = CIRCLE('',#2333,3.1);
#2333 = AXIS2_PLACEMENT_3D('',#2334,#2335,#2336);
#2334 = CARTESIAN_POINT('',(12.5,14.9,9.22));
#2335 = DIRECTION('',(0.,0.,-1.));
#2336 = DIRECTION('',(1.,0.,0.));
#2337 = PCURVE('',#577,#2338);
#2338 = DEFINITIONAL_REPRESENTATION('',(#2339),#2343);
#2339 = LINE('',#2340,#2341);
#2340 = CARTESIAN_POINT('',(-6.28318530718,-7.42));
#2341 = VECTOR('',#2342,1.);
#2342 = DIRECTION('',(1.,-0.));
#2343 = ( GEOMETRIC_REPRESENTATION_CONTEXT(2) 
PARAMETRIC_REPRESENTATION_CONTEXT() REPRESENTATION_CONTEXT('2D SPACE',''
  ) );
#2344 = PCURVE('',#1498,#2345);
#2345 = DEFINITIONAL_REPRESENTATION('',(#2346),#2354);
#2346 = ( BOUNDED_CURVE() B_SPLINE_CURVE(2,(#2347,#2348,#2349,#2350,
#2351,#2352,#2353),.UNSPECIFIED.,.T.,.F.) B_SPLINE_CURVE_WITH_KNOTS((1,2
    ,2,2,2,1),(-2.094395102393,0.,2.094395102393,4.188790204786,
6.28318530718,8.377580409573),.UNSPECIFIED.) CURVE() 
GEOMETRIC_REPRESENTATION_ITEM() RATIONAL_B_SPLINE_CURVE((1.,0.5,1.,0.5,
1.,0.5,1.)) REPRESENTATION_ITEM('') );
#2347 = CARTESIAN_POINT('',(15.6,14.9));
#2348 = CARTESIAN_POINT('',(15.6,9.530642496536));
#2349 = CARTESIAN_POINT('',(10.95,12.215321248268));
#2350 = CARTESIAN_POINT('',(6.3,14.9));
#2351 = CARTESIAN_POINT('',(10.95,17.584678751732));
#2352 = CARTESIAN_POINT('',(15.6,20.269357503464));
#2353 = CARTESIAN_POINT('',(15.6,14.9));
#2354 = ( GEOMETRIC_REPRESENTATION_CONTEXT(2) 
PARAMETRIC_REPRESENTATION_CONTEXT() REPRESENTATION_CONTEXT('2D SPACE',''
  ) );
#2355 = ORIENTED_EDGE('',*,*,#1800,.T.);
#2356 = ADVANCED_FACE('',(#2357),#548,.F.);
#2357 = FACE_BOUND('',#2358,.T.);
#2358 = EDGE_LOOP('',(#2359,#2360,#2361,#2383));
#2359 = ORIENTED_EDGE('',*,*,#531,.F.);
#2360 = ORIENTED_EDGE('',*,*,#2098,.F.);
#2361 = ORIENTED_EDGE('',*,*,#2362,.T.);
#2362 = EDGE_CURVE('',#2099,#2044,#2363,.T.);
#2363 = SURFACE_CURVE('',#2364,(#2369,#2376),.PCURVE_S1.);
#2364 = CIRCLE('',#2365,21.3);
#2365 = AXIS2_PLACEMENT_3D('',#2366,#2367,#2368);
#2366 = CARTESIAN_POINT('',(0.,0.,9.22));
#2367 = DIRECTION('',(0.,0.,1.));
#2368 = DIRECTION('',(-0.544489150528,-0.838767885029,0.));
#2369 = PCURVE('',#548,#2370);
#2370 = DEFINITIONAL_REPRESENTATION('',(#2371),#2375);
#2371 = LINE('',#2372,#2373);
#2372 = CARTESIAN_POINT('',(-4.136609033618,-7.43));
#2373 = VECTOR('',#2374,1.);
#2374 = DIRECTION('',(-1.,0.));
#2375 = ( GEOMETRIC_REPRESENTATION_CONTEXT(2) 
PARAMETRIC_REPRESENTATION_CONTEXT() REPRESENTATION_CONTEXT('2D SPACE',''
  ) );
#2376 = PCURVE('',#2059,#2377);
#2377 = DEFINITIONAL_REPRESENTATION('',(#2378),#2382);
#2378 = CIRCLE('',#2379,21.3);
#2379 = AXIS2_PLACEMENT_2D('',#2380,#2381);
#2380 = CARTESIAN_POINT('',(5.13592538043E-16,-1.184870924777E-15));
#2381 = DIRECTION('',(-0.544489150528,-0.838767885029));
#2382 = ( GEOMETRIC_REPRESENTATION_CONTEXT(2) 
PARAMETRIC_REPRESENTATION_CONTEXT() REPRESENTATION_CONTEXT('2D SPACE',''
  ) );
#2383 = ORIENTED_EDGE('',*,*,#2075,.T.);
#2384 = ADVANCED_FACE('',(#2385),#668,.F.);
#2385 = FACE_BOUND('',#2386,.T.);
#2386 = EDGE_LOOP('',(#2387,#2388,#2411,#2438));
#2387 = ORIENTED_EDGE('',*,*,#647,.T.);
#2388 = ORIENTED_EDGE('',*,*,#2389,.T.);
#2389 = EDGE_CURVE('',#648,#2390,#2392,.T.);
#2390 = VERTEX_POINT('',#2391);
#2391 = CARTESIAN_POINT('',(14.1,14.9,8.7));
#2392 = SEAM_CURVE('',#2393,(#2397,#2404),.PCURVE_S1.);
#2393 = LINE('',#2394,#2395);
#2394 = CARTESIAN_POINT('',(14.1,14.9,1.7));
#2395 = VECTOR('',#2396,1.);
#2396 = DIRECTION('',(0.,0.,1.));
#2397 = PCURVE('',#668,#2398);
#2398 = DEFINITIONAL_REPRESENTATION('',(#2399),#2403);
#2399 = LINE('',#2400,#2401);
#2400 = CARTESIAN_POINT('',(-6.28318530718,0.));
#2401 = VECTOR('',#2402,1.);
#2402 = DIRECTION('',(-0.,-1.));
#2403 = ( GEOMETRIC_REPRESENTATION_CONTEXT(2) 
PARAMETRIC_REPRESENTATION_CONTEXT() REPRESENTATION_CONTEXT('2D SPACE',''
  ) );
#2404 = PCURVE('',#668,#2405);
#2405 = DEFINITIONAL_REPRESENTATION('',(#2406),#2410);
#2406 = LINE('',#2407,#2408);
#2407 = CARTESIAN_POINT('',(-0.,0.));
#2408 = VECTOR('',#2409,1.);
#2409 = DIRECTION('',(-0.,-1.));
#2410 = ( GEOMETRIC_REPRESENTATION_CONTEXT(2) 
PARAMETRIC_REPRESENTATION_CONTEXT() REPRESENTATION_CONTEXT('2D SPACE',''
  ) );
#2411 = ORIENTED_EDGE('',*,*,#2412,.T.);
#2412 = EDGE_CURVE('',#2390,#2390,#2413,.T.);
#2413 = SURFACE_CURVE('',#2414,(#2419,#2426),.PCURVE_S1.);
#2414 = CIRCLE('',#2415,1.6);
#2415 = AXIS2_PLACEMENT_3D('',#2416,#2417,#2418);
#2416 = CARTESIAN_POINT('',(12.5,14.9,8.7));
#2417 = DIRECTION('',(0.,0.,1.));
#2418 = DIRECTION('',(1.,0.,0.));
#2419 = PCURVE('',#668,#2420);
#2420 = DEFINITIONAL_REPRESENTATION('',(#2421),#2425);
#2421 = LINE('',#2422,#2423);
#2422 = CARTESIAN_POINT('',(-0.,-7.));
#2423 = VECTOR('',#2424,1.);
#2424 = DIRECTION('',(-1.,0.));
#2425 = ( GEOMETRIC_REPRESENTATION_CONTEXT(2) 
PARAMETRIC_REPRESENTATION_CONTEXT() REPRESENTATION_CONTEXT('2D SPACE',''
  ) );
#2426 = PCURVE('',#2427,#2432);
#2427 = PLANE('',#2428);
#2428 = AXIS2_PLACEMENT_3D('',#2429,#2430,#2431);
#2429 = CARTESIAN_POINT('',(12.5,14.9,8.7));
#2430 = DIRECTION('',(0.,0.,1.));
#2431 = DIRECTION('',(1.,0.,-0.));
#2432 = DEFINITIONAL_REPRESENTATION('',(#2433),#2437);
#2433 = CIRCLE('',#2434,1.6);
#2434 = AXIS2_PLACEMENT_2D('',#2435,#2436);
#2435 = CARTESIAN_POINT('',(-1.7763568394E-15,-3.552713678801E-15));
#2436 = DIRECTION('',(1.,0.));
#2437 = ( GEOMETRIC_REPRESENTATION_CONTEXT(2) 
PARAMETRIC_REPRESENTATION_CONTEXT() REPRESENTATION_CONTEXT('2D SPACE',''
  ) );
#2438 = ORIENTED_EDGE('',*,*,#2389,.F.);
#2439 = ADVANCED_FACE('',(#2440,#2443),#901,.T.);
#2440 = FACE_BOUND('',#2441,.T.);
#2441 = EDGE_LOOP('',(#2442));
#2442 = ORIENTED_EDGE('',*,*,#886,.T.);
#2443 = FACE_BOUND('',#2444,.T.);
#2444 = EDGE_LOOP('',(#2445));
#2445 = ORIENTED_EDGE('',*,*,#2446,.T.);
#2446 = EDGE_CURVE('',#2447,#2447,#2449,.T.);
#2447 = VERTEX_POINT('',#2448);
#2448 = CARTESIAN_POINT('',(20.25,0.,13.5));
#2449 = SURFACE_CURVE('',#2450,(#2455,#2466),.PCURVE_S1.);
#2450 = CIRCLE('',#2451,20.25);
#2451 = AXIS2_PLACEMENT_3D('',#2452,#2453,#2454);
#2452 = CARTESIAN_POINT('',(0.,0.,13.5));
#2453 = DIRECTION('',(0.,0.,-1.));
#2454 = DIRECTION('',(1.,0.,0.));
#2455 = PCURVE('',#901,#2456);
#2456 = DEFINITIONAL_REPRESENTATION('',(#2457),#2465);
#2457 = ( BOUNDED_CURVE() B_SPLINE_CURVE(2,(#2458,#2459,#2460,#2461,
#2462,#2463,#2464),.UNSPECIFIED.,.T.,.F.) B_SPLINE_CURVE_WITH_KNOTS((1,2
    ,2,2,2,1),(-2.094395102393,0.,2.094395102393,4.188790204786,
6.28318530718,8.377580409573),.UNSPECIFIED.) CURVE() 
GEOMETRIC_REPRESENTATION_ITEM() RATIONAL_B_SPLINE_CURVE((1.,0.5,1.,0.5,
1.,0.5,1.)) REPRESENTATION_ITEM('') );
#2458 = CARTESIAN_POINT('',(20.25,-1.914892223345E-15));
#2459 = CARTESIAN_POINT('',(20.25,-35.07402885327));
#2460 = CARTESIAN_POINT('',(-10.125,-17.53701442663));
#2461 = CARTESIAN_POINT('',(-40.5,-6.874711759891E-15));
#2462 = CARTESIAN_POINT('',(-10.125,17.537014426635));
#2463 = CARTESIAN_POINT('',(20.25,35.07402885327));
#2464 = CARTESIAN_POINT('',(20.25,-1.914892223345E-15));
#2465 = ( GEOMETRIC_REPRESENTATION_CONTEXT(2) 
PARAMETRIC_REPRESENTATION_CONTEXT() REPRESENTATION_CONTEXT('2D SPACE',''
  ) );
#2466 = PCURVE('',#2467,#2472);
#2467 = CYLINDRICAL_SURFACE('',#2468,20.25);
#2468 = AXIS2_PLACEMENT_3D('',#2469,#2470,#2471);
#2469 = CARTESIAN_POINT('',(0.,0.,12.76));
#2470 = DIRECTION('',(-0.,-0.,-1.));
#2471 = DIRECTION('',(1.,0.,0.));
#2472 = DEFINITIONAL_REPRESENTATION('',(#2473),#2477);
#2473 = LINE('',#2474,#2475);
#2474 = CARTESIAN_POINT('',(-6.28318530718,-0.74));
#2475 = VECTOR('',#2476,1.);
#2476 = DIRECTION('',(1.,-0.));
#2477 = ( GEOMETRIC_REPRESENTATION_CONTEXT(2) 
PARAMETRIC_REPRESENTATION_CONTEXT() REPRESENTATION_CONTEXT('2D SPACE',''
  ) );
#2478 = ADVANCED_FACE('',(#2479),#980,.F.);
#2479 = FACE_BOUND('',#2480,.F.);
#2480 = EDGE_LOOP('',(#2481));
#2481 = ORIENTED_EDGE('',*,*,#965,.T.);
#2482 = ADVANCED_FACE('',(#2483),#1035,.F.);
#2483 = FACE_BOUND('',#2484,.F.);
#2484 = EDGE_LOOP('',(#2485));
#2485 = ORIENTED_EDGE('',*,*,#1020,.T.);
#2486 = ADVANCED_FACE('',(#2487),#1090,.F.);
#2487 = FACE_BOUND('',#2488,.F.);
#2488 = EDGE_LOOP('',(#2489));
#2489 = ORIENTED_EDGE('',*,*,#1075,.T.);
#2490 = ADVANCED_FACE('',(#2491),#1145,.F.);
#2491 = FACE_BOUND('',#2492,.F.);
#2492 = EDGE_LOOP('',(#2493,#2494,#2495,#2496));
#2493 = ORIENTED_EDGE('',*,*,#1181,.T.);
#2494 = ORIENTED_EDGE('',*,*,#1128,.T.);
#2495 = ORIENTED_EDGE('',*,*,#1696,.T.);
#2496 = ORIENTED_EDGE('',*,*,#2497,.F.);
#2497 = EDGE_CURVE('',#1182,#1623,#2498,.T.);
#2498 = SURFACE_CURVE('',#2499,(#2504,#2511),.PCURVE_S1.);
#2499 = CIRCLE('',#2500,21.29);
#2500 = AXIS2_PLACEMENT_3D('',#2501,#2502,#2503);
#2501 = CARTESIAN_POINT('',(0.,0.,9.22));
#2502 = DIRECTION('',(0.,0.,1.));
#2503 = DIRECTION('',(-0.544158865261,-0.838982198475,0.));
#2504 = PCURVE('',#1145,#2505);
#2505 = DEFINITIONAL_REPRESENTATION('',(#2506),#2510);
#2506 = CIRCLE('',#2507,21.29);
#2507 = AXIS2_PLACEMENT_2D('',#2508,#2509);
#2508 = CARTESIAN_POINT('',(5.13592538043E-16,-1.184870924777E-15));
#2509 = DIRECTION('',(-0.544158865261,-0.838982198475));
#2510 = ( GEOMETRIC_REPRESENTATION_CONTEXT(2) 
PARAMETRIC_REPRESENTATION_CONTEXT() REPRESENTATION_CONTEXT('2D SPACE',''
  ) );
#2511 = PCURVE('',#1262,#2512);
#2512 = DEFINITIONAL_REPRESENTATION('',(#2513),#2517);
#2513 = LINE('',#2514,#2515);
#2514 = CARTESIAN_POINT('',(-4.137002757649,-1.E-02));
#2515 = VECTOR('',#2516,1.);
#2516 = DIRECTION('',(-1.,-0.));
#2517 = ( GEOMETRIC_REPRESENTATION_CONTEXT(2) 
PARAMETRIC_REPRESENTATION_CONTEXT() REPRESENTATION_CONTEXT('2D SPACE',''
  ) );
#2518 = ADVANCED_FACE('',(#2519),#1262,.F.);
#2519 = FACE_BOUND('',#2520,.F.);
#2520 = EDGE_LOOP('',(#2521,#2522,#2547,#2548));
#2521 = ORIENTED_EDGE('',*,*,#1622,.F.);
#2522 = ORIENTED_EDGE('',*,*,#2523,.F.);
#2523 = EDGE_CURVE('',#1209,#1594,#2524,.T.);
#2524 = SURFACE_CURVE('',#2525,(#2530,#2536),.PCURVE_S1.);
#2525 = CIRCLE('',#2526,19.);
#2526 = AXIS2_PLACEMENT_3D('',#2527,#2528,#2529);
#2527 = CARTESIAN_POINT('',(0.,0.,11.51));
#2528 = DIRECTION('',(0.,0.,1.));
#2529 = DIRECTION('',(1.,0.,0.));
#2530 = PCURVE('',#1262,#2531);
#2531 = DEFINITIONAL_REPRESENTATION('',(#2532),#2535);
#2532 = B_SPLINE_CURVE_WITH_KNOTS('',1,(#2533,#2534),.UNSPECIFIED.,.F.,
  .F.,(2,2),(4.174093009176,6.28318530718),.PIECEWISE_BEZIER_KNOTS.);
#2533 = CARTESIAN_POINT('',(-4.174093009176,-2.3));
#2534 = CARTESIAN_POINT('',(-6.28318530718,-2.3));
#2535 = ( GEOMETRIC_REPRESENTATION_CONTEXT(2) 
PARAMETRIC_REPRESENTATION_CONTEXT() REPRESENTATION_CONTEXT('2D SPACE',''
  ) );
#2536 = PCURVE('',#2537,#2542);
#2537 = CONICAL_SURFACE('',#2538,19.,0.785398163397);
#2538 = AXIS2_PLACEMENT_3D('',#2539,#2540,#2541);
#2539 = CARTESIAN_POINT('',(0.,0.,11.51));
#2540 = DIRECTION('',(0.,0.,1.));
#2541 = DIRECTION('',(1.,0.,0.));
#2542 = DEFINITIONAL_REPRESENTATION('',(#2543),#2546);
#2543 = B_SPLINE_CURVE_WITH_KNOTS('',1,(#2544,#2545),.UNSPECIFIED.,.F.,
  .F.,(2,2),(0.,6.28318530718),.PIECEWISE_BEZIER_KNOTS.);
#2544 = CARTESIAN_POINT('',(0.,0.));
#2545 = CARTESIAN_POINT('',(6.28318530718,0.));
#2546 = ( GEOMETRIC_REPRESENTATION_CONTEXT(2) 
PARAMETRIC_REPRESENTATION_CONTEXT() REPRESENTATION_CONTEXT('2D SPACE',''
  ) );
#2547 = ORIENTED_EDGE('',*,*,#1208,.F.);
#2548 = ORIENTED_EDGE('',*,*,#2497,.T.);
#2549 = ADVANCED_FACE('',(#2550),#1310,.T.);
#2550 = FACE_BOUND('',#2551,.T.);
#2551 = EDGE_LOOP('',(#2552,#2573));
#2552 = ORIENTED_EDGE('',*,*,#2553,.T.);
#2553 = EDGE_CURVE('',#1294,#1209,#2554,.T.);
#2554 = SURFACE_CURVE('',#2555,(#2560,#2567),.PCURVE_S1.);
#2555 = CIRCLE('',#2556,19.);
#2556 = AXIS2_PLACEMENT_3D('',#2557,#2558,#2559);
#2557 = CARTESIAN_POINT('',(0.,0.,11.51));
#2558 = DIRECTION('',(0.,0.,1.));
#2559 = DIRECTION('',(1.,0.,0.));
#2560 = PCURVE('',#1310,#2561);
#2561 = DEFINITIONAL_REPRESENTATION('',(#2562),#2566);
#2562 = CIRCLE('',#2563,19.);
#2563 = AXIS2_PLACEMENT_2D('',#2564,#2565);
#2564 = CARTESIAN_POINT('',(12.5,14.9));
#2565 = DIRECTION('',(1.,0.));
#2566 = ( GEOMETRIC_REPRESENTATION_CONTEXT(2) 
PARAMETRIC_REPRESENTATION_CONTEXT() REPRESENTATION_CONTEXT('2D SPACE',''
  ) );
#2567 = PCURVE('',#2537,#2568);
#2568 = DEFINITIONAL_REPRESENTATION('',(#2569),#2572);
#2569 = B_SPLINE_CURVE_WITH_KNOTS('',1,(#2570,#2571),.UNSPECIFIED.,.F.,
  .F.,(2,2),(0.,6.28318530718),.PIECEWISE_BEZIER_KNOTS.);
#2570 = CARTESIAN_POINT('',(0.,0.));
#2571 = CARTESIAN_POINT('',(6.28318530718,0.));
#2572 = ( GEOMETRIC_REPRESENTATION_CONTEXT(2) 
PARAMETRIC_REPRESENTATION_CONTEXT() REPRESENTATION_CONTEXT('2D SPACE',''
  ) );
#2573 = ORIENTED_EDGE('',*,*,#1293,.F.);
#2574 = ADVANCED_FACE('',(#2575),#1376,.F.);
#2575 = FACE_BOUND('',#2576,.F.);
#2576 = EDGE_LOOP('',(#2577,#2597,#2598,#2620));
#2577 = ORIENTED_EDGE('',*,*,#2578,.F.);
#2578 = EDGE_CURVE('',#1858,#1294,#2579,.T.);
#2579 = SURFACE_CURVE('',#2580,(#2585,#2591),.PCURVE_S1.);
#2580 = CIRCLE('',#2581,19.);
#2581 = AXIS2_PLACEMENT_3D('',#2582,#2583,#2584);
#2582 = CARTESIAN_POINT('',(0.,0.,11.51));
#2583 = DIRECTION('',(0.,0.,1.));
#2584 = DIRECTION('',(1.,0.,0.));
#2585 = PCURVE('',#1376,#2586);
#2586 = DEFINITIONAL_REPRESENTATION('',(#2587),#2590);
#2587 = B_SPLINE_CURVE_WITH_KNOTS('',1,(#2588,#2589),.UNSPECIFIED.,.F.,
  .F.,(2,2),(0.,3.854625144503),.PIECEWISE_BEZIER_KNOTS.);
#2588 = CARTESIAN_POINT('',(-6.28318530718,-2.3));
#2589 = CARTESIAN_POINT('',(-10.13781045168,-2.3));
#2590 = ( GEOMETRIC_REPRESENTATION_CONTEXT(2) 
PARAMETRIC_REPRESENTATION_CONTEXT() REPRESENTATION_CONTEXT('2D SPACE',''
  ) );
#2591 = PCURVE('',#2537,#2592);
#2592 = DEFINITIONAL_REPRESENTATION('',(#2593),#2596);
#2593 = B_SPLINE_CURVE_WITH_KNOTS('',1,(#2594,#2595),.UNSPECIFIED.,.F.,
  .F.,(2,2),(0.,6.28318530718),.PIECEWISE_BEZIER_KNOTS.);
#2594 = CARTESIAN_POINT('',(0.,0.));
#2595 = CARTESIAN_POINT('',(6.28318530718,0.));
#2596 = ( GEOMETRIC_REPRESENTATION_CONTEXT(2) 
PARAMETRIC_REPRESENTATION_CONTEXT() REPRESENTATION_CONTEXT('2D SPACE',''
  ) );
#2597 = ORIENTED_EDGE('',*,*,#1857,.F.);
#2598 = ORIENTED_EDGE('',*,*,#2599,.T.);
#2599 = EDGE_CURVE('',#1831,#1327,#2600,.T.);
#2600 = SURFACE_CURVE('',#2601,(#2606,#2613),.PCURVE_S1.);
#2601 = CIRCLE('',#2602,21.29);
#2602 = AXIS2_PLACEMENT_3D('',#2603,#2604,#2605);
#2603 = CARTESIAN_POINT('',(0.,0.,9.22));
#2604 = DIRECTION('',(0.,0.,1.));
#2605 = DIRECTION('',(-0.544158865261,-0.838982198475,0.));
#2606 = PCURVE('',#1376,#2607);
#2607 = DEFINITIONAL_REPRESENTATION('',(#2608),#2612);
#2608 = LINE('',#2609,#2610);
#2609 = CARTESIAN_POINT('',(-4.137002757649,-1.E-02));
#2610 = VECTOR('',#2611,1.);
#2611 = DIRECTION('',(-1.,-0.));
#2612 = ( GEOMETRIC_REPRESENTATION_CONTEXT(2) 
PARAMETRIC_REPRESENTATION_CONTEXT() REPRESENTATION_CONTEXT('2D SPACE',''
  ) );
#2613 = PCURVE('',#1421,#2614);
#2614 = DEFINITIONAL_REPRESENTATION('',(#2615),#2619);
#2615 = CIRCLE('',#2616,21.29);
#2616 = AXIS2_PLACEMENT_2D('',#2617,#2618);
#2617 = CARTESIAN_POINT('',(5.13592538043E-16,-1.184870924777E-15));
#2618 = DIRECTION('',(-0.544158865261,-0.838982198475));
#2619 = ( GEOMETRIC_REPRESENTATION_CONTEXT(2) 
PARAMETRIC_REPRESENTATION_CONTEXT() REPRESENTATION_CONTEXT('2D SPACE',''
  ) );
#2620 = ORIENTED_EDGE('',*,*,#1326,.F.);
#2621 = ADVANCED_FACE('',(#2622),#1421,.F.);
#2622 = FACE_BOUND('',#2623,.F.);
#2623 = EDGE_LOOP('',(#2624,#2625,#2626,#2627));
#2624 = ORIENTED_EDGE('',*,*,#2599,.F.);
#2625 = ORIENTED_EDGE('',*,*,#1830,.T.);
#2626 = ORIENTED_EDGE('',*,*,#1748,.T.);
#2627 = ORIENTED_EDGE('',*,*,#1405,.T.);
#2628 = ADVANCED_FACE('',(#2629),#1610,.T.);
#2629 = FACE_BOUND('',#2630,.T.);
#2630 = EDGE_LOOP('',(#2631,#2652));
#2631 = ORIENTED_EDGE('',*,*,#2632,.T.);
#2632 = EDGE_CURVE('',#1594,#1515,#2633,.T.);
#2633 = SURFACE_CURVE('',#2634,(#2639,#2646),.PCURVE_S1.);
#2634 = CIRCLE('',#2635,19.);
#2635 = AXIS2_PLACEMENT_3D('',#2636,#2637,#2638);
#2636 = CARTESIAN_POINT('',(0.,0.,11.51));
#2637 = DIRECTION('',(0.,0.,1.));
#2638 = DIRECTION('',(1.,0.,0.));
#2639 = PCURVE('',#1610,#2640);
#2640 = DEFINITIONAL_REPRESENTATION('',(#2641),#2645);
#2641 = CIRCLE('',#2642,19.);
#2642 = AXIS2_PLACEMENT_2D('',#2643,#2644);
#2643 = CARTESIAN_POINT('',(-12.5,14.9));
#2644 = DIRECTION('',(1.,0.));
#2645 = ( GEOMETRIC_REPRESENTATION_CONTEXT(2) 
PARAMETRIC_REPRESENTATION_CONTEXT() REPRESENTATION_CONTEXT('2D SPACE',''
  ) );
#2646 = PCURVE('',#2537,#2647);
#2647 = DEFINITIONAL_REPRESENTATION('',(#2648),#2651);
#2648 = B_SPLINE_CURVE_WITH_KNOTS('',1,(#2649,#2650),.UNSPECIFIED.,.F.,
  .F.,(2,2),(0.,6.28318530718),.PIECEWISE_BEZIER_KNOTS.);
#2649 = CARTESIAN_POINT('',(0.,0.));
#2650 = CARTESIAN_POINT('',(6.28318530718,0.));
#2651 = ( GEOMETRIC_REPRESENTATION_CONTEXT(2) 
PARAMETRIC_REPRESENTATION_CONTEXT() REPRESENTATION_CONTEXT('2D SPACE',''
  ) );
#2652 = ORIENTED_EDGE('',*,*,#1593,.T.);
#2653 = ADVANCED_FACE('',(#2654),#1564,.F.);
#2654 = FACE_BOUND('',#2655,.F.);
#2655 = EDGE_LOOP('',(#2656,#2678,#2698,#2699,#2721));
#2656 = ORIENTED_EDGE('',*,*,#2657,.F.);
#2657 = EDGE_CURVE('',#2658,#2222,#2660,.T.);
#2658 = VERTEX_POINT('',#2659);
#2659 = CARTESIAN_POINT('',(19.,0.,11.51));
#2660 = SURFACE_CURVE('',#2661,(#2666,#2672),.PCURVE_S1.);
#2661 = CIRCLE('',#2662,19.);
#2662 = AXIS2_PLACEMENT_3D('',#2663,#2664,#2665);
#2663 = CARTESIAN_POINT('',(0.,0.,11.51));
#2664 = DIRECTION('',(0.,0.,1.));
#2665 = DIRECTION('',(1.,0.,0.));
#2666 = PCURVE('',#1564,#2667);
#2667 = DEFINITIONAL_REPRESENTATION('',(#2668),#2671);
#2668 = B_SPLINE_CURVE_WITH_KNOTS('',1,(#2669,#2670),.UNSPECIFIED.,.F.,
  .F.,(2,2),(0.,3.854625144503),.PIECEWISE_BEZIER_KNOTS.);
#2669 = CARTESIAN_POINT('',(-6.28318530718,-2.3));
#2670 = CARTESIAN_POINT('',(-10.13781045168,-2.3));
#2671 = ( GEOMETRIC_REPRESENTATION_CONTEXT(2) 
PARAMETRIC_REPRESENTATION_CONTEXT() REPRESENTATION_CONTEXT('2D SPACE',''
  ) );
#2672 = PCURVE('',#2537,#2673);
#2673 = DEFINITIONAL_REPRESENTATION('',(#2674),#2677);
#2674 = B_SPLINE_CURVE_WITH_KNOTS('',1,(#2675,#2676),.UNSPECIFIED.,.F.,
  .F.,(2,2),(0.,6.28318530718),.PIECEWISE_BEZIER_KNOTS.);
#2675 = CARTESIAN_POINT('',(0.,0.));
#2676 = CARTESIAN_POINT('',(6.28318530718,0.));
#2677 = ( GEOMETRIC_REPRESENTATION_CONTEXT(2) 
PARAMETRIC_REPRESENTATION_CONTEXT() REPRESENTATION_CONTEXT('2D SPACE',''
  ) );
#2678 = ORIENTED_EDGE('',*,*,#2679,.F.);
#2679 = EDGE_CURVE('',#1515,#2658,#2680,.T.);
#2680 = SURFACE_CURVE('',#2681,(#2686,#2692),.PCURVE_S1.);
#2681 = CIRCLE('',#2682,19.);
#2682 = AXIS2_PLACEMENT_3D('',#2683,#2684,#2685);
#2683 = CARTESIAN_POINT('',(0.,0.,11.51));
#2684 = DIRECTION('',(0.,0.,1.));
#2685 = DIRECTION('',(1.,0.,0.));
#2686 = PCURVE('',#1564,#2687);
#2687 = DEFINITIONAL_REPRESENTATION('',(#2688),#2691);
#2688 = B_SPLINE_CURVE_WITH_KNOTS('',1,(#2689,#2690),.UNSPECIFIED.,.F.,
  .F.,(2,2),(4.174093009176,6.28318530718),.PIECEWISE_BEZIER_KNOTS.);
#2689 = CARTESIAN_POINT('',(-4.174093009176,-2.3));
#2690 = CARTESIAN_POINT('',(-6.28318530718,-2.3));
#2691 = ( GEOMETRIC_REPRESENTATION_CONTEXT(2) 
PARAMETRIC_REPRESENTATION_CONTEXT() REPRESENTATION_CONTEXT('2D SPACE',''
  ) );
#2692 = PCURVE('',#2537,#2693);
#2693 = DEFINITIONAL_REPRESENTATION('',(#2694),#2697);
#2694 = B_SPLINE_CURVE_WITH_KNOTS('',1,(#2695,#2696),.UNSPECIFIED.,.F.,
  .F.,(2,2),(0.,6.28318530718),.PIECEWISE_BEZIER_KNOTS.);
#2695 = CARTESIAN_POINT('',(0.,0.));
#2696 = CARTESIAN_POINT('',(6.28318530718,0.));
#2697 = ( GEOMETRIC_REPRESENTATION_CONTEXT(2) 
PARAMETRIC_REPRESENTATION_CONTEXT() REPRESENTATION_CONTEXT('2D SPACE',''
  ) );
#2698 = ORIENTED_EDGE('',*,*,#1514,.F.);
#2699 = ORIENTED_EDGE('',*,*,#2700,.T.);
#2700 = EDGE_CURVE('',#1482,#2251,#2701,.T.);
#2701 = SURFACE_CURVE('',#2702,(#2707,#2714),.PCURVE_S1.);
#2702 = CIRCLE('',#2703,21.29);
#2703 = AXIS2_PLACEMENT_3D('',#2704,#2705,#2706);
#2704 = CARTESIAN_POINT('',(0.,0.,9.22));
#2705 = DIRECTION('',(0.,0.,1.));
#2706 = DIRECTION('',(-0.544158865261,-0.838982198475,0.));
#2707 = PCURVE('',#1564,#2708);
#2708 = DEFINITIONAL_REPRESENTATION('',(#2709),#2713);
#2709 = LINE('',#2710,#2711);
#2710 = CARTESIAN_POINT('',(-4.137002757649,-1.E-02));
#2711 = VECTOR('',#2712,1.);
#2712 = DIRECTION('',(-1.,-0.));
#2713 = ( GEOMETRIC_REPRESENTATION_CONTEXT(2) 
PARAMETRIC_REPRESENTATION_CONTEXT() REPRESENTATION_CONTEXT('2D SPACE',''
  ) );
#2714 = PCURVE('',#1498,#2715);
#2715 = DEFINITIONAL_REPRESENTATION('',(#2716),#2720);
#2716 = CIRCLE('',#2717,21.29);
#2717 = AXIS2_PLACEMENT_2D('',#2718,#2719);
#2718 = CARTESIAN_POINT('',(5.13592538043E-16,-1.184870924777E-15));
#2719 = DIRECTION('',(-0.544158865261,-0.838982198475));
#2720 = ( GEOMETRIC_REPRESENTATION_CONTEXT(2) 
PARAMETRIC_REPRESENTATION_CONTEXT() REPRESENTATION_CONTEXT('2D SPACE',''
  ) );
#2721 = ORIENTED_EDGE('',*,*,#2250,.F.);
#2722 = ADVANCED_FACE('',(#2723),#1498,.F.);
#2723 = FACE_BOUND('',#2724,.F.);
#2724 = EDGE_LOOP('',(#2725,#2726,#2727,#2728));
#2725 = ORIENTED_EDGE('',*,*,#2700,.F.);
#2726 = ORIENTED_EDGE('',*,*,#1481,.T.);
#2727 = ORIENTED_EDGE('',*,*,#1776,.T.);
#2728 = ORIENTED_EDGE('',*,*,#2330,.T.);
#2729 = ADVANCED_FACE('',(#2730),#1948,.T.);
#2730 = FACE_BOUND('',#2731,.T.);
#2731 = EDGE_LOOP('',(#2732,#2753));
#2732 = ORIENTED_EDGE('',*,*,#2733,.T.);
#2733 = EDGE_CURVE('',#1932,#1858,#2734,.T.);
#2734 = SURFACE_CURVE('',#2735,(#2740,#2747),.PCURVE_S1.);
#2735 = CIRCLE('',#2736,19.);
#2736 = AXIS2_PLACEMENT_3D('',#2737,#2738,#2739);
#2737 = CARTESIAN_POINT('',(0.,0.,11.51));
#2738 = DIRECTION('',(0.,0.,1.));
#2739 = DIRECTION('',(1.,0.,0.));
#2740 = PCURVE('',#1948,#2741);
#2741 = DEFINITIONAL_REPRESENTATION('',(#2742),#2746);
#2742 = CIRCLE('',#2743,19.);
#2743 = AXIS2_PLACEMENT_2D('',#2744,#2745);
#2744 = CARTESIAN_POINT('',(12.5,-14.9));
#2745 = DIRECTION('',(1.,0.));
#2746 = ( GEOMETRIC_REPRESENTATION_CONTEXT(2) 
PARAMETRIC_REPRESENTATION_CONTEXT() REPRESENTATION_CONTEXT('2D SPACE',''
  ) );
#2747 = PCURVE('',#2537,#2748);
#2748 = DEFINITIONAL_REPRESENTATION('',(#2749),#2752);
#2749 = B_SPLINE_CURVE_WITH_KNOTS('',1,(#2750,#2751),.UNSPECIFIED.,.F.,
  .F.,(2,2),(0.,6.28318530718),.PIECEWISE_BEZIER_KNOTS.);
#2750 = CARTESIAN_POINT('',(0.,0.));
#2751 = CARTESIAN_POINT('',(6.28318530718,0.));
#2752 = ( GEOMETRIC_REPRESENTATION_CONTEXT(2) 
PARAMETRIC_REPRESENTATION_CONTEXT() REPRESENTATION_CONTEXT('2D SPACE',''
  ) );
#2753 = ORIENTED_EDGE('',*,*,#1931,.F.);
#2754 = ADVANCED_FACE('',(#2755),#2014,.F.);
#2755 = FACE_BOUND('',#2756,.F.);
#2756 = EDGE_LOOP('',(#2757,#2777,#2778,#2800));
#2757 = ORIENTED_EDGE('',*,*,#2758,.F.);
#2758 = EDGE_CURVE('',#2148,#1932,#2759,.T.);
#2759 = SURFACE_CURVE('',#2760,(#2765,#2771),.PCURVE_S1.);
#2760 = CIRCLE('',#2761,19.);
#2761 = AXIS2_PLACEMENT_3D('',#2762,#2763,#2764);
#2762 = CARTESIAN_POINT('',(0.,0.,11.51));
#2763 = DIRECTION('',(0.,0.,1.));
#2764 = DIRECTION('',(1.,0.,0.));
#2765 = PCURVE('',#2014,#2766);
#2766 = DEFINITIONAL_REPRESENTATION('',(#2767),#2770);
#2767 = B_SPLINE_CURVE_WITH_KNOTS('',1,(#2768,#2769),.UNSPECIFIED.,.F.,
  .F.,(2,2),(0.,3.854625144503),.PIECEWISE_BEZIER_KNOTS.);
#2768 = CARTESIAN_POINT('',(-6.28318530718,-2.3));
#2769 = CARTESIAN_POINT('',(-10.13781045168,-2.3));
#2770 = ( GEOMETRIC_REPRESENTATION_CONTEXT(2) 
PARAMETRIC_REPRESENTATION_CONTEXT() REPRESENTATION_CONTEXT('2D SPACE',''
  ) );
#2771 = PCURVE('',#2537,#2772);
#2772 = DEFINITIONAL_REPRESENTATION('',(#2773),#2776);
#2773 = B_SPLINE_CURVE_WITH_KNOTS('',1,(#2774,#2775),.UNSPECIFIED.,.F.,
  .F.,(2,2),(0.,6.28318530718),.PIECEWISE_BEZIER_KNOTS.);
#2774 = CARTESIAN_POINT('',(0.,0.));
#2775 = CARTESIAN_POINT('',(6.28318530718,0.));
#2776 = ( GEOMETRIC_REPRESENTATION_CONTEXT(2) 
PARAMETRIC_REPRESENTATION_CONTEXT() REPRESENTATION_CONTEXT('2D SPACE',''
  ) );
#2777 = ORIENTED_EDGE('',*,*,#2147,.F.);
#2778 = ORIENTED_EDGE('',*,*,#2779,.T.);
#2779 = EDGE_CURVE('',#2120,#1965,#2780,.T.);
#2780 = SURFACE_CURVE('',#2781,(#2786,#2793),.PCURVE_S1.);
#2781 = CIRCLE('',#2782,21.29);
#2782 = AXIS2_PLACEMENT_3D('',#2783,#2784,#2785);
#2783 = CARTESIAN_POINT('',(0.,0.,9.22));
#2784 = DIRECTION('',(0.,0.,1.));
#2785 = DIRECTION('',(-0.544158865261,-0.838982198475,0.));
#2786 = PCURVE('',#2014,#2787);
#2787 = DEFINITIONAL_REPRESENTATION('',(#2788),#2792);
#2788 = LINE('',#2789,#2790);
#2789 = CARTESIAN_POINT('',(-4.137002757649,-1.E-02));
#2790 = VECTOR('',#2791,1.);
#2791 = DIRECTION('',(-1.,-0.));
#2792 = ( GEOMETRIC_REPRESENTATION_CONTEXT(2) 
PARAMETRIC_REPRESENTATION_CONTEXT() REPRESENTATION_CONTEXT('2D SPACE',''
  ) );
#2793 = PCURVE('',#2059,#2794);
#2794 = DEFINITIONAL_REPRESENTATION('',(#2795),#2799);
#2795 = CIRCLE('',#2796,21.29);
#2796 = AXIS2_PLACEMENT_2D('',#2797,#2798);
#2797 = CARTESIAN_POINT('',(5.13592538043E-16,-1.184870924777E-15));
#2798 = DIRECTION('',(-0.544158865261,-0.838982198475));
#2799 = ( GEOMETRIC_REPRESENTATION_CONTEXT(2) 
PARAMETRIC_REPRESENTATION_CONTEXT() REPRESENTATION_CONTEXT('2D SPACE',''
  ) );
#2800 = ORIENTED_EDGE('',*,*,#1964,.F.);
#2801 = ADVANCED_FACE('',(#2802),#2059,.F.);
#2802 = FACE_BOUND('',#2803,.F.);
#2803 = EDGE_LOOP('',(#2804,#2805,#2806,#2807));
#2804 = ORIENTED_EDGE('',*,*,#2779,.F.);
#2805 = ORIENTED_EDGE('',*,*,#2119,.T.);
#2806 = ORIENTED_EDGE('',*,*,#2362,.T.);
#2807 = ORIENTED_EDGE('',*,*,#2043,.T.);
#2808 = ADVANCED_FACE('',(#2809),#2238,.T.);
#2809 = FACE_BOUND('',#2810,.T.);
#2810 = EDGE_LOOP('',(#2811,#2832));
#2811 = ORIENTED_EDGE('',*,*,#2812,.T.);
#2812 = EDGE_CURVE('',#2222,#2148,#2813,.T.);
#2813 = SURFACE_CURVE('',#2814,(#2819,#2826),.PCURVE_S1.);
#2814 = CIRCLE('',#2815,19.);
#2815 = AXIS2_PLACEMENT_3D('',#2816,#2817,#2818);
#2816 = CARTESIAN_POINT('',(0.,0.,11.51));
#2817 = DIRECTION('',(0.,0.,1.));
#2818 = DIRECTION('',(1.,0.,0.));
#2819 = PCURVE('',#2238,#2820);
#2820 = DEFINITIONAL_REPRESENTATION('',(#2821),#2825);
#2821 = CIRCLE('',#2822,19.);
#2822 = AXIS2_PLACEMENT_2D('',#2823,#2824);
#2823 = CARTESIAN_POINT('',(-12.5,-14.9));
#2824 = DIRECTION('',(1.,0.));
#2825 = ( GEOMETRIC_REPRESENTATION_CONTEXT(2) 
PARAMETRIC_REPRESENTATION_CONTEXT() REPRESENTATION_CONTEXT('2D SPACE',''
  ) );
#2826 = PCURVE('',#2537,#2827);
#2827 = DEFINITIONAL_REPRESENTATION('',(#2828),#2831);
#2828 = B_SPLINE_CURVE_WITH_KNOTS('',1,(#2829,#2830),.UNSPECIFIED.,.F.,
  .F.,(2,2),(0.,6.28318530718),.PIECEWISE_BEZIER_KNOTS.);
#2829 = CARTESIAN_POINT('',(0.,0.));
#2830 = CARTESIAN_POINT('',(6.28318530718,0.));
#2831 = ( GEOMETRIC_REPRESENTATION_CONTEXT(2) 
PARAMETRIC_REPRESENTATION_CONTEXT() REPRESENTATION_CONTEXT('2D SPACE',''
  ) );
#2832 = ORIENTED_EDGE('',*,*,#2221,.T.);
#2833 = ADVANCED_FACE('',(#2834),#2427,.F.);
#2834 = FACE_BOUND('',#2835,.F.);
#2835 = EDGE_LOOP('',(#2836));
#2836 = ORIENTED_EDGE('',*,*,#2412,.T.);
#2837 = ADVANCED_FACE('',(#2838,#2978,#3120,#3262,#3404),#2467,.F.);
#2838 = FACE_BOUND('',#2839,.T.);
#2839 = EDGE_LOOP('',(#2840,#2865,#2886,#2887,#2888,#2911,#2934,#2957));
#2840 = ORIENTED_EDGE('',*,*,#2841,.F.);
#2841 = EDGE_CURVE('',#2842,#2844,#2846,.T.);
#2842 = VERTEX_POINT('',#2843);
#2843 = CARTESIAN_POINT('',(20.25,0.,12.76));
#2844 = VERTEX_POINT('',#2845);
#2845 = CARTESIAN_POINT('',(14.318912371756,14.318912266299,12.76));
#2846 = SURFACE_CURVE('',#2847,(#2852,#2858),.PCURVE_S1.);
#2847 = CIRCLE('',#2848,20.25);
#2848 = AXIS2_PLACEMENT_3D('',#2849,#2850,#2851);
#2849 = CARTESIAN_POINT('',(0.,0.,12.76));
#2850 = DIRECTION('',(0.,0.,1.));
#2851 = DIRECTION('',(1.,0.,0.));
#2852 = PCURVE('',#2467,#2853);
#2853 = DEFINITIONAL_REPRESENTATION('',(#2854),#2857);
#2854 = B_SPLINE_CURVE_WITH_KNOTS('',1,(#2855,#2856),.UNSPECIFIED.,.F.,
  .F.,(2,2),(0.,6.28318530718),.PIECEWISE_BEZIER_KNOTS.);
#2855 = CARTESIAN_POINT('',(0.,0.));
#2856 = CARTESIAN_POINT('',(-6.28318530718,0.));
#2857 = ( GEOMETRIC_REPRESENTATION_CONTEXT(2) 
PARAMETRIC_REPRESENTATION_CONTEXT() REPRESENTATION_CONTEXT('2D SPACE',''
  ) );
#2858 = PCURVE('',#2537,#2859);
#2859 = DEFINITIONAL_REPRESENTATION('',(#2860),#2864);
#2860 = LINE('',#2861,#2862);
#2861 = CARTESIAN_POINT('',(0.,1.25));
#2862 = VECTOR('',#2863,1.);
#2863 = DIRECTION('',(1.,0.));
#2864 = ( GEOMETRIC_REPRESENTATION_CONTEXT(2) 
PARAMETRIC_REPRESENTATION_CONTEXT() REPRESENTATION_CONTEXT('2D SPACE',''
  ) );
#2865 = ORIENTED_EDGE('',*,*,#2866,.T.);
#2866 = EDGE_CURVE('',#2842,#2447,#2867,.T.);
#2867 = SEAM_CURVE('',#2868,(#2872,#2879),.PCURVE_S1.);
#2868 = LINE('',#2869,#2870);
#2869 = CARTESIAN_POINT('',(20.25,0.,12.76));
#2870 = VECTOR('',#2871,1.);
#2871 = DIRECTION('',(0.,0.,1.));
#2872 = PCURVE('',#2467,#2873);
#2873 = DEFINITIONAL_REPRESENTATION('',(#2874),#2878);
#2874 = LINE('',#2875,#2876);
#2875 = CARTESIAN_POINT('',(-6.28318530718,0.));
#2876 = VECTOR('',#2877,1.);
#2877 = DIRECTION('',(-0.,-1.));
#2878 = ( GEOMETRIC_REPRESENTATION_CONTEXT(2) 
PARAMETRIC_REPRESENTATION_CONTEXT() REPRESENTATION_CONTEXT('2D SPACE',''
  ) );
#2879 = PCURVE('',#2467,#2880);
#2880 = DEFINITIONAL_REPRESENTATION('',(#2881),#2885);
#2881 = LINE('',#2882,#2883);
#2882 = CARTESIAN_POINT('',(-0.,0.));
#2883 = VECTOR('',#2884,1.);
#2884 = DIRECTION('',(-0.,-1.));
#2885 = ( GEOMETRIC_REPRESENTATION_CONTEXT(2) 
PARAMETRIC_REPRESENTATION_CONTEXT() REPRESENTATION_CONTEXT('2D SPACE',''
  ) );
#2886 = ORIENTED_EDGE('',*,*,#2446,.F.);
#2887 = ORIENTED_EDGE('',*,*,#2866,.F.);
#2888 = ORIENTED_EDGE('',*,*,#2889,.F.);
#2889 = EDGE_CURVE('',#2890,#2842,#2892,.T.);
#2890 = VERTEX_POINT('',#2891);
#2891 = CARTESIAN_POINT('',(14.318912319027,-14.31891231902,12.76));
#2892 = SURFACE_CURVE('',#2893,(#2898,#2904),.PCURVE_S1.);
#2893 = CIRCLE('',#2894,20.25);
#2894 = AXIS2_PLACEMENT_3D('',#2895,#2896,#2897);
#2895 = CARTESIAN_POINT('',(0.,0.,12.76));
#2896 = DIRECTION('',(0.,0.,1.));
#2897 = DIRECTION('',(1.,0.,0.));
#2898 = PCURVE('',#2467,#2899);
#2899 = DEFINITIONAL_REPRESENTATION('',(#2900),#2903);
#2900 = B_SPLINE_CURVE_WITH_KNOTS('',1,(#2901,#2902),.UNSPECIFIED.,.F.,
  .F.,(2,2),(0.,6.28318530718),.PIECEWISE_BEZIER_KNOTS.);
#2901 = CARTESIAN_POINT('',(0.,0.));
#2902 = CARTESIAN_POINT('',(-6.28318530718,0.));
#2903 = ( GEOMETRIC_REPRESENTATION_CONTEXT(2) 
PARAMETRIC_REPRESENTATION_CONTEXT() REPRESENTATION_CONTEXT('2D SPACE',''
  ) );
#2904 = PCURVE('',#2537,#2905);
#2905 = DEFINITIONAL_REPRESENTATION('',(#2906),#2910);
#2906 = LINE('',#2907,#2908);
#2907 = CARTESIAN_POINT('',(0.,1.25));
#2908 = VECTOR('',#2909,1.);
#2909 = DIRECTION('',(1.,0.));
#2910 = ( GEOMETRIC_REPRESENTATION_CONTEXT(2) 
PARAMETRIC_REPRESENTATION_CONTEXT() REPRESENTATION_CONTEXT('2D SPACE',''
  ) );
#2911 = ORIENTED_EDGE('',*,*,#2912,.F.);
#2912 = EDGE_CURVE('',#2913,#2890,#2915,.T.);
#2913 = VERTEX_POINT('',#2914);
#2914 = CARTESIAN_POINT('',(-14.31891229266,-14.31891234539,12.76));
#2915 = SURFACE_CURVE('',#2916,(#2921,#2927),.PCURVE_S1.);
#2916 = CIRCLE('',#2917,20.25);
#2917 = AXIS2_PLACEMENT_3D('',#2918,#2919,#2920);
#2918 = CARTESIAN_POINT('',(0.,0.,12.76));
#2919 = DIRECTION('',(0.,0.,1.));
#2920 = DIRECTION('',(1.,0.,0.));
#2921 = PCURVE('',#2467,#2922);
#2922 = DEFINITIONAL_REPRESENTATION('',(#2923),#2926);
#2923 = B_SPLINE_CURVE_WITH_KNOTS('',1,(#2924,#2925),.UNSPECIFIED.,.F.,
  .F.,(2,2),(0.,6.28318530718),.PIECEWISE_BEZIER_KNOTS.);
#2924 = CARTESIAN_POINT('',(0.,0.));
#2925 = CARTESIAN_POINT('',(-6.28318530718,0.));
#2926 = ( GEOMETRIC_REPRESENTATION_CONTEXT(2) 
PARAMETRIC_REPRESENTATION_CONTEXT() REPRESENTATION_CONTEXT('2D SPACE',''
  ) );
#2927 = PCURVE('',#2537,#2928);
#2928 = DEFINITIONAL_REPRESENTATION('',(#2929),#2933);
#2929 = LINE('',#2930,#2931);
#2930 = CARTESIAN_POINT('',(0.,1.25));
#2931 = VECTOR('',#2932,1.);
#2932 = DIRECTION('',(1.,0.));
#2933 = ( GEOMETRIC_REPRESENTATION_CONTEXT(2) 
PARAMETRIC_REPRESENTATION_CONTEXT() REPRESENTATION_CONTEXT('2D SPACE',''
  ) );
#2934 = ORIENTED_EDGE('',*,*,#2935,.F.);
#2935 = EDGE_CURVE('',#2936,#2913,#2938,.T.);
#2936 = VERTEX_POINT('',#2937);
#2937 = CARTESIAN_POINT('',(-14.31891231902,14.318912319028,12.76));
#2938 = SURFACE_CURVE('',#2939,(#2944,#2950),.PCURVE_S1.);
#2939 = CIRCLE('',#2940,20.25);
#2940 = AXIS2_PLACEMENT_3D('',#2941,#2942,#2943);
#2941 = CARTESIAN_POINT('',(0.,0.,12.76));
#2942 = DIRECTION('',(0.,0.,1.));
#2943 = DIRECTION('',(1.,0.,0.));
#2944 = PCURVE('',#2467,#2945);
#2945 = DEFINITIONAL_REPRESENTATION('',(#2946),#2949);
#2946 = B_SPLINE_CURVE_WITH_KNOTS('',1,(#2947,#2948),.UNSPECIFIED.,.F.,
  .F.,(2,2),(0.,6.28318530718),.PIECEWISE_BEZIER_KNOTS.);
#2947 = CARTESIAN_POINT('',(0.,0.));
#2948 = CARTESIAN_POINT('',(-6.28318530718,0.));
#2949 = ( GEOMETRIC_REPRESENTATION_CONTEXT(2) 
PARAMETRIC_REPRESENTATION_CONTEXT() REPRESENTATION_CONTEXT('2D SPACE',''
  ) );
#2950 = PCURVE('',#2537,#2951);
#2951 = DEFINITIONAL_REPRESENTATION('',(#2952),#2956);
#2952 = LINE('',#2953,#2954);
#2953 = CARTESIAN_POINT('',(0.,1.25));
#2954 = VECTOR('',#2955,1.);
#2955 = DIRECTION('',(1.,0.));
#2956 = ( GEOMETRIC_REPRESENTATION_CONTEXT(2) 
PARAMETRIC_REPRESENTATION_CONTEXT() REPRESENTATION_CONTEXT('2D SPACE',''
  ) );
#2957 = ORIENTED_EDGE('',*,*,#2958,.F.);
#2958 = EDGE_CURVE('',#2844,#2936,#2959,.T.);
#2959 = SURFACE_CURVE('',#2960,(#2965,#2971),.PCURVE_S1.);
#2960 = CIRCLE('',#2961,20.25);
#2961 = AXIS2_PLACEMENT_3D('',#2962,#2963,#2964);
#2962 = CARTESIAN_POINT('',(0.,0.,12.76));
#2963 = DIRECTION('',(0.,0.,1.));
#2964 = DIRECTION('',(1.,0.,0.));
#2965 = PCURVE('',#2467,#2966);
#2966 = DEFINITIONAL_REPRESENTATION('',(#2967),#2970);
#2967 = B_SPLINE_CURVE_WITH_KNOTS('',1,(#2968,#2969),.UNSPECIFIED.,.F.,
  .F.,(2,2),(0.,6.28318530718),.PIECEWISE_BEZIER_KNOTS.);
#2968 = CARTESIAN_POINT('',(0.,0.));
#2969 = CARTESIAN_POINT('',(-6.28318530718,0.));
#2970 = ( GEOMETRIC_REPRESENTATION_CONTEXT(2) 
PARAMETRIC_REPRESENTATION_CONTEXT() REPRESENTATION_CONTEXT('2D SPACE',''
  ) );
#2971 = PCURVE('',#2537,#2972);
#2972 = DEFINITIONAL_REPRESENTATION('',(#2973),#2977);
#2973 = LINE('',#2974,#2975);
#2974 = CARTESIAN_POINT('',(0.,1.25));
#2975 = VECTOR('',#2976,1.);
#2976 = DIRECTION('',(1.,0.));
#2977 = ( GEOMETRIC_REPRESENTATION_CONTEXT(2) 
PARAMETRIC_REPRESENTATION_CONTEXT() REPRESENTATION_CONTEXT('2D SPACE',''
  ) );
#2978 = FACE_BOUND('',#2979,.T.);
#2979 = EDGE_LOOP('',(#2980,#3014,#3041,#3067,#3096));
#2980 = ORIENTED_EDGE('',*,*,#2981,.T.);
#2981 = EDGE_CURVE('',#2982,#2984,#2986,.T.);
#2982 = VERTEX_POINT('',#2983);
#2983 = CARTESIAN_POINT('',(-13.21891440171,15.340234745275,
    12.815631973246));
#2984 = VERTEX_POINT('',#2985);
#2985 = CARTESIAN_POINT('',(-14.31891231902,14.318912319028,12.76));
#2986 = SURFACE_CURVE('',#2987,(#2992,#3002),.PCURVE_S1.);
#2987 = ELLIPSE('',#2988,28.637824638055,20.25);
#2988 = AXIS2_PLACEMENT_3D('',#2989,#2990,#2991);
#2989 = CARTESIAN_POINT('',(0.,0.,33.01));
#2990 = DIRECTION('',(-0.5,0.5,0.707106781187));
#2991 = DIRECTION('',(-0.5,0.5,-0.707106781187));
#2992 = PCURVE('',#2467,#2993);
#2993 = DEFINITIONAL_REPRESENTATION('',(#2994),#3001);
#2994 = B_SPLINE_CURVE_WITH_KNOTS('',5,(#2995,#2996,#2997,#2998,#2999,
    #3000),.UNSPECIFIED.,.F.,.F.,(6,6),(6.194178944799,6.37219166956),
  .PIECEWISE_BEZIER_KNOTS.);
#2995 = CARTESIAN_POINT('',(-2.267188127812,-8.015865208653E-02));
#2996 = CARTESIAN_POINT('',(-2.302790672764,-1.607407117253E-02));
#2997 = CARTESIAN_POINT('',(-2.338393217716,1.605289801344E-02));
#2998 = CARTESIAN_POINT('',(-2.373995762668,1.605289801344E-02));
#2999 = CARTESIAN_POINT('',(-2.409598307621,-1.607407117253E-02));
#3000 = CARTESIAN_POINT('',(-2.445200852573,-8.015865208653E-02));
#3001 = ( GEOMETRIC_REPRESENTATION_CONTEXT(2) 
PARAMETRIC_REPRESENTATION_CONTEXT() REPRESENTATION_CONTEXT('2D SPACE',''
  ) );
#3002 = PCURVE('',#3003,#3008);
#3003 = PLANE('',#3004);
#3004 = AXIS2_PLACEMENT_3D('',#3005,#3006,#3007);
#3005 = CARTESIAN_POINT('',(-14.08556708123,14.085567081236,13.09));
#3006 = DIRECTION('',(-0.5,0.5,0.707106781187));
#3007 = DIRECTION('',(-0.5,0.5,-0.707106781187));
#3008 = DEFINITIONAL_REPRESENTATION('',(#3009),#3013);
#3009 = ELLIPSE('',#3010,28.637824638055,20.25);
#3010 = AXIS2_PLACEMENT_2D('',#3011,#3012);
#3011 = CARTESIAN_POINT('',(-28.17113416247,0.));
#3012 = DIRECTION('',(1.,0.));
#3013 = ( GEOMETRIC_REPRESENTATION_CONTEXT(2) 
PARAMETRIC_REPRESENTATION_CONTEXT() REPRESENTATION_CONTEXT('2D SPACE',''
  ) );
#3014 = ORIENTED_EDGE('',*,*,#3015,.T.);
#3015 = EDGE_CURVE('',#2984,#3016,#3018,.T.);
#3016 = VERTEX_POINT('',#3017);
#3017 = CARTESIAN_POINT('',(-15.34023474527,13.218914401715,
    12.815631973246));
#3018 = SURFACE_CURVE('',#3019,(#3024,#3034),.PCURVE_S1.);
#3019 = ELLIPSE('',#3020,28.637824638055,20.25);
#3020 = AXIS2_PLACEMENT_3D('',#3021,#3022,#3023);
#3021 = CARTESIAN_POINT('',(0.,0.,33.01));
#3022 = DIRECTION('',(-0.5,0.5,0.707106781187));
#3023 = DIRECTION('',(-0.5,0.5,-0.707106781187));
#3024 = PCURVE('',#2467,#3025);
#3025 = DEFINITIONAL_REPRESENTATION('',(#3026),#3033);
#3026 = B_SPLINE_CURVE_WITH_KNOTS('',5,(#3027,#3028,#3029,#3030,#3031,
    #3032),.UNSPECIFIED.,.F.,.F.,(6,6),(6.194178944799,6.37219166956),
  .PIECEWISE_BEZIER_KNOTS.);
#3027 = CARTESIAN_POINT('',(-2.267188127812,-8.015865208653E-02));
#3028 = CARTESIAN_POINT('',(-2.302790672764,-1.607407117253E-02));
#3029 = CARTESIAN_POINT('',(-2.338393217716,1.605289801344E-02));
#3030 = CARTESIAN_POINT('',(-2.373995762668,1.605289801344E-02));
#3031 = CARTESIAN_POINT('',(-2.409598307621,-1.607407117253E-02));
#3032 = CARTESIAN_POINT('',(-2.445200852573,-8.015865208653E-02));
#3033 = ( GEOMETRIC_REPRESENTATION_CONTEXT(2) 
PARAMETRIC_REPRESENTATION_CONTEXT() REPRESENTATION_CONTEXT('2D SPACE',''
  ) );
#3034 = PCURVE('',#3003,#3035);
#3035 = DEFINITIONAL_REPRESENTATION('',(#3036),#3040);
#3036 = ELLIPSE('',#3037,28.637824638055,20.25);
#3037 = AXIS2_PLACEMENT_2D('',#3038,#3039);
#3038 = CARTESIAN_POINT('',(-28.17113416247,0.));
#3039 = DIRECTION('',(1.,0.));
#3040 = ( GEOMETRIC_REPRESENTATION_CONTEXT(2) 
PARAMETRIC_REPRESENTATION_CONTEXT() REPRESENTATION_CONTEXT('2D SPACE',''
  ) );
#3041 = ORIENTED_EDGE('',*,*,#3042,.F.);
#3042 = EDGE_CURVE('',#3043,#3016,#3045,.T.);
#3043 = VERTEX_POINT('',#3044);
#3044 = CARTESIAN_POINT('',(-15.34023474527,13.218914401715,13.33));
#3045 = SURFACE_CURVE('',#3046,(#3050,#3056),.PCURVE_S1.);
#3046 = LINE('',#3047,#3048);
#3047 = CARTESIAN_POINT('',(-15.34023474527,13.218914401715,12.76));
#3048 = VECTOR('',#3049,1.);
#3049 = DIRECTION('',(-0.,-0.,-1.));
#3050 = PCURVE('',#2467,#3051);
#3051 = DEFINITIONAL_REPRESENTATION('',(#3052),#3055);
#3052 = B_SPLINE_CURVE_WITH_KNOTS('',1,(#3053,#3054),.UNSPECIFIED.,.F.,
  .F.,(2,2),(-0.627,5.999999999062E-07),.PIECEWISE_BEZIER_KNOTS.);
#3053 = CARTESIAN_POINT('',(-2.430336472426,-0.627));
#3054 = CARTESIAN_POINT('',(-2.430336472426,5.999999999062E-07));
#3055 = ( GEOMETRIC_REPRESENTATION_CONTEXT(2) 
PARAMETRIC_REPRESENTATION_CONTEXT() REPRESENTATION_CONTEXT('2D SPACE',''
  ) );
#3056 = PCURVE('',#3057,#3062);
#3057 = PLANE('',#3058);
#3058 = AXIS2_PLACEMENT_3D('',#3059,#3060,#3061);
#3059 = CARTESIAN_POINT('',(-15.36659934687,13.245279003313,
    13.066966991411));
#3060 = DIRECTION('',(0.707106781187,0.707106781187,-0.));
#3061 = DIRECTION('',(-0.,0.,-1.));
#3062 = DEFINITIONAL_REPRESENTATION('',(#3063),#3066);
#3063 = B_SPLINE_CURVE_WITH_KNOTS('',1,(#3064,#3065),.UNSPECIFIED.,.F.,
  .F.,(2,2),(-0.627,5.999999999062E-07),.PIECEWISE_BEZIER_KNOTS.);
#3064 = CARTESIAN_POINT('',(-0.320033008589,-3.728517714686E-02));
#3065 = CARTESIAN_POINT('',(0.306967591411,-3.728517714686E-02));
#3066 = ( GEOMETRIC_REPRESENTATION_CONTEXT(2) 
PARAMETRIC_REPRESENTATION_CONTEXT() REPRESENTATION_CONTEXT('2D SPACE',''
  ) );
#3067 = ORIENTED_EDGE('',*,*,#3068,.T.);
#3068 = EDGE_CURVE('',#3043,#3069,#3071,.T.);
#3069 = VERTEX_POINT('',#3070);
#3070 = CARTESIAN_POINT('',(-13.21891440171,15.340234745275,13.33));
#3071 = SURFACE_CURVE('',#3072,(#3077,#3084),.PCURVE_S1.);
#3072 = CIRCLE('',#3073,20.25);
#3073 = AXIS2_PLACEMENT_3D('',#3074,#3075,#3076);
#3074 = CARTESIAN_POINT('',(0.,0.,13.33));
#3075 = DIRECTION('',(0.,0.,-1.));
#3076 = DIRECTION('',(1.,0.,0.));
#3077 = PCURVE('',#2467,#3078);
#3078 = DEFINITIONAL_REPRESENTATION('',(#3079),#3083);
#3079 = LINE('',#3080,#3081);
#3080 = CARTESIAN_POINT('',(-6.28318530718,-0.57));
#3081 = VECTOR('',#3082,1.);
#3082 = DIRECTION('',(1.,-0.));
#3083 = ( GEOMETRIC_REPRESENTATION_CONTEXT(2) 
PARAMETRIC_REPRESENTATION_CONTEXT() REPRESENTATION_CONTEXT('2D SPACE',''
  ) );
#3084 = PCURVE('',#3085,#3090);
#3085 = PLANE('',#3086);
#3086 = AXIS2_PLACEMENT_3D('',#3087,#3088,#3089);
#3087 = CARTESIAN_POINT('',(-14.44619153964,14.446191539641,13.33));
#3088 = DIRECTION('',(0.,0.,-1.));
#3089 = DIRECTION('',(0.707106781187,-0.707106781187,0.));
#3090 = DEFINITIONAL_REPRESENTATION('',(#3091),#3095);
#3091 = CIRCLE('',#3092,20.25);
#3092 = AXIS2_PLACEMENT_2D('',#3093,#3094);
#3093 = CARTESIAN_POINT('',(20.43,0.));
#3094 = DIRECTION('',(0.707106781187,-0.707106781187));
#3095 = ( GEOMETRIC_REPRESENTATION_CONTEXT(2) 
PARAMETRIC_REPRESENTATION_CONTEXT() REPRESENTATION_CONTEXT('2D SPACE',''
  ) );
#3096 = ORIENTED_EDGE('',*,*,#3097,.T.);
#3097 = EDGE_CURVE('',#3069,#2982,#3098,.T.);
#3098 = SURFACE_CURVE('',#3099,(#3103,#3109),.PCURVE_S1.);
#3099 = LINE('',#3100,#3101);
#3100 = CARTESIAN_POINT('',(-13.21891440171,15.340234745275,12.76));
#3101 = VECTOR('',#3102,1.);
#3102 = DIRECTION('',(-0.,-0.,-1.));
#3103 = PCURVE('',#2467,#3104);
#3104 = DEFINITIONAL_REPRESENTATION('',(#3105),#3108);
#3105 = B_SPLINE_CURVE_WITH_KNOTS('',1,(#3106,#3107),.UNSPECIFIED.,.F.,
  .F.,(2,2),(-0.627,5.999999999062E-07),.PIECEWISE_BEZIER_KNOTS.);
#3106 = CARTESIAN_POINT('',(-2.282052507959,-0.627));
#3107 = CARTESIAN_POINT('',(-2.282052507959,5.999999999062E-07));
#3108 = ( GEOMETRIC_REPRESENTATION_CONTEXT(2) 
PARAMETRIC_REPRESENTATION_CONTEXT() REPRESENTATION_CONTEXT('2D SPACE',''
  ) );
#3109 = PCURVE('',#3110,#3115);
#3110 = PLANE('',#3111);
#3111 = AXIS2_PLACEMENT_3D('',#3112,#3113,#3114);
#3112 = CARTESIAN_POINT('',(-13.24527900331,15.366599346873,
    13.066966991411));
#3113 = DIRECTION('',(0.707106781187,0.707106781187,-0.));
#3114 = DIRECTION('',(-0.,0.,-1.));
#3115 = DEFINITIONAL_REPRESENTATION('',(#3116),#3119);
#3116 = B_SPLINE_CURVE_WITH_KNOTS('',1,(#3117,#3118),.UNSPECIFIED.,.F.,
  .F.,(2,2),(-0.627,5.999999999062E-07),.PIECEWISE_BEZIER_KNOTS.);
#3117 = CARTESIAN_POINT('',(-0.320033008589,-3.728517714686E-02));
#3118 = CARTESIAN_POINT('',(0.306967591411,-3.728517714686E-02));
#3119 = ( GEOMETRIC_REPRESENTATION_CONTEXT(2) 
PARAMETRIC_REPRESENTATION_CONTEXT() REPRESENTATION_CONTEXT('2D SPACE',''
  ) );
#3120 = FACE_BOUND('',#3121,.T.);
#3121 = EDGE_LOOP('',(#3122,#3156,#3183,#3209,#3238));
#3122 = ORIENTED_EDGE('',*,*,#3123,.T.);
#3123 = EDGE_CURVE('',#3124,#3126,#3128,.T.);
#3124 = VERTEX_POINT('',#3125);
#3125 = CARTESIAN_POINT('',(-15.34023474527,-13.21891440171,
    12.815631973246));
#3126 = VERTEX_POINT('',#3127);
#3127 = CARTESIAN_POINT('',(-14.31891229266,-14.31891234539,12.76));
#3128 = SURFACE_CURVE('',#3129,(#3134,#3144),.PCURVE_S1.);
#3129 = ELLIPSE('',#3130,28.637824638055,20.25);
#3130 = AXIS2_PLACEMENT_3D('',#3131,#3132,#3133);
#3131 = CARTESIAN_POINT('',(0.,0.,33.01));
#3132 = DIRECTION('',(-0.5,-0.5,0.707106781187));
#3133 = DIRECTION('',(-0.5,-0.5,-0.707106781187));
#3134 = PCURVE('',#2467,#3135);
#3135 = DEFINITIONAL_REPRESENTATION('',(#3136),#3143);
#3136 = B_SPLINE_CURVE_WITH_KNOTS('',5,(#3137,#3138,#3139,#3140,#3141,
    #3142),.UNSPECIFIED.,.F.,.F.,(6,6),(6.194178944799,6.37219166956),
  .PIECEWISE_BEZIER_KNOTS.);
#3137 = CARTESIAN_POINT('',(-3.837984454607,-8.015865208653E-02));
#3138 = CARTESIAN_POINT('',(-3.873586999559,-1.607407117253E-02));
#3139 = CARTESIAN_POINT('',(-3.909189544511,1.605289801344E-02));
#3140 = CARTESIAN_POINT('',(-3.944792089463,1.605289801344E-02));
#3141 = CARTESIAN_POINT('',(-3.980394634416,-1.607407117253E-02));
#3142 = CARTESIAN_POINT('',(-4.015997179368,-8.015865208653E-02));
#3143 = ( GEOMETRIC_REPRESENTATION_CONTEXT(2) 
PARAMETRIC_REPRESENTATION_CONTEXT() REPRESENTATION_CONTEXT('2D SPACE',''
  ) );
#3144 = PCURVE('',#3145,#3150);
#3145 = PLANE('',#3146);
#3146 = AXIS2_PLACEMENT_3D('',#3147,#3148,#3149);
#3147 = CARTESIAN_POINT('',(-14.08556708123,-14.08556708123,13.09));
#3148 = DIRECTION('',(-0.5,-0.5,0.707106781187));
#3149 = DIRECTION('',(-0.5,-0.5,-0.707106781187));
#3150 = DEFINITIONAL_REPRESENTATION('',(#3151),#3155);
#3151 = ELLIPSE('',#3152,28.637824638055,20.25);
#3152 = AXIS2_PLACEMENT_2D('',#3153,#3154);
#3153 = CARTESIAN_POINT('',(-28.17113416247,0.));
#3154 = DIRECTION('',(1.,5.551115123126E-17));
#3155 = ( GEOMETRIC_REPRESENTATION_CONTEXT(2) 
PARAMETRIC_REPRESENTATION_CONTEXT() REPRESENTATION_CONTEXT('2D SPACE',''
  ) );
#3156 = ORIENTED_EDGE('',*,*,#3157,.T.);
#3157 = EDGE_CURVE('',#3126,#3158,#3160,.T.);
#3158 = VERTEX_POINT('',#3159);
#3159 = CARTESIAN_POINT('',(-13.21891440171,-15.34023474527,
    12.815631973246));
#3160 = SURFACE_CURVE('',#3161,(#3166,#3176),.PCURVE_S1.);
#3161 = ELLIPSE('',#3162,28.637824638055,20.25);
#3162 = AXIS2_PLACEMENT_3D('',#3163,#3164,#3165);
#3163 = CARTESIAN_POINT('',(0.,0.,33.01));
#3164 = DIRECTION('',(-0.5,-0.5,0.707106781187));
#3165 = DIRECTION('',(-0.5,-0.5,-0.707106781187));
#3166 = PCURVE('',#2467,#3167);
#3167 = DEFINITIONAL_REPRESENTATION('',(#3168),#3175);
#3168 = B_SPLINE_CURVE_WITH_KNOTS('',5,(#3169,#3170,#3171,#3172,#3173,
    #3174),.UNSPECIFIED.,.F.,.F.,(6,6),(6.194178944799,6.37219166956),
  .PIECEWISE_BEZIER_KNOTS.);
#3169 = CARTESIAN_POINT('',(-3.837984454607,-8.015865208653E-02));
#3170 = CARTESIAN_POINT('',(-3.873586999559,-1.607407117253E-02));
#3171 = CARTESIAN_POINT('',(-3.909189544511,1.605289801344E-02));
#3172 = CARTESIAN_POINT('',(-3.944792089463,1.605289801344E-02));
#3173 = CARTESIAN_POINT('',(-3.980394634416,-1.607407117253E-02));
#3174 = CARTESIAN_POINT('',(-4.015997179368,-8.015865208653E-02));
#3175 = ( GEOMETRIC_REPRESENTATION_CONTEXT(2) 
PARAMETRIC_REPRESENTATION_CONTEXT() REPRESENTATION_CONTEXT('2D SPACE',''
  ) );
#3176 = PCURVE('',#3145,#3177);
#3177 = DEFINITIONAL_REPRESENTATION('',(#3178),#3182);
#3178 = ELLIPSE('',#3179,28.637824638055,20.25);
#3179 = AXIS2_PLACEMENT_2D('',#3180,#3181);
#3180 = CARTESIAN_POINT('',(-28.17113416247,0.));
#3181 = DIRECTION('',(1.,5.551115123126E-17));
#3182 = ( GEOMETRIC_REPRESENTATION_CONTEXT(2) 
PARAMETRIC_REPRESENTATION_CONTEXT() REPRESENTATION_CONTEXT('2D SPACE',''
  ) );
#3183 = ORIENTED_EDGE('',*,*,#3184,.F.);
#3184 = EDGE_CURVE('',#3185,#3158,#3187,.T.);
#3185 = VERTEX_POINT('',#3186);
#3186 = CARTESIAN_POINT('',(-13.21891440171,-15.34023474527,13.33));
#3187 = SURFACE_CURVE('',#3188,(#3192,#3198),.PCURVE_S1.);
#3188 = LINE('',#3189,#3190);
#3189 = CARTESIAN_POINT('',(-13.21891440171,-15.34023474527,12.76));
#3190 = VECTOR('',#3191,1.);
#3191 = DIRECTION('',(-0.,-0.,-1.));
#3192 = PCURVE('',#2467,#3193);
#3193 = DEFINITIONAL_REPRESENTATION('',(#3194),#3197);
#3194 = B_SPLINE_CURVE_WITH_KNOTS('',1,(#3195,#3196),.UNSPECIFIED.,.F.,
  .F.,(2,2),(-0.627,5.999999999062E-07),.PIECEWISE_BEZIER_KNOTS.);
#3195 = CARTESIAN_POINT('',(-4.001132799221,-0.627));
#3196 = CARTESIAN_POINT('',(-4.001132799221,5.999999999062E-07));
#3197 = ( GEOMETRIC_REPRESENTATION_CONTEXT(2) 
PARAMETRIC_REPRESENTATION_CONTEXT() REPRESENTATION_CONTEXT('2D SPACE',''
  ) );
#3198 = PCURVE('',#3199,#3204);
#3199 = PLANE('',#3200);
#3200 = AXIS2_PLACEMENT_3D('',#3201,#3202,#3203);
#3201 = CARTESIAN_POINT('',(-13.24527900331,-15.36659934687,
    13.066966991411));
#3202 = DIRECTION('',(-0.707106781187,0.707106781187,-0.));
#3203 = DIRECTION('',(0.,-0.,-1.));
#3204 = DEFINITIONAL_REPRESENTATION('',(#3205),#3208);
#3205 = B_SPLINE_CURVE_WITH_KNOTS('',1,(#3206,#3207),.UNSPECIFIED.,.F.,
  .F.,(2,2),(-0.627,5.999999999062E-07),.PIECEWISE_BEZIER_KNOTS.);
#3206 = CARTESIAN_POINT('',(-0.320033008589,-3.728517714686E-02));
#3207 = CARTESIAN_POINT('',(0.306967591411,-3.728517714686E-02));
#3208 = ( GEOMETRIC_REPRESENTATION_CONTEXT(2) 
PARAMETRIC_REPRESENTATION_CONTEXT() REPRESENTATION_CONTEXT('2D SPACE',''
  ) );
#3209 = ORIENTED_EDGE('',*,*,#3210,.T.);
#3210 = EDGE_CURVE('',#3185,#3211,#3213,.T.);
#3211 = VERTEX_POINT('',#3212);
#3212 = CARTESIAN_POINT('',(-15.34023474527,-13.21891440171,13.33));
#3213 = SURFACE_CURVE('',#3214,(#3219,#3226),.PCURVE_S1.);
#3214 = CIRCLE('',#3215,20.25);
#3215 = AXIS2_PLACEMENT_3D('',#3216,#3217,#3218);
#3216 = CARTESIAN_POINT('',(0.,0.,13.33));
#3217 = DIRECTION('',(0.,0.,-1.));
#3218 = DIRECTION('',(1.,0.,0.));
#3219 = PCURVE('',#2467,#3220);
#3220 = DEFINITIONAL_REPRESENTATION('',(#3221),#3225);
#3221 = LINE('',#3222,#3223);
#3222 = CARTESIAN_POINT('',(-6.28318530718,-0.57));
#3223 = VECTOR('',#3224,1.);
#3224 = DIRECTION('',(1.,-0.));
#3225 = ( GEOMETRIC_REPRESENTATION_CONTEXT(2) 
PARAMETRIC_REPRESENTATION_CONTEXT() REPRESENTATION_CONTEXT('2D SPACE',''
  ) );
#3226 = PCURVE('',#3227,#3232);
#3227 = PLANE('',#3228);
#3228 = AXIS2_PLACEMENT_3D('',#3229,#3230,#3231);
#3229 = CARTESIAN_POINT('',(-14.44619153964,-14.44619153964,13.33));
#3230 = DIRECTION('',(0.,0.,-1.));
#3231 = DIRECTION('',(0.707106781187,0.707106781187,0.));
#3232 = DEFINITIONAL_REPRESENTATION('',(#3233),#3237);
#3233 = CIRCLE('',#3234,20.25);
#3234 = AXIS2_PLACEMENT_2D('',#3235,#3236);
#3235 = CARTESIAN_POINT('',(20.43,0.));
#3236 = DIRECTION('',(0.707106781187,0.707106781187));
#3237 = ( GEOMETRIC_REPRESENTATION_CONTEXT(2) 
PARAMETRIC_REPRESENTATION_CONTEXT() REPRESENTATION_CONTEXT('2D SPACE',''
  ) );
#3238 = ORIENTED_EDGE('',*,*,#3239,.T.);
#3239 = EDGE_CURVE('',#3211,#3124,#3240,.T.);
#3240 = SURFACE_CURVE('',#3241,(#3245,#3251),.PCURVE_S1.);
#3241 = LINE('',#3242,#3243);
#3242 = CARTESIAN_POINT('',(-15.34023474527,-13.21891440171,12.76));
#3243 = VECTOR('',#3244,1.);
#3244 = DIRECTION('',(-0.,-0.,-1.));
#3245 = PCURVE('',#2467,#3246);
#3246 = DEFINITIONAL_REPRESENTATION('',(#3247),#3250);
#3247 = B_SPLINE_CURVE_WITH_KNOTS('',1,(#3248,#3249),.UNSPECIFIED.,.F.,
  .F.,(2,2),(-0.627,5.999999999062E-07),.PIECEWISE_BEZIER_KNOTS.);
#3248 = CARTESIAN_POINT('',(-3.852848834753,-0.627));
#3249 = CARTESIAN_POINT('',(-3.852848834753,5.999999999062E-07));
#3250 = ( GEOMETRIC_REPRESENTATION_CONTEXT(2) 
PARAMETRIC_REPRESENTATION_CONTEXT() REPRESENTATION_CONTEXT('2D SPACE',''
  ) );
#3251 = PCURVE('',#3252,#3257);
#3252 = PLANE('',#3253);
#3253 = AXIS2_PLACEMENT_3D('',#3254,#3255,#3256);
#3254 = CARTESIAN_POINT('',(-15.36659934687,-13.24527900331,
    13.066966991411));
#3255 = DIRECTION('',(-0.707106781187,0.707106781187,-0.));
#3256 = DIRECTION('',(0.,-0.,-1.));
#3257 = DEFINITIONAL_REPRESENTATION('',(#3258),#3261);
#3258 = B_SPLINE_CURVE_WITH_KNOTS('',1,(#3259,#3260),.UNSPECIFIED.,.F.,
  .F.,(2,2),(-0.627,5.999999999062E-07),.PIECEWISE_BEZIER_KNOTS.);
#3259 = CARTESIAN_POINT('',(-0.320033008589,-3.728517714686E-02));
#3260 = CARTESIAN_POINT('',(0.306967591411,-3.728517714686E-02));
#3261 = ( GEOMETRIC_REPRESENTATION_CONTEXT(2) 
PARAMETRIC_REPRESENTATION_CONTEXT() REPRESENTATION_CONTEXT('2D SPACE',''
  ) );
#3262 = FACE_BOUND('',#3263,.T.);
#3263 = EDGE_LOOP('',(#3264,#3298,#3325,#3351,#3380));
#3264 = ORIENTED_EDGE('',*,*,#3265,.T.);
#3265 = EDGE_CURVE('',#3266,#3268,#3270,.T.);
#3266 = VERTEX_POINT('',#3267);
#3267 = CARTESIAN_POINT('',(13.218914401715,-15.34023474527,
    12.815631973246));
#3268 = VERTEX_POINT('',#3269);
#3269 = CARTESIAN_POINT('',(14.318912319027,-14.31891231902,12.76));
#3270 = SURFACE_CURVE('',#3271,(#3276,#3286),.PCURVE_S1.);
#3271 = ELLIPSE('',#3272,28.637824638055,20.25);
#3272 = AXIS2_PLACEMENT_3D('',#3273,#3274,#3275);
#3273 = CARTESIAN_POINT('',(0.,0.,33.01));
#3274 = DIRECTION('',(0.5,-0.5,0.707106781187));
#3275 = DIRECTION('',(0.5,-0.5,-0.707106781187));
#3276 = PCURVE('',#2467,#3277);
#3277 = DEFINITIONAL_REPRESENTATION('',(#3278),#3285);
#3278 = B_SPLINE_CURVE_WITH_KNOTS('',5,(#3279,#3280,#3281,#3282,#3283,
    #3284),.UNSPECIFIED.,.F.,.F.,(6,6),(6.194178944799,6.37219166956),
  .PIECEWISE_BEZIER_KNOTS.);
#3279 = CARTESIAN_POINT('',(-5.408780781402,-8.015865208653E-02));
#3280 = CARTESIAN_POINT('',(-5.444383326354,-1.607407117253E-02));
#3281 = CARTESIAN_POINT('',(-5.479985871306,1.605289801344E-02));
#3282 = CARTESIAN_POINT('',(-5.515588416258,1.605289801344E-02));
#3283 = CARTESIAN_POINT('',(-5.55119096121,-1.607407117253E-02));
#3284 = CARTESIAN_POINT('',(-5.586793506163,-8.015865208653E-02));
#3285 = ( GEOMETRIC_REPRESENTATION_CONTEXT(2) 
PARAMETRIC_REPRESENTATION_CONTEXT() REPRESENTATION_CONTEXT('2D SPACE',''
  ) );
#3286 = PCURVE('',#3287,#3292);
#3287 = PLANE('',#3288);
#3288 = AXIS2_PLACEMENT_3D('',#3289,#3290,#3291);
#3289 = CARTESIAN_POINT('',(14.085567081236,-14.08556708123,13.09));
#3290 = DIRECTION('',(0.5,-0.5,0.707106781187));
#3291 = DIRECTION('',(0.5,-0.5,-0.707106781187));
#3292 = DEFINITIONAL_REPRESENTATION('',(#3293),#3297);
#3293 = ELLIPSE('',#3294,28.637824638055,20.25);
#3294 = AXIS2_PLACEMENT_2D('',#3295,#3296);
#3295 = CARTESIAN_POINT('',(-28.17113416247,0.));
#3296 = DIRECTION('',(1.,1.110223024625E-16));
#3297 = ( GEOMETRIC_REPRESENTATION_CONTEXT(2) 
PARAMETRIC_REPRESENTATION_CONTEXT() REPRESENTATION_CONTEXT('2D SPACE',''
  ) );
#3298 = ORIENTED_EDGE('',*,*,#3299,.T.);
#3299 = EDGE_CURVE('',#3268,#3300,#3302,.T.);
#3300 = VERTEX_POINT('',#3301);
#3301 = CARTESIAN_POINT('',(15.340234745275,-13.21891440171,
    12.815631973246));
#3302 = SURFACE_CURVE('',#3303,(#3308,#3318),.PCURVE_S1.);
#3303 = ELLIPSE('',#3304,28.637824638055,20.25);
#3304 = AXIS2_PLACEMENT_3D('',#3305,#3306,#3307);
#3305 = CARTESIAN_POINT('',(0.,0.,33.01));
#3306 = DIRECTION('',(0.5,-0.5,0.707106781187));
#3307 = DIRECTION('',(0.5,-0.5,-0.707106781187));
#3308 = PCURVE('',#2467,#3309);
#3309 = DEFINITIONAL_REPRESENTATION('',(#3310),#3317);
#3310 = B_SPLINE_CURVE_WITH_KNOTS('',5,(#3311,#3312,#3313,#3314,#3315,
    #3316),.UNSPECIFIED.,.F.,.F.,(6,6),(6.194178944799,6.37219166956),
  .PIECEWISE_BEZIER_KNOTS.);
#3311 = CARTESIAN_POINT('',(-5.408780781402,-8.015865208653E-02));
#3312 = CARTESIAN_POINT('',(-5.444383326354,-1.607407117253E-02));
#3313 = CARTESIAN_POINT('',(-5.479985871306,1.605289801344E-02));
#3314 = CARTESIAN_POINT('',(-5.515588416258,1.605289801344E-02));
#3315 = CARTESIAN_POINT('',(-5.55119096121,-1.607407117253E-02));
#3316 = CARTESIAN_POINT('',(-5.586793506163,-8.015865208653E-02));
#3317 = ( GEOMETRIC_REPRESENTATION_CONTEXT(2) 
PARAMETRIC_REPRESENTATION_CONTEXT() REPRESENTATION_CONTEXT('2D SPACE',''
  ) );
#3318 = PCURVE('',#3287,#3319);
#3319 = DEFINITIONAL_REPRESENTATION('',(#3320),#3324);
#3320 = ELLIPSE('',#3321,28.637824638055,20.25);
#3321 = AXIS2_PLACEMENT_2D('',#3322,#3323);
#3322 = CARTESIAN_POINT('',(-28.17113416247,0.));
#3323 = DIRECTION('',(1.,1.110223024625E-16));
#3324 = ( GEOMETRIC_REPRESENTATION_CONTEXT(2) 
PARAMETRIC_REPRESENTATION_CONTEXT() REPRESENTATION_CONTEXT('2D SPACE',''
  ) );
#3325 = ORIENTED_EDGE('',*,*,#3326,.F.);
#3326 = EDGE_CURVE('',#3327,#3300,#3329,.T.);
#3327 = VERTEX_POINT('',#3328);
#3328 = CARTESIAN_POINT('',(15.340234745275,-13.21891440171,13.33));
#3329 = SURFACE_CURVE('',#3330,(#3334,#3340),.PCURVE_S1.);
#3330 = LINE('',#3331,#3332);
#3331 = CARTESIAN_POINT('',(15.340234745275,-13.21891440171,12.76));
#3332 = VECTOR('',#3333,1.);
#3333 = DIRECTION('',(-0.,-0.,-1.));
#3334 = PCURVE('',#2467,#3335);
#3335 = DEFINITIONAL_REPRESENTATION('',(#3336),#3339);
#3336 = B_SPLINE_CURVE_WITH_KNOTS('',1,(#3337,#3338),.UNSPECIFIED.,.F.,
  .F.,(2,2),(-0.627,5.999999999062E-07),.PIECEWISE_BEZIER_KNOTS.);
#3337 = CARTESIAN_POINT('',(-5.571929126016,-0.627));
#3338 = CARTESIAN_POINT('',(-5.571929126016,5.999999999062E-07));
#3339 = ( GEOMETRIC_REPRESENTATION_CONTEXT(2) 
PARAMETRIC_REPRESENTATION_CONTEXT() REPRESENTATION_CONTEXT('2D SPACE',''
  ) );
#3340 = PCURVE('',#3341,#3346);
#3341 = PLANE('',#3342);
#3342 = AXIS2_PLACEMENT_3D('',#3343,#3344,#3345);
#3343 = CARTESIAN_POINT('',(15.366599346873,-13.24527900331,
    13.066966991411));
#3344 = DIRECTION('',(-0.707106781187,-0.707106781187,-0.));
#3345 = DIRECTION('',(0.,0.,-1.));
#3346 = DEFINITIONAL_REPRESENTATION('',(#3347),#3350);
#3347 = B_SPLINE_CURVE_WITH_KNOTS('',1,(#3348,#3349),.UNSPECIFIED.,.F.,
  .F.,(2,2),(-0.627,5.999999999062E-07),.PIECEWISE_BEZIER_KNOTS.);
#3348 = CARTESIAN_POINT('',(-0.320033008589,-3.728517714686E-02));
#3349 = CARTESIAN_POINT('',(0.306967591411,-3.728517714686E-02));
#3350 = ( GEOMETRIC_REPRESENTATION_CONTEXT(2) 
PARAMETRIC_REPRESENTATION_CONTEXT() REPRESENTATION_CONTEXT('2D SPACE',''
  ) );
#3351 = ORIENTED_EDGE('',*,*,#3352,.T.);
#3352 = EDGE_CURVE('',#3327,#3353,#3355,.T.);
#3353 = VERTEX_POINT('',#3354);
#3354 = CARTESIAN_POINT('',(13.218914401715,-15.34023474527,13.33));
#3355 = SURFACE_CURVE('',#3356,(#3361,#3368),.PCURVE_S1.);
#3356 = CIRCLE('',#3357,20.25);
#3357 = AXIS2_PLACEMENT_3D('',#3358,#3359,#3360);
#3358 = CARTESIAN_POINT('',(0.,0.,13.33));
#3359 = DIRECTION('',(0.,0.,-1.));
#3360 = DIRECTION('',(1.,0.,0.));
#3361 = PCURVE('',#2467,#3362);
#3362 = DEFINITIONAL_REPRESENTATION('',(#3363),#3367);
#3363 = LINE('',#3364,#3365);
#3364 = CARTESIAN_POINT('',(-6.28318530718,-0.57));
#3365 = VECTOR('',#3366,1.);
#3366 = DIRECTION('',(1.,-0.));
#3367 = ( GEOMETRIC_REPRESENTATION_CONTEXT(2) 
PARAMETRIC_REPRESENTATION_CONTEXT() REPRESENTATION_CONTEXT('2D SPACE',''
  ) );
#3368 = PCURVE('',#3369,#3374);
#3369 = PLANE('',#3370);
#3370 = AXIS2_PLACEMENT_3D('',#3371,#3372,#3373);
#3371 = CARTESIAN_POINT('',(14.446191539641,-14.44619153964,13.33));
#3372 = DIRECTION('',(-0.,0.,-1.));
#3373 = DIRECTION('',(-0.707106781187,0.707106781187,0.));
#3374 = DEFINITIONAL_REPRESENTATION('',(#3375),#3379);
#3375 = CIRCLE('',#3376,20.25);
#3376 = AXIS2_PLACEMENT_2D('',#3377,#3378);
#3377 = CARTESIAN_POINT('',(20.43,0.));
#3378 = DIRECTION('',(-0.707106781187,0.707106781187));
#3379 = ( GEOMETRIC_REPRESENTATION_CONTEXT(2) 
PARAMETRIC_REPRESENTATION_CONTEXT() REPRESENTATION_CONTEXT('2D SPACE',''
  ) );
#3380 = ORIENTED_EDGE('',*,*,#3381,.T.);
#3381 = EDGE_CURVE('',#3353,#3266,#3382,.T.);
#3382 = SURFACE_CURVE('',#3383,(#3387,#3393),.PCURVE_S1.);
#3383 = LINE('',#3384,#3385);
#3384 = CARTESIAN_POINT('',(13.218914401715,-15.34023474527,12.76));
#3385 = VECTOR('',#3386,1.);
#3386 = DIRECTION('',(-0.,-0.,-1.));
#3387 = PCURVE('',#2467,#3388);
#3388 = DEFINITIONAL_REPRESENTATION('',(#3389),#3392);
#3389 = B_SPLINE_CURVE_WITH_KNOTS('',1,(#3390,#3391),.UNSPECIFIED.,.F.,
  .F.,(2,2),(-0.627,5.999999999062E-07),.PIECEWISE_BEZIER_KNOTS.);
#3390 = CARTESIAN_POINT('',(-5.423645161548,-0.627));
#3391 = CARTESIAN_POINT('',(-5.423645161548,5.999999999062E-07));
#3392 = ( GEOMETRIC_REPRESENTATION_CONTEXT(2) 
PARAMETRIC_REPRESENTATION_CONTEXT() REPRESENTATION_CONTEXT('2D SPACE',''
  ) );
#3393 = PCURVE('',#3394,#3399);
#3394 = PLANE('',#3395);
#3395 = AXIS2_PLACEMENT_3D('',#3396,#3397,#3398);
#3396 = CARTESIAN_POINT('',(13.245279003313,-15.36659934687,
    13.066966991411));
#3397 = DIRECTION('',(-0.707106781187,-0.707106781187,-0.));
#3398 = DIRECTION('',(0.,0.,-1.));
#3399 = DEFINITIONAL_REPRESENTATION('',(#3400),#3403);
#3400 = B_SPLINE_CURVE_WITH_KNOTS('',1,(#3401,#3402),.UNSPECIFIED.,.F.,
  .F.,(2,2),(-0.627,5.999999999062E-07),.PIECEWISE_BEZIER_KNOTS.);
#3401 = CARTESIAN_POINT('',(-0.320033008589,-3.728517714687E-02));
#3402 = CARTESIAN_POINT('',(0.306967591411,-3.728517714687E-02));
#3403 = ( GEOMETRIC_REPRESENTATION_CONTEXT(2) 
PARAMETRIC_REPRESENTATION_CONTEXT() REPRESENTATION_CONTEXT('2D SPACE',''
  ) );
#3404 = FACE_BOUND('',#3405,.T.);
#3405 = EDGE_LOOP('',(#3406,#3440,#3467,#3493,#3522));
#3406 = ORIENTED_EDGE('',*,*,#3407,.T.);
#3407 = EDGE_CURVE('',#3408,#3410,#3412,.T.);
#3408 = VERTEX_POINT('',#3409);
#3409 = CARTESIAN_POINT('',(15.340234745275,13.218914401715,
    12.815631973246));
#3410 = VERTEX_POINT('',#3411);
#3411 = CARTESIAN_POINT('',(14.318912371756,14.318912266299,12.76));
#3412 = SURFACE_CURVE('',#3413,(#3418,#3428),.PCURVE_S1.);
#3413 = ELLIPSE('',#3414,28.637824638055,20.25);
#3414 = AXIS2_PLACEMENT_3D('',#3415,#3416,#3417);
#3415 = CARTESIAN_POINT('',(0.,0.,33.01));
#3416 = DIRECTION('',(0.5,0.5,0.707106781187));
#3417 = DIRECTION('',(0.5,0.5,-0.707106781187));
#3418 = PCURVE('',#2467,#3419);
#3419 = DEFINITIONAL_REPRESENTATION('',(#3420),#3427);
#3420 = B_SPLINE_CURVE_WITH_KNOTS('',5,(#3421,#3422,#3423,#3424,#3425,
    #3426),.UNSPECIFIED.,.F.,.F.,(6,6),(6.194178944799,6.37219166956),
  .PIECEWISE_BEZIER_KNOTS.);
#3421 = CARTESIAN_POINT('',(-0.696391801017,-8.015865208653E-02));
#3422 = CARTESIAN_POINT('',(-0.731994345969,-1.607407117253E-02));
#3423 = CARTESIAN_POINT('',(-0.767596890921,1.605289801344E-02));
#3424 = CARTESIAN_POINT('',(-0.803199435874,1.605289801344E-02));
#3425 = CARTESIAN_POINT('',(-0.838801980826,-1.607407117253E-02));
#3426 = CARTESIAN_POINT('',(-0.874404525778,-8.015865208653E-02));
#3427 = ( GEOMETRIC_REPRESENTATION_CONTEXT(2) 
PARAMETRIC_REPRESENTATION_CONTEXT() REPRESENTATION_CONTEXT('2D SPACE',''
  ) );
#3428 = PCURVE('',#3429,#3434);
#3429 = PLANE('',#3430);
#3430 = AXIS2_PLACEMENT_3D('',#3431,#3432,#3433);
#3431 = CARTESIAN_POINT('',(14.085567081236,14.085567081236,13.09));
#3432 = DIRECTION('',(0.5,0.5,0.707106781187));
#3433 = DIRECTION('',(0.5,0.5,-0.707106781187));
#3434 = DEFINITIONAL_REPRESENTATION('',(#3435),#3439);
#3435 = ELLIPSE('',#3436,28.637824638055,20.25);
#3436 = AXIS2_PLACEMENT_2D('',#3437,#3438);
#3437 = CARTESIAN_POINT('',(-28.17113416247,0.));
#3438 = DIRECTION('',(1.,0.));
#3439 = ( GEOMETRIC_REPRESENTATION_CONTEXT(2) 
PARAMETRIC_REPRESENTATION_CONTEXT() REPRESENTATION_CONTEXT('2D SPACE',''
  ) );
#3440 = ORIENTED_EDGE('',*,*,#3441,.T.);
#3441 = EDGE_CURVE('',#3410,#3442,#3444,.T.);
#3442 = VERTEX_POINT('',#3443);
#3443 = CARTESIAN_POINT('',(13.218914401715,15.340234745275,
    12.815631973246));
#3444 = SURFACE_CURVE('',#3445,(#3450,#3460),.PCURVE_S1.);
#3445 = ELLIPSE('',#3446,28.637824638055,20.25);
#3446 = AXIS2_PLACEMENT_3D('',#3447,#3448,#3449);
#3447 = CARTESIAN_POINT('',(0.,0.,33.01));
#3448 = DIRECTION('',(0.5,0.5,0.707106781187));
#3449 = DIRECTION('',(0.5,0.5,-0.707106781187));
#3450 = PCURVE('',#2467,#3451);
#3451 = DEFINITIONAL_REPRESENTATION('',(#3452),#3459);
#3452 = B_SPLINE_CURVE_WITH_KNOTS('',5,(#3453,#3454,#3455,#3456,#3457,
    #3458),.UNSPECIFIED.,.F.,.F.,(6,6),(6.194178944799,6.37219166956),
  .PIECEWISE_BEZIER_KNOTS.);
#3453 = CARTESIAN_POINT('',(-0.696391801017,-8.015865208653E-02));
#3454 = CARTESIAN_POINT('',(-0.731994345969,-1.607407117253E-02));
#3455 = CARTESIAN_POINT('',(-0.767596890921,1.605289801344E-02));
#3456 = CARTESIAN_POINT('',(-0.803199435874,1.605289801344E-02));
#3457 = CARTESIAN_POINT('',(-0.838801980826,-1.607407117253E-02));
#3458 = CARTESIAN_POINT('',(-0.874404525778,-8.015865208653E-02));
#3459 = ( GEOMETRIC_REPRESENTATION_CONTEXT(2) 
PARAMETRIC_REPRESENTATION_CONTEXT() REPRESENTATION_CONTEXT('2D SPACE',''
  ) );
#3460 = PCURVE('',#3429,#3461);
#3461 = DEFINITIONAL_REPRESENTATION('',(#3462),#3466);
#3462 = ELLIPSE('',#3463,28.637824638055,20.25);
#3463 = AXIS2_PLACEMENT_2D('',#3464,#3465);
#3464 = CARTESIAN_POINT('',(-28.17113416247,0.));
#3465 = DIRECTION('',(1.,0.));
#3466 = ( GEOMETRIC_REPRESENTATION_CONTEXT(2) 
PARAMETRIC_REPRESENTATION_CONTEXT() REPRESENTATION_CONTEXT('2D SPACE',''
  ) );
#3467 = ORIENTED_EDGE('',*,*,#3468,.F.);
#3468 = EDGE_CURVE('',#3469,#3442,#3471,.T.);
#3469 = VERTEX_POINT('',#3470);
#3470 = CARTESIAN_POINT('',(13.218914401715,15.340234745275,13.33));
#3471 = SURFACE_CURVE('',#3472,(#3476,#3482),.PCURVE_S1.);
#3472 = LINE('',#3473,#3474);
#3473 = CARTESIAN_POINT('',(13.218914401715,15.340234745275,12.76));
#3474 = VECTOR('',#3475,1.);
#3475 = DIRECTION('',(-0.,-0.,-1.));
#3476 = PCURVE('',#2467,#3477);
#3477 = DEFINITIONAL_REPRESENTATION('',(#3478),#3481);
#3478 = B_SPLINE_CURVE_WITH_KNOTS('',1,(#3479,#3480),.UNSPECIFIED.,.F.,
  .F.,(2,2),(-0.627,5.999999999062E-07),.PIECEWISE_BEZIER_KNOTS.);
#3479 = CARTESIAN_POINT('',(-0.859540145631,-0.627));
#3480 = CARTESIAN_POINT('',(-0.859540145631,5.999999999062E-07));
#3481 = ( GEOMETRIC_REPRESENTATION_CONTEXT(2) 
PARAMETRIC_REPRESENTATION_CONTEXT() REPRESENTATION_CONTEXT('2D SPACE',''
  ) );
#3482 = PCURVE('',#3483,#3488);
#3483 = PLANE('',#3484);
#3484 = AXIS2_PLACEMENT_3D('',#3485,#3486,#3487);
#3485 = CARTESIAN_POINT('',(13.245279003313,15.366599346873,
    13.066966991411));
#3486 = DIRECTION('',(0.707106781187,-0.707106781187,-0.));
#3487 = DIRECTION('',(0.,0.,-1.));
#3488 = DEFINITIONAL_REPRESENTATION('',(#3489),#3492);
#3489 = B_SPLINE_CURVE_WITH_KNOTS('',1,(#3490,#3491),.UNSPECIFIED.,.F.,
  .F.,(2,2),(-0.627,5.999999999062E-07),.PIECEWISE_BEZIER_KNOTS.);
#3490 = CARTESIAN_POINT('',(-0.320033008589,-3.728517714686E-02));
#3491 = CARTESIAN_POINT('',(0.306967591411,-3.728517714686E-02));
#3492 = ( GEOMETRIC_REPRESENTATION_CONTEXT(2) 
PARAMETRIC_REPRESENTATION_CONTEXT() REPRESENTATION_CONTEXT('2D SPACE',''
  ) );
#3493 = ORIENTED_EDGE('',*,*,#3494,.T.);
#3494 = EDGE_CURVE('',#3469,#3495,#3497,.T.);
#3495 = VERTEX_POINT('',#3496);
#3496 = CARTESIAN_POINT('',(15.340234745275,13.218914401715,13.33));
#3497 = SURFACE_CURVE('',#3498,(#3503,#3510),.PCURVE_S1.);
#3498 = CIRCLE('',#3499,20.25);
#3499 = AXIS2_PLACEMENT_3D('',#3500,#3501,#3502);
#3500 = CARTESIAN_POINT('',(0.,0.,13.33));
#3501 = DIRECTION('',(0.,0.,-1.));
#3502 = DIRECTION('',(1.,0.,0.));
#3503 = PCURVE('',#2467,#3504);
#3504 = DEFINITIONAL_REPRESENTATION('',(#3505),#3509);
#3505 = LINE('',#3506,#3507);
#3506 = CARTESIAN_POINT('',(-6.28318530718,-0.57));
#3507 = VECTOR('',#3508,1.);
#3508 = DIRECTION('',(1.,-0.));
#3509 = ( GEOMETRIC_REPRESENTATION_CONTEXT(2) 
PARAMETRIC_REPRESENTATION_CONTEXT() REPRESENTATION_CONTEXT('2D SPACE',''
  ) );
#3510 = PCURVE('',#3511,#3516);
#3511 = PLANE('',#3512);
#3512 = AXIS2_PLACEMENT_3D('',#3513,#3514,#3515);
#3513 = CARTESIAN_POINT('',(14.446191539641,14.446191539641,13.33));
#3514 = DIRECTION('',(0.,-0.,-1.));
#3515 = DIRECTION('',(-0.707106781187,-0.707106781187,0.));
#3516 = DEFINITIONAL_REPRESENTATION('',(#3517),#3521);
#3517 = CIRCLE('',#3518,20.25);
#3518 = AXIS2_PLACEMENT_2D('',#3519,#3520);
#3519 = CARTESIAN_POINT('',(20.43,0.));
#3520 = DIRECTION('',(-0.707106781187,-0.707106781187));
#3521 = ( GEOMETRIC_REPRESENTATION_CONTEXT(2) 
PARAMETRIC_REPRESENTATION_CONTEXT() REPRESENTATION_CONTEXT('2D SPACE',''
  ) );
#3522 = ORIENTED_EDGE('',*,*,#3523,.T.);
#3523 = EDGE_CURVE('',#3495,#3408,#3524,.T.);
#3524 = SURFACE_CURVE('',#3525,(#3529,#3535),.PCURVE_S1.);
#3525 = LINE('',#3526,#3527);
#3526 = CARTESIAN_POINT('',(15.340234745275,13.218914401715,12.76));
#3527 = VECTOR('',#3528,1.);
#3528 = DIRECTION('',(-0.,-0.,-1.));
#3529 = PCURVE('',#2467,#3530);
#3530 = DEFINITIONAL_REPRESENTATION('',(#3531),#3534);
#3531 = B_SPLINE_CURVE_WITH_KNOTS('',1,(#3532,#3533),.UNSPECIFIED.,.F.,
  .F.,(2,2),(-0.627,5.999999999062E-07),.PIECEWISE_BEZIER_KNOTS.);
#3532 = CARTESIAN_POINT('',(-0.711256181164,-0.627));
#3533 = CARTESIAN_POINT('',(-0.711256181164,5.999999999062E-07));
#3534 = ( GEOMETRIC_REPRESENTATION_CONTEXT(2) 
PARAMETRIC_REPRESENTATION_CONTEXT() REPRESENTATION_CONTEXT('2D SPACE',''
  ) );
#3535 = PCURVE('',#3536,#3541);
#3536 = PLANE('',#3537);
#3537 = AXIS2_PLACEMENT_3D('',#3538,#3539,#3540);
#3538 = CARTESIAN_POINT('',(15.366599346873,13.245279003313,
    13.066966991411));
#3539 = DIRECTION('',(0.707106781187,-0.707106781187,-0.));
#3540 = DIRECTION('',(0.,0.,-1.));
#3541 = DEFINITIONAL_REPRESENTATION('',(#3542),#3545);
#3542 = B_SPLINE_CURVE_WITH_KNOTS('',1,(#3543,#3544),.UNSPECIFIED.,.F.,
  .F.,(2,2),(-0.627,5.999999999062E-07),.PIECEWISE_BEZIER_KNOTS.);
#3543 = CARTESIAN_POINT('',(-0.320033008589,-3.728517714686E-02));
#3544 = CARTESIAN_POINT('',(0.306967591411,-3.728517714686E-02));
#3545 = ( GEOMETRIC_REPRESENTATION_CONTEXT(2) 
PARAMETRIC_REPRESENTATION_CONTEXT() REPRESENTATION_CONTEXT('2D SPACE',''
  ) );
#3546 = ADVANCED_FACE('',(#3547),#2537,.F.);
#3547 = FACE_BOUND('',#3548,.F.);
#3548 = EDGE_LOOP('',(#3549,#3550,#3551,#3552,#3553,#3554,#3555,#3556,
    #3574,#3575,#3576,#3577,#3578,#3579,#3580,#3581));
#3549 = ORIENTED_EDGE('',*,*,#2758,.T.);
#3550 = ORIENTED_EDGE('',*,*,#2733,.T.);
#3551 = ORIENTED_EDGE('',*,*,#2578,.T.);
#3552 = ORIENTED_EDGE('',*,*,#2553,.T.);
#3553 = ORIENTED_EDGE('',*,*,#2523,.T.);
#3554 = ORIENTED_EDGE('',*,*,#2632,.T.);
#3555 = ORIENTED_EDGE('',*,*,#2679,.T.);
#3556 = ORIENTED_EDGE('',*,*,#3557,.T.);
#3557 = EDGE_CURVE('',#2658,#2842,#3558,.T.);
#3558 = SEAM_CURVE('',#3559,(#3562,#3568),.PCURVE_S1.);
#3559 = B_SPLINE_CURVE_WITH_KNOTS('',1,(#3560,#3561),.UNSPECIFIED.,.F.,
  .F.,(2,2),(0.,1.),.PIECEWISE_BEZIER_KNOTS.);
#3560 = CARTESIAN_POINT('',(19.,0.,11.51));
#3561 = CARTESIAN_POINT('',(20.25,0.,12.76));
#3562 = PCURVE('',#2537,#3563);
#3563 = DEFINITIONAL_REPRESENTATION('',(#3564),#3567);
#3564 = B_SPLINE_CURVE_WITH_KNOTS('',1,(#3565,#3566),.UNSPECIFIED.,.F.,
  .F.,(2,2),(0.,1.),.PIECEWISE_BEZIER_KNOTS.);
#3565 = CARTESIAN_POINT('',(0.,0.));
#3566 = CARTESIAN_POINT('',(0.,1.25));
#3567 = ( GEOMETRIC_REPRESENTATION_CONTEXT(2) 
PARAMETRIC_REPRESENTATION_CONTEXT() REPRESENTATION_CONTEXT('2D SPACE',''
  ) );
#3568 = PCURVE('',#2537,#3569);
#3569 = DEFINITIONAL_REPRESENTATION('',(#3570),#3573);
#3570 = B_SPLINE_CURVE_WITH_KNOTS('',1,(#3571,#3572),.UNSPECIFIED.,.F.,
  .F.,(2,2),(0.,1.),.PIECEWISE_BEZIER_KNOTS.);
#3571 = CARTESIAN_POINT('',(6.28318530718,0.));
#3572 = CARTESIAN_POINT('',(6.28318530718,1.25));
#3573 = ( GEOMETRIC_REPRESENTATION_CONTEXT(2) 
PARAMETRIC_REPRESENTATION_CONTEXT() REPRESENTATION_CONTEXT('2D SPACE',''
  ) );
#3574 = ORIENTED_EDGE('',*,*,#2889,.F.);
#3575 = ORIENTED_EDGE('',*,*,#2912,.F.);
#3576 = ORIENTED_EDGE('',*,*,#2935,.F.);
#3577 = ORIENTED_EDGE('',*,*,#2958,.F.);
#3578 = ORIENTED_EDGE('',*,*,#2841,.F.);
#3579 = ORIENTED_EDGE('',*,*,#3557,.F.);
#3580 = ORIENTED_EDGE('',*,*,#2657,.T.);
#3581 = ORIENTED_EDGE('',*,*,#2812,.T.);
#3582 = ADVANCED_FACE('',(#3583),#3003,.F.);
#3583 = FACE_BOUND('',#3584,.F.);
#3584 = EDGE_LOOP('',(#3585,#3615,#3636,#3637,#3638));
#3585 = ORIENTED_EDGE('',*,*,#3586,.F.);
#3586 = EDGE_CURVE('',#3587,#3589,#3591,.T.);
#3587 = VERTEX_POINT('',#3588);
#3588 = CARTESIAN_POINT('',(-13.02490690945,15.146227253016,13.09));
#3589 = VERTEX_POINT('',#3590);
#3590 = CARTESIAN_POINT('',(-15.14622725301,13.024906909456,13.09));
#3591 = SURFACE_CURVE('',#3592,(#3596,#3603),.PCURVE_S1.);
#3592 = LINE('',#3593,#3594);
#3593 = CARTESIAN_POINT('',(-13.02490690945,15.146227253016,13.09));
#3594 = VECTOR('',#3595,1.);
#3595 = DIRECTION('',(-0.707106781187,-0.707106781187,0.));
#3596 = PCURVE('',#3003,#3597);
#3597 = DEFINITIONAL_REPRESENTATION('',(#3598),#3602);
#3598 = LINE('',#3599,#3600);
#3599 = CARTESIAN_POINT('',(1.110223024625E-16,-1.5));
#3600 = VECTOR('',#3601,1.);
#3601 = DIRECTION('',(0.,1.));
#3602 = ( GEOMETRIC_REPRESENTATION_CONTEXT(2) 
PARAMETRIC_REPRESENTATION_CONTEXT() REPRESENTATION_CONTEXT('2D SPACE',''
  ) );
#3603 = PCURVE('',#3604,#3609);
#3604 = PLANE('',#3605);
#3605 = AXIS2_PLACEMENT_3D('',#3606,#3607,#3608);
#3606 = CARTESIAN_POINT('',(-14.08556708123,14.085567081236,13.15));
#3607 = DIRECTION('',(-0.707106781187,0.707106781187,0.));
#3608 = DIRECTION('',(-0.,0.,-1.));
#3609 = DEFINITIONAL_REPRESENTATION('',(#3610),#3614);
#3610 = LINE('',#3611,#3612);
#3611 = CARTESIAN_POINT('',(6.E-02,-1.5));
#3612 = VECTOR('',#3613,1.);
#3613 = DIRECTION('',(0.,1.));
#3614 = ( GEOMETRIC_REPRESENTATION_CONTEXT(2) 
PARAMETRIC_REPRESENTATION_CONTEXT() REPRESENTATION_CONTEXT('2D SPACE',''
  ) );
#3615 = ORIENTED_EDGE('',*,*,#3616,.T.);
#3616 = EDGE_CURVE('',#3587,#2982,#3617,.T.);
#3617 = SURFACE_CURVE('',#3618,(#3622,#3629),.PCURVE_S1.);
#3618 = LINE('',#3619,#3620);
#3619 = CARTESIAN_POINT('',(-13.02490690945,15.146227253016,13.09));
#3620 = VECTOR('',#3621,1.);
#3621 = DIRECTION('',(-0.5,0.5,-0.707106781187));
#3622 = PCURVE('',#3003,#3623);
#3623 = DEFINITIONAL_REPRESENTATION('',(#3624),#3628);
#3624 = LINE('',#3625,#3626);
#3625 = CARTESIAN_POINT('',(1.110223024625E-16,-1.5));
#3626 = VECTOR('',#3627,1.);
#3627 = DIRECTION('',(1.,0.));
#3628 = ( GEOMETRIC_REPRESENTATION_CONTEXT(2) 
PARAMETRIC_REPRESENTATION_CONTEXT() REPRESENTATION_CONTEXT('2D SPACE',''
  ) );
#3629 = PCURVE('',#3110,#3630);
#3630 = DEFINITIONAL_REPRESENTATION('',(#3631),#3635);
#3631 = LINE('',#3632,#3633);
#3632 = CARTESIAN_POINT('',(-2.303300858899E-02,-0.311653203901));
#3633 = VECTOR('',#3634,1.);
#3634 = DIRECTION('',(0.707106781187,0.707106781187));
#3635 = ( GEOMETRIC_REPRESENTATION_CONTEXT(2) 
PARAMETRIC_REPRESENTATION_CONTEXT() REPRESENTATION_CONTEXT('2D SPACE',''
  ) );
#3636 = ORIENTED_EDGE('',*,*,#2981,.T.);
#3637 = ORIENTED_EDGE('',*,*,#3015,.T.);
#3638 = ORIENTED_EDGE('',*,*,#3639,.F.);
#3639 = EDGE_CURVE('',#3589,#3016,#3640,.T.);
#3640 = SURFACE_CURVE('',#3641,(#3645,#3652),.PCURVE_S1.);
#3641 = LINE('',#3642,#3643);
#3642 = CARTESIAN_POINT('',(-15.14622725301,13.024906909456,13.09));
#3643 = VECTOR('',#3644,1.);
#3644 = DIRECTION('',(-0.5,0.5,-0.707106781187));
#3645 = PCURVE('',#3003,#3646);
#3646 = DEFINITIONAL_REPRESENTATION('',(#3647),#3651);
#3647 = LINE('',#3648,#3649);
#3648 = CARTESIAN_POINT('',(-1.110223024625E-16,1.5));
#3649 = VECTOR('',#3650,1.);
#3650 = DIRECTION('',(1.,0.));
#3651 = ( GEOMETRIC_REPRESENTATION_CONTEXT(2) 
PARAMETRIC_REPRESENTATION_CONTEXT() REPRESENTATION_CONTEXT('2D SPACE',''
  ) );
#3652 = PCURVE('',#3057,#3653);
#3653 = DEFINITIONAL_REPRESENTATION('',(#3654),#3658);
#3654 = LINE('',#3655,#3656);
#3655 = CARTESIAN_POINT('',(-2.303300858899E-02,-0.311653203901));
#3656 = VECTOR('',#3657,1.);
#3657 = DIRECTION('',(0.707106781187,0.707106781187));
#3658 = ( GEOMETRIC_REPRESENTATION_CONTEXT(2) 
PARAMETRIC_REPRESENTATION_CONTEXT() REPRESENTATION_CONTEXT('2D SPACE',''
  ) );
#3659 = ADVANCED_FACE('',(#3660),#3110,.T.);
#3660 = FACE_BOUND('',#3661,.T.);
#3661 = EDGE_LOOP('',(#3662,#3663,#3664,#3687,#3715));
#3662 = ORIENTED_EDGE('',*,*,#3616,.T.);
#3663 = ORIENTED_EDGE('',*,*,#3097,.F.);
#3664 = ORIENTED_EDGE('',*,*,#3665,.T.);
#3665 = EDGE_CURVE('',#3069,#3666,#3668,.T.);
#3666 = VERTEX_POINT('',#3667);
#3667 = CARTESIAN_POINT('',(-13.15218613007,15.273506473629,13.33));
#3668 = SURFACE_CURVE('',#3669,(#3673,#3680),.PCURVE_S1.);
#3669 = LINE('',#3670,#3671);
#3670 = CARTESIAN_POINT('',(-13.38553136786,15.506851711421,13.33));
#3671 = VECTOR('',#3672,1.);
#3672 = DIRECTION('',(0.707106781187,-0.707106781187,0.));
#3673 = PCURVE('',#3110,#3674);
#3674 = DEFINITIONAL_REPRESENTATION('',(#3675),#3679);
#3675 = LINE('',#3676,#3677);
#3676 = CARTESIAN_POINT('',(-0.263033008589,0.198346796099));
#3677 = VECTOR('',#3678,1.);
#3678 = DIRECTION('',(-0.,-1.));
#3679 = ( GEOMETRIC_REPRESENTATION_CONTEXT(2) 
PARAMETRIC_REPRESENTATION_CONTEXT() REPRESENTATION_CONTEXT('2D SPACE',''
  ) );
#3680 = PCURVE('',#3085,#3681);
#3681 = DEFINITIONAL_REPRESENTATION('',(#3682),#3686);
#3682 = LINE('',#3683,#3684);
#3683 = CARTESIAN_POINT('',(-1.110223024625E-16,-1.5));
#3684 = VECTOR('',#3685,1.);
#3685 = DIRECTION('',(1.,0.));
#3686 = ( GEOMETRIC_REPRESENTATION_CONTEXT(2) 
PARAMETRIC_REPRESENTATION_CONTEXT() REPRESENTATION_CONTEXT('2D SPACE',''
  ) );
#3687 = ORIENTED_EDGE('',*,*,#3688,.T.);
#3688 = EDGE_CURVE('',#3666,#3689,#3691,.T.);
#3689 = VERTEX_POINT('',#3690);
#3690 = CARTESIAN_POINT('',(-13.02490690945,15.146227253016,13.15));
#3691 = SURFACE_CURVE('',#3692,(#3696,#3703),.PCURVE_S1.);
#3692 = LINE('',#3693,#3694);
#3693 = CARTESIAN_POINT('',(-13.15218613007,15.273506473629,13.33));
#3694 = VECTOR('',#3695,1.);
#3695 = DIRECTION('',(0.5,-0.5,-0.707106781187));
#3696 = PCURVE('',#3110,#3697);
#3697 = DEFINITIONAL_REPRESENTATION('',(#3698),#3702);
#3698 = LINE('',#3699,#3700);
#3699 = CARTESIAN_POINT('',(-0.263033008589,-0.131653203901));
#3700 = VECTOR('',#3701,1.);
#3701 = DIRECTION('',(0.707106781187,-0.707106781187));
#3702 = ( GEOMETRIC_REPRESENTATION_CONTEXT(2) 
PARAMETRIC_REPRESENTATION_CONTEXT() REPRESENTATION_CONTEXT('2D SPACE',''
  ) );
#3703 = PCURVE('',#3704,#3709);
#3704 = PLANE('',#3705);
#3705 = AXIS2_PLACEMENT_3D('',#3706,#3707,#3708);
#3706 = CARTESIAN_POINT('',(-14.21284630185,14.21284630185,13.33));
#3707 = DIRECTION('',(-0.5,0.5,-0.707106781187));
#3708 = DIRECTION('',(0.5,-0.5,-0.707106781187));
#3709 = DEFINITIONAL_REPRESENTATION('',(#3710),#3714);
#3710 = LINE('',#3711,#3712);
#3711 = CARTESIAN_POINT('',(-1.110223024625E-16,-1.5));
#3712 = VECTOR('',#3713,1.);
#3713 = DIRECTION('',(1.,0.));
#3714 = ( GEOMETRIC_REPRESENTATION_CONTEXT(2) 
PARAMETRIC_REPRESENTATION_CONTEXT() REPRESENTATION_CONTEXT('2D SPACE',''
  ) );
#3715 = ORIENTED_EDGE('',*,*,#3716,.T.);
#3716 = EDGE_CURVE('',#3689,#3587,#3717,.T.);
#3717 = SURFACE_CURVE('',#3718,(#3722,#3729),.PCURVE_S1.);
#3718 = LINE('',#3719,#3720);
#3719 = CARTESIAN_POINT('',(-13.02490690945,15.146227253016,13.15));
#3720 = VECTOR('',#3721,1.);
#3721 = DIRECTION('',(-0.,0.,-1.));
#3722 = PCURVE('',#3110,#3723);
#3723 = DEFINITIONAL_REPRESENTATION('',(#3724),#3728);
#3724 = LINE('',#3725,#3726);
#3725 = CARTESIAN_POINT('',(-8.303300858899E-02,-0.311653203901));
#3726 = VECTOR('',#3727,1.);
#3727 = DIRECTION('',(1.,0.));
#3728 = ( GEOMETRIC_REPRESENTATION_CONTEXT(2) 
PARAMETRIC_REPRESENTATION_CONTEXT() REPRESENTATION_CONTEXT('2D SPACE',''
  ) );
#3729 = PCURVE('',#3604,#3730);
#3730 = DEFINITIONAL_REPRESENTATION('',(#3731),#3735);
#3731 = LINE('',#3732,#3733);
#3732 = CARTESIAN_POINT('',(0.,-1.5));
#3733 = VECTOR('',#3734,1.);
#3734 = DIRECTION('',(1.,-0.));
#3735 = ( GEOMETRIC_REPRESENTATION_CONTEXT(2) 
PARAMETRIC_REPRESENTATION_CONTEXT() REPRESENTATION_CONTEXT('2D SPACE',''
  ) );
#3736 = ADVANCED_FACE('',(#3737),#3085,.F.);
#3737 = FACE_BOUND('',#3738,.F.);
#3738 = EDGE_LOOP('',(#3739,#3740,#3741,#3764));
#3739 = ORIENTED_EDGE('',*,*,#3068,.T.);
#3740 = ORIENTED_EDGE('',*,*,#3665,.T.);
#3741 = ORIENTED_EDGE('',*,*,#3742,.F.);
#3742 = EDGE_CURVE('',#3743,#3666,#3745,.T.);
#3743 = VERTEX_POINT('',#3744);
#3744 = CARTESIAN_POINT('',(-15.27350647362,13.15218613007,13.33));
#3745 = SURFACE_CURVE('',#3746,(#3750,#3757),.PCURVE_S1.);
#3746 = LINE('',#3747,#3748);
#3747 = CARTESIAN_POINT('',(-15.27350647362,13.15218613007,13.33));
#3748 = VECTOR('',#3749,1.);
#3749 = DIRECTION('',(0.707106781187,0.707106781187,0.));
#3750 = PCURVE('',#3085,#3751);
#3751 = DEFINITIONAL_REPRESENTATION('',(#3752),#3756);
#3752 = LINE('',#3753,#3754);
#3753 = CARTESIAN_POINT('',(0.33,1.5));
#3754 = VECTOR('',#3755,1.);
#3755 = DIRECTION('',(0.,-1.));
#3756 = ( GEOMETRIC_REPRESENTATION_CONTEXT(2) 
PARAMETRIC_REPRESENTATION_CONTEXT() REPRESENTATION_CONTEXT('2D SPACE',''
  ) );
#3757 = PCURVE('',#3704,#3758);
#3758 = DEFINITIONAL_REPRESENTATION('',(#3759),#3763);
#3759 = LINE('',#3760,#3761);
#3760 = CARTESIAN_POINT('',(1.110223024625E-16,1.5));
#3761 = VECTOR('',#3762,1.);
#3762 = DIRECTION('',(0.,-1.));
#3763 = ( GEOMETRIC_REPRESENTATION_CONTEXT(2) 
PARAMETRIC_REPRESENTATION_CONTEXT() REPRESENTATION_CONTEXT('2D SPACE',''
  ) );
#3764 = ORIENTED_EDGE('',*,*,#3765,.F.);
#3765 = EDGE_CURVE('',#3043,#3743,#3766,.T.);
#3766 = SURFACE_CURVE('',#3767,(#3771,#3778),.PCURVE_S1.);
#3767 = LINE('',#3768,#3769);
#3768 = CARTESIAN_POINT('',(-15.50685171142,13.385531367861,13.33));
#3769 = VECTOR('',#3770,1.);
#3770 = DIRECTION('',(0.707106781187,-0.707106781187,0.));
#3771 = PCURVE('',#3085,#3772);
#3772 = DEFINITIONAL_REPRESENTATION('',(#3773),#3777);
#3773 = LINE('',#3774,#3775);
#3774 = CARTESIAN_POINT('',(1.110223024625E-16,1.5));
#3775 = VECTOR('',#3776,1.);
#3776 = DIRECTION('',(1.,0.));
#3777 = ( GEOMETRIC_REPRESENTATION_CONTEXT(2) 
PARAMETRIC_REPRESENTATION_CONTEXT() REPRESENTATION_CONTEXT('2D SPACE',''
  ) );
#3778 = PCURVE('',#3057,#3779);
#3779 = DEFINITIONAL_REPRESENTATION('',(#3780),#3784);
#3780 = LINE('',#3781,#3782);
#3781 = CARTESIAN_POINT('',(-0.263033008589,0.198346796099));
#3782 = VECTOR('',#3783,1.);
#3783 = DIRECTION('',(-0.,-1.));
#3784 = ( GEOMETRIC_REPRESENTATION_CONTEXT(2) 
PARAMETRIC_REPRESENTATION_CONTEXT() REPRESENTATION_CONTEXT('2D SPACE',''
  ) );
#3785 = ADVANCED_FACE('',(#3786),#3057,.F.);
#3786 = FACE_BOUND('',#3787,.F.);
#3787 = EDGE_LOOP('',(#3788,#3789,#3790,#3791,#3814));
#3788 = ORIENTED_EDGE('',*,*,#3639,.T.);
#3789 = ORIENTED_EDGE('',*,*,#3042,.F.);
#3790 = ORIENTED_EDGE('',*,*,#3765,.T.);
#3791 = ORIENTED_EDGE('',*,*,#3792,.T.);
#3792 = EDGE_CURVE('',#3743,#3793,#3795,.T.);
#3793 = VERTEX_POINT('',#3794);
#3794 = CARTESIAN_POINT('',(-15.14622725301,13.024906909456,13.15));
#3795 = SURFACE_CURVE('',#3796,(#3800,#3807),.PCURVE_S1.);
#3796 = LINE('',#3797,#3798);
#3797 = CARTESIAN_POINT('',(-15.27350647362,13.15218613007,13.33));
#3798 = VECTOR('',#3799,1.);
#3799 = DIRECTION('',(0.5,-0.5,-0.707106781187));
#3800 = PCURVE('',#3057,#3801);
#3801 = DEFINITIONAL_REPRESENTATION('',(#3802),#3806);
#3802 = LINE('',#3803,#3804);
#3803 = CARTESIAN_POINT('',(-0.263033008589,-0.131653203901));
#3804 = VECTOR('',#3805,1.);
#3805 = DIRECTION('',(0.707106781187,-0.707106781187));
#3806 = ( GEOMETRIC_REPRESENTATION_CONTEXT(2) 
PARAMETRIC_REPRESENTATION_CONTEXT() REPRESENTATION_CONTEXT('2D SPACE',''
  ) );
#3807 = PCURVE('',#3704,#3808);
#3808 = DEFINITIONAL_REPRESENTATION('',(#3809),#3813);
#3809 = LINE('',#3810,#3811);
#3810 = CARTESIAN_POINT('',(1.110223024625E-16,1.5));
#3811 = VECTOR('',#3812,1.);
#3812 = DIRECTION('',(1.,0.));
#3813 = ( GEOMETRIC_REPRESENTATION_CONTEXT(2) 
PARAMETRIC_REPRESENTATION_CONTEXT() REPRESENTATION_CONTEXT('2D SPACE',''
  ) );
#3814 = ORIENTED_EDGE('',*,*,#3815,.T.);
#3815 = EDGE_CURVE('',#3793,#3589,#3816,.T.);
#3816 = SURFACE_CURVE('',#3817,(#3821,#3828),.PCURVE_S1.);
#3817 = LINE('',#3818,#3819);
#3818 = CARTESIAN_POINT('',(-15.14622725301,13.024906909456,13.15));
#3819 = VECTOR('',#3820,1.);
#3820 = DIRECTION('',(-0.,0.,-1.));
#3821 = PCURVE('',#3057,#3822);
#3822 = DEFINITIONAL_REPRESENTATION('',(#3823),#3827);
#3823 = LINE('',#3824,#3825);
#3824 = CARTESIAN_POINT('',(-8.303300858899E-02,-0.311653203901));
#3825 = VECTOR('',#3826,1.);
#3826 = DIRECTION('',(1.,0.));
#3827 = ( GEOMETRIC_REPRESENTATION_CONTEXT(2) 
PARAMETRIC_REPRESENTATION_CONTEXT() REPRESENTATION_CONTEXT('2D SPACE',''
  ) );
#3828 = PCURVE('',#3604,#3829);
#3829 = DEFINITIONAL_REPRESENTATION('',(#3830),#3834);
#3830 = LINE('',#3831,#3832);
#3831 = CARTESIAN_POINT('',(0.,1.5));
#3832 = VECTOR('',#3833,1.);
#3833 = DIRECTION('',(1.,-0.));
#3834 = ( GEOMETRIC_REPRESENTATION_CONTEXT(2) 
PARAMETRIC_REPRESENTATION_CONTEXT() REPRESENTATION_CONTEXT('2D SPACE',''
  ) );
#3835 = ADVANCED_FACE('',(#3836),#3145,.F.);
#3836 = FACE_BOUND('',#3837,.F.);
#3837 = EDGE_LOOP('',(#3838,#3868,#3889,#3890,#3891));
#3838 = ORIENTED_EDGE('',*,*,#3839,.F.);
#3839 = EDGE_CURVE('',#3840,#3842,#3844,.T.);
#3840 = VERTEX_POINT('',#3841);
#3841 = CARTESIAN_POINT('',(-15.14622725301,-13.02490690945,13.09));
#3842 = VERTEX_POINT('',#3843);
#3843 = CARTESIAN_POINT('',(-13.02490690945,-15.14622725301,13.09));
#3844 = SURFACE_CURVE('',#3845,(#3849,#3856),.PCURVE_S1.);
#3845 = LINE('',#3846,#3847);
#3846 = CARTESIAN_POINT('',(-15.14622725301,-13.02490690945,13.09));
#3847 = VECTOR('',#3848,1.);
#3848 = DIRECTION('',(0.707106781187,-0.707106781187,0.));
#3849 = PCURVE('',#3145,#3850);
#3850 = DEFINITIONAL_REPRESENTATION('',(#3851),#3855);
#3851 = LINE('',#3852,#3853);
#3852 = CARTESIAN_POINT('',(1.110223024625E-16,-1.5));
#3853 = VECTOR('',#3854,1.);
#3854 = DIRECTION('',(8.326672684689E-17,1.));
#3855 = ( GEOMETRIC_REPRESENTATION_CONTEXT(2) 
PARAMETRIC_REPRESENTATION_CONTEXT() REPRESENTATION_CONTEXT('2D SPACE',''
  ) );
#3856 = PCURVE('',#3857,#3862);
#3857 = PLANE('',#3858);
#3858 = AXIS2_PLACEMENT_3D('',#3859,#3860,#3861);
#3859 = CARTESIAN_POINT('',(-14.08556708123,-14.08556708123,13.15));
#3860 = DIRECTION('',(-0.707106781187,-0.707106781187,0.));
#3861 = DIRECTION('',(0.,-0.,-1.));
#3862 = DEFINITIONAL_REPRESENTATION('',(#3863),#3867);
#3863 = LINE('',#3864,#3865);
#3864 = CARTESIAN_POINT('',(6.E-02,-1.5));
#3865 = VECTOR('',#3866,1.);
#3866 = DIRECTION('',(0.,1.));
#3867 = ( GEOMETRIC_REPRESENTATION_CONTEXT(2) 
PARAMETRIC_REPRESENTATION_CONTEXT() REPRESENTATION_CONTEXT('2D SPACE',''
  ) );
#3868 = ORIENTED_EDGE('',*,*,#3869,.T.);
#3869 = EDGE_CURVE('',#3840,#3124,#3870,.T.);
#3870 = SURFACE_CURVE('',#3871,(#3875,#3882),.PCURVE_S1.);
#3871 = LINE('',#3872,#3873);
#3872 = CARTESIAN_POINT('',(-15.14622725301,-13.02490690945,13.09));
#3873 = VECTOR('',#3874,1.);
#3874 = DIRECTION('',(-0.5,-0.5,-0.707106781187));
#3875 = PCURVE('',#3145,#3876);
#3876 = DEFINITIONAL_REPRESENTATION('',(#3877),#3881);
#3877 = LINE('',#3878,#3879);
#3878 = CARTESIAN_POINT('',(1.110223024625E-16,-1.5));
#3879 = VECTOR('',#3880,1.);
#3880 = DIRECTION('',(1.,5.551115123126E-17));
#3881 = ( GEOMETRIC_REPRESENTATION_CONTEXT(2) 
PARAMETRIC_REPRESENTATION_CONTEXT() REPRESENTATION_CONTEXT('2D SPACE',''
  ) );
#3882 = PCURVE('',#3252,#3883);
#3883 = DEFINITIONAL_REPRESENTATION('',(#3884),#3888);
#3884 = LINE('',#3885,#3886);
#3885 = CARTESIAN_POINT('',(-2.303300858899E-02,-0.311653203901));
#3886 = VECTOR('',#3887,1.);
#3887 = DIRECTION('',(0.707106781187,0.707106781187));
#3888 = ( GEOMETRIC_REPRESENTATION_CONTEXT(2) 
PARAMETRIC_REPRESENTATION_CONTEXT() REPRESENTATION_CONTEXT('2D SPACE',''
  ) );
#3889 = ORIENTED_EDGE('',*,*,#3123,.T.);
#3890 = ORIENTED_EDGE('',*,*,#3157,.T.);
#3891 = ORIENTED_EDGE('',*,*,#3892,.F.);
#3892 = EDGE_CURVE('',#3842,#3158,#3893,.T.);
#3893 = SURFACE_CURVE('',#3894,(#3898,#3905),.PCURVE_S1.);
#3894 = LINE('',#3895,#3896);
#3895 = CARTESIAN_POINT('',(-13.02490690945,-15.14622725301,13.09));
#3896 = VECTOR('',#3897,1.);
#3897 = DIRECTION('',(-0.5,-0.5,-0.707106781187));
#3898 = PCURVE('',#3145,#3899);
#3899 = DEFINITIONAL_REPRESENTATION('',(#3900),#3904);
#3900 = LINE('',#3901,#3902);
#3901 = CARTESIAN_POINT('',(-1.110223024625E-16,1.5));
#3902 = VECTOR('',#3903,1.);
#3903 = DIRECTION('',(1.,5.551115123126E-17));
#3904 = ( GEOMETRIC_REPRESENTATION_CONTEXT(2) 
PARAMETRIC_REPRESENTATION_CONTEXT() REPRESENTATION_CONTEXT('2D SPACE',''
  ) );
#3905 = PCURVE('',#3199,#3906);
#3906 = DEFINITIONAL_REPRESENTATION('',(#3907),#3911);
#3907 = LINE('',#3908,#3909);
#3908 = CARTESIAN_POINT('',(-2.303300858899E-02,-0.311653203901));
#3909 = VECTOR('',#3910,1.);
#3910 = DIRECTION('',(0.707106781187,0.707106781187));
#3911 = ( GEOMETRIC_REPRESENTATION_CONTEXT(2) 
PARAMETRIC_REPRESENTATION_CONTEXT() REPRESENTATION_CONTEXT('2D SPACE',''
  ) );
#3912 = ADVANCED_FACE('',(#3913),#3252,.T.);
#3913 = FACE_BOUND('',#3914,.T.);
#3914 = EDGE_LOOP('',(#3915,#3916,#3917,#3940,#3968));
#3915 = ORIENTED_EDGE('',*,*,#3869,.T.);
#3916 = ORIENTED_EDGE('',*,*,#3239,.F.);
#3917 = ORIENTED_EDGE('',*,*,#3918,.T.);
#3918 = EDGE_CURVE('',#3211,#3919,#3921,.T.);
#3919 = VERTEX_POINT('',#3920);
#3920 = CARTESIAN_POINT('',(-15.27350647362,-13.15218613007,13.33));
#3921 = SURFACE_CURVE('',#3922,(#3926,#3933),.PCURVE_S1.);
#3922 = LINE('',#3923,#3924);
#3923 = CARTESIAN_POINT('',(-15.50685171142,-13.38553136786,13.33));
#3924 = VECTOR('',#3925,1.);
#3925 = DIRECTION('',(0.707106781187,0.707106781187,0.));
#3926 = PCURVE('',#3252,#3927);
#3927 = DEFINITIONAL_REPRESENTATION('',(#3928),#3932);
#3928 = LINE('',#3929,#3930);
#3929 = CARTESIAN_POINT('',(-0.263033008589,0.198346796099));
#3930 = VECTOR('',#3931,1.);
#3931 = DIRECTION('',(0.,-1.));
#3932 = ( GEOMETRIC_REPRESENTATION_CONTEXT(2) 
PARAMETRIC_REPRESENTATION_CONTEXT() REPRESENTATION_CONTEXT('2D SPACE',''
  ) );
#3933 = PCURVE('',#3227,#3934);
#3934 = DEFINITIONAL_REPRESENTATION('',(#3935),#3939);
#3935 = LINE('',#3936,#3937);
#3936 = CARTESIAN_POINT('',(-3.330669073875E-16,-1.5));
#3937 = VECTOR('',#3938,1.);
#3938 = DIRECTION('',(1.,0.));
#3939 = ( GEOMETRIC_REPRESENTATION_CONTEXT(2) 
PARAMETRIC_REPRESENTATION_CONTEXT() REPRESENTATION_CONTEXT('2D SPACE',''
  ) );
#3940 = ORIENTED_EDGE('',*,*,#3941,.T.);
#3941 = EDGE_CURVE('',#3919,#3942,#3944,.T.);
#3942 = VERTEX_POINT('',#3943);
#3943 = CARTESIAN_POINT('',(-15.14622725301,-13.02490690945,13.15));
#3944 = SURFACE_CURVE('',#3945,(#3949,#3956),.PCURVE_S1.);
#3945 = LINE('',#3946,#3947);
#3946 = CARTESIAN_POINT('',(-15.27350647362,-13.15218613007,13.33));
#3947 = VECTOR('',#3948,1.);
#3948 = DIRECTION('',(0.5,0.5,-0.707106781187));
#3949 = PCURVE('',#3252,#3950);
#3950 = DEFINITIONAL_REPRESENTATION('',(#3951),#3955);
#3951 = LINE('',#3952,#3953);
#3952 = CARTESIAN_POINT('',(-0.263033008589,-0.131653203901));
#3953 = VECTOR('',#3954,1.);
#3954 = DIRECTION('',(0.707106781187,-0.707106781187));
#3955 = ( GEOMETRIC_REPRESENTATION_CONTEXT(2) 
PARAMETRIC_REPRESENTATION_CONTEXT() REPRESENTATION_CONTEXT('2D SPACE',''
  ) );
#3956 = PCURVE('',#3957,#3962);
#3957 = PLANE('',#3958);
#3958 = AXIS2_PLACEMENT_3D('',#3959,#3960,#3961);
#3959 = CARTESIAN_POINT('',(-14.21284630185,-14.21284630185,13.33));
#3960 = DIRECTION('',(-0.5,-0.5,-0.707106781187));
#3961 = DIRECTION('',(0.5,0.5,-0.707106781187));
#3962 = DEFINITIONAL_REPRESENTATION('',(#3963),#3967);
#3963 = LINE('',#3964,#3965);
#3964 = CARTESIAN_POINT('',(-1.110223024625E-16,-1.5));
#3965 = VECTOR('',#3966,1.);
#3966 = DIRECTION('',(1.,-5.551115123126E-17));
#3967 = ( GEOMETRIC_REPRESENTATION_CONTEXT(2) 
PARAMETRIC_REPRESENTATION_CONTEXT() REPRESENTATION_CONTEXT('2D SPACE',''
  ) );
#3968 = ORIENTED_EDGE('',*,*,#3969,.T.);
#3969 = EDGE_CURVE('',#3942,#3840,#3970,.T.);
#3970 = SURFACE_CURVE('',#3971,(#3975,#3982),.PCURVE_S1.);
#3971 = LINE('',#3972,#3973);
#3972 = CARTESIAN_POINT('',(-15.14622725301,-13.02490690945,13.15));
#3973 = VECTOR('',#3974,1.);
#3974 = DIRECTION('',(0.,-0.,-1.));
#3975 = PCURVE('',#3252,#3976);
#3976 = DEFINITIONAL_REPRESENTATION('',(#3977),#3981);
#3977 = LINE('',#3978,#3979);
#3978 = CARTESIAN_POINT('',(-8.303300858899E-02,-0.311653203901));
#3979 = VECTOR('',#3980,1.);
#3980 = DIRECTION('',(1.,0.));
#3981 = ( GEOMETRIC_REPRESENTATION_CONTEXT(2) 
PARAMETRIC_REPRESENTATION_CONTEXT() REPRESENTATION_CONTEXT('2D SPACE',''
  ) );
#3982 = PCURVE('',#3857,#3983);
#3983 = DEFINITIONAL_REPRESENTATION('',(#3984),#3988);
#3984 = LINE('',#3985,#3986);
#3985 = CARTESIAN_POINT('',(-0.,-1.5));
#3986 = VECTOR('',#3987,1.);
#3987 = DIRECTION('',(1.,0.));
#3988 = ( GEOMETRIC_REPRESENTATION_CONTEXT(2) 
PARAMETRIC_REPRESENTATION_CONTEXT() REPRESENTATION_CONTEXT('2D SPACE',''
  ) );
#3989 = ADVANCED_FACE('',(#3990),#3227,.F.);
#3990 = FACE_BOUND('',#3991,.F.);
#3991 = EDGE_LOOP('',(#3992,#3993,#3994,#4017));
#3992 = ORIENTED_EDGE('',*,*,#3210,.T.);
#3993 = ORIENTED_EDGE('',*,*,#3918,.T.);
#3994 = ORIENTED_EDGE('',*,*,#3995,.F.);
#3995 = EDGE_CURVE('',#3996,#3919,#3998,.T.);
#3996 = VERTEX_POINT('',#3997);
#3997 = CARTESIAN_POINT('',(-13.15218613007,-15.27350647362,13.33));
#3998 = SURFACE_CURVE('',#3999,(#4003,#4010),.PCURVE_S1.);
#3999 = LINE('',#4000,#4001);
#4000 = CARTESIAN_POINT('',(-13.15218613007,-15.27350647362,13.33));
#4001 = VECTOR('',#4002,1.);
#4002 = DIRECTION('',(-0.707106781187,0.707106781187,0.));
#4003 = PCURVE('',#3227,#4004);
#4004 = DEFINITIONAL_REPRESENTATION('',(#4005),#4009);
#4005 = LINE('',#4006,#4007);
#4006 = CARTESIAN_POINT('',(0.33,1.5));
#4007 = VECTOR('',#4008,1.);
#4008 = DIRECTION('',(0.,-1.));
#4009 = ( GEOMETRIC_REPRESENTATION_CONTEXT(2) 
PARAMETRIC_REPRESENTATION_CONTEXT() REPRESENTATION_CONTEXT('2D SPACE',''
  ) );
#4010 = PCURVE('',#3957,#4011);
#4011 = DEFINITIONAL_REPRESENTATION('',(#4012),#4016);
#4012 = LINE('',#4013,#4014);
#4013 = CARTESIAN_POINT('',(1.110223024625E-16,1.5));
#4014 = VECTOR('',#4015,1.);
#4015 = DIRECTION('',(8.326672684689E-17,-1.));
#4016 = ( GEOMETRIC_REPRESENTATION_CONTEXT(2) 
PARAMETRIC_REPRESENTATION_CONTEXT() REPRESENTATION_CONTEXT('2D SPACE',''
  ) );
#4017 = ORIENTED_EDGE('',*,*,#4018,.F.);
#4018 = EDGE_CURVE('',#3185,#3996,#4019,.T.);
#4019 = SURFACE_CURVE('',#4020,(#4024,#4031),.PCURVE_S1.);
#4020 = LINE('',#4021,#4022);
#4021 = CARTESIAN_POINT('',(-13.38553136786,-15.50685171142,13.33));
#4022 = VECTOR('',#4023,1.);
#4023 = DIRECTION('',(0.707106781187,0.707106781187,0.));
#4024 = PCURVE('',#3227,#4025);
#4025 = DEFINITIONAL_REPRESENTATION('',(#4026),#4030);
#4026 = LINE('',#4027,#4028);
#4027 = CARTESIAN_POINT('',(3.330669073875E-16,1.5));
#4028 = VECTOR('',#4029,1.);
#4029 = DIRECTION('',(1.,0.));
#4030 = ( GEOMETRIC_REPRESENTATION_CONTEXT(2) 
PARAMETRIC_REPRESENTATION_CONTEXT() REPRESENTATION_CONTEXT('2D SPACE',''
  ) );
#4031 = PCURVE('',#3199,#4032);
#4032 = DEFINITIONAL_REPRESENTATION('',(#4033),#4037);
#4033 = LINE('',#4034,#4035);
#4034 = CARTESIAN_POINT('',(-0.263033008589,0.198346796099));
#4035 = VECTOR('',#4036,1.);
#4036 = DIRECTION('',(0.,-1.));
#4037 = ( GEOMETRIC_REPRESENTATION_CONTEXT(2) 
PARAMETRIC_REPRESENTATION_CONTEXT() REPRESENTATION_CONTEXT('2D SPACE',''
  ) );
#4038 = ADVANCED_FACE('',(#4039),#3199,.F.);
#4039 = FACE_BOUND('',#4040,.F.);
#4040 = EDGE_LOOP('',(#4041,#4042,#4043,#4044,#4067));
#4041 = ORIENTED_EDGE('',*,*,#3892,.T.);
#4042 = ORIENTED_EDGE('',*,*,#3184,.F.);
#4043 = ORIENTED_EDGE('',*,*,#4018,.T.);
#4044 = ORIENTED_EDGE('',*,*,#4045,.T.);
#4045 = EDGE_CURVE('',#3996,#4046,#4048,.T.);
#4046 = VERTEX_POINT('',#4047);
#4047 = CARTESIAN_POINT('',(-13.02490690945,-15.14622725301,13.15));
#4048 = SURFACE_CURVE('',#4049,(#4053,#4060),.PCURVE_S1.);
#4049 = LINE('',#4050,#4051);
#4050 = CARTESIAN_POINT('',(-13.15218613007,-15.27350647362,13.33));
#4051 = VECTOR('',#4052,1.);
#4052 = DIRECTION('',(0.5,0.5,-0.707106781187));
#4053 = PCURVE('',#3199,#4054);
#4054 = DEFINITIONAL_REPRESENTATION('',(#4055),#4059);
#4055 = LINE('',#4056,#4057);
#4056 = CARTESIAN_POINT('',(-0.263033008589,-0.131653203901));
#4057 = VECTOR('',#4058,1.);
#4058 = DIRECTION('',(0.707106781187,-0.707106781187));
#4059 = ( GEOMETRIC_REPRESENTATION_CONTEXT(2) 
PARAMETRIC_REPRESENTATION_CONTEXT() REPRESENTATION_CONTEXT('2D SPACE',''
  ) );
#4060 = PCURVE('',#3957,#4061);
#4061 = DEFINITIONAL_REPRESENTATION('',(#4062),#4066);
#4062 = LINE('',#4063,#4064);
#4063 = CARTESIAN_POINT('',(1.110223024625E-16,1.5));
#4064 = VECTOR('',#4065,1.);
#4065 = DIRECTION('',(1.,-5.551115123126E-17));
#4066 = ( GEOMETRIC_REPRESENTATION_CONTEXT(2) 
PARAMETRIC_REPRESENTATION_CONTEXT() REPRESENTATION_CONTEXT('2D SPACE',''
  ) );
#4067 = ORIENTED_EDGE('',*,*,#4068,.T.);
#4068 = EDGE_CURVE('',#4046,#3842,#4069,.T.);
#4069 = SURFACE_CURVE('',#4070,(#4074,#4081),.PCURVE_S1.);
#4070 = LINE('',#4071,#4072);
#4071 = CARTESIAN_POINT('',(-13.02490690945,-15.14622725301,13.15));
#4072 = VECTOR('',#4073,1.);
#4073 = DIRECTION('',(0.,-0.,-1.));
#4074 = PCURVE('',#3199,#4075);
#4075 = DEFINITIONAL_REPRESENTATION('',(#4076),#4080);
#4076 = LINE('',#4077,#4078);
#4077 = CARTESIAN_POINT('',(-8.303300858899E-02,-0.311653203901));
#4078 = VECTOR('',#4079,1.);
#4079 = DIRECTION('',(1.,0.));
#4080 = ( GEOMETRIC_REPRESENTATION_CONTEXT(2) 
PARAMETRIC_REPRESENTATION_CONTEXT() REPRESENTATION_CONTEXT('2D SPACE',''
  ) );
#4081 = PCURVE('',#3857,#4082);
#4082 = DEFINITIONAL_REPRESENTATION('',(#4083),#4087);
#4083 = LINE('',#4084,#4085);
#4084 = CARTESIAN_POINT('',(0.,1.5));
#4085 = VECTOR('',#4086,1.);
#4086 = DIRECTION('',(1.,0.));
#4087 = ( GEOMETRIC_REPRESENTATION_CONTEXT(2) 
PARAMETRIC_REPRESENTATION_CONTEXT() REPRESENTATION_CONTEXT('2D SPACE',''
  ) );
#4088 = ADVANCED_FACE('',(#4089),#3287,.F.);
#4089 = FACE_BOUND('',#4090,.F.);
#4090 = EDGE_LOOP('',(#4091,#4121,#4142,#4143,#4144));
#4091 = ORIENTED_EDGE('',*,*,#4092,.F.);
#4092 = EDGE_CURVE('',#4093,#4095,#4097,.T.);
#4093 = VERTEX_POINT('',#4094);
#4094 = CARTESIAN_POINT('',(13.024906909456,-15.14622725301,13.09));
#4095 = VERTEX_POINT('',#4096);
#4096 = CARTESIAN_POINT('',(15.146227253016,-13.02490690945,13.09));
#4097 = SURFACE_CURVE('',#4098,(#4102,#4109),.PCURVE_S1.);
#4098 = LINE('',#4099,#4100);
#4099 = CARTESIAN_POINT('',(13.024906909456,-15.14622725301,13.09));
#4100 = VECTOR('',#4101,1.);
#4101 = DIRECTION('',(0.707106781187,0.707106781187,0.));
#4102 = PCURVE('',#3287,#4103);
#4103 = DEFINITIONAL_REPRESENTATION('',(#4104),#4108);
#4104 = LINE('',#4105,#4106);
#4105 = CARTESIAN_POINT('',(2.22044604925E-16,-1.5));
#4106 = VECTOR('',#4107,1.);
#4107 = DIRECTION('',(8.326672684689E-17,1.));
#4108 = ( GEOMETRIC_REPRESENTATION_CONTEXT(2) 
PARAMETRIC_REPRESENTATION_CONTEXT() REPRESENTATION_CONTEXT('2D SPACE',''
  ) );
#4109 = PCURVE('',#4110,#4115);
#4110 = PLANE('',#4111);
#4111 = AXIS2_PLACEMENT_3D('',#4112,#4113,#4114);
#4112 = CARTESIAN_POINT('',(14.085567081236,-14.08556708123,13.15));
#4113 = DIRECTION('',(0.707106781187,-0.707106781187,0.));
#4114 = DIRECTION('',(0.,0.,-1.));
#4115 = DEFINITIONAL_REPRESENTATION('',(#4116),#4120);
#4116 = LINE('',#4117,#4118);
#4117 = CARTESIAN_POINT('',(6.E-02,-1.5));
#4118 = VECTOR('',#4119,1.);
#4119 = DIRECTION('',(0.,1.));
#4120 = ( GEOMETRIC_REPRESENTATION_CONTEXT(2) 
PARAMETRIC_REPRESENTATION_CONTEXT() REPRESENTATION_CONTEXT('2D SPACE',''
  ) );
#4121 = ORIENTED_EDGE('',*,*,#4122,.T.);
#4122 = EDGE_CURVE('',#4093,#3266,#4123,.T.);
#4123 = SURFACE_CURVE('',#4124,(#4128,#4135),.PCURVE_S1.);
#4124 = LINE('',#4125,#4126);
#4125 = CARTESIAN_POINT('',(13.024906909456,-15.14622725301,13.09));
#4126 = VECTOR('',#4127,1.);
#4127 = DIRECTION('',(0.5,-0.5,-0.707106781187));
#4128 = PCURVE('',#3287,#4129);
#4129 = DEFINITIONAL_REPRESENTATION('',(#4130),#4134);
#4130 = LINE('',#4131,#4132);
#4131 = CARTESIAN_POINT('',(2.22044604925E-16,-1.5));
#4132 = VECTOR('',#4133,1.);
#4133 = DIRECTION('',(1.,-5.551115123126E-17));
#4134 = ( GEOMETRIC_REPRESENTATION_CONTEXT(2) 
PARAMETRIC_REPRESENTATION_CONTEXT() REPRESENTATION_CONTEXT('2D SPACE',''
  ) );
#4135 = PCURVE('',#3394,#4136);
#4136 = DEFINITIONAL_REPRESENTATION('',(#4137),#4141);
#4137 = LINE('',#4138,#4139);
#4138 = CARTESIAN_POINT('',(-2.303300858899E-02,-0.311653203901));
#4139 = VECTOR('',#4140,1.);
#4140 = DIRECTION('',(0.707106781187,0.707106781187));
#4141 = ( GEOMETRIC_REPRESENTATION_CONTEXT(2) 
PARAMETRIC_REPRESENTATION_CONTEXT() REPRESENTATION_CONTEXT('2D SPACE',''
  ) );
#4142 = ORIENTED_EDGE('',*,*,#3265,.T.);
#4143 = ORIENTED_EDGE('',*,*,#3299,.T.);
#4144 = ORIENTED_EDGE('',*,*,#4145,.F.);
#4145 = EDGE_CURVE('',#4095,#3300,#4146,.T.);
#4146 = SURFACE_CURVE('',#4147,(#4151,#4158),.PCURVE_S1.);
#4147 = LINE('',#4148,#4149);
#4148 = CARTESIAN_POINT('',(15.146227253016,-13.02490690945,13.09));
#4149 = VECTOR('',#4150,1.);
#4150 = DIRECTION('',(0.5,-0.5,-0.707106781187));
#4151 = PCURVE('',#3287,#4152);
#4152 = DEFINITIONAL_REPRESENTATION('',(#4153),#4157);
#4153 = LINE('',#4154,#4155);
#4154 = CARTESIAN_POINT('',(-2.22044604925E-16,1.5));
#4155 = VECTOR('',#4156,1.);
#4156 = DIRECTION('',(1.,-5.551115123126E-17));
#4157 = ( GEOMETRIC_REPRESENTATION_CONTEXT(2) 
PARAMETRIC_REPRESENTATION_CONTEXT() REPRESENTATION_CONTEXT('2D SPACE',''
  ) );
#4158 = PCURVE('',#3341,#4159);
#4159 = DEFINITIONAL_REPRESENTATION('',(#4160),#4164);
#4160 = LINE('',#4161,#4162);
#4161 = CARTESIAN_POINT('',(-2.303300858899E-02,-0.311653203901));
#4162 = VECTOR('',#4163,1.);
#4163 = DIRECTION('',(0.707106781187,0.707106781187));
#4164 = ( GEOMETRIC_REPRESENTATION_CONTEXT(2) 
PARAMETRIC_REPRESENTATION_CONTEXT() REPRESENTATION_CONTEXT('2D SPACE',''
  ) );
#4165 = ADVANCED_FACE('',(#4166),#3394,.T.);
#4166 = FACE_BOUND('',#4167,.T.);
#4167 = EDGE_LOOP('',(#4168,#4169,#4170,#4193,#4221));
#4168 = ORIENTED_EDGE('',*,*,#4122,.T.);
#4169 = ORIENTED_EDGE('',*,*,#3381,.F.);
#4170 = ORIENTED_EDGE('',*,*,#4171,.T.);
#4171 = EDGE_CURVE('',#3353,#4172,#4174,.T.);
#4172 = VERTEX_POINT('',#4173);
#4173 = CARTESIAN_POINT('',(13.15218613007,-15.27350647362,13.33));
#4174 = SURFACE_CURVE('',#4175,(#4179,#4186),.PCURVE_S1.);
#4175 = LINE('',#4176,#4177);
#4176 = CARTESIAN_POINT('',(13.385531367861,-15.50685171142,13.33));
#4177 = VECTOR('',#4178,1.);
#4178 = DIRECTION('',(-0.707106781187,0.707106781187,0.));
#4179 = PCURVE('',#3394,#4180);
#4180 = DEFINITIONAL_REPRESENTATION('',(#4181),#4185);
#4181 = LINE('',#4182,#4183);
#4182 = CARTESIAN_POINT('',(-0.263033008589,0.198346796099));
#4183 = VECTOR('',#4184,1.);
#4184 = DIRECTION('',(0.,-1.));
#4185 = ( GEOMETRIC_REPRESENTATION_CONTEXT(2) 
PARAMETRIC_REPRESENTATION_CONTEXT() REPRESENTATION_CONTEXT('2D SPACE',''
  ) );
#4186 = PCURVE('',#3369,#4187);
#4187 = DEFINITIONAL_REPRESENTATION('',(#4188),#4192);
#4188 = LINE('',#4189,#4190);
#4189 = CARTESIAN_POINT('',(-4.440892098501E-16,-1.5));
#4190 = VECTOR('',#4191,1.);
#4191 = DIRECTION('',(1.,0.));
#4192 = ( GEOMETRIC_REPRESENTATION_CONTEXT(2) 
PARAMETRIC_REPRESENTATION_CONTEXT() REPRESENTATION_CONTEXT('2D SPACE',''
  ) );
#4193 = ORIENTED_EDGE('',*,*,#4194,.T.);
#4194 = EDGE_CURVE('',#4172,#4195,#4197,.T.);
#4195 = VERTEX_POINT('',#4196);
#4196 = CARTESIAN_POINT('',(13.024906909456,-15.14622725301,13.15));
#4197 = SURFACE_CURVE('',#4198,(#4202,#4209),.PCURVE_S1.);
#4198 = LINE('',#4199,#4200);
#4199 = CARTESIAN_POINT('',(13.15218613007,-15.27350647362,13.33));
#4200 = VECTOR('',#4201,1.);
#4201 = DIRECTION('',(-0.5,0.5,-0.707106781187));
#4202 = PCURVE('',#3394,#4203);
#4203 = DEFINITIONAL_REPRESENTATION('',(#4204),#4208);
#4204 = LINE('',#4205,#4206);
#4205 = CARTESIAN_POINT('',(-0.263033008589,-0.131653203901));
#4206 = VECTOR('',#4207,1.);
#4207 = DIRECTION('',(0.707106781187,-0.707106781187));
#4208 = ( GEOMETRIC_REPRESENTATION_CONTEXT(2) 
PARAMETRIC_REPRESENTATION_CONTEXT() REPRESENTATION_CONTEXT('2D SPACE',''
  ) );
#4209 = PCURVE('',#4210,#4215);
#4210 = PLANE('',#4211);
#4211 = AXIS2_PLACEMENT_3D('',#4212,#4213,#4214);
#4212 = CARTESIAN_POINT('',(14.21284630185,-14.21284630185,13.33));
#4213 = DIRECTION('',(0.5,-0.5,-0.707106781187));
#4214 = DIRECTION('',(-0.5,0.5,-0.707106781187));
#4215 = DEFINITIONAL_REPRESENTATION('',(#4216),#4220);
#4216 = LINE('',#4217,#4218);
#4217 = CARTESIAN_POINT('',(-2.22044604925E-16,-1.5));
#4218 = VECTOR('',#4219,1.);
#4219 = DIRECTION('',(1.,5.551115123126E-17));
#4220 = ( GEOMETRIC_REPRESENTATION_CONTEXT(2) 
PARAMETRIC_REPRESENTATION_CONTEXT() REPRESENTATION_CONTEXT('2D SPACE',''
  ) );
#4221 = ORIENTED_EDGE('',*,*,#4222,.T.);
#4222 = EDGE_CURVE('',#4195,#4093,#4223,.T.);
#4223 = SURFACE_CURVE('',#4224,(#4228,#4235),.PCURVE_S1.);
#4224 = LINE('',#4225,#4226);
#4225 = CARTESIAN_POINT('',(13.024906909456,-15.14622725301,13.15));
#4226 = VECTOR('',#4227,1.);
#4227 = DIRECTION('',(0.,0.,-1.));
#4228 = PCURVE('',#3394,#4229);
#4229 = DEFINITIONAL_REPRESENTATION('',(#4230),#4234);
#4230 = LINE('',#4231,#4232);
#4231 = CARTESIAN_POINT('',(-8.303300858899E-02,-0.311653203901));
#4232 = VECTOR('',#4233,1.);
#4233 = DIRECTION('',(1.,0.));
#4234 = ( GEOMETRIC_REPRESENTATION_CONTEXT(2) 
PARAMETRIC_REPRESENTATION_CONTEXT() REPRESENTATION_CONTEXT('2D SPACE',''
  ) );
#4235 = PCURVE('',#4110,#4236);
#4236 = DEFINITIONAL_REPRESENTATION('',(#4237),#4241);
#4237 = LINE('',#4238,#4239);
#4238 = CARTESIAN_POINT('',(-0.,-1.5));
#4239 = VECTOR('',#4240,1.);
#4240 = DIRECTION('',(1.,0.));
#4241 = ( GEOMETRIC_REPRESENTATION_CONTEXT(2) 
PARAMETRIC_REPRESENTATION_CONTEXT() REPRESENTATION_CONTEXT('2D SPACE',''
  ) );
#4242 = ADVANCED_FACE('',(#4243),#3369,.F.);
#4243 = FACE_BOUND('',#4244,.F.);
#4244 = EDGE_LOOP('',(#4245,#4246,#4247,#4270));
#4245 = ORIENTED_EDGE('',*,*,#3352,.T.);
#4246 = ORIENTED_EDGE('',*,*,#4171,.T.);
#4247 = ORIENTED_EDGE('',*,*,#4248,.F.);
#4248 = EDGE_CURVE('',#4249,#4172,#4251,.T.);
#4249 = VERTEX_POINT('',#4250);
#4250 = CARTESIAN_POINT('',(15.273506473629,-13.15218613007,13.33));
#4251 = SURFACE_CURVE('',#4252,(#4256,#4263),.PCURVE_S1.);
#4252 = LINE('',#4253,#4254);
#4253 = CARTESIAN_POINT('',(15.273506473629,-13.15218613007,13.33));
#4254 = VECTOR('',#4255,1.);
#4255 = DIRECTION('',(-0.707106781187,-0.707106781187,0.));
#4256 = PCURVE('',#3369,#4257);
#4257 = DEFINITIONAL_REPRESENTATION('',(#4258),#4262);
#4258 = LINE('',#4259,#4260);
#4259 = CARTESIAN_POINT('',(0.33,1.5));
#4260 = VECTOR('',#4261,1.);
#4261 = DIRECTION('',(0.,-1.));
#4262 = ( GEOMETRIC_REPRESENTATION_CONTEXT(2) 
PARAMETRIC_REPRESENTATION_CONTEXT() REPRESENTATION_CONTEXT('2D SPACE',''
  ) );
#4263 = PCURVE('',#4210,#4264);
#4264 = DEFINITIONAL_REPRESENTATION('',(#4265),#4269);
#4265 = LINE('',#4266,#4267);
#4266 = CARTESIAN_POINT('',(2.22044604925E-16,1.5));
#4267 = VECTOR('',#4268,1.);
#4268 = DIRECTION('',(8.326672684689E-17,-1.));
#4269 = ( GEOMETRIC_REPRESENTATION_CONTEXT(2) 
PARAMETRIC_REPRESENTATION_CONTEXT() REPRESENTATION_CONTEXT('2D SPACE',''
  ) );
#4270 = ORIENTED_EDGE('',*,*,#4271,.F.);
#4271 = EDGE_CURVE('',#3327,#4249,#4272,.T.);
#4272 = SURFACE_CURVE('',#4273,(#4277,#4284),.PCURVE_S1.);
#4273 = LINE('',#4274,#4275);
#4274 = CARTESIAN_POINT('',(15.506851711421,-13.38553136786,13.33));
#4275 = VECTOR('',#4276,1.);
#4276 = DIRECTION('',(-0.707106781187,0.707106781187,0.));
#4277 = PCURVE('',#3369,#4278);
#4278 = DEFINITIONAL_REPRESENTATION('',(#4279),#4283);
#4279 = LINE('',#4280,#4281);
#4280 = CARTESIAN_POINT('',(4.440892098501E-16,1.5));
#4281 = VECTOR('',#4282,1.);
#4282 = DIRECTION('',(1.,0.));
#4283 = ( GEOMETRIC_REPRESENTATION_CONTEXT(2) 
PARAMETRIC_REPRESENTATION_CONTEXT() REPRESENTATION_CONTEXT('2D SPACE',''
  ) );
#4284 = PCURVE('',#3341,#4285);
#4285 = DEFINITIONAL_REPRESENTATION('',(#4286),#4290);
#4286 = LINE('',#4287,#4288);
#4287 = CARTESIAN_POINT('',(-0.263033008589,0.198346796099));
#4288 = VECTOR('',#4289,1.);
#4289 = DIRECTION('',(0.,-1.));
#4290 = ( GEOMETRIC_REPRESENTATION_CONTEXT(2) 
PARAMETRIC_REPRESENTATION_CONTEXT() REPRESENTATION_CONTEXT('2D SPACE',''
  ) );
#4291 = ADVANCED_FACE('',(#4292),#3341,.F.);
#4292 = FACE_BOUND('',#4293,.F.);
#4293 = EDGE_LOOP('',(#4294,#4295,#4296,#4297,#4320));
#4294 = ORIENTED_EDGE('',*,*,#4145,.T.);
#4295 = ORIENTED_EDGE('',*,*,#3326,.F.);
#4296 = ORIENTED_EDGE('',*,*,#4271,.T.);
#4297 = ORIENTED_EDGE('',*,*,#4298,.T.);
#4298 = EDGE_CURVE('',#4249,#4299,#4301,.T.);
#4299 = VERTEX_POINT('',#4300);
#4300 = CARTESIAN_POINT('',(15.146227253016,-13.02490690945,13.15));
#4301 = SURFACE_CURVE('',#4302,(#4306,#4313),.PCURVE_S1.);
#4302 = LINE('',#4303,#4304);
#4303 = CARTESIAN_POINT('',(15.273506473629,-13.15218613007,13.33));
#4304 = VECTOR('',#4305,1.);
#4305 = DIRECTION('',(-0.5,0.5,-0.707106781187));
#4306 = PCURVE('',#3341,#4307);
#4307 = DEFINITIONAL_REPRESENTATION('',(#4308),#4312);
#4308 = LINE('',#4309,#4310);
#4309 = CARTESIAN_POINT('',(-0.263033008589,-0.131653203901));
#4310 = VECTOR('',#4311,1.);
#4311 = DIRECTION('',(0.707106781187,-0.707106781187));
#4312 = ( GEOMETRIC_REPRESENTATION_CONTEXT(2) 
PARAMETRIC_REPRESENTATION_CONTEXT() REPRESENTATION_CONTEXT('2D SPACE',''
  ) );
#4313 = PCURVE('',#4210,#4314);
#4314 = DEFINITIONAL_REPRESENTATION('',(#4315),#4319);
#4315 = LINE('',#4316,#4317);
#4316 = CARTESIAN_POINT('',(2.22044604925E-16,1.5));
#4317 = VECTOR('',#4318,1.);
#4318 = DIRECTION('',(1.,5.551115123126E-17));
#4319 = ( GEOMETRIC_REPRESENTATION_CONTEXT(2) 
PARAMETRIC_REPRESENTATION_CONTEXT() REPRESENTATION_CONTEXT('2D SPACE',''
  ) );
#4320 = ORIENTED_EDGE('',*,*,#4321,.T.);
#4321 = EDGE_CURVE('',#4299,#4095,#4322,.T.);
#4322 = SURFACE_CURVE('',#4323,(#4327,#4334),.PCURVE_S1.);
#4323 = LINE('',#4324,#4325);
#4324 = CARTESIAN_POINT('',(15.146227253016,-13.02490690945,13.15));
#4325 = VECTOR('',#4326,1.);
#4326 = DIRECTION('',(0.,0.,-1.));
#4327 = PCURVE('',#3341,#4328);
#4328 = DEFINITIONAL_REPRESENTATION('',(#4329),#4333);
#4329 = LINE('',#4330,#4331);
#4330 = CARTESIAN_POINT('',(-8.303300858899E-02,-0.311653203901));
#4331 = VECTOR('',#4332,1.);
#4332 = DIRECTION('',(1.,0.));
#4333 = ( GEOMETRIC_REPRESENTATION_CONTEXT(2) 
PARAMETRIC_REPRESENTATION_CONTEXT() REPRESENTATION_CONTEXT('2D SPACE',''
  ) );
#4334 = PCURVE('',#4110,#4335);
#4335 = DEFINITIONAL_REPRESENTATION('',(#4336),#4340);
#4336 = LINE('',#4337,#4338);
#4337 = CARTESIAN_POINT('',(0.,1.5));
#4338 = VECTOR('',#4339,1.);
#4339 = DIRECTION('',(1.,0.));
#4340 = ( GEOMETRIC_REPRESENTATION_CONTEXT(2) 
PARAMETRIC_REPRESENTATION_CONTEXT() REPRESENTATION_CONTEXT('2D SPACE',''
  ) );
#4341 = ADVANCED_FACE('',(#4342),#3429,.F.);
#4342 = FACE_BOUND('',#4343,.F.);
#4343 = EDGE_LOOP('',(#4344,#4374,#4395,#4396,#4397));
#4344 = ORIENTED_EDGE('',*,*,#4345,.F.);
#4345 = EDGE_CURVE('',#4346,#4348,#4350,.T.);
#4346 = VERTEX_POINT('',#4347);
#4347 = CARTESIAN_POINT('',(15.146227253016,13.024906909456,13.09));
#4348 = VERTEX_POINT('',#4349);
#4349 = CARTESIAN_POINT('',(13.024906909456,15.146227253016,13.09));
#4350 = SURFACE_CURVE('',#4351,(#4355,#4362),.PCURVE_S1.);
#4351 = LINE('',#4352,#4353);
#4352 = CARTESIAN_POINT('',(15.146227253016,13.024906909456,13.09));
#4353 = VECTOR('',#4354,1.);
#4354 = DIRECTION('',(-0.707106781187,0.707106781187,0.));
#4355 = PCURVE('',#3429,#4356);
#4356 = DEFINITIONAL_REPRESENTATION('',(#4357),#4361);
#4357 = LINE('',#4358,#4359);
#4358 = CARTESIAN_POINT('',(0.,-1.5));
#4359 = VECTOR('',#4360,1.);
#4360 = DIRECTION('',(0.,1.));
#4361 = ( GEOMETRIC_REPRESENTATION_CONTEXT(2) 
PARAMETRIC_REPRESENTATION_CONTEXT() REPRESENTATION_CONTEXT('2D SPACE',''
  ) );
#4362 = PCURVE('',#4363,#4368);
#4363 = PLANE('',#4364);
#4364 = AXIS2_PLACEMENT_3D('',#4365,#4366,#4367);
#4365 = CARTESIAN_POINT('',(14.085567081236,14.085567081236,13.15));
#4366 = DIRECTION('',(0.707106781187,0.707106781187,0.));
#4367 = DIRECTION('',(0.,0.,-1.));
#4368 = DEFINITIONAL_REPRESENTATION('',(#4369),#4373);
#4369 = LINE('',#4370,#4371);
#4370 = CARTESIAN_POINT('',(6.E-02,-1.5));
#4371 = VECTOR('',#4372,1.);
#4372 = DIRECTION('',(0.,1.));
#4373 = ( GEOMETRIC_REPRESENTATION_CONTEXT(2) 
PARAMETRIC_REPRESENTATION_CONTEXT() REPRESENTATION_CONTEXT('2D SPACE',''
  ) );
#4374 = ORIENTED_EDGE('',*,*,#4375,.T.);
#4375 = EDGE_CURVE('',#4346,#3408,#4376,.T.);
#4376 = SURFACE_CURVE('',#4377,(#4381,#4388),.PCURVE_S1.);
#4377 = LINE('',#4378,#4379);
#4378 = CARTESIAN_POINT('',(15.146227253016,13.024906909456,13.09));
#4379 = VECTOR('',#4380,1.);
#4380 = DIRECTION('',(0.5,0.5,-0.707106781187));
#4381 = PCURVE('',#3429,#4382);
#4382 = DEFINITIONAL_REPRESENTATION('',(#4383),#4387);
#4383 = LINE('',#4384,#4385);
#4384 = CARTESIAN_POINT('',(0.,-1.5));
#4385 = VECTOR('',#4386,1.);
#4386 = DIRECTION('',(1.,0.));
#4387 = ( GEOMETRIC_REPRESENTATION_CONTEXT(2) 
PARAMETRIC_REPRESENTATION_CONTEXT() REPRESENTATION_CONTEXT('2D SPACE',''
  ) );
#4388 = PCURVE('',#3536,#4389);
#4389 = DEFINITIONAL_REPRESENTATION('',(#4390),#4394);
#4390 = LINE('',#4391,#4392);
#4391 = CARTESIAN_POINT('',(-2.303300858899E-02,-0.311653203901));
#4392 = VECTOR('',#4393,1.);
#4393 = DIRECTION('',(0.707106781187,0.707106781187));
#4394 = ( GEOMETRIC_REPRESENTATION_CONTEXT(2) 
PARAMETRIC_REPRESENTATION_CONTEXT() REPRESENTATION_CONTEXT('2D SPACE',''
  ) );
#4395 = ORIENTED_EDGE('',*,*,#3407,.T.);
#4396 = ORIENTED_EDGE('',*,*,#3441,.T.);
#4397 = ORIENTED_EDGE('',*,*,#4398,.F.);
#4398 = EDGE_CURVE('',#4348,#3442,#4399,.T.);
#4399 = SURFACE_CURVE('',#4400,(#4404,#4411),.PCURVE_S1.);
#4400 = LINE('',#4401,#4402);
#4401 = CARTESIAN_POINT('',(13.024906909456,15.146227253016,13.09));
#4402 = VECTOR('',#4403,1.);
#4403 = DIRECTION('',(0.5,0.5,-0.707106781187));
#4404 = PCURVE('',#3429,#4405);
#4405 = DEFINITIONAL_REPRESENTATION('',(#4406),#4410);
#4406 = LINE('',#4407,#4408);
#4407 = CARTESIAN_POINT('',(0.,1.5));
#4408 = VECTOR('',#4409,1.);
#4409 = DIRECTION('',(1.,0.));
#4410 = ( GEOMETRIC_REPRESENTATION_CONTEXT(2) 
PARAMETRIC_REPRESENTATION_CONTEXT() REPRESENTATION_CONTEXT('2D SPACE',''
  ) );
#4411 = PCURVE('',#3483,#4412);
#4412 = DEFINITIONAL_REPRESENTATION('',(#4413),#4417);
#4413 = LINE('',#4414,#4415);
#4414 = CARTESIAN_POINT('',(-2.303300858899E-02,-0.311653203901));
#4415 = VECTOR('',#4416,1.);
#4416 = DIRECTION('',(0.707106781187,0.707106781187));
#4417 = ( GEOMETRIC_REPRESENTATION_CONTEXT(2) 
PARAMETRIC_REPRESENTATION_CONTEXT() REPRESENTATION_CONTEXT('2D SPACE',''
  ) );
#4418 = ADVANCED_FACE('',(#4419),#3536,.T.);
#4419 = FACE_BOUND('',#4420,.T.);
#4420 = EDGE_LOOP('',(#4421,#4422,#4423,#4446,#4474));
#4421 = ORIENTED_EDGE('',*,*,#4375,.T.);
#4422 = ORIENTED_EDGE('',*,*,#3523,.F.);
#4423 = ORIENTED_EDGE('',*,*,#4424,.T.);
#4424 = EDGE_CURVE('',#3495,#4425,#4427,.T.);
#4425 = VERTEX_POINT('',#4426);
#4426 = CARTESIAN_POINT('',(15.273506473629,13.15218613007,13.33));
#4427 = SURFACE_CURVE('',#4428,(#4432,#4439),.PCURVE_S1.);
#4428 = LINE('',#4429,#4430);
#4429 = CARTESIAN_POINT('',(15.506851711421,13.385531367861,13.33));
#4430 = VECTOR('',#4431,1.);
#4431 = DIRECTION('',(-0.707106781187,-0.707106781187,0.));
#4432 = PCURVE('',#3536,#4433);
#4433 = DEFINITIONAL_REPRESENTATION('',(#4434),#4438);
#4434 = LINE('',#4435,#4436);
#4435 = CARTESIAN_POINT('',(-0.263033008589,0.198346796099));
#4436 = VECTOR('',#4437,1.);
#4437 = DIRECTION('',(-0.,-1.));
#4438 = ( GEOMETRIC_REPRESENTATION_CONTEXT(2) 
PARAMETRIC_REPRESENTATION_CONTEXT() REPRESENTATION_CONTEXT('2D SPACE',''
  ) );
#4439 = PCURVE('',#3511,#4440);
#4440 = DEFINITIONAL_REPRESENTATION('',(#4441),#4445);
#4441 = LINE('',#4442,#4443);
#4442 = CARTESIAN_POINT('',(0.,-1.5));
#4443 = VECTOR('',#4444,1.);
#4444 = DIRECTION('',(1.,0.));
#4445 = ( GEOMETRIC_REPRESENTATION_CONTEXT(2) 
PARAMETRIC_REPRESENTATION_CONTEXT() REPRESENTATION_CONTEXT('2D SPACE',''
  ) );
#4446 = ORIENTED_EDGE('',*,*,#4447,.T.);
#4447 = EDGE_CURVE('',#4425,#4448,#4450,.T.);
#4448 = VERTEX_POINT('',#4449);
#4449 = CARTESIAN_POINT('',(15.146227253016,13.024906909456,13.15));
#4450 = SURFACE_CURVE('',#4451,(#4455,#4462),.PCURVE_S1.);
#4451 = LINE('',#4452,#4453);
#4452 = CARTESIAN_POINT('',(15.273506473629,13.15218613007,13.33));
#4453 = VECTOR('',#4454,1.);
#4454 = DIRECTION('',(-0.5,-0.5,-0.707106781187));
#4455 = PCURVE('',#3536,#4456);
#4456 = DEFINITIONAL_REPRESENTATION('',(#4457),#4461);
#4457 = LINE('',#4458,#4459);
#4458 = CARTESIAN_POINT('',(-0.263033008589,-0.131653203901));
#4459 = VECTOR('',#4460,1.);
#4460 = DIRECTION('',(0.707106781187,-0.707106781187));
#4461 = ( GEOMETRIC_REPRESENTATION_CONTEXT(2) 
PARAMETRIC_REPRESENTATION_CONTEXT() REPRESENTATION_CONTEXT('2D SPACE',''
  ) );
#4462 = PCURVE('',#4463,#4468);
#4463 = PLANE('',#4464);
#4464 = AXIS2_PLACEMENT_3D('',#4465,#4466,#4467);
#4465 = CARTESIAN_POINT('',(14.21284630185,14.21284630185,13.33));
#4466 = DIRECTION('',(0.5,0.5,-0.707106781187));
#4467 = DIRECTION('',(-0.5,-0.5,-0.707106781187));
#4468 = DEFINITIONAL_REPRESENTATION('',(#4469),#4473);
#4469 = LINE('',#4470,#4471);
#4470 = CARTESIAN_POINT('',(0.,-1.5));
#4471 = VECTOR('',#4472,1.);
#4472 = DIRECTION('',(1.,0.));
#4473 = ( GEOMETRIC_REPRESENTATION_CONTEXT(2) 
PARAMETRIC_REPRESENTATION_CONTEXT() REPRESENTATION_CONTEXT('2D SPACE',''
  ) );
#4474 = ORIENTED_EDGE('',*,*,#4475,.T.);
#4475 = EDGE_CURVE('',#4448,#4346,#4476,.T.);
#4476 = SURFACE_CURVE('',#4477,(#4481,#4488),.PCURVE_S1.);
#4477 = LINE('',#4478,#4479);
#4478 = CARTESIAN_POINT('',(15.146227253016,13.024906909456,13.15));
#4479 = VECTOR('',#4480,1.);
#4480 = DIRECTION('',(0.,0.,-1.));
#4481 = PCURVE('',#3536,#4482);
#4482 = DEFINITIONAL_REPRESENTATION('',(#4483),#4487);
#4483 = LINE('',#4484,#4485);
#4484 = CARTESIAN_POINT('',(-8.303300858899E-02,-0.311653203901));
#4485 = VECTOR('',#4486,1.);
#4486 = DIRECTION('',(1.,0.));
#4487 = ( GEOMETRIC_REPRESENTATION_CONTEXT(2) 
PARAMETRIC_REPRESENTATION_CONTEXT() REPRESENTATION_CONTEXT('2D SPACE',''
  ) );
#4488 = PCURVE('',#4363,#4489);
#4489 = DEFINITIONAL_REPRESENTATION('',(#4490),#4494);
#4490 = LINE('',#4491,#4492);
#4491 = CARTESIAN_POINT('',(0.,-1.5));
#4492 = VECTOR('',#4493,1.);
#4493 = DIRECTION('',(1.,0.));
#4494 = ( GEOMETRIC_REPRESENTATION_CONTEXT(2) 
PARAMETRIC_REPRESENTATION_CONTEXT() REPRESENTATION_CONTEXT('2D SPACE',''
  ) );
#4495 = ADVANCED_FACE('',(#4496),#3511,.F.);
#4496 = FACE_BOUND('',#4497,.F.);
#4497 = EDGE_LOOP('',(#4498,#4499,#4500,#4523));
#4498 = ORIENTED_EDGE('',*,*,#3494,.T.);
#4499 = ORIENTED_EDGE('',*,*,#4424,.T.);
#4500 = ORIENTED_EDGE('',*,*,#4501,.F.);
#4501 = EDGE_CURVE('',#4502,#4425,#4504,.T.);
#4502 = VERTEX_POINT('',#4503);
#4503 = CARTESIAN_POINT('',(13.15218613007,15.273506473629,13.33));
#4504 = SURFACE_CURVE('',#4505,(#4509,#4516),.PCURVE_S1.);
#4505 = LINE('',#4506,#4507);
#4506 = CARTESIAN_POINT('',(13.15218613007,15.273506473629,13.33));
#4507 = VECTOR('',#4508,1.);
#4508 = DIRECTION('',(0.707106781187,-0.707106781187,0.));
#4509 = PCURVE('',#3511,#4510);
#4510 = DEFINITIONAL_REPRESENTATION('',(#4511),#4515);
#4511 = LINE('',#4512,#4513);
#4512 = CARTESIAN_POINT('',(0.33,1.5));
#4513 = VECTOR('',#4514,1.);
#4514 = DIRECTION('',(0.,-1.));
#4515 = ( GEOMETRIC_REPRESENTATION_CONTEXT(2) 
PARAMETRIC_REPRESENTATION_CONTEXT() REPRESENTATION_CONTEXT('2D SPACE',''
  ) );
#4516 = PCURVE('',#4463,#4517);
#4517 = DEFINITIONAL_REPRESENTATION('',(#4518),#4522);
#4518 = LINE('',#4519,#4520);
#4519 = CARTESIAN_POINT('',(0.,1.5));
#4520 = VECTOR('',#4521,1.);
#4521 = DIRECTION('',(0.,-1.));
#4522 = ( GEOMETRIC_REPRESENTATION_CONTEXT(2) 
PARAMETRIC_REPRESENTATION_CONTEXT() REPRESENTATION_CONTEXT('2D SPACE',''
  ) );
#4523 = ORIENTED_EDGE('',*,*,#4524,.F.);
#4524 = EDGE_CURVE('',#3469,#4502,#4525,.T.);
#4525 = SURFACE_CURVE('',#4526,(#4530,#4537),.PCURVE_S1.);
#4526 = LINE('',#4527,#4528);
#4527 = CARTESIAN_POINT('',(13.385531367861,15.506851711421,13.33));
#4528 = VECTOR('',#4529,1.);
#4529 = DIRECTION('',(-0.707106781187,-0.707106781187,0.));
#4530 = PCURVE('',#3511,#4531);
#4531 = DEFINITIONAL_REPRESENTATION('',(#4532),#4536);
#4532 = LINE('',#4533,#4534);
#4533 = CARTESIAN_POINT('',(0.,1.5));
#4534 = VECTOR('',#4535,1.);
#4535 = DIRECTION('',(1.,0.));
#4536 = ( GEOMETRIC_REPRESENTATION_CONTEXT(2) 
PARAMETRIC_REPRESENTATION_CONTEXT() REPRESENTATION_CONTEXT('2D SPACE',''
  ) );
#4537 = PCURVE('',#3483,#4538);
#4538 = DEFINITIONAL_REPRESENTATION('',(#4539),#4543);
#4539 = LINE('',#4540,#4541);
#4540 = CARTESIAN_POINT('',(-0.263033008589,0.198346796099));
#4541 = VECTOR('',#4542,1.);
#4542 = DIRECTION('',(-0.,-1.));
#4543 = ( GEOMETRIC_REPRESENTATION_CONTEXT(2) 
PARAMETRIC_REPRESENTATION_CONTEXT() REPRESENTATION_CONTEXT('2D SPACE',''
  ) );
#4544 = ADVANCED_FACE('',(#4545),#3483,.F.);
#4545 = FACE_BOUND('',#4546,.F.);
#4546 = EDGE_LOOP('',(#4547,#4548,#4549,#4550,#4573));
#4547 = ORIENTED_EDGE('',*,*,#4398,.T.);
#4548 = ORIENTED_EDGE('',*,*,#3468,.F.);
#4549 = ORIENTED_EDGE('',*,*,#4524,.T.);
#4550 = ORIENTED_EDGE('',*,*,#4551,.T.);
#4551 = EDGE_CURVE('',#4502,#4552,#4554,.T.);
#4552 = VERTEX_POINT('',#4553);
#4553 = CARTESIAN_POINT('',(13.024906909456,15.146227253016,13.15));
#4554 = SURFACE_CURVE('',#4555,(#4559,#4566),.PCURVE_S1.);
#4555 = LINE('',#4556,#4557);
#4556 = CARTESIAN_POINT('',(13.15218613007,15.273506473629,13.33));
#4557 = VECTOR('',#4558,1.);
#4558 = DIRECTION('',(-0.5,-0.5,-0.707106781187));
#4559 = PCURVE('',#3483,#4560);
#4560 = DEFINITIONAL_REPRESENTATION('',(#4561),#4565);
#4561 = LINE('',#4562,#4563);
#4562 = CARTESIAN_POINT('',(-0.263033008589,-0.131653203901));
#4563 = VECTOR('',#4564,1.);
#4564 = DIRECTION('',(0.707106781187,-0.707106781187));
#4565 = ( GEOMETRIC_REPRESENTATION_CONTEXT(2) 
PARAMETRIC_REPRESENTATION_CONTEXT() REPRESENTATION_CONTEXT('2D SPACE',''
  ) );
#4566 = PCURVE('',#4463,#4567);
#4567 = DEFINITIONAL_REPRESENTATION('',(#4568),#4572);
#4568 = LINE('',#4569,#4570);
#4569 = CARTESIAN_POINT('',(0.,1.5));
#4570 = VECTOR('',#4571,1.);
#4571 = DIRECTION('',(1.,0.));
#4572 = ( GEOMETRIC_REPRESENTATION_CONTEXT(2) 
PARAMETRIC_REPRESENTATION_CONTEXT() REPRESENTATION_CONTEXT('2D SPACE',''
  ) );
#4573 = ORIENTED_EDGE('',*,*,#4574,.T.);
#4574 = EDGE_CURVE('',#4552,#4348,#4575,.T.);
#4575 = SURFACE_CURVE('',#4576,(#4580,#4587),.PCURVE_S1.);
#4576 = LINE('',#4577,#4578);
#4577 = CARTESIAN_POINT('',(13.024906909456,15.146227253016,13.15));
#4578 = VECTOR('',#4579,1.);
#4579 = DIRECTION('',(0.,0.,-1.));
#4580 = PCURVE('',#3483,#4581);
#4581 = DEFINITIONAL_REPRESENTATION('',(#4582),#4586);
#4582 = LINE('',#4583,#4584);
#4583 = CARTESIAN_POINT('',(-8.303300858899E-02,-0.311653203901));
#4584 = VECTOR('',#4585,1.);
#4585 = DIRECTION('',(1.,0.));
#4586 = ( GEOMETRIC_REPRESENTATION_CONTEXT(2) 
PARAMETRIC_REPRESENTATION_CONTEXT() REPRESENTATION_CONTEXT('2D SPACE',''
  ) );
#4587 = PCURVE('',#4363,#4588);
#4588 = DEFINITIONAL_REPRESENTATION('',(#4589),#4593);
#4589 = LINE('',#4590,#4591);
#4590 = CARTESIAN_POINT('',(0.,1.5));
#4591 = VECTOR('',#4592,1.);
#4592 = DIRECTION('',(1.,0.));
#4593 = ( GEOMETRIC_REPRESENTATION_CONTEXT(2) 
PARAMETRIC_REPRESENTATION_CONTEXT() REPRESENTATION_CONTEXT('2D SPACE',''
  ) );
#4594 = ADVANCED_FACE('',(#4595),#3604,.F.);
#4595 = FACE_BOUND('',#4596,.F.);
#4596 = EDGE_LOOP('',(#4597,#4618,#4619,#4620));
#4597 = ORIENTED_EDGE('',*,*,#4598,.F.);
#4598 = EDGE_CURVE('',#3689,#3793,#4599,.T.);
#4599 = SURFACE_CURVE('',#4600,(#4604,#4611),.PCURVE_S1.);
#4600 = LINE('',#4601,#4602);
#4601 = CARTESIAN_POINT('',(-13.02490690945,15.146227253016,13.15));
#4602 = VECTOR('',#4603,1.);
#4603 = DIRECTION('',(-0.707106781187,-0.707106781187,0.));
#4604 = PCURVE('',#3604,#4605);
#4605 = DEFINITIONAL_REPRESENTATION('',(#4606),#4610);
#4606 = LINE('',#4607,#4608);
#4607 = CARTESIAN_POINT('',(0.,-1.5));
#4608 = VECTOR('',#4609,1.);
#4609 = DIRECTION('',(0.,1.));
#4610 = ( GEOMETRIC_REPRESENTATION_CONTEXT(2) 
PARAMETRIC_REPRESENTATION_CONTEXT() REPRESENTATION_CONTEXT('2D SPACE',''
  ) );
#4611 = PCURVE('',#3704,#4612);
#4612 = DEFINITIONAL_REPRESENTATION('',(#4613),#4617);
#4613 = LINE('',#4614,#4615);
#4614 = CARTESIAN_POINT('',(0.254558441227,-1.5));
#4615 = VECTOR('',#4616,1.);
#4616 = DIRECTION('',(0.,1.));
#4617 = ( GEOMETRIC_REPRESENTATION_CONTEXT(2) 
PARAMETRIC_REPRESENTATION_CONTEXT() REPRESENTATION_CONTEXT('2D SPACE',''
  ) );
#4618 = ORIENTED_EDGE('',*,*,#3716,.T.);
#4619 = ORIENTED_EDGE('',*,*,#3586,.T.);
#4620 = ORIENTED_EDGE('',*,*,#3815,.F.);
#4621 = ADVANCED_FACE('',(#4622),#3704,.F.);
#4622 = FACE_BOUND('',#4623,.F.);
#4623 = EDGE_LOOP('',(#4624,#4625,#4626,#4627));
#4624 = ORIENTED_EDGE('',*,*,#3688,.T.);
#4625 = ORIENTED_EDGE('',*,*,#4598,.T.);
#4626 = ORIENTED_EDGE('',*,*,#3792,.F.);
#4627 = ORIENTED_EDGE('',*,*,#3742,.T.);
#4628 = ADVANCED_FACE('',(#4629),#3857,.F.);
#4629 = FACE_BOUND('',#4630,.F.);
#4630 = EDGE_LOOP('',(#4631,#4652,#4653,#4654));
#4631 = ORIENTED_EDGE('',*,*,#4632,.F.);
#4632 = EDGE_CURVE('',#3942,#4046,#4633,.T.);
#4633 = SURFACE_CURVE('',#4634,(#4638,#4645),.PCURVE_S1.);
#4634 = LINE('',#4635,#4636);
#4635 = CARTESIAN_POINT('',(-15.14622725301,-13.02490690945,13.15));
#4636 = VECTOR('',#4637,1.);
#4637 = DIRECTION('',(0.707106781187,-0.707106781187,0.));
#4638 = PCURVE('',#3857,#4639);
#4639 = DEFINITIONAL_REPRESENTATION('',(#4640),#4644);
#4640 = LINE('',#4641,#4642);
#4641 = CARTESIAN_POINT('',(-0.,-1.5));
#4642 = VECTOR('',#4643,1.);
#4643 = DIRECTION('',(0.,1.));
#4644 = ( GEOMETRIC_REPRESENTATION_CONTEXT(2) 
PARAMETRIC_REPRESENTATION_CONTEXT() REPRESENTATION_CONTEXT('2D SPACE',''
  ) );
#4645 = PCURVE('',#3957,#4646);
#4646 = DEFINITIONAL_REPRESENTATION('',(#4647),#4651);
#4647 = LINE('',#4648,#4649);
#4648 = CARTESIAN_POINT('',(0.254558441227,-1.5));
#4649 = VECTOR('',#4650,1.);
#4650 = DIRECTION('',(-8.326672684689E-17,1.));
#4651 = ( GEOMETRIC_REPRESENTATION_CONTEXT(2) 
PARAMETRIC_REPRESENTATION_CONTEXT() REPRESENTATION_CONTEXT('2D SPACE',''
  ) );
#4652 = ORIENTED_EDGE('',*,*,#3969,.T.);
#4653 = ORIENTED_EDGE('',*,*,#3839,.T.);
#4654 = ORIENTED_EDGE('',*,*,#4068,.F.);
#4655 = ADVANCED_FACE('',(#4656),#3957,.F.);
#4656 = FACE_BOUND('',#4657,.F.);
#4657 = EDGE_LOOP('',(#4658,#4659,#4660,#4661));
#4658 = ORIENTED_EDGE('',*,*,#3941,.T.);
#4659 = ORIENTED_EDGE('',*,*,#4632,.T.);
#4660 = ORIENTED_EDGE('',*,*,#4045,.F.);
#4661 = ORIENTED_EDGE('',*,*,#3995,.T.);
#4662 = ADVANCED_FACE('',(#4663),#4110,.F.);
#4663 = FACE_BOUND('',#4664,.F.);
#4664 = EDGE_LOOP('',(#4665,#4686,#4687,#4688));
#4665 = ORIENTED_EDGE('',*,*,#4666,.F.);
#4666 = EDGE_CURVE('',#4195,#4299,#4667,.T.);
#4667 = SURFACE_CURVE('',#4668,(#4672,#4679),.PCURVE_S1.);
#4668 = LINE('',#4669,#4670);
#4669 = CARTESIAN_POINT('',(13.024906909456,-15.14622725301,13.15));
#4670 = VECTOR('',#4671,1.);
#4671 = DIRECTION('',(0.707106781187,0.707106781187,0.));
#4672 = PCURVE('',#4110,#4673);
#4673 = DEFINITIONAL_REPRESENTATION('',(#4674),#4678);
#4674 = LINE('',#4675,#4676);
#4675 = CARTESIAN_POINT('',(-0.,-1.5));
#4676 = VECTOR('',#4677,1.);
#4677 = DIRECTION('',(0.,1.));
#4678 = ( GEOMETRIC_REPRESENTATION_CONTEXT(2) 
PARAMETRIC_REPRESENTATION_CONTEXT() REPRESENTATION_CONTEXT('2D SPACE',''
  ) );
#4679 = PCURVE('',#4210,#4680);
#4680 = DEFINITIONAL_REPRESENTATION('',(#4681),#4685);
#4681 = LINE('',#4682,#4683);
#4682 = CARTESIAN_POINT('',(0.254558441227,-1.5));
#4683 = VECTOR('',#4684,1.);
#4684 = DIRECTION('',(-8.326672684689E-17,1.));
#4685 = ( GEOMETRIC_REPRESENTATION_CONTEXT(2) 
PARAMETRIC_REPRESENTATION_CONTEXT() REPRESENTATION_CONTEXT('2D SPACE',''
  ) );
#4686 = ORIENTED_EDGE('',*,*,#4222,.T.);
#4687 = ORIENTED_EDGE('',*,*,#4092,.T.);
#4688 = ORIENTED_EDGE('',*,*,#4321,.F.);
#4689 = ADVANCED_FACE('',(#4690),#4210,.F.);
#4690 = FACE_BOUND('',#4691,.F.);
#4691 = EDGE_LOOP('',(#4692,#4693,#4694,#4695));
#4692 = ORIENTED_EDGE('',*,*,#4194,.T.);
#4693 = ORIENTED_EDGE('',*,*,#4666,.T.);
#4694 = ORIENTED_EDGE('',*,*,#4298,.F.);
#4695 = ORIENTED_EDGE('',*,*,#4248,.T.);
#4696 = ADVANCED_FACE('',(#4697),#4363,.F.);
#4697 = FACE_BOUND('',#4698,.F.);
#4698 = EDGE_LOOP('',(#4699,#4720,#4721,#4722));
#4699 = ORIENTED_EDGE('',*,*,#4700,.F.);
#4700 = EDGE_CURVE('',#4448,#4552,#4701,.T.);
#4701 = SURFACE_CURVE('',#4702,(#4706,#4713),.PCURVE_S1.);
#4702 = LINE('',#4703,#4704);
#4703 = CARTESIAN_POINT('',(15.146227253016,13.024906909456,13.15));
#4704 = VECTOR('',#4705,1.);
#4705 = DIRECTION('',(-0.707106781187,0.707106781187,0.));
#4706 = PCURVE('',#4363,#4707);
#4707 = DEFINITIONAL_REPRESENTATION('',(#4708),#4712);
#4708 = LINE('',#4709,#4710);
#4709 = CARTESIAN_POINT('',(0.,-1.5));
#4710 = VECTOR('',#4711,1.);
#4711 = DIRECTION('',(0.,1.));
#4712 = ( GEOMETRIC_REPRESENTATION_CONTEXT(2) 
PARAMETRIC_REPRESENTATION_CONTEXT() REPRESENTATION_CONTEXT('2D SPACE',''
  ) );
#4713 = PCURVE('',#4463,#4714);
#4714 = DEFINITIONAL_REPRESENTATION('',(#4715),#4719);
#4715 = LINE('',#4716,#4717);
#4716 = CARTESIAN_POINT('',(0.254558441227,-1.5));
#4717 = VECTOR('',#4718,1.);
#4718 = DIRECTION('',(0.,1.));
#4719 = ( GEOMETRIC_REPRESENTATION_CONTEXT(2) 
PARAMETRIC_REPRESENTATION_CONTEXT() REPRESENTATION_CONTEXT('2D SPACE',''
  ) );
#4720 = ORIENTED_EDGE('',*,*,#4475,.T.);
#4721 = ORIENTED_EDGE('',*,*,#4345,.T.);
#4722 = ORIENTED_EDGE('',*,*,#4574,.F.);
#4723 = ADVANCED_FACE('',(#4724),#4463,.F.);
#4724 = FACE_BOUND('',#4725,.F.);
#4725 = EDGE_LOOP('',(#4726,#4727,#4728,#4729));
#4726 = ORIENTED_EDGE('',*,*,#4447,.T.);
#4727 = ORIENTED_EDGE('',*,*,#4700,.T.);
#4728 = ORIENTED_EDGE('',*,*,#4551,.F.);
#4729 = ORIENTED_EDGE('',*,*,#4501,.T.);
#4730 = ( GEOMETRIC_REPRESENTATION_CONTEXT(3) 
GLOBAL_UNCERTAINTY_ASSIGNED_CONTEXT((#4734)) 
GLOBAL_UNIT_ASSIGNED_CONTEXT((#4731,#4732,#4733)) REPRESENTATION_CONTEXT
('Context #1','3D Context with UNIT and UNCERTAINTY') );
#4731 = ( LENGTH_UNIT() NAMED_UNIT(*) SI_UNIT(.MILLI.,.METRE.) );
#4732 = ( NAMED_UNIT(*) PLANE_ANGLE_UNIT() SI_UNIT($,.RADIAN.) );
#4733 = ( NAMED_UNIT(*) SI_UNIT($,.STERADIAN.) SOLID_ANGLE_UNIT() );
#4734 = UNCERTAINTY_MEASURE_WITH_UNIT(LENGTH_MEASURE(1.E-07),#4731,
  'distance_accuracy_value','confusion accuracy');
#4735 = PRODUCT_RELATED_PRODUCT_CATEGORY('part',$,(#7));
ENDSEC;
END-ISO-10303-21;
