ISO-10303-21;
HEADER;
FILE_DESCRIPTION(('Open CASCADE Model'),'2;1');
FILE_NAME('Open CASCADE Shape Model','2026-08-12T19:03:26',('Author'),(
    'Open CASCADE'),'Open CASCADE STEP processor 7.9','Open CASCADE 7.9'
  ,'Unknown');
FILE_SCHEMA(('AUTOMOTIVE_DESIGN { 1 0 10303 214 1 1 1 1 }'));
ENDSEC;
DATA;
#1 = APPLICATION_PROTOCOL_DEFINITION('international standard',
  'automotive_design',2000,#2);
#2 = APPLICATION_CONTEXT(
  'core data for automotive mechanical design processes');
#3 = SHAPE_DEFINITION_REPRESENTATION(#4,#10);
#4 = PRODUCT_DEFINITION_SHAPE('','',#5);
#5 = PRODUCT_DEFINITION('design','',#6,#9);
#6 = PRODUCT_DEFINITION_FORMATION('','',#7);
#7 = PRODUCT('Cirque_TM040040_enclosure','Cirque_TM040040_enclosure','',
  (#8));
#8 = PRODUCT_CONTEXT('',#2,'mechanical');
#9 = PRODUCT_DEFINITION_CONTEXT('part definition',#2,'design');
#10 = SHAPE_REPRESENTATION('',(#11,#15,#19),#23);
#11 = AXIS2_PLACEMENT_3D('',#12,#13,#14);
#12 = CARTESIAN_POINT('',(0.,0.,0.));
#13 = DIRECTION('',(0.,0.,1.));
#14 = DIRECTION('',(1.,0.,-0.));
#15 = AXIS2_PLACEMENT_3D('',#16,#17,#18);
#16 = CARTESIAN_POINT('',(0.,0.,0.));
#17 = DIRECTION('',(0.,0.,1.));
#18 = DIRECTION('',(1.,0.,-0.));
#19 = AXIS2_PLACEMENT_3D('',#20,#21,#22);
#20 = CARTESIAN_POINT('',(0.,0.,0.));
#21 = DIRECTION('',(0.,0.,1.));
#22 = DIRECTION('',(1.,0.,-0.));
#23 = ( GEOMETRIC_REPRESENTATION_CONTEXT(3) 
GLOBAL_UNCERTAINTY_ASSIGNED_CONTEXT((#27)) GLOBAL_UNIT_ASSIGNED_CONTEXT(
(#24,#25,#26)) REPRESENTATION_CONTEXT('Context #1',
  '3D Context with UNIT and UNCERTAINTY') );
#24 = ( LENGTH_UNIT() NAMED_UNIT(*) SI_UNIT(.MILLI.,.METRE.) );
#25 = ( NAMED_UNIT(*) PLANE_ANGLE_UNIT() SI_UNIT($,.RADIAN.) );
#26 = ( NAMED_UNIT(*) SI_UNIT($,.STERADIAN.) SOLID_ANGLE_UNIT() );
#27 = UNCERTAINTY_MEASURE_WITH_UNIT(LENGTH_MEASURE(1.E-07),#24,
  'distance_accuracy_value','confusion accuracy');
#28 = PRODUCT_RELATED_PRODUCT_CATEGORY('part',$,(#7));
#29 = SHAPE_DEFINITION_REPRESENTATION(#30,#36);
#30 = PRODUCT_DEFINITION_SHAPE('','',#31);
#31 = PRODUCT_DEFINITION('design','',#32,#35);
#32 = PRODUCT_DEFINITION_FORMATION('','',#33);
#33 = PRODUCT('top_shell','top_shell','',(#34));
#34 = PRODUCT_CONTEXT('',#2,'mechanical');
#35 = PRODUCT_DEFINITION_CONTEXT('part definition',#2,'design');
#36 = ADVANCED_BREP_SHAPE_REPRESENTATION('',(#11,#37),#4097);
#37 = MANIFOLD_SOLID_BREP('',#38);
#38 = CLOSED_SHELL('',(#39,#265,#343,#881,#1060,#1086,#1155,#1202,#1249,
    #1274,#1301,#1328,#1355,#1381,#1388,#1443,#1498,#1553,#1630,#1677,
    #1724,#1776,#1824,#1871,#1924,#1956,#2011,#2183,#2187,#2191,#2195,
    #2611,#2615,#2688,#2757,#2806,#2853,#3082,#3089,#3194,#3243,#3316,
    #3421,#3470,#3627,#3700,#3747,#3862,#3889,#3916,#3943,#3970,#3977,
    #4004,#4011,#4038,#4063,#4090));
#39 = ADVANCED_FACE('',(#40,#159),#54,.F.);
#40 = FACE_BOUND('',#41,.F.);
#41 = EDGE_LOOP('',(#42,#77,#105,#133));
#42 = ORIENTED_EDGE('',*,*,#43,.T.);
#43 = EDGE_CURVE('',#44,#46,#48,.T.);
#44 = VERTEX_POINT('',#45);
#45 = CARTESIAN_POINT('',(-20.,-28.,2.4));
#46 = VERTEX_POINT('',#47);
#47 = CARTESIAN_POINT('',(-20.,-28.,14.8));
#48 = SURFACE_CURVE('',#49,(#53,#65),.PCURVE_S1.);
#49 = LINE('',#50,#51);
#50 = CARTESIAN_POINT('',(-20.,-28.,2.4));
#51 = VECTOR('',#52,1.);
#52 = DIRECTION('',(0.,0.,1.));
#53 = PCURVE('',#54,#59);
#54 = PLANE('',#55);
#55 = AXIS2_PLACEMENT_3D('',#56,#57,#58);
#56 = CARTESIAN_POINT('',(-20.,-28.,2.4));
#57 = DIRECTION('',(0.,1.,0.));
#58 = DIRECTION('',(1.,0.,0.));
#59 = DEFINITIONAL_REPRESENTATION('',(#60),#64);
#60 = LINE('',#61,#62);
#61 = CARTESIAN_POINT('',(0.,0.));
#62 = VECTOR('',#63,1.);
#63 = DIRECTION('',(0.,-1.));
#64 = ( GEOMETRIC_REPRESENTATION_CONTEXT(2) 
PARAMETRIC_REPRESENTATION_CONTEXT() REPRESENTATION_CONTEXT('2D SPACE',''
  ) );
#65 = PCURVE('',#66,#71);
#66 = CYLINDRICAL_SURFACE('',#67,6.);
#67 = AXIS2_PLACEMENT_3D('',#68,#69,#70);
#68 = CARTESIAN_POINT('',(-20.,-22.,2.4));
#69 = DIRECTION('',(-0.,-0.,-1.));
#70 = DIRECTION('',(1.,0.,0.));
#71 = DEFINITIONAL_REPRESENTATION('',(#72),#76);
#72 = LINE('',#73,#74);
#73 = CARTESIAN_POINT('',(-4.712388980385,0.));
#74 = VECTOR('',#75,1.);
#75 = DIRECTION('',(-0.,-1.));
#76 = ( GEOMETRIC_REPRESENTATION_CONTEXT(2) 
PARAMETRIC_REPRESENTATION_CONTEXT() REPRESENTATION_CONTEXT('2D SPACE',''
  ) );
#77 = ORIENTED_EDGE('',*,*,#78,.T.);
#78 = EDGE_CURVE('',#46,#79,#81,.T.);
#79 = VERTEX_POINT('',#80);
#80 = CARTESIAN_POINT('',(20.,-28.,14.8));
#81 = SURFACE_CURVE('',#82,(#86,#93),.PCURVE_S1.);
#82 = LINE('',#83,#84);
#83 = CARTESIAN_POINT('',(-20.,-28.,14.8));
#84 = VECTOR('',#85,1.);
#85 = DIRECTION('',(1.,0.,0.));
#86 = PCURVE('',#54,#87);
#87 = DEFINITIONAL_REPRESENTATION('',(#88),#92);
#88 = LINE('',#89,#90);
#89 = CARTESIAN_POINT('',(0.,-12.4));
#90 = VECTOR('',#91,1.);
#91 = DIRECTION('',(1.,0.));
#92 = ( GEOMETRIC_REPRESENTATION_CONTEXT(2) 
PARAMETRIC_REPRESENTATION_CONTEXT() REPRESENTATION_CONTEXT('2D SPACE',''
  ) );
#93 = PCURVE('',#94,#99);
#94 = PLANE('',#95);
#95 = AXIS2_PLACEMENT_3D('',#96,#97,#98);
#96 = CARTESIAN_POINT('',(0.,0.,14.8));
#97 = DIRECTION('',(0.,0.,1.));
#98 = DIRECTION('',(1.,0.,-0.));
#99 = DEFINITIONAL_REPRESENTATION('',(#100),#104);
#100 = LINE('',#101,#102);
#101 = CARTESIAN_POINT('',(-20.,-28.));
#102 = VECTOR('',#103,1.);
#103 = DIRECTION('',(1.,0.));
#104 = ( GEOMETRIC_REPRESENTATION_CONTEXT(2) 
PARAMETRIC_REPRESENTATION_CONTEXT() REPRESENTATION_CONTEXT('2D SPACE',''
  ) );
#105 = ORIENTED_EDGE('',*,*,#106,.F.);
#106 = EDGE_CURVE('',#107,#79,#109,.T.);
#107 = VERTEX_POINT('',#108);
#108 = CARTESIAN_POINT('',(20.,-28.,2.4));
#109 = SURFACE_CURVE('',#110,(#114,#121),.PCURVE_S1.);
#110 = LINE('',#111,#112);
#111 = CARTESIAN_POINT('',(20.,-28.,2.4));
#112 = VECTOR('',#113,1.);
#113 = DIRECTION('',(0.,0.,1.));
#114 = PCURVE('',#54,#115);
#115 = DEFINITIONAL_REPRESENTATION('',(#116),#120);
#116 = LINE('',#117,#118);
#117 = CARTESIAN_POINT('',(40.,0.));
#118 = VECTOR('',#119,1.);
#119 = DIRECTION('',(0.,-1.));
#120 = ( GEOMETRIC_REPRESENTATION_CONTEXT(2) 
PARAMETRIC_REPRESENTATION_CONTEXT() REPRESENTATION_CONTEXT('2D SPACE',''
  ) );
#121 = PCURVE('',#122,#127);
#122 = CYLINDRICAL_SURFACE('',#123,6.);
#123 = AXIS2_PLACEMENT_3D('',#124,#125,#126);
#124 = CARTESIAN_POINT('',(20.,-22.,2.4));
#125 = DIRECTION('',(-0.,-0.,-1.));
#126 = DIRECTION('',(1.,0.,0.));
#127 = DEFINITIONAL_REPRESENTATION('',(#128),#132);
#128 = LINE('',#129,#130);
#129 = CARTESIAN_POINT('',(-4.712388980385,0.));
#130 = VECTOR('',#131,1.);
#131 = DIRECTION('',(-0.,-1.));
#132 = ( GEOMETRIC_REPRESENTATION_CONTEXT(2) 
PARAMETRIC_REPRESENTATION_CONTEXT() REPRESENTATION_CONTEXT('2D SPACE',''
  ) );
#133 = ORIENTED_EDGE('',*,*,#134,.F.);
#134 = EDGE_CURVE('',#44,#107,#135,.T.);
#135 = SURFACE_CURVE('',#136,(#140,#147),.PCURVE_S1.);
#136 = LINE('',#137,#138);
#137 = CARTESIAN_POINT('',(-20.,-28.,2.4));
#138 = VECTOR('',#139,1.);
#139 = DIRECTION('',(1.,0.,0.));
#140 = PCURVE('',#54,#141);
#141 = DEFINITIONAL_REPRESENTATION('',(#142),#146);
#142 = LINE('',#143,#144);
#143 = CARTESIAN_POINT('',(0.,0.));
#144 = VECTOR('',#145,1.);
#145 = DIRECTION('',(1.,0.));
#146 = ( GEOMETRIC_REPRESENTATION_CONTEXT(2) 
PARAMETRIC_REPRESENTATION_CONTEXT() REPRESENTATION_CONTEXT('2D SPACE',''
  ) );
#147 = PCURVE('',#148,#153);
#148 = PLANE('',#149);
#149 = AXIS2_PLACEMENT_3D('',#150,#151,#152);
#150 = CARTESIAN_POINT('',(0.,0.,2.4));
#151 = DIRECTION('',(0.,0.,1.));
#152 = DIRECTION('',(1.,0.,-0.));
#153 = DEFINITIONAL_REPRESENTATION('',(#154),#158);
#154 = LINE('',#155,#156);
#155 = CARTESIAN_POINT('',(-20.,-28.));
#156 = VECTOR('',#157,1.);
#157 = DIRECTION('',(1.,0.));
#158 = ( GEOMETRIC_REPRESENTATION_CONTEXT(2) 
PARAMETRIC_REPRESENTATION_CONTEXT() REPRESENTATION_CONTEXT('2D SPACE',''
  ) );
#159 = FACE_BOUND('',#160,.F.);
#160 = EDGE_LOOP('',(#161,#189,#215,#241));
#161 = ORIENTED_EDGE('',*,*,#162,.T.);
#162 = EDGE_CURVE('',#163,#165,#167,.T.);
#163 = VERTEX_POINT('',#164);
#164 = CARTESIAN_POINT('',(-5.1,-28.,9.3));
#165 = VERTEX_POINT('',#166);
#166 = CARTESIAN_POINT('',(-5.1,-28.,4.7));
#167 = SURFACE_CURVE('',#168,(#172,#178),.PCURVE_S1.);
#168 = LINE('',#169,#170);
#169 = CARTESIAN_POINT('',(-5.1,-28.,5.85));
#170 = VECTOR('',#171,1.);
#171 = DIRECTION('',(0.,0.,-1.));
#172 = PCURVE('',#54,#173);
#173 = DEFINITIONAL_REPRESENTATION('',(#174),#177);
#174 = B_SPLINE_CURVE_WITH_KNOTS('',1,(#175,#176),.UNSPECIFIED.,.F.,.F.,
  (2,2),(-3.45,1.15),.PIECEWISE_BEZIER_KNOTS.);
#175 = CARTESIAN_POINT('',(14.9,-6.9));
#176 = CARTESIAN_POINT('',(14.9,-2.3));
#177 = ( GEOMETRIC_REPRESENTATION_CONTEXT(2) 
PARAMETRIC_REPRESENTATION_CONTEXT() REPRESENTATION_CONTEXT('2D SPACE',''
  ) );
#178 = PCURVE('',#179,#184);
#179 = PLANE('',#180);
#180 = AXIS2_PLACEMENT_3D('',#181,#182,#183);
#181 = CARTESIAN_POINT('',(-5.1,-27.,9.3));
#182 = DIRECTION('',(1.,0.,0.));
#183 = DIRECTION('',(0.,0.,-1.));
#184 = DEFINITIONAL_REPRESENTATION('',(#185),#188);
#185 = B_SPLINE_CURVE_WITH_KNOTS('',1,(#186,#187),.UNSPECIFIED.,.F.,.F.,
  (2,2),(-3.45,1.15),.PIECEWISE_BEZIER_KNOTS.);
#186 = CARTESIAN_POINT('',(0.,-1.));
#187 = CARTESIAN_POINT('',(4.6,-1.));
#188 = ( GEOMETRIC_REPRESENTATION_CONTEXT(2) 
PARAMETRIC_REPRESENTATION_CONTEXT() REPRESENTATION_CONTEXT('2D SPACE',''
  ) );
#189 = ORIENTED_EDGE('',*,*,#190,.T.);
#190 = EDGE_CURVE('',#165,#191,#193,.T.);
#191 = VERTEX_POINT('',#192);
#192 = CARTESIAN_POINT('',(5.1,-28.,4.7));
#193 = SURFACE_CURVE('',#194,(#198,#204),.PCURVE_S1.);
#194 = LINE('',#195,#196);
#195 = CARTESIAN_POINT('',(-12.55,-28.,4.7));
#196 = VECTOR('',#197,1.);
#197 = DIRECTION('',(1.,-0.,0.));
#198 = PCURVE('',#54,#199);
#199 = DEFINITIONAL_REPRESENTATION('',(#200),#203);
#200 = B_SPLINE_CURVE_WITH_KNOTS('',1,(#201,#202),.UNSPECIFIED.,.F.,.F.,
  (2,2),(7.45,17.65),.PIECEWISE_BEZIER_KNOTS.);
#201 = CARTESIAN_POINT('',(14.9,-2.3));
#202 = CARTESIAN_POINT('',(25.1,-2.3));
#203 = ( GEOMETRIC_REPRESENTATION_CONTEXT(2) 
PARAMETRIC_REPRESENTATION_CONTEXT() REPRESENTATION_CONTEXT('2D SPACE',''
  ) );
#204 = PCURVE('',#205,#210);
#205 = PLANE('',#206);
#206 = AXIS2_PLACEMENT_3D('',#207,#208,#209);
#207 = CARTESIAN_POINT('',(-5.1,-27.,4.7));
#208 = DIRECTION('',(-0.,0.,1.));
#209 = DIRECTION('',(1.,0.,0.));
#210 = DEFINITIONAL_REPRESENTATION('',(#211),#214);
#211 = B_SPLINE_CURVE_WITH_KNOTS('',1,(#212,#213),.UNSPECIFIED.,.F.,.F.,
  (2,2),(7.45,17.65),.PIECEWISE_BEZIER_KNOTS.);
#212 = CARTESIAN_POINT('',(0.,-1.));
#213 = CARTESIAN_POINT('',(10.2,-1.));
#214 = ( GEOMETRIC_REPRESENTATION_CONTEXT(2) 
PARAMETRIC_REPRESENTATION_CONTEXT() REPRESENTATION_CONTEXT('2D SPACE',''
  ) );
#215 = ORIENTED_EDGE('',*,*,#216,.T.);
#216 = EDGE_CURVE('',#191,#217,#219,.T.);
#217 = VERTEX_POINT('',#218);
#218 = CARTESIAN_POINT('',(5.1,-28.,9.3));
#219 = SURFACE_CURVE('',#220,(#224,#230),.PCURVE_S1.);
#220 = LINE('',#221,#222);
#221 = CARTESIAN_POINT('',(5.1,-28.,3.55));
#222 = VECTOR('',#223,1.);
#223 = DIRECTION('',(0.,-0.,1.));
#224 = PCURVE('',#54,#225);
#225 = DEFINITIONAL_REPRESENTATION('',(#226),#229);
#226 = B_SPLINE_CURVE_WITH_KNOTS('',1,(#227,#228),.UNSPECIFIED.,.F.,.F.,
  (2,2),(1.15,5.75),.PIECEWISE_BEZIER_KNOTS.);
#227 = CARTESIAN_POINT('',(25.1,-2.3));
#228 = CARTESIAN_POINT('',(25.1,-6.9));
#229 = ( GEOMETRIC_REPRESENTATION_CONTEXT(2) 
PARAMETRIC_REPRESENTATION_CONTEXT() REPRESENTATION_CONTEXT('2D SPACE',''
  ) );
#230 = PCURVE('',#231,#236);
#231 = PLANE('',#232);
#232 = AXIS2_PLACEMENT_3D('',#233,#234,#235);
#233 = CARTESIAN_POINT('',(5.1,-27.,4.7));
#234 = DIRECTION('',(-1.,0.,0.));
#235 = DIRECTION('',(0.,0.,1.));
#236 = DEFINITIONAL_REPRESENTATION('',(#237),#240);
#237 = B_SPLINE_CURVE_WITH_KNOTS('',1,(#238,#239),.UNSPECIFIED.,.F.,.F.,
  (2,2),(1.15,5.75),.PIECEWISE_BEZIER_KNOTS.);
#238 = CARTESIAN_POINT('',(0.,-1.));
#239 = CARTESIAN_POINT('',(4.6,-1.));
#240 = ( GEOMETRIC_REPRESENTATION_CONTEXT(2) 
PARAMETRIC_REPRESENTATION_CONTEXT() REPRESENTATION_CONTEXT('2D SPACE',''
  ) );
#241 = ORIENTED_EDGE('',*,*,#242,.T.);
#242 = EDGE_CURVE('',#217,#163,#243,.T.);
#243 = SURFACE_CURVE('',#244,(#248,#254),.PCURVE_S1.);
#244 = LINE('',#245,#246);
#245 = CARTESIAN_POINT('',(-7.45,-28.,9.3));
#246 = VECTOR('',#247,1.);
#247 = DIRECTION('',(-1.,0.,0.));
#248 = PCURVE('',#54,#249);
#249 = DEFINITIONAL_REPRESENTATION('',(#250),#253);
#250 = B_SPLINE_CURVE_WITH_KNOTS('',1,(#251,#252),.UNSPECIFIED.,.F.,.F.,
  (2,2),(-12.55,-2.35),.PIECEWISE_BEZIER_KNOTS.);
#251 = CARTESIAN_POINT('',(25.1,-6.9));
#252 = CARTESIAN_POINT('',(14.9,-6.9));
#253 = ( GEOMETRIC_REPRESENTATION_CONTEXT(2) 
PARAMETRIC_REPRESENTATION_CONTEXT() REPRESENTATION_CONTEXT('2D SPACE',''
  ) );
#254 = PCURVE('',#255,#260);
#255 = PLANE('',#256);
#256 = AXIS2_PLACEMENT_3D('',#257,#258,#259);
#257 = CARTESIAN_POINT('',(5.1,-27.,9.3));
#258 = DIRECTION('',(-0.,-0.,-1.));
#259 = DIRECTION('',(-1.,0.,0.));
#260 = DEFINITIONAL_REPRESENTATION('',(#261),#264);
#261 = B_SPLINE_CURVE_WITH_KNOTS('',1,(#262,#263),.UNSPECIFIED.,.F.,.F.,
  (2,2),(-12.55,-2.35),.PIECEWISE_BEZIER_KNOTS.);
#262 = CARTESIAN_POINT('',(0.,-1.));
#263 = CARTESIAN_POINT('',(10.2,-1.));
#264 = ( GEOMETRIC_REPRESENTATION_CONTEXT(2) 
PARAMETRIC_REPRESENTATION_CONTEXT() REPRESENTATION_CONTEXT('2D SPACE',''
  ) );
#265 = ADVANCED_FACE('',(#266),#66,.T.);
#266 = FACE_BOUND('',#267,.F.);
#267 = EDGE_LOOP('',(#268,#292,#320,#342));
#268 = ORIENTED_EDGE('',*,*,#269,.F.);
#269 = EDGE_CURVE('',#270,#44,#272,.T.);
#270 = VERTEX_POINT('',#271);
#271 = CARTESIAN_POINT('',(-26.,-22.,2.4));
#272 = SURFACE_CURVE('',#273,(#278,#285),.PCURVE_S1.);
#273 = CIRCLE('',#274,6.);
#274 = AXIS2_PLACEMENT_3D('',#275,#276,#277);
#275 = CARTESIAN_POINT('',(-20.,-22.,2.4));
#276 = DIRECTION('',(0.,0.,1.));
#277 = DIRECTION('',(1.,0.,0.));
#278 = PCURVE('',#66,#279);
#279 = DEFINITIONAL_REPRESENTATION('',(#280),#284);
#280 = LINE('',#281,#282);
#281 = CARTESIAN_POINT('',(-0.,0.));
#282 = VECTOR('',#283,1.);
#283 = DIRECTION('',(-1.,0.));
#284 = ( GEOMETRIC_REPRESENTATION_CONTEXT(2) 
PARAMETRIC_REPRESENTATION_CONTEXT() REPRESENTATION_CONTEXT('2D SPACE',''
  ) );
#285 = PCURVE('',#148,#286);
#286 = DEFINITIONAL_REPRESENTATION('',(#287),#291);
#287 = CIRCLE('',#288,6.);
#288 = AXIS2_PLACEMENT_2D('',#289,#290);
#289 = CARTESIAN_POINT('',(-20.,-22.));
#290 = DIRECTION('',(1.,0.));
#291 = ( GEOMETRIC_REPRESENTATION_CONTEXT(2) 
PARAMETRIC_REPRESENTATION_CONTEXT() REPRESENTATION_CONTEXT('2D SPACE',''
  ) );
#292 = ORIENTED_EDGE('',*,*,#293,.T.);
#293 = EDGE_CURVE('',#270,#294,#296,.T.);
#294 = VERTEX_POINT('',#295);
#295 = CARTESIAN_POINT('',(-26.,-22.,14.8));
#296 = SURFACE_CURVE('',#297,(#301,#308),.PCURVE_S1.);
#297 = LINE('',#298,#299);
#298 = CARTESIAN_POINT('',(-26.,-22.,2.4));
#299 = VECTOR('',#300,1.);
#300 = DIRECTION('',(0.,0.,1.));
#301 = PCURVE('',#66,#302);
#302 = DEFINITIONAL_REPRESENTATION('',(#303),#307);
#303 = LINE('',#304,#305);
#304 = CARTESIAN_POINT('',(-3.14159265359,0.));
#305 = VECTOR('',#306,1.);
#306 = DIRECTION('',(-0.,-1.));
#307 = ( GEOMETRIC_REPRESENTATION_CONTEXT(2) 
PARAMETRIC_REPRESENTATION_CONTEXT() REPRESENTATION_CONTEXT('2D SPACE',''
  ) );
#308 = PCURVE('',#309,#314);
#309 = PLANE('',#310);
#310 = AXIS2_PLACEMENT_3D('',#311,#312,#313);
#311 = CARTESIAN_POINT('',(-26.,22.,2.4));
#312 = DIRECTION('',(1.,0.,-0.));
#313 = DIRECTION('',(0.,-1.,0.));
#314 = DEFINITIONAL_REPRESENTATION('',(#315),#319);
#315 = LINE('',#316,#317);
#316 = CARTESIAN_POINT('',(44.,0.));
#317 = VECTOR('',#318,1.);
#318 = DIRECTION('',(0.,-1.));
#319 = ( GEOMETRIC_REPRESENTATION_CONTEXT(2) 
PARAMETRIC_REPRESENTATION_CONTEXT() REPRESENTATION_CONTEXT('2D SPACE',''
  ) );
#320 = ORIENTED_EDGE('',*,*,#321,.T.);
#321 = EDGE_CURVE('',#294,#46,#322,.T.);
#322 = SURFACE_CURVE('',#323,(#328,#335),.PCURVE_S1.);
#323 = CIRCLE('',#324,6.);
#324 = AXIS2_PLACEMENT_3D('',#325,#326,#327);
#325 = CARTESIAN_POINT('',(-20.,-22.,14.8));
#326 = DIRECTION('',(0.,0.,1.));
#327 = DIRECTION('',(1.,0.,0.));
#328 = PCURVE('',#66,#329);
#329 = DEFINITIONAL_REPRESENTATION('',(#330),#334);
#330 = LINE('',#331,#332);
#331 = CARTESIAN_POINT('',(-0.,-12.4));
#332 = VECTOR('',#333,1.);
#333 = DIRECTION('',(-1.,0.));
#334 = ( GEOMETRIC_REPRESENTATION_CONTEXT(2) 
PARAMETRIC_REPRESENTATION_CONTEXT() REPRESENTATION_CONTEXT('2D SPACE',''
  ) );
#335 = PCURVE('',#94,#336);
#336 = DEFINITIONAL_REPRESENTATION('',(#337),#341);
#337 = CIRCLE('',#338,6.);
#338 = AXIS2_PLACEMENT_2D('',#339,#340);
#339 = CARTESIAN_POINT('',(-20.,-22.));
#340 = DIRECTION('',(1.,0.));
#341 = ( GEOMETRIC_REPRESENTATION_CONTEXT(2) 
PARAMETRIC_REPRESENTATION_CONTEXT() REPRESENTATION_CONTEXT('2D SPACE',''
  ) );
#342 = ORIENTED_EDGE('',*,*,#43,.F.);
#343 = ADVANCED_FACE('',(#344,#507,#542,#577,#612,#846),#148,.F.);
#344 = FACE_BOUND('',#345,.F.);
#345 = EDGE_LOOP('',(#346,#369,#370,#371,#395,#423,#452,#480));
#346 = ORIENTED_EDGE('',*,*,#347,.T.);
#347 = EDGE_CURVE('',#348,#270,#350,.T.);
#348 = VERTEX_POINT('',#349);
#349 = CARTESIAN_POINT('',(-26.,22.,2.4));
#350 = SURFACE_CURVE('',#351,(#355,#362),.PCURVE_S1.);
#351 = LINE('',#352,#353);
#352 = CARTESIAN_POINT('',(-26.,22.,2.4));
#353 = VECTOR('',#354,1.);
#354 = DIRECTION('',(0.,-1.,0.));
#355 = PCURVE('',#148,#356);
#356 = DEFINITIONAL_REPRESENTATION('',(#357),#361);
#357 = LINE('',#358,#359);
#358 = CARTESIAN_POINT('',(-26.,22.));
#359 = VECTOR('',#360,1.);
#360 = DIRECTION('',(0.,-1.));
#361 = ( GEOMETRIC_REPRESENTATION_CONTEXT(2) 
PARAMETRIC_REPRESENTATION_CONTEXT() REPRESENTATION_CONTEXT('2D SPACE',''
  ) );
#362 = PCURVE('',#309,#363);
#363 = DEFINITIONAL_REPRESENTATION('',(#364),#368);
#364 = LINE('',#365,#366);
#365 = CARTESIAN_POINT('',(0.,0.));
#366 = VECTOR('',#367,1.);
#367 = DIRECTION('',(1.,0.));
#368 = ( GEOMETRIC_REPRESENTATION_CONTEXT(2) 
PARAMETRIC_REPRESENTATION_CONTEXT() REPRESENTATION_CONTEXT('2D SPACE',''
  ) );
#369 = ORIENTED_EDGE('',*,*,#269,.T.);
#370 = ORIENTED_EDGE('',*,*,#134,.T.);
#371 = ORIENTED_EDGE('',*,*,#372,.T.);
#372 = EDGE_CURVE('',#107,#373,#375,.T.);
#373 = VERTEX_POINT('',#374);
#374 = CARTESIAN_POINT('',(26.,-22.,2.4));
#375 = SURFACE_CURVE('',#376,(#381,#388),.PCURVE_S1.);
#376 = CIRCLE('',#377,6.);
#377 = AXIS2_PLACEMENT_3D('',#378,#379,#380);
#378 = CARTESIAN_POINT('',(20.,-22.,2.4));
#379 = DIRECTION('',(0.,0.,1.));
#380 = DIRECTION('',(1.,0.,0.));
#381 = PCURVE('',#148,#382);
#382 = DEFINITIONAL_REPRESENTATION('',(#383),#387);
#383 = CIRCLE('',#384,6.);
#384 = AXIS2_PLACEMENT_2D('',#385,#386);
#385 = CARTESIAN_POINT('',(20.,-22.));
#386 = DIRECTION('',(1.,0.));
#387 = ( GEOMETRIC_REPRESENTATION_CONTEXT(2) 
PARAMETRIC_REPRESENTATION_CONTEXT() REPRESENTATION_CONTEXT('2D SPACE',''
  ) );
#388 = PCURVE('',#122,#389);
#389 = DEFINITIONAL_REPRESENTATION('',(#390),#394);
#390 = LINE('',#391,#392);
#391 = CARTESIAN_POINT('',(-0.,0.));
#392 = VECTOR('',#393,1.);
#393 = DIRECTION('',(-1.,0.));
#394 = ( GEOMETRIC_REPRESENTATION_CONTEXT(2) 
PARAMETRIC_REPRESENTATION_CONTEXT() REPRESENTATION_CONTEXT('2D SPACE',''
  ) );
#395 = ORIENTED_EDGE('',*,*,#396,.T.);
#396 = EDGE_CURVE('',#373,#397,#399,.T.);
#397 = VERTEX_POINT('',#398);
#398 = CARTESIAN_POINT('',(26.,22.,2.4));
#399 = SURFACE_CURVE('',#400,(#404,#411),.PCURVE_S1.);
#400 = LINE('',#401,#402);
#401 = CARTESIAN_POINT('',(26.,-22.,2.4));
#402 = VECTOR('',#403,1.);
#403 = DIRECTION('',(0.,1.,0.));
#404 = PCURVE('',#148,#405);
#405 = DEFINITIONAL_REPRESENTATION('',(#406),#410);
#406 = LINE('',#407,#408);
#407 = CARTESIAN_POINT('',(26.,-22.));
#408 = VECTOR('',#409,1.);
#409 = DIRECTION('',(0.,1.));
#410 = ( GEOMETRIC_REPRESENTATION_CONTEXT(2) 
PARAMETRIC_REPRESENTATION_CONTEXT() REPRESENTATION_CONTEXT('2D SPACE',''
  ) );
#411 = PCURVE('',#412,#417);
#412 = PLANE('',#413);
#413 = AXIS2_PLACEMENT_3D('',#414,#415,#416);
#414 = CARTESIAN_POINT('',(26.,-22.,2.4));
#415 = DIRECTION('',(-1.,0.,0.));
#416 = DIRECTION('',(0.,1.,0.));
#417 = DEFINITIONAL_REPRESENTATION('',(#418),#422);
#418 = LINE('',#419,#420);
#419 = CARTESIAN_POINT('',(0.,0.));
#420 = VECTOR('',#421,1.);
#421 = DIRECTION('',(1.,0.));
#422 = ( GEOMETRIC_REPRESENTATION_CONTEXT(2) 
PARAMETRIC_REPRESENTATION_CONTEXT() REPRESENTATION_CONTEXT('2D SPACE',''
  ) );
#423 = ORIENTED_EDGE('',*,*,#424,.T.);
#424 = EDGE_CURVE('',#397,#425,#427,.T.);
#425 = VERTEX_POINT('',#426);
#426 = CARTESIAN_POINT('',(20.,28.,2.4));
#427 = SURFACE_CURVE('',#428,(#433,#440),.PCURVE_S1.);
#428 = CIRCLE('',#429,6.);
#429 = AXIS2_PLACEMENT_3D('',#430,#431,#432);
#430 = CARTESIAN_POINT('',(20.,22.,2.4));
#431 = DIRECTION('',(0.,0.,1.));
#432 = DIRECTION('',(1.,0.,0.));
#433 = PCURVE('',#148,#434);
#434 = DEFINITIONAL_REPRESENTATION('',(#435),#439);
#435 = CIRCLE('',#436,6.);
#436 = AXIS2_PLACEMENT_2D('',#437,#438);
#437 = CARTESIAN_POINT('',(20.,22.));
#438 = DIRECTION('',(1.,0.));
#439 = ( GEOMETRIC_REPRESENTATION_CONTEXT(2) 
PARAMETRIC_REPRESENTATION_CONTEXT() REPRESENTATION_CONTEXT('2D SPACE',''
  ) );
#440 = PCURVE('',#441,#446);
#441 = CYLINDRICAL_SURFACE('',#442,6.);
#442 = AXIS2_PLACEMENT_3D('',#443,#444,#445);
#443 = CARTESIAN_POINT('',(20.,22.,2.4));
#444 = DIRECTION('',(-0.,-0.,-1.));
#445 = DIRECTION('',(1.,0.,0.));
#446 = DEFINITIONAL_REPRESENTATION('',(#447),#451);
#447 = LINE('',#448,#449);
#448 = CARTESIAN_POINT('',(-0.,0.));
#449 = VECTOR('',#450,1.);
#450 = DIRECTION('',(-1.,0.));
#451 = ( GEOMETRIC_REPRESENTATION_CONTEXT(2) 
PARAMETRIC_REPRESENTATION_CONTEXT() REPRESENTATION_CONTEXT('2D SPACE',''
  ) );
#452 = ORIENTED_EDGE('',*,*,#453,.T.);
#453 = EDGE_CURVE('',#425,#454,#456,.T.);
#454 = VERTEX_POINT('',#455);
#455 = CARTESIAN_POINT('',(-20.,28.,2.4));
#456 = SURFACE_CURVE('',#457,(#461,#468),.PCURVE_S1.);
#457 = LINE('',#458,#459);
#458 = CARTESIAN_POINT('',(20.,28.,2.4));
#459 = VECTOR('',#460,1.);
#460 = DIRECTION('',(-1.,0.,0.));
#461 = PCURVE('',#148,#462);
#462 = DEFINITIONAL_REPRESENTATION('',(#463),#467);
#463 = LINE('',#464,#465);
#464 = CARTESIAN_POINT('',(20.,28.));
#465 = VECTOR('',#466,1.);
#466 = DIRECTION('',(-1.,0.));
#467 = ( GEOMETRIC_REPRESENTATION_CONTEXT(2) 
PARAMETRIC_REPRESENTATION_CONTEXT() REPRESENTATION_CONTEXT('2D SPACE',''
  ) );
#468 = PCURVE('',#469,#474);
#469 = PLANE('',#470);
#470 = AXIS2_PLACEMENT_3D('',#471,#472,#473);
#471 = CARTESIAN_POINT('',(20.,28.,2.4));
#472 = DIRECTION('',(0.,-1.,0.));
#473 = DIRECTION('',(-1.,0.,0.));
#474 = DEFINITIONAL_REPRESENTATION('',(#475),#479);
#475 = LINE('',#476,#477);
#476 = CARTESIAN_POINT('',(0.,-0.));
#477 = VECTOR('',#478,1.);
#478 = DIRECTION('',(1.,0.));
#479 = ( GEOMETRIC_REPRESENTATION_CONTEXT(2) 
PARAMETRIC_REPRESENTATION_CONTEXT() REPRESENTATION_CONTEXT('2D SPACE',''
  ) );
#480 = ORIENTED_EDGE('',*,*,#481,.T.);
#481 = EDGE_CURVE('',#454,#348,#482,.T.);
#482 = SURFACE_CURVE('',#483,(#488,#495),.PCURVE_S1.);
#483 = CIRCLE('',#484,6.);
#484 = AXIS2_PLACEMENT_3D('',#485,#486,#487);
#485 = CARTESIAN_POINT('',(-20.,22.,2.4));
#486 = DIRECTION('',(0.,0.,1.));
#487 = DIRECTION('',(1.,0.,0.));
#488 = PCURVE('',#148,#489);
#489 = DEFINITIONAL_REPRESENTATION('',(#490),#494);
#490 = CIRCLE('',#491,6.);
#491 = AXIS2_PLACEMENT_2D('',#492,#493);
#492 = CARTESIAN_POINT('',(-20.,22.));
#493 = DIRECTION('',(1.,0.));
#494 = ( GEOMETRIC_REPRESENTATION_CONTEXT(2) 
PARAMETRIC_REPRESENTATION_CONTEXT() REPRESENTATION_CONTEXT('2D SPACE',''
  ) );
#495 = PCURVE('',#496,#501);
#496 = CYLINDRICAL_SURFACE('',#497,6.);
#497 = AXIS2_PLACEMENT_3D('',#498,#499,#500);
#498 = CARTESIAN_POINT('',(-20.,22.,2.4));
#499 = DIRECTION('',(-0.,-0.,-1.));
#500 = DIRECTION('',(1.,0.,0.));
#501 = DEFINITIONAL_REPRESENTATION('',(#502),#506);
#502 = LINE('',#503,#504);
#503 = CARTESIAN_POINT('',(-0.,0.));
#504 = VECTOR('',#505,1.);
#505 = DIRECTION('',(-1.,0.));
#506 = ( GEOMETRIC_REPRESENTATION_CONTEXT(2) 
PARAMETRIC_REPRESENTATION_CONTEXT() REPRESENTATION_CONTEXT('2D SPACE',''
  ) );
#507 = FACE_BOUND('',#508,.F.);
#508 = EDGE_LOOP('',(#509));
#509 = ORIENTED_EDGE('',*,*,#510,.T.);
#510 = EDGE_CURVE('',#511,#511,#513,.T.);
#511 = VERTEX_POINT('',#512);
#512 = CARTESIAN_POINT('',(-19.4,-23.,2.4));
#513 = SURFACE_CURVE('',#514,(#519,#530),.PCURVE_S1.);
#514 = CIRCLE('',#515,1.6);
#515 = AXIS2_PLACEMENT_3D('',#516,#517,#518);
#516 = CARTESIAN_POINT('',(-21.,-23.,2.4));
#517 = DIRECTION('',(0.,0.,-1.));
#518 = DIRECTION('',(1.,0.,0.));
#519 = PCURVE('',#148,#520);
#520 = DEFINITIONAL_REPRESENTATION('',(#521),#529);
#521 = ( BOUNDED_CURVE() B_SPLINE_CURVE(2,(#522,#523,#524,#525,#526,#527
,#528),.UNSPECIFIED.,.T.,.F.) B_SPLINE_CURVE_WITH_KNOTS((1,2,2,2,2,1),(
    -2.094395102393,0.,2.094395102393,4.188790204786,6.28318530718,
8.377580409573),.UNSPECIFIED.) CURVE() GEOMETRIC_REPRESENTATION_ITEM() 
RATIONAL_B_SPLINE_CURVE((1.,0.5,1.,0.5,1.,0.5,1.)) REPRESENTATION_ITEM(
  '') );
#522 = CARTESIAN_POINT('',(-19.4,-23.));
#523 = CARTESIAN_POINT('',(-19.4,-25.77128129211));
#524 = CARTESIAN_POINT('',(-21.8,-24.38564064605));
#525 = CARTESIAN_POINT('',(-24.2,-23.));
#526 = CARTESIAN_POINT('',(-21.8,-21.61435935394));
#527 = CARTESIAN_POINT('',(-19.4,-20.22871870789));
#528 = CARTESIAN_POINT('',(-19.4,-23.));
#529 = ( GEOMETRIC_REPRESENTATION_CONTEXT(2) 
PARAMETRIC_REPRESENTATION_CONTEXT() REPRESENTATION_CONTEXT('2D SPACE',''
  ) );
#530 = PCURVE('',#531,#536);
#531 = CYLINDRICAL_SURFACE('',#532,1.6);
#532 = AXIS2_PLACEMENT_3D('',#533,#534,#535);
#533 = CARTESIAN_POINT('',(-21.,-23.,2.3));
#534 = DIRECTION('',(-0.,-0.,-1.));
#535 = DIRECTION('',(1.,0.,0.));
#536 = DEFINITIONAL_REPRESENTATION('',(#537),#541);
#537 = LINE('',#538,#539);
#538 = CARTESIAN_POINT('',(-6.28318530718,-0.1));
#539 = VECTOR('',#540,1.);
#540 = DIRECTION('',(1.,-0.));
#541 = ( GEOMETRIC_REPRESENTATION_CONTEXT(2) 
PARAMETRIC_REPRESENTATION_CONTEXT() REPRESENTATION_CONTEXT('2D SPACE',''
  ) );
#542 = FACE_BOUND('',#543,.F.);
#543 = EDGE_LOOP('',(#544));
#544 = ORIENTED_EDGE('',*,*,#545,.T.);
#545 = EDGE_CURVE('',#546,#546,#548,.T.);
#546 = VERTEX_POINT('',#547);
#547 = CARTESIAN_POINT('',(22.6,-23.,2.4));
#548 = SURFACE_CURVE('',#549,(#554,#565),.PCURVE_S1.);
#549 = CIRCLE('',#550,1.6);
#550 = AXIS2_PLACEMENT_3D('',#551,#552,#553);
#551 = CARTESIAN_POINT('',(21.,-23.,2.4));
#552 = DIRECTION('',(0.,0.,-1.));
#553 = DIRECTION('',(1.,0.,0.));
#554 = PCURVE('',#148,#555);
#555 = DEFINITIONAL_REPRESENTATION('',(#556),#564);
#556 = ( BOUNDED_CURVE() B_SPLINE_CURVE(2,(#557,#558,#559,#560,#561,#562
,#563),.UNSPECIFIED.,.T.,.F.) B_SPLINE_CURVE_WITH_KNOTS((1,2,2,2,2,1),(
    -2.094395102393,0.,2.094395102393,4.188790204786,6.28318530718,
8.377580409573),.UNSPECIFIED.) CURVE() GEOMETRIC_REPRESENTATION_ITEM() 
RATIONAL_B_SPLINE_CURVE((1.,0.5,1.,0.5,1.,0.5,1.)) REPRESENTATION_ITEM(
  '') );
#557 = CARTESIAN_POINT('',(22.6,-23.));
#558 = CARTESIAN_POINT('',(22.6,-25.77128129211));
#559 = CARTESIAN_POINT('',(20.2,-24.38564064605));
#560 = CARTESIAN_POINT('',(17.8,-23.));
#561 = CARTESIAN_POINT('',(20.2,-21.61435935394));
#562 = CARTESIAN_POINT('',(22.6,-20.22871870789));
#563 = CARTESIAN_POINT('',(22.6,-23.));
#564 = ( GEOMETRIC_REPRESENTATION_CONTEXT(2) 
PARAMETRIC_REPRESENTATION_CONTEXT() REPRESENTATION_CONTEXT('2D SPACE',''
  ) );
#565 = PCURVE('',#566,#571);
#566 = CYLINDRICAL_SURFACE('',#567,1.6);
#567 = AXIS2_PLACEMENT_3D('',#568,#569,#570);
#568 = CARTESIAN_POINT('',(21.,-23.,2.3));
#569 = DIRECTION('',(-0.,-0.,-1.));
#570 = DIRECTION('',(1.,0.,0.));
#571 = DEFINITIONAL_REPRESENTATION('',(#572),#576);
#572 = LINE('',#573,#574);
#573 = CARTESIAN_POINT('',(-6.28318530718,-0.1));
#574 = VECTOR('',#575,1.);
#575 = DIRECTION('',(1.,-0.));
#576 = ( GEOMETRIC_REPRESENTATION_CONTEXT(2) 
PARAMETRIC_REPRESENTATION_CONTEXT() REPRESENTATION_CONTEXT('2D SPACE',''
  ) );
#577 = FACE_BOUND('',#578,.F.);
#578 = EDGE_LOOP('',(#579));
#579 = ORIENTED_EDGE('',*,*,#580,.T.);
#580 = EDGE_CURVE('',#581,#581,#583,.T.);
#581 = VERTEX_POINT('',#582);
#582 = CARTESIAN_POINT('',(-19.4,23.,2.4));
#583 = SURFACE_CURVE('',#584,(#589,#600),.PCURVE_S1.);
#584 = CIRCLE('',#585,1.6);
#585 = AXIS2_PLACEMENT_3D('',#586,#587,#588);
#586 = CARTESIAN_POINT('',(-21.,23.,2.4));
#587 = DIRECTION('',(0.,0.,-1.));
#588 = DIRECTION('',(1.,0.,0.));
#589 = PCURVE('',#148,#590);
#590 = DEFINITIONAL_REPRESENTATION('',(#591),#599);
#591 = ( BOUNDED_CURVE() B_SPLINE_CURVE(2,(#592,#593,#594,#595,#596,#597
,#598),.UNSPECIFIED.,.T.,.F.) B_SPLINE_CURVE_WITH_KNOTS((1,2,2,2,2,1),(
    -2.094395102393,0.,2.094395102393,4.188790204786,6.28318530718,
8.377580409573),.UNSPECIFIED.) CURVE() GEOMETRIC_REPRESENTATION_ITEM() 
RATIONAL_B_SPLINE_CURVE((1.,0.5,1.,0.5,1.,0.5,1.)) REPRESENTATION_ITEM(
  '') );
#592 = CARTESIAN_POINT('',(-19.4,23.));
#593 = CARTESIAN_POINT('',(-19.4,20.22871870789));
#594 = CARTESIAN_POINT('',(-21.8,21.614359353945));
#595 = CARTESIAN_POINT('',(-24.2,23.));
#596 = CARTESIAN_POINT('',(-21.8,24.385640646055));
#597 = CARTESIAN_POINT('',(-19.4,25.77128129211));
#598 = CARTESIAN_POINT('',(-19.4,23.));
#599 = ( GEOMETRIC_REPRESENTATION_CONTEXT(2) 
PARAMETRIC_REPRESENTATION_CONTEXT() REPRESENTATION_CONTEXT('2D SPACE',''
  ) );
#600 = PCURVE('',#601,#606);
#601 = CYLINDRICAL_SURFACE('',#602,1.6);
#602 = AXIS2_PLACEMENT_3D('',#603,#604,#605);
#603 = CARTESIAN_POINT('',(-21.,23.,2.3));
#604 = DIRECTION('',(-0.,-0.,-1.));
#605 = DIRECTION('',(1.,0.,0.));
#606 = DEFINITIONAL_REPRESENTATION('',(#607),#611);
#607 = LINE('',#608,#609);
#608 = CARTESIAN_POINT('',(-6.28318530718,-0.1));
#609 = VECTOR('',#610,1.);
#610 = DIRECTION('',(1.,-0.));
#611 = ( GEOMETRIC_REPRESENTATION_CONTEXT(2) 
PARAMETRIC_REPRESENTATION_CONTEXT() REPRESENTATION_CONTEXT('2D SPACE',''
  ) );
#612 = FACE_BOUND('',#613,.F.);
#613 = EDGE_LOOP('',(#614,#649,#676,#705,#732,#761,#788,#821));
#614 = ORIENTED_EDGE('',*,*,#615,.F.);
#615 = EDGE_CURVE('',#616,#618,#620,.T.);
#616 = VERTEX_POINT('',#617);
#617 = CARTESIAN_POINT('',(-19.0712698478,25.8,2.4));
#618 = VERTEX_POINT('',#619);
#619 = CARTESIAN_POINT('',(-23.8,21.071269847801,2.4));
#620 = SURFACE_CURVE('',#621,(#626,#637),.PCURVE_S1.);
#621 = CIRCLE('',#622,3.4);
#622 = AXIS2_PLACEMENT_3D('',#623,#624,#625);
#623 = CARTESIAN_POINT('',(-21.,23.,2.4));
#624 = DIRECTION('',(0.,0.,-1.));
#625 = DIRECTION('',(0.567273574176,0.823529411765,0.));
#626 = PCURVE('',#148,#627);
#627 = DEFINITIONAL_REPRESENTATION('',(#628),#636);
#628 = ( BOUNDED_CURVE() B_SPLINE_CURVE(2,(#629,#630,#631,#632,#633,#634
,#635),.UNSPECIFIED.,.T.,.F.) B_SPLINE_CURVE_WITH_KNOTS((1,2,2,2,2,1),(
    -2.094395102393,0.,2.094395102393,4.188790204786,6.28318530718,
8.377580409573),.UNSPECIFIED.) CURVE() GEOMETRIC_REPRESENTATION_ITEM() 
RATIONAL_B_SPLINE_CURVE((1.,0.5,1.,0.5,1.,0.5,1.)) REPRESENTATION_ITEM(
  '') );
#629 = CARTESIAN_POINT('',(-19.0712698478,25.8));
#630 = CARTESIAN_POINT('',(-14.2215275866,22.459341382302));
#631 = CARTESIAN_POINT('',(-19.5394939455,19.929670691151));
#632 = CARTESIAN_POINT('',(-24.85746030439,17.4));
#633 = CARTESIAN_POINT('',(-24.38923620669,23.270329308849));
#634 = CARTESIAN_POINT('',(-23.92101210899,29.140658617698));
#635 = CARTESIAN_POINT('',(-19.0712698478,25.8));
#636 = ( GEOMETRIC_REPRESENTATION_CONTEXT(2) 
PARAMETRIC_REPRESENTATION_CONTEXT() REPRESENTATION_CONTEXT('2D SPACE',''
  ) );
#637 = PCURVE('',#638,#643);
#638 = CYLINDRICAL_SURFACE('',#639,3.4);
#639 = AXIS2_PLACEMENT_3D('',#640,#641,#642);
#640 = CARTESIAN_POINT('',(-21.,23.,2.4));
#641 = DIRECTION('',(-0.,-0.,-1.));
#642 = DIRECTION('',(1.,0.,0.));
#643 = DEFINITIONAL_REPRESENTATION('',(#644),#648);
#644 = LINE('',#645,#646);
#645 = CARTESIAN_POINT('',(-7.250790228365,0.));
#646 = VECTOR('',#647,1.);
#647 = DIRECTION('',(1.,-0.));
#648 = ( GEOMETRIC_REPRESENTATION_CONTEXT(2) 
PARAMETRIC_REPRESENTATION_CONTEXT() REPRESENTATION_CONTEXT('2D SPACE',''
  ) );
#649 = ORIENTED_EDGE('',*,*,#650,.T.);
#650 = EDGE_CURVE('',#616,#651,#653,.T.);
#651 = VERTEX_POINT('',#652);
#652 = CARTESIAN_POINT('',(19.071269847801,25.8,2.4));
#653 = SURFACE_CURVE('',#654,(#658,#665),.PCURVE_S1.);
#654 = LINE('',#655,#656);
#655 = CARTESIAN_POINT('',(10.,25.8,2.4));
#656 = VECTOR('',#657,1.);
#657 = DIRECTION('',(1.,0.,-0.));
#658 = PCURVE('',#148,#659);
#659 = DEFINITIONAL_REPRESENTATION('',(#660),#664);
#660 = LINE('',#661,#662);
#661 = CARTESIAN_POINT('',(10.,25.8));
#662 = VECTOR('',#663,1.);
#663 = DIRECTION('',(1.,0.));
#664 = ( GEOMETRIC_REPRESENTATION_CONTEXT(2) 
PARAMETRIC_REPRESENTATION_CONTEXT() REPRESENTATION_CONTEXT('2D SPACE',''
  ) );
#665 = PCURVE('',#666,#671);
#666 = PLANE('',#667);
#667 = AXIS2_PLACEMENT_3D('',#668,#669,#670);
#668 = CARTESIAN_POINT('',(20.,25.8,2.39));
#669 = DIRECTION('',(0.,-1.,0.));
#670 = DIRECTION('',(-1.,0.,0.));
#671 = DEFINITIONAL_REPRESENTATION('',(#672),#675);
#672 = B_SPLINE_CURVE_WITH_KNOTS('',1,(#673,#674),.UNSPECIFIED.,.F.,.F.,
  (2,2),(-30.,10.),.PIECEWISE_BEZIER_KNOTS.);
#673 = CARTESIAN_POINT('',(40.,-1.E-02));
#674 = CARTESIAN_POINT('',(0.,-1.E-02));
#675 = ( GEOMETRIC_REPRESENTATION_CONTEXT(2) 
PARAMETRIC_REPRESENTATION_CONTEXT() REPRESENTATION_CONTEXT('2D SPACE',''
  ) );
#676 = ORIENTED_EDGE('',*,*,#677,.T.);
#677 = EDGE_CURVE('',#651,#678,#680,.T.);
#678 = VERTEX_POINT('',#679);
#679 = CARTESIAN_POINT('',(23.8,21.071269847801,2.4));
#680 = SURFACE_CURVE('',#681,(#686,#693),.PCURVE_S1.);
#681 = CIRCLE('',#682,3.4);
#682 = AXIS2_PLACEMENT_3D('',#683,#684,#685);
#683 = CARTESIAN_POINT('',(21.,23.,2.4));
#684 = DIRECTION('',(0.,0.,1.));
#685 = DIRECTION('',(1.,0.,0.));
#686 = PCURVE('',#148,#687);
#687 = DEFINITIONAL_REPRESENTATION('',(#688),#692);
#688 = CIRCLE('',#689,3.4);
#689 = AXIS2_PLACEMENT_2D('',#690,#691);
#690 = CARTESIAN_POINT('',(21.,23.));
#691 = DIRECTION('',(1.,0.));
#692 = ( GEOMETRIC_REPRESENTATION_CONTEXT(2) 
PARAMETRIC_REPRESENTATION_CONTEXT() REPRESENTATION_CONTEXT('2D SPACE',''
  ) );
#693 = PCURVE('',#694,#699);
#694 = CYLINDRICAL_SURFACE('',#695,3.4);
#695 = AXIS2_PLACEMENT_3D('',#696,#697,#698);
#696 = CARTESIAN_POINT('',(21.,23.,2.4));
#697 = DIRECTION('',(-0.,-0.,-1.));
#698 = DIRECTION('',(1.,0.,0.));
#699 = DEFINITIONAL_REPRESENTATION('',(#700),#704);
#700 = LINE('',#701,#702);
#701 = CARTESIAN_POINT('',(-0.,0.));
#702 = VECTOR('',#703,1.);
#703 = DIRECTION('',(-1.,0.));
#704 = ( GEOMETRIC_REPRESENTATION_CONTEXT(2) 
PARAMETRIC_REPRESENTATION_CONTEXT() REPRESENTATION_CONTEXT('2D SPACE',''
  ) );
#705 = ORIENTED_EDGE('',*,*,#706,.T.);
#706 = EDGE_CURVE('',#678,#707,#709,.T.);
#707 = VERTEX_POINT('',#708);
#708 = CARTESIAN_POINT('',(23.8,-21.0712698478,2.4));
#709 = SURFACE_CURVE('',#710,(#714,#721),.PCURVE_S1.);
#710 = LINE('',#711,#712);
#711 = CARTESIAN_POINT('',(23.8,-11.,2.4));
#712 = VECTOR('',#713,1.);
#713 = DIRECTION('',(0.,-1.,0.));
#714 = PCURVE('',#148,#715);
#715 = DEFINITIONAL_REPRESENTATION('',(#716),#720);
#716 = LINE('',#717,#718);
#717 = CARTESIAN_POINT('',(23.8,-11.));
#718 = VECTOR('',#719,1.);
#719 = DIRECTION('',(0.,-1.));
#720 = ( GEOMETRIC_REPRESENTATION_CONTEXT(2) 
PARAMETRIC_REPRESENTATION_CONTEXT() REPRESENTATION_CONTEXT('2D SPACE',''
  ) );
#721 = PCURVE('',#722,#727);
#722 = PLANE('',#723);
#723 = AXIS2_PLACEMENT_3D('',#724,#725,#726);
#724 = CARTESIAN_POINT('',(23.8,-22.,2.39));
#725 = DIRECTION('',(-1.,0.,0.));
#726 = DIRECTION('',(0.,1.,0.));
#727 = DEFINITIONAL_REPRESENTATION('',(#728),#731);
#728 = B_SPLINE_CURVE_WITH_KNOTS('',1,(#729,#730),.UNSPECIFIED.,.F.,.F.,
  (2,2),(-33.,11.),.PIECEWISE_BEZIER_KNOTS.);
#729 = CARTESIAN_POINT('',(44.,-1.E-02));
#730 = CARTESIAN_POINT('',(0.,-1.E-02));
#731 = ( GEOMETRIC_REPRESENTATION_CONTEXT(2) 
PARAMETRIC_REPRESENTATION_CONTEXT() REPRESENTATION_CONTEXT('2D SPACE',''
  ) );
#732 = ORIENTED_EDGE('',*,*,#733,.T.);
#733 = EDGE_CURVE('',#707,#734,#736,.T.);
#734 = VERTEX_POINT('',#735);
#735 = CARTESIAN_POINT('',(19.071269847801,-25.8,2.4));
#736 = SURFACE_CURVE('',#737,(#742,#749),.PCURVE_S1.);
#737 = CIRCLE('',#738,3.4);
#738 = AXIS2_PLACEMENT_3D('',#739,#740,#741);
#739 = CARTESIAN_POINT('',(21.,-23.,2.4));
#740 = DIRECTION('',(0.,0.,1.));
#741 = DIRECTION('',(1.,0.,0.));
#742 = PCURVE('',#148,#743);
#743 = DEFINITIONAL_REPRESENTATION('',(#744),#748);
#744 = CIRCLE('',#745,3.4);
#745 = AXIS2_PLACEMENT_2D('',#746,#747);
#746 = CARTESIAN_POINT('',(21.,-23.));
#747 = DIRECTION('',(1.,0.));
#748 = ( GEOMETRIC_REPRESENTATION_CONTEXT(2) 
PARAMETRIC_REPRESENTATION_CONTEXT() REPRESENTATION_CONTEXT('2D SPACE',''
  ) );
#749 = PCURVE('',#750,#755);
#750 = CYLINDRICAL_SURFACE('',#751,3.4);
#751 = AXIS2_PLACEMENT_3D('',#752,#753,#754);
#752 = CARTESIAN_POINT('',(21.,-23.,2.4));
#753 = DIRECTION('',(-0.,-0.,-1.));
#754 = DIRECTION('',(1.,0.,0.));
#755 = DEFINITIONAL_REPRESENTATION('',(#756),#760);
#756 = LINE('',#757,#758);
#757 = CARTESIAN_POINT('',(-0.,0.));
#758 = VECTOR('',#759,1.);
#759 = DIRECTION('',(-1.,0.));
#760 = ( GEOMETRIC_REPRESENTATION_CONTEXT(2) 
PARAMETRIC_REPRESENTATION_CONTEXT() REPRESENTATION_CONTEXT('2D SPACE',''
  ) );
#761 = ORIENTED_EDGE('',*,*,#762,.T.);
#762 = EDGE_CURVE('',#734,#763,#765,.T.);
#763 = VERTEX_POINT('',#764);
#764 = CARTESIAN_POINT('',(-19.0712698478,-25.8,2.4));
#765 = SURFACE_CURVE('',#766,(#770,#777),.PCURVE_S1.);
#766 = LINE('',#767,#768);
#767 = CARTESIAN_POINT('',(-10.,-25.8,2.4));
#768 = VECTOR('',#769,1.);
#769 = DIRECTION('',(-1.,0.,0.));
#770 = PCURVE('',#148,#771);
#771 = DEFINITIONAL_REPRESENTATION('',(#772),#776);
#772 = LINE('',#773,#774);
#773 = CARTESIAN_POINT('',(-10.,-25.8));
#774 = VECTOR('',#775,1.);
#775 = DIRECTION('',(-1.,0.));
#776 = ( GEOMETRIC_REPRESENTATION_CONTEXT(2) 
PARAMETRIC_REPRESENTATION_CONTEXT() REPRESENTATION_CONTEXT('2D SPACE',''
  ) );
#777 = PCURVE('',#778,#783);
#778 = PLANE('',#779);
#779 = AXIS2_PLACEMENT_3D('',#780,#781,#782);
#780 = CARTESIAN_POINT('',(-20.,-25.8,2.39));
#781 = DIRECTION('',(0.,1.,0.));
#782 = DIRECTION('',(1.,0.,0.));
#783 = DEFINITIONAL_REPRESENTATION('',(#784),#787);
#784 = B_SPLINE_CURVE_WITH_KNOTS('',1,(#785,#786),.UNSPECIFIED.,.F.,.F.,
  (2,2),(-30.,10.),.PIECEWISE_BEZIER_KNOTS.);
#785 = CARTESIAN_POINT('',(40.,-1.E-02));
#786 = CARTESIAN_POINT('',(0.,-1.E-02));
#787 = ( GEOMETRIC_REPRESENTATION_CONTEXT(2) 
PARAMETRIC_REPRESENTATION_CONTEXT() REPRESENTATION_CONTEXT('2D SPACE',''
  ) );
#788 = ORIENTED_EDGE('',*,*,#789,.F.);
#789 = EDGE_CURVE('',#790,#763,#792,.T.);
#790 = VERTEX_POINT('',#791);
#791 = CARTESIAN_POINT('',(-23.8,-21.0712698478,2.4));
#792 = SURFACE_CURVE('',#793,(#798,#809),.PCURVE_S1.);
#793 = CIRCLE('',#794,3.4);
#794 = AXIS2_PLACEMENT_3D('',#795,#796,#797);
#795 = CARTESIAN_POINT('',(-21.,-23.,2.4));
#796 = DIRECTION('',(0.,0.,-1.));
#797 = DIRECTION('',(-0.823529411765,0.567273574176,0.));
#798 = PCURVE('',#148,#799);
#799 = DEFINITIONAL_REPRESENTATION('',(#800),#808);
#800 = ( BOUNDED_CURVE() B_SPLINE_CURVE(2,(#801,#802,#803,#804,#805,#806
,#807),.UNSPECIFIED.,.T.,.F.) B_SPLINE_CURVE_WITH_KNOTS((1,2,2,2,2,1),(
    -2.094395102393,0.,2.094395102393,4.188790204786,6.28318530718,
8.377580409573),.UNSPECIFIED.) CURVE() GEOMETRIC_REPRESENTATION_ITEM() 
RATIONAL_B_SPLINE_CURVE((1.,0.5,1.,0.5,1.,0.5,1.)) REPRESENTATION_ITEM(
  '') );
#801 = CARTESIAN_POINT('',(-23.8,-21.0712698478));
#802 = CARTESIAN_POINT('',(-20.4593413823,-16.2215275866));
#803 = CARTESIAN_POINT('',(-17.92967069115,-21.5394939455));
#804 = CARTESIAN_POINT('',(-15.4,-26.85746030439));
#805 = CARTESIAN_POINT('',(-21.27032930884,-26.38923620669));
#806 = CARTESIAN_POINT('',(-27.14065861769,-25.92101210899));
#807 = CARTESIAN_POINT('',(-23.8,-21.0712698478));
#808 = ( GEOMETRIC_REPRESENTATION_CONTEXT(2) 
PARAMETRIC_REPRESENTATION_CONTEXT() REPRESENTATION_CONTEXT('2D SPACE',''
  ) );
#809 = PCURVE('',#810,#815);
#810 = CYLINDRICAL_SURFACE('',#811,3.4);
#811 = AXIS2_PLACEMENT_3D('',#812,#813,#814);
#812 = CARTESIAN_POINT('',(-21.,-23.,2.4));
#813 = DIRECTION('',(-0.,-0.,-1.));
#814 = DIRECTION('',(1.,0.,0.));
#815 = DEFINITIONAL_REPRESENTATION('',(#816),#820);
#816 = LINE('',#817,#818);
#817 = CARTESIAN_POINT('',(-8.82158655516,0.));
#818 = VECTOR('',#819,1.);
#819 = DIRECTION('',(1.,-0.));
#820 = ( GEOMETRIC_REPRESENTATION_CONTEXT(2) 
PARAMETRIC_REPRESENTATION_CONTEXT() REPRESENTATION_CONTEXT('2D SPACE',''
  ) );
#821 = ORIENTED_EDGE('',*,*,#822,.T.);
#822 = EDGE_CURVE('',#790,#618,#823,.T.);
#823 = SURFACE_CURVE('',#824,(#828,#835),.PCURVE_S1.);
#824 = LINE('',#825,#826);
#825 = CARTESIAN_POINT('',(-23.8,11.,2.4));
#826 = VECTOR('',#827,1.);
#827 = DIRECTION('',(-0.,1.,0.));
#828 = PCURVE('',#148,#829);
#829 = DEFINITIONAL_REPRESENTATION('',(#830),#834);
#830 = LINE('',#831,#832);
#831 = CARTESIAN_POINT('',(-23.8,11.));
#832 = VECTOR('',#833,1.);
#833 = DIRECTION('',(0.,1.));
#834 = ( GEOMETRIC_REPRESENTATION_CONTEXT(2) 
PARAMETRIC_REPRESENTATION_CONTEXT() REPRESENTATION_CONTEXT('2D SPACE',''
  ) );
#835 = PCURVE('',#836,#841);
#836 = PLANE('',#837);
#837 = AXIS2_PLACEMENT_3D('',#838,#839,#840);
#838 = CARTESIAN_POINT('',(-23.8,22.,2.39));
#839 = DIRECTION('',(1.,0.,-0.));
#840 = DIRECTION('',(0.,-1.,0.));
#841 = DEFINITIONAL_REPRESENTATION('',(#842),#845);
#842 = B_SPLINE_CURVE_WITH_KNOTS('',1,(#843,#844),.UNSPECIFIED.,.F.,.F.,
  (2,2),(-33.,11.),.PIECEWISE_BEZIER_KNOTS.);
#843 = CARTESIAN_POINT('',(44.,-1.E-02));
#844 = CARTESIAN_POINT('',(0.,-1.E-02));
#845 = ( GEOMETRIC_REPRESENTATION_CONTEXT(2) 
PARAMETRIC_REPRESENTATION_CONTEXT() REPRESENTATION_CONTEXT('2D SPACE',''
  ) );
#846 = FACE_BOUND('',#847,.F.);
#847 = EDGE_LOOP('',(#848));
#848 = ORIENTED_EDGE('',*,*,#849,.T.);
#849 = EDGE_CURVE('',#850,#850,#852,.T.);
#850 = VERTEX_POINT('',#851);
#851 = CARTESIAN_POINT('',(22.6,23.,2.4));
#852 = SURFACE_CURVE('',#853,(#858,#869),.PCURVE_S1.);
#853 = CIRCLE('',#854,1.6);
#854 = AXIS2_PLACEMENT_3D('',#855,#856,#857);
#855 = CARTESIAN_POINT('',(21.,23.,2.4));
#856 = DIRECTION('',(0.,0.,-1.));
#857 = DIRECTION('',(1.,0.,0.));
#858 = PCURVE('',#148,#859);
#859 = DEFINITIONAL_REPRESENTATION('',(#860),#868);
#860 = ( BOUNDED_CURVE() B_SPLINE_CURVE(2,(#861,#862,#863,#864,#865,#866
,#867),.UNSPECIFIED.,.T.,.F.) B_SPLINE_CURVE_WITH_KNOTS((1,2,2,2,2,1),(
    -2.094395102393,0.,2.094395102393,4.188790204786,6.28318530718,
8.377580409573),.UNSPECIFIED.) CURVE() GEOMETRIC_REPRESENTATION_ITEM() 
RATIONAL_B_SPLINE_CURVE((1.,0.5,1.,0.5,1.,0.5,1.)) REPRESENTATION_ITEM(
  '') );
#861 = CARTESIAN_POINT('',(22.6,23.));
#862 = CARTESIAN_POINT('',(22.6,20.22871870789));
#863 = CARTESIAN_POINT('',(20.2,21.614359353945));
#864 = CARTESIAN_POINT('',(17.8,23.));
#865 = CARTESIAN_POINT('',(20.2,24.385640646055));
#866 = CARTESIAN_POINT('',(22.6,25.77128129211));
#867 = CARTESIAN_POINT('',(22.6,23.));
#868 = ( GEOMETRIC_REPRESENTATION_CONTEXT(2) 
PARAMETRIC_REPRESENTATION_CONTEXT() REPRESENTATION_CONTEXT('2D SPACE',''
  ) );
#869 = PCURVE('',#870,#875);
#870 = CYLINDRICAL_SURFACE('',#871,1.6);
#871 = AXIS2_PLACEMENT_3D('',#872,#873,#874);
#872 = CARTESIAN_POINT('',(21.,23.,2.3));
#873 = DIRECTION('',(-0.,-0.,-1.));
#874 = DIRECTION('',(1.,0.,0.));
#875 = DEFINITIONAL_REPRESENTATION('',(#876),#880);
#876 = LINE('',#877,#878);
#877 = CARTESIAN_POINT('',(-6.28318530718,-0.1));
#878 = VECTOR('',#879,1.);
#879 = DIRECTION('',(1.,-0.));
#880 = ( GEOMETRIC_REPRESENTATION_CONTEXT(2) 
PARAMETRIC_REPRESENTATION_CONTEXT() REPRESENTATION_CONTEXT('2D SPACE',''
  ) );
#881 = ADVANCED_FACE('',(#882,#1025),#94,.T.);
#882 = FACE_BOUND('',#883,.T.);
#883 = EDGE_LOOP('',(#884,#907,#908,#909,#933,#956,#980,#1003));
#884 = ORIENTED_EDGE('',*,*,#885,.T.);
#885 = EDGE_CURVE('',#886,#294,#888,.T.);
#886 = VERTEX_POINT('',#887);
#887 = CARTESIAN_POINT('',(-26.,22.,14.8));
#888 = SURFACE_CURVE('',#889,(#893,#900),.PCURVE_S1.);
#889 = LINE('',#890,#891);
#890 = CARTESIAN_POINT('',(-26.,22.,14.8));
#891 = VECTOR('',#892,1.);
#892 = DIRECTION('',(0.,-1.,0.));
#893 = PCURVE('',#94,#894);
#894 = DEFINITIONAL_REPRESENTATION('',(#895),#899);
#895 = LINE('',#896,#897);
#896 = CARTESIAN_POINT('',(-26.,22.));
#897 = VECTOR('',#898,1.);
#898 = DIRECTION('',(0.,-1.));
#899 = ( GEOMETRIC_REPRESENTATION_CONTEXT(2) 
PARAMETRIC_REPRESENTATION_CONTEXT() REPRESENTATION_CONTEXT('2D SPACE',''
  ) );
#900 = PCURVE('',#309,#901);
#901 = DEFINITIONAL_REPRESENTATION('',(#902),#906);
#902 = LINE('',#903,#904);
#903 = CARTESIAN_POINT('',(0.,-12.4));
#904 = VECTOR('',#905,1.);
#905 = DIRECTION('',(1.,0.));
#906 = ( GEOMETRIC_REPRESENTATION_CONTEXT(2) 
PARAMETRIC_REPRESENTATION_CONTEXT() REPRESENTATION_CONTEXT('2D SPACE',''
  ) );
#907 = ORIENTED_EDGE('',*,*,#321,.T.);
#908 = ORIENTED_EDGE('',*,*,#78,.T.);
#909 = ORIENTED_EDGE('',*,*,#910,.T.);
#910 = EDGE_CURVE('',#79,#911,#913,.T.);
#911 = VERTEX_POINT('',#912);
#912 = CARTESIAN_POINT('',(26.,-22.,14.8));
#913 = SURFACE_CURVE('',#914,(#919,#926),.PCURVE_S1.);
#914 = CIRCLE('',#915,6.);
#915 = AXIS2_PLACEMENT_3D('',#916,#917,#918);
#916 = CARTESIAN_POINT('',(20.,-22.,14.8));
#917 = DIRECTION('',(0.,0.,1.));
#918 = DIRECTION('',(1.,0.,0.));
#919 = PCURVE('',#94,#920);
#920 = DEFINITIONAL_REPRESENTATION('',(#921),#925);
#921 = CIRCLE('',#922,6.);
#922 = AXIS2_PLACEMENT_2D('',#923,#924);
#923 = CARTESIAN_POINT('',(20.,-22.));
#924 = DIRECTION('',(1.,0.));
#925 = ( GEOMETRIC_REPRESENTATION_CONTEXT(2) 
PARAMETRIC_REPRESENTATION_CONTEXT() REPRESENTATION_CONTEXT('2D SPACE',''
  ) );
#926 = PCURVE('',#122,#927);
#927 = DEFINITIONAL_REPRESENTATION('',(#928),#932);
#928 = LINE('',#929,#930);
#929 = CARTESIAN_POINT('',(-0.,-12.4));
#930 = VECTOR('',#931,1.);
#931 = DIRECTION('',(-1.,0.));
#932 = ( GEOMETRIC_REPRESENTATION_CONTEXT(2) 
PARAMETRIC_REPRESENTATION_CONTEXT() REPRESENTATION_CONTEXT('2D SPACE',''
  ) );
#933 = ORIENTED_EDGE('',*,*,#934,.T.);
#934 = EDGE_CURVE('',#911,#935,#937,.T.);
#935 = VERTEX_POINT('',#936);
#936 = CARTESIAN_POINT('',(26.,22.,14.8));
#937 = SURFACE_CURVE('',#938,(#942,#949),.PCURVE_S1.);
#938 = LINE('',#939,#940);
#939 = CARTESIAN_POINT('',(26.,-22.,14.8));
#940 = VECTOR('',#941,1.);
#941 = DIRECTION('',(0.,1.,0.));
#942 = PCURVE('',#94,#943);
#943 = DEFINITIONAL_REPRESENTATION('',(#944),#948);
#944 = LINE('',#945,#946);
#945 = CARTESIAN_POINT('',(26.,-22.));
#946 = VECTOR('',#947,1.);
#947 = DIRECTION('',(0.,1.));
#948 = ( GEOMETRIC_REPRESENTATION_CONTEXT(2) 
PARAMETRIC_REPRESENTATION_CONTEXT() REPRESENTATION_CONTEXT('2D SPACE',''
  ) );
#949 = PCURVE('',#412,#950);
#950 = DEFINITIONAL_REPRESENTATION('',(#951),#955);
#951 = LINE('',#952,#953);
#952 = CARTESIAN_POINT('',(0.,-12.4));
#953 = VECTOR('',#954,1.);
#954 = DIRECTION('',(1.,0.));
#955 = ( GEOMETRIC_REPRESENTATION_CONTEXT(2) 
PARAMETRIC_REPRESENTATION_CONTEXT() REPRESENTATION_CONTEXT('2D SPACE',''
  ) );
#956 = ORIENTED_EDGE('',*,*,#957,.T.);
#957 = EDGE_CURVE('',#935,#958,#960,.T.);
#958 = VERTEX_POINT('',#959);
#959 = CARTESIAN_POINT('',(20.,28.,14.8));
#960 = SURFACE_CURVE('',#961,(#966,#973),.PCURVE_S1.);
#961 = CIRCLE('',#962,6.);
#962 = AXIS2_PLACEMENT_3D('',#963,#964,#965);
#963 = CARTESIAN_POINT('',(20.,22.,14.8));
#964 = DIRECTION('',(0.,0.,1.));
#965 = DIRECTION('',(1.,0.,0.));
#966 = PCURVE('',#94,#967);
#967 = DEFINITIONAL_REPRESENTATION('',(#968),#972);
#968 = CIRCLE('',#969,6.);
#969 = AXIS2_PLACEMENT_2D('',#970,#971);
#970 = CARTESIAN_POINT('',(20.,22.));
#971 = DIRECTION('',(1.,0.));
#972 = ( GEOMETRIC_REPRESENTATION_CONTEXT(2) 
PARAMETRIC_REPRESENTATION_CONTEXT() REPRESENTATION_CONTEXT('2D SPACE',''
  ) );
#973 = PCURVE('',#441,#974);
#974 = DEFINITIONAL_REPRESENTATION('',(#975),#979);
#975 = LINE('',#976,#977);
#976 = CARTESIAN_POINT('',(-0.,-12.4));
#977 = VECTOR('',#978,1.);
#978 = DIRECTION('',(-1.,0.));
#979 = ( GEOMETRIC_REPRESENTATION_CONTEXT(2) 
PARAMETRIC_REPRESENTATION_CONTEXT() REPRESENTATION_CONTEXT('2D SPACE',''
  ) );
#980 = ORIENTED_EDGE('',*,*,#981,.T.);
#981 = EDGE_CURVE('',#958,#982,#984,.T.);
#982 = VERTEX_POINT('',#983);
#983 = CARTESIAN_POINT('',(-20.,28.,14.8));
#984 = SURFACE_CURVE('',#985,(#989,#996),.PCURVE_S1.);
#985 = LINE('',#986,#987);
#986 = CARTESIAN_POINT('',(20.,28.,14.8));
#987 = VECTOR('',#988,1.);
#988 = DIRECTION('',(-1.,0.,0.));
#989 = PCURVE('',#94,#990);
#990 = DEFINITIONAL_REPRESENTATION('',(#991),#995);
#991 = LINE('',#992,#993);
#992 = CARTESIAN_POINT('',(20.,28.));
#993 = VECTOR('',#994,1.);
#994 = DIRECTION('',(-1.,0.));
#995 = ( GEOMETRIC_REPRESENTATION_CONTEXT(2) 
PARAMETRIC_REPRESENTATION_CONTEXT() REPRESENTATION_CONTEXT('2D SPACE',''
  ) );
#996 = PCURVE('',#469,#997);
#997 = DEFINITIONAL_REPRESENTATION('',(#998),#1002);
#998 = LINE('',#999,#1000);
#999 = CARTESIAN_POINT('',(0.,-12.4));
#1000 = VECTOR('',#1001,1.);
#1001 = DIRECTION('',(1.,0.));
#1002 = ( GEOMETRIC_REPRESENTATION_CONTEXT(2) 
PARAMETRIC_REPRESENTATION_CONTEXT() REPRESENTATION_CONTEXT('2D SPACE',''
  ) );
#1003 = ORIENTED_EDGE('',*,*,#1004,.T.);
#1004 = EDGE_CURVE('',#982,#886,#1005,.T.);
#1005 = SURFACE_CURVE('',#1006,(#1011,#1018),.PCURVE_S1.);
#1006 = CIRCLE('',#1007,6.);
#1007 = AXIS2_PLACEMENT_3D('',#1008,#1009,#1010);
#1008 = CARTESIAN_POINT('',(-20.,22.,14.8));
#1009 = DIRECTION('',(0.,0.,1.));
#1010 = DIRECTION('',(1.,0.,0.));
#1011 = PCURVE('',#94,#1012);
#1012 = DEFINITIONAL_REPRESENTATION('',(#1013),#1017);
#1013 = CIRCLE('',#1014,6.);
#1014 = AXIS2_PLACEMENT_2D('',#1015,#1016);
#1015 = CARTESIAN_POINT('',(-20.,22.));
#1016 = DIRECTION('',(1.,0.));
#1017 = ( GEOMETRIC_REPRESENTATION_CONTEXT(2) 
PARAMETRIC_REPRESENTATION_CONTEXT() REPRESENTATION_CONTEXT('2D SPACE',''
  ) );
#1018 = PCURVE('',#496,#1019);
#1019 = DEFINITIONAL_REPRESENTATION('',(#1020),#1024);
#1020 = LINE('',#1021,#1022);
#1021 = CARTESIAN_POINT('',(-0.,-12.4));
#1022 = VECTOR('',#1023,1.);
#1023 = DIRECTION('',(-1.,0.));
#1024 = ( GEOMETRIC_REPRESENTATION_CONTEXT(2) 
PARAMETRIC_REPRESENTATION_CONTEXT() REPRESENTATION_CONTEXT('2D SPACE',''
  ) );
#1025 = FACE_BOUND('',#1026,.T.);
#1026 = EDGE_LOOP('',(#1027));
#1027 = ORIENTED_EDGE('',*,*,#1028,.T.);
#1028 = EDGE_CURVE('',#1029,#1029,#1031,.T.);
#1029 = VERTEX_POINT('',#1030);
#1030 = CARTESIAN_POINT('',(18.9,-4.,14.8));
#1031 = SURFACE_CURVE('',#1032,(#1037,#1048),.PCURVE_S1.);
#1032 = CIRCLE('',#1033,18.9);
#1033 = AXIS2_PLACEMENT_3D('',#1034,#1035,#1036);
#1034 = CARTESIAN_POINT('',(0.,-4.,14.8));
#1035 = DIRECTION('',(0.,0.,-1.));
#1036 = DIRECTION('',(1.,0.,0.));
#1037 = PCURVE('',#94,#1038);
#1038 = DEFINITIONAL_REPRESENTATION('',(#1039),#1047);
#1039 = ( BOUNDED_CURVE() B_SPLINE_CURVE(2,(#1040,#1041,#1042,#1043,
#1044,#1045,#1046),.UNSPECIFIED.,.T.,.F.) B_SPLINE_CURVE_WITH_KNOTS((1,2
    ,2,2,2,1),(-2.094395102393,0.,2.094395102393,4.188790204786,
6.28318530718,8.377580409573),.UNSPECIFIED.) CURVE() 
GEOMETRIC_REPRESENTATION_ITEM() RATIONAL_B_SPLINE_CURVE((1.,0.5,1.,0.5,
1.,0.5,1.)) REPRESENTATION_ITEM('') );
#1040 = CARTESIAN_POINT('',(18.9,-4.));
#1041 = CARTESIAN_POINT('',(18.9,-36.73576026305));
#1042 = CARTESIAN_POINT('',(-9.45,-20.36788013152));
#1043 = CARTESIAN_POINT('',(-37.8,-4.));
#1044 = CARTESIAN_POINT('',(-9.45,12.367880131526));
#1045 = CARTESIAN_POINT('',(18.9,28.735760263052));
#1046 = CARTESIAN_POINT('',(18.9,-4.));
#1047 = ( GEOMETRIC_REPRESENTATION_CONTEXT(2) 
PARAMETRIC_REPRESENTATION_CONTEXT() REPRESENTATION_CONTEXT('2D SPACE',''
  ) );
#1048 = PCURVE('',#1049,#1054);
#1049 = CYLINDRICAL_SURFACE('',#1050,18.9);
#1050 = AXIS2_PLACEMENT_3D('',#1051,#1052,#1053);
#1051 = CARTESIAN_POINT('',(0.,-4.,12.5));
#1052 = DIRECTION('',(-0.,-0.,-1.));
#1053 = DIRECTION('',(1.,0.,0.));
#1054 = DEFINITIONAL_REPRESENTATION('',(#1055),#1059);
#1055 = LINE('',#1056,#1057);
#1056 = CARTESIAN_POINT('',(-6.28318530718,-2.3));
#1057 = VECTOR('',#1058,1.);
#1058 = DIRECTION('',(1.,-0.));
#1059 = ( GEOMETRIC_REPRESENTATION_CONTEXT(2) 
PARAMETRIC_REPRESENTATION_CONTEXT() REPRESENTATION_CONTEXT('2D SPACE',''
  ) );
#1060 = ADVANCED_FACE('',(#1061),#122,.T.);
#1061 = FACE_BOUND('',#1062,.F.);
#1062 = EDGE_LOOP('',(#1063,#1083,#1084,#1085));
#1063 = ORIENTED_EDGE('',*,*,#1064,.F.);
#1064 = EDGE_CURVE('',#373,#911,#1065,.T.);
#1065 = SURFACE_CURVE('',#1066,(#1070,#1076),.PCURVE_S1.);
#1066 = LINE('',#1067,#1068);
#1067 = CARTESIAN_POINT('',(26.,-22.,2.4));
#1068 = VECTOR('',#1069,1.);
#1069 = DIRECTION('',(0.,0.,1.));
#1070 = PCURVE('',#122,#1071);
#1071 = DEFINITIONAL_REPRESENTATION('',(#1072),#1075);
#1072 = B_SPLINE_CURVE_WITH_KNOTS('',1,(#1073,#1074),.UNSPECIFIED.,.F.,
  .F.,(2,2),(0.,12.4),.PIECEWISE_BEZIER_KNOTS.);
#1073 = CARTESIAN_POINT('',(-6.28318530718,0.));
#1074 = CARTESIAN_POINT('',(-6.28318530718,-12.4));
#1075 = ( GEOMETRIC_REPRESENTATION_CONTEXT(2) 
PARAMETRIC_REPRESENTATION_CONTEXT() REPRESENTATION_CONTEXT('2D SPACE',''
  ) );
#1076 = PCURVE('',#412,#1077);
#1077 = DEFINITIONAL_REPRESENTATION('',(#1078),#1082);
#1078 = LINE('',#1079,#1080);
#1079 = CARTESIAN_POINT('',(0.,0.));
#1080 = VECTOR('',#1081,1.);
#1081 = DIRECTION('',(0.,-1.));
#1082 = ( GEOMETRIC_REPRESENTATION_CONTEXT(2) 
PARAMETRIC_REPRESENTATION_CONTEXT() REPRESENTATION_CONTEXT('2D SPACE',''
  ) );
#1083 = ORIENTED_EDGE('',*,*,#372,.F.);
#1084 = ORIENTED_EDGE('',*,*,#106,.T.);
#1085 = ORIENTED_EDGE('',*,*,#910,.T.);
#1086 = ADVANCED_FACE('',(#1087),#179,.T.);
#1087 = FACE_BOUND('',#1088,.T.);
#1088 = EDGE_LOOP('',(#1089,#1112,#1113,#1136));
#1089 = ORIENTED_EDGE('',*,*,#1090,.F.);
#1090 = EDGE_CURVE('',#163,#1091,#1093,.T.);
#1091 = VERTEX_POINT('',#1092);
#1092 = CARTESIAN_POINT('',(-5.1,-25.8,9.3));
#1093 = SURFACE_CURVE('',#1094,(#1098,#1105),.PCURVE_S1.);
#1094 = LINE('',#1095,#1096);
#1095 = CARTESIAN_POINT('',(-5.1,-31.,9.3));
#1096 = VECTOR('',#1097,1.);
#1097 = DIRECTION('',(0.,1.,0.));
#1098 = PCURVE('',#179,#1099);
#1099 = DEFINITIONAL_REPRESENTATION('',(#1100),#1104);
#1100 = LINE('',#1101,#1102);
#1101 = CARTESIAN_POINT('',(0.,-4.));
#1102 = VECTOR('',#1103,1.);
#1103 = DIRECTION('',(0.,1.));
#1104 = ( GEOMETRIC_REPRESENTATION_CONTEXT(2) 
PARAMETRIC_REPRESENTATION_CONTEXT() REPRESENTATION_CONTEXT('2D SPACE',''
  ) );
#1105 = PCURVE('',#255,#1106);
#1106 = DEFINITIONAL_REPRESENTATION('',(#1107),#1111);
#1107 = LINE('',#1108,#1109);
#1108 = CARTESIAN_POINT('',(10.2,-4.));
#1109 = VECTOR('',#1110,1.);
#1110 = DIRECTION('',(0.,1.));
#1111 = ( GEOMETRIC_REPRESENTATION_CONTEXT(2) 
PARAMETRIC_REPRESENTATION_CONTEXT() REPRESENTATION_CONTEXT('2D SPACE',''
  ) );
#1112 = ORIENTED_EDGE('',*,*,#162,.T.);
#1113 = ORIENTED_EDGE('',*,*,#1114,.T.);
#1114 = EDGE_CURVE('',#165,#1115,#1117,.T.);
#1115 = VERTEX_POINT('',#1116);
#1116 = CARTESIAN_POINT('',(-5.1,-25.8,4.7));
#1117 = SURFACE_CURVE('',#1118,(#1122,#1129),.PCURVE_S1.);
#1118 = LINE('',#1119,#1120);
#1119 = CARTESIAN_POINT('',(-5.1,-31.,4.7));
#1120 = VECTOR('',#1121,1.);
#1121 = DIRECTION('',(0.,1.,0.));
#1122 = PCURVE('',#179,#1123);
#1123 = DEFINITIONAL_REPRESENTATION('',(#1124),#1128);
#1124 = LINE('',#1125,#1126);
#1125 = CARTESIAN_POINT('',(4.6,-4.));
#1126 = VECTOR('',#1127,1.);
#1127 = DIRECTION('',(0.,1.));
#1128 = ( GEOMETRIC_REPRESENTATION_CONTEXT(2) 
PARAMETRIC_REPRESENTATION_CONTEXT() REPRESENTATION_CONTEXT('2D SPACE',''
  ) );
#1129 = PCURVE('',#205,#1130);
#1130 = DEFINITIONAL_REPRESENTATION('',(#1131),#1135);
#1131 = LINE('',#1132,#1133);
#1132 = CARTESIAN_POINT('',(0.,-4.));
#1133 = VECTOR('',#1134,1.);
#1134 = DIRECTION('',(0.,1.));
#1135 = ( GEOMETRIC_REPRESENTATION_CONTEXT(2) 
PARAMETRIC_REPRESENTATION_CONTEXT() REPRESENTATION_CONTEXT('2D SPACE',''
  ) );
#1136 = ORIENTED_EDGE('',*,*,#1137,.F.);
#1137 = EDGE_CURVE('',#1091,#1115,#1138,.T.);
#1138 = SURFACE_CURVE('',#1139,(#1143,#1149),.PCURVE_S1.);
#1139 = LINE('',#1140,#1141);
#1140 = CARTESIAN_POINT('',(-5.1,-25.8,5.845));
#1141 = VECTOR('',#1142,1.);
#1142 = DIRECTION('',(0.,0.,-1.));
#1143 = PCURVE('',#179,#1144);
#1144 = DEFINITIONAL_REPRESENTATION('',(#1145),#1148);
#1145 = B_SPLINE_CURVE_WITH_KNOTS('',1,(#1146,#1147),.UNSPECIFIED.,.F.,
  .F.,(2,2),(-3.455,1.145),.PIECEWISE_BEZIER_KNOTS.);
#1146 = CARTESIAN_POINT('',(0.,1.2));
#1147 = CARTESIAN_POINT('',(4.6,1.2));
#1148 = ( GEOMETRIC_REPRESENTATION_CONTEXT(2) 
PARAMETRIC_REPRESENTATION_CONTEXT() REPRESENTATION_CONTEXT('2D SPACE',''
  ) );
#1149 = PCURVE('',#778,#1150);
#1150 = DEFINITIONAL_REPRESENTATION('',(#1151),#1154);
#1151 = B_SPLINE_CURVE_WITH_KNOTS('',1,(#1152,#1153),.UNSPECIFIED.,.F.,
  .F.,(2,2),(-3.455,1.145),.PIECEWISE_BEZIER_KNOTS.);
#1152 = CARTESIAN_POINT('',(14.9,-6.91));
#1153 = CARTESIAN_POINT('',(14.9,-2.31));
#1154 = ( GEOMETRIC_REPRESENTATION_CONTEXT(2) 
PARAMETRIC_REPRESENTATION_CONTEXT() REPRESENTATION_CONTEXT('2D SPACE',''
  ) );
#1155 = ADVANCED_FACE('',(#1156),#255,.T.);
#1156 = FACE_BOUND('',#1157,.T.);
#1157 = EDGE_LOOP('',(#1158,#1181,#1182,#1183));
#1158 = ORIENTED_EDGE('',*,*,#1159,.T.);
#1159 = EDGE_CURVE('',#1160,#217,#1162,.T.);
#1160 = VERTEX_POINT('',#1161);
#1161 = CARTESIAN_POINT('',(5.1,-25.8,9.3));
#1162 = SURFACE_CURVE('',#1163,(#1167,#1174),.PCURVE_S1.);
#1163 = LINE('',#1164,#1165);
#1164 = CARTESIAN_POINT('',(5.1,-23.,9.3));
#1165 = VECTOR('',#1166,1.);
#1166 = DIRECTION('',(0.,-1.,0.));
#1167 = PCURVE('',#255,#1168);
#1168 = DEFINITIONAL_REPRESENTATION('',(#1169),#1173);
#1169 = LINE('',#1170,#1171);
#1170 = CARTESIAN_POINT('',(0.,4.));
#1171 = VECTOR('',#1172,1.);
#1172 = DIRECTION('',(0.,-1.));
#1173 = ( GEOMETRIC_REPRESENTATION_CONTEXT(2) 
PARAMETRIC_REPRESENTATION_CONTEXT() REPRESENTATION_CONTEXT('2D SPACE',''
  ) );
#1174 = PCURVE('',#231,#1175);
#1175 = DEFINITIONAL_REPRESENTATION('',(#1176),#1180);
#1176 = LINE('',#1177,#1178);
#1177 = CARTESIAN_POINT('',(4.6,4.));
#1178 = VECTOR('',#1179,1.);
#1179 = DIRECTION('',(0.,-1.));
#1180 = ( GEOMETRIC_REPRESENTATION_CONTEXT(2) 
PARAMETRIC_REPRESENTATION_CONTEXT() REPRESENTATION_CONTEXT('2D SPACE',''
  ) );
#1181 = ORIENTED_EDGE('',*,*,#242,.T.);
#1182 = ORIENTED_EDGE('',*,*,#1090,.T.);
#1183 = ORIENTED_EDGE('',*,*,#1184,.F.);
#1184 = EDGE_CURVE('',#1160,#1091,#1185,.T.);
#1185 = SURFACE_CURVE('',#1186,(#1190,#1196),.PCURVE_S1.);
#1186 = LINE('',#1187,#1188);
#1187 = CARTESIAN_POINT('',(-7.45,-25.8,9.3));
#1188 = VECTOR('',#1189,1.);
#1189 = DIRECTION('',(-1.,0.,0.));
#1190 = PCURVE('',#255,#1191);
#1191 = DEFINITIONAL_REPRESENTATION('',(#1192),#1195);
#1192 = B_SPLINE_CURVE_WITH_KNOTS('',1,(#1193,#1194),.UNSPECIFIED.,.F.,
  .F.,(2,2),(-12.55,-2.35),.PIECEWISE_BEZIER_KNOTS.);
#1193 = CARTESIAN_POINT('',(0.,1.2));
#1194 = CARTESIAN_POINT('',(10.2,1.2));
#1195 = ( GEOMETRIC_REPRESENTATION_CONTEXT(2) 
PARAMETRIC_REPRESENTATION_CONTEXT() REPRESENTATION_CONTEXT('2D SPACE',''
  ) );
#1196 = PCURVE('',#778,#1197);
#1197 = DEFINITIONAL_REPRESENTATION('',(#1198),#1201);
#1198 = B_SPLINE_CURVE_WITH_KNOTS('',1,(#1199,#1200),.UNSPECIFIED.,.F.,
  .F.,(2,2),(-12.55,-2.35),.PIECEWISE_BEZIER_KNOTS.);
#1199 = CARTESIAN_POINT('',(25.1,-6.91));
#1200 = CARTESIAN_POINT('',(14.9,-6.91));
#1201 = ( GEOMETRIC_REPRESENTATION_CONTEXT(2) 
PARAMETRIC_REPRESENTATION_CONTEXT() REPRESENTATION_CONTEXT('2D SPACE',''
  ) );
#1202 = ADVANCED_FACE('',(#1203),#231,.T.);
#1203 = FACE_BOUND('',#1204,.T.);
#1204 = EDGE_LOOP('',(#1205,#1228,#1229,#1230));
#1205 = ORIENTED_EDGE('',*,*,#1206,.T.);
#1206 = EDGE_CURVE('',#1207,#191,#1209,.T.);
#1207 = VERTEX_POINT('',#1208);
#1208 = CARTESIAN_POINT('',(5.1,-25.8,4.7));
#1209 = SURFACE_CURVE('',#1210,(#1214,#1221),.PCURVE_S1.);
#1210 = LINE('',#1211,#1212);
#1211 = CARTESIAN_POINT('',(5.1,-23.,4.7));
#1212 = VECTOR('',#1213,1.);
#1213 = DIRECTION('',(0.,-1.,0.));
#1214 = PCURVE('',#231,#1215);
#1215 = DEFINITIONAL_REPRESENTATION('',(#1216),#1220);
#1216 = LINE('',#1217,#1218);
#1217 = CARTESIAN_POINT('',(0.,4.));
#1218 = VECTOR('',#1219,1.);
#1219 = DIRECTION('',(0.,-1.));
#1220 = ( GEOMETRIC_REPRESENTATION_CONTEXT(2) 
PARAMETRIC_REPRESENTATION_CONTEXT() REPRESENTATION_CONTEXT('2D SPACE',''
  ) );
#1221 = PCURVE('',#205,#1222);
#1222 = DEFINITIONAL_REPRESENTATION('',(#1223),#1227);
#1223 = LINE('',#1224,#1225);
#1224 = CARTESIAN_POINT('',(10.2,4.));
#1225 = VECTOR('',#1226,1.);
#1226 = DIRECTION('',(0.,-1.));
#1227 = ( GEOMETRIC_REPRESENTATION_CONTEXT(2) 
PARAMETRIC_REPRESENTATION_CONTEXT() REPRESENTATION_CONTEXT('2D SPACE',''
  ) );
#1228 = ORIENTED_EDGE('',*,*,#216,.T.);
#1229 = ORIENTED_EDGE('',*,*,#1159,.F.);
#1230 = ORIENTED_EDGE('',*,*,#1231,.F.);
#1231 = EDGE_CURVE('',#1207,#1160,#1232,.T.);
#1232 = SURFACE_CURVE('',#1233,(#1237,#1243),.PCURVE_S1.);
#1233 = LINE('',#1234,#1235);
#1234 = CARTESIAN_POINT('',(5.1,-25.8,3.545));
#1235 = VECTOR('',#1236,1.);
#1236 = DIRECTION('',(0.,-0.,1.));
#1237 = PCURVE('',#231,#1238);
#1238 = DEFINITIONAL_REPRESENTATION('',(#1239),#1242);
#1239 = B_SPLINE_CURVE_WITH_KNOTS('',1,(#1240,#1241),.UNSPECIFIED.,.F.,
  .F.,(2,2),(1.155,5.755),.PIECEWISE_BEZIER_KNOTS.);
#1240 = CARTESIAN_POINT('',(0.,1.2));
#1241 = CARTESIAN_POINT('',(4.6,1.2));
#1242 = ( GEOMETRIC_REPRESENTATION_CONTEXT(2) 
PARAMETRIC_REPRESENTATION_CONTEXT() REPRESENTATION_CONTEXT('2D SPACE',''
  ) );
#1243 = PCURVE('',#778,#1244);
#1244 = DEFINITIONAL_REPRESENTATION('',(#1245),#1248);
#1245 = B_SPLINE_CURVE_WITH_KNOTS('',1,(#1246,#1247),.UNSPECIFIED.,.F.,
  .F.,(2,2),(1.155,5.755),.PIECEWISE_BEZIER_KNOTS.);
#1246 = CARTESIAN_POINT('',(25.1,-2.31));
#1247 = CARTESIAN_POINT('',(25.1,-6.91));
#1248 = ( GEOMETRIC_REPRESENTATION_CONTEXT(2) 
PARAMETRIC_REPRESENTATION_CONTEXT() REPRESENTATION_CONTEXT('2D SPACE',''
  ) );
#1249 = ADVANCED_FACE('',(#1250),#205,.T.);
#1250 = FACE_BOUND('',#1251,.T.);
#1251 = EDGE_LOOP('',(#1252,#1253,#1254,#1255));
#1252 = ORIENTED_EDGE('',*,*,#1114,.F.);
#1253 = ORIENTED_EDGE('',*,*,#190,.T.);
#1254 = ORIENTED_EDGE('',*,*,#1206,.F.);
#1255 = ORIENTED_EDGE('',*,*,#1256,.F.);
#1256 = EDGE_CURVE('',#1115,#1207,#1257,.T.);
#1257 = SURFACE_CURVE('',#1258,(#1262,#1268),.PCURVE_S1.);
#1258 = LINE('',#1259,#1260);
#1259 = CARTESIAN_POINT('',(-12.55,-25.8,4.7));
#1260 = VECTOR('',#1261,1.);
#1261 = DIRECTION('',(1.,-0.,0.));
#1262 = PCURVE('',#205,#1263);
#1263 = DEFINITIONAL_REPRESENTATION('',(#1264),#1267);
#1264 = B_SPLINE_CURVE_WITH_KNOTS('',1,(#1265,#1266),.UNSPECIFIED.,.F.,
  .F.,(2,2),(7.45,17.65),.PIECEWISE_BEZIER_KNOTS.);
#1265 = CARTESIAN_POINT('',(0.,1.2));
#1266 = CARTESIAN_POINT('',(10.2,1.2));
#1267 = ( GEOMETRIC_REPRESENTATION_CONTEXT(2) 
PARAMETRIC_REPRESENTATION_CONTEXT() REPRESENTATION_CONTEXT('2D SPACE',''
  ) );
#1268 = PCURVE('',#778,#1269);
#1269 = DEFINITIONAL_REPRESENTATION('',(#1270),#1273);
#1270 = B_SPLINE_CURVE_WITH_KNOTS('',1,(#1271,#1272),.UNSPECIFIED.,.F.,
  .F.,(2,2),(7.45,17.65),.PIECEWISE_BEZIER_KNOTS.);
#1271 = CARTESIAN_POINT('',(14.9,-2.31));
#1272 = CARTESIAN_POINT('',(25.1,-2.31));
#1273 = ( GEOMETRIC_REPRESENTATION_CONTEXT(2) 
PARAMETRIC_REPRESENTATION_CONTEXT() REPRESENTATION_CONTEXT('2D SPACE',''
  ) );
#1274 = ADVANCED_FACE('',(#1275),#309,.F.);
#1275 = FACE_BOUND('',#1276,.F.);
#1276 = EDGE_LOOP('',(#1277,#1298,#1299,#1300));
#1277 = ORIENTED_EDGE('',*,*,#1278,.T.);
#1278 = EDGE_CURVE('',#348,#886,#1279,.T.);
#1279 = SURFACE_CURVE('',#1280,(#1284,#1291),.PCURVE_S1.);
#1280 = LINE('',#1281,#1282);
#1281 = CARTESIAN_POINT('',(-26.,22.,2.4));
#1282 = VECTOR('',#1283,1.);
#1283 = DIRECTION('',(0.,0.,1.));
#1284 = PCURVE('',#309,#1285);
#1285 = DEFINITIONAL_REPRESENTATION('',(#1286),#1290);
#1286 = LINE('',#1287,#1288);
#1287 = CARTESIAN_POINT('',(0.,0.));
#1288 = VECTOR('',#1289,1.);
#1289 = DIRECTION('',(0.,-1.));
#1290 = ( GEOMETRIC_REPRESENTATION_CONTEXT(2) 
PARAMETRIC_REPRESENTATION_CONTEXT() REPRESENTATION_CONTEXT('2D SPACE',''
  ) );
#1291 = PCURVE('',#496,#1292);
#1292 = DEFINITIONAL_REPRESENTATION('',(#1293),#1297);
#1293 = LINE('',#1294,#1295);
#1294 = CARTESIAN_POINT('',(-3.14159265359,0.));
#1295 = VECTOR('',#1296,1.);
#1296 = DIRECTION('',(-0.,-1.));
#1297 = ( GEOMETRIC_REPRESENTATION_CONTEXT(2) 
PARAMETRIC_REPRESENTATION_CONTEXT() REPRESENTATION_CONTEXT('2D SPACE',''
  ) );
#1298 = ORIENTED_EDGE('',*,*,#885,.T.);
#1299 = ORIENTED_EDGE('',*,*,#293,.F.);
#1300 = ORIENTED_EDGE('',*,*,#347,.F.);
#1301 = ADVANCED_FACE('',(#1302),#496,.T.);
#1302 = FACE_BOUND('',#1303,.F.);
#1303 = EDGE_LOOP('',(#1304,#1305,#1326,#1327));
#1304 = ORIENTED_EDGE('',*,*,#481,.F.);
#1305 = ORIENTED_EDGE('',*,*,#1306,.T.);
#1306 = EDGE_CURVE('',#454,#982,#1307,.T.);
#1307 = SURFACE_CURVE('',#1308,(#1312,#1319),.PCURVE_S1.);
#1308 = LINE('',#1309,#1310);
#1309 = CARTESIAN_POINT('',(-20.,28.,2.4));
#1310 = VECTOR('',#1311,1.);
#1311 = DIRECTION('',(0.,0.,1.));
#1312 = PCURVE('',#496,#1313);
#1313 = DEFINITIONAL_REPRESENTATION('',(#1314),#1318);
#1314 = LINE('',#1315,#1316);
#1315 = CARTESIAN_POINT('',(-1.570796326795,0.));
#1316 = VECTOR('',#1317,1.);
#1317 = DIRECTION('',(-0.,-1.));
#1318 = ( GEOMETRIC_REPRESENTATION_CONTEXT(2) 
PARAMETRIC_REPRESENTATION_CONTEXT() REPRESENTATION_CONTEXT('2D SPACE',''
  ) );
#1319 = PCURVE('',#469,#1320);
#1320 = DEFINITIONAL_REPRESENTATION('',(#1321),#1325);
#1321 = LINE('',#1322,#1323);
#1322 = CARTESIAN_POINT('',(40.,0.));
#1323 = VECTOR('',#1324,1.);
#1324 = DIRECTION('',(0.,-1.));
#1325 = ( GEOMETRIC_REPRESENTATION_CONTEXT(2) 
PARAMETRIC_REPRESENTATION_CONTEXT() REPRESENTATION_CONTEXT('2D SPACE',''
  ) );
#1326 = ORIENTED_EDGE('',*,*,#1004,.T.);
#1327 = ORIENTED_EDGE('',*,*,#1278,.F.);
#1328 = ADVANCED_FACE('',(#1329),#469,.F.);
#1329 = FACE_BOUND('',#1330,.F.);
#1330 = EDGE_LOOP('',(#1331,#1352,#1353,#1354));
#1331 = ORIENTED_EDGE('',*,*,#1332,.T.);
#1332 = EDGE_CURVE('',#425,#958,#1333,.T.);
#1333 = SURFACE_CURVE('',#1334,(#1338,#1345),.PCURVE_S1.);
#1334 = LINE('',#1335,#1336);
#1335 = CARTESIAN_POINT('',(20.,28.,2.4));
#1336 = VECTOR('',#1337,1.);
#1337 = DIRECTION('',(0.,0.,1.));
#1338 = PCURVE('',#469,#1339);
#1339 = DEFINITIONAL_REPRESENTATION('',(#1340),#1344);
#1340 = LINE('',#1341,#1342);
#1341 = CARTESIAN_POINT('',(0.,-0.));
#1342 = VECTOR('',#1343,1.);
#1343 = DIRECTION('',(0.,-1.));
#1344 = ( GEOMETRIC_REPRESENTATION_CONTEXT(2) 
PARAMETRIC_REPRESENTATION_CONTEXT() REPRESENTATION_CONTEXT('2D SPACE',''
  ) );
#1345 = PCURVE('',#441,#1346);
#1346 = DEFINITIONAL_REPRESENTATION('',(#1347),#1351);
#1347 = LINE('',#1348,#1349);
#1348 = CARTESIAN_POINT('',(-1.570796326795,0.));
#1349 = VECTOR('',#1350,1.);
#1350 = DIRECTION('',(-0.,-1.));
#1351 = ( GEOMETRIC_REPRESENTATION_CONTEXT(2) 
PARAMETRIC_REPRESENTATION_CONTEXT() REPRESENTATION_CONTEXT('2D SPACE',''
  ) );
#1352 = ORIENTED_EDGE('',*,*,#981,.T.);
#1353 = ORIENTED_EDGE('',*,*,#1306,.F.);
#1354 = ORIENTED_EDGE('',*,*,#453,.F.);
#1355 = ADVANCED_FACE('',(#1356),#441,.T.);
#1356 = FACE_BOUND('',#1357,.F.);
#1357 = EDGE_LOOP('',(#1358,#1359,#1379,#1380));
#1358 = ORIENTED_EDGE('',*,*,#424,.F.);
#1359 = ORIENTED_EDGE('',*,*,#1360,.T.);
#1360 = EDGE_CURVE('',#397,#935,#1361,.T.);
#1361 = SURFACE_CURVE('',#1362,(#1366,#1372),.PCURVE_S1.);
#1362 = LINE('',#1363,#1364);
#1363 = CARTESIAN_POINT('',(26.,22.,2.4));
#1364 = VECTOR('',#1365,1.);
#1365 = DIRECTION('',(0.,0.,1.));
#1366 = PCURVE('',#441,#1367);
#1367 = DEFINITIONAL_REPRESENTATION('',(#1368),#1371);
#1368 = B_SPLINE_CURVE_WITH_KNOTS('',1,(#1369,#1370),.UNSPECIFIED.,.F.,
  .F.,(2,2),(0.,12.4),.PIECEWISE_BEZIER_KNOTS.);
#1369 = CARTESIAN_POINT('',(0.,0.));
#1370 = CARTESIAN_POINT('',(0.,-12.4));
#1371 = ( GEOMETRIC_REPRESENTATION_CONTEXT(2) 
PARAMETRIC_REPRESENTATION_CONTEXT() REPRESENTATION_CONTEXT('2D SPACE',''
  ) );
#1372 = PCURVE('',#412,#1373);
#1373 = DEFINITIONAL_REPRESENTATION('',(#1374),#1378);
#1374 = LINE('',#1375,#1376);
#1375 = CARTESIAN_POINT('',(44.,0.));
#1376 = VECTOR('',#1377,1.);
#1377 = DIRECTION('',(0.,-1.));
#1378 = ( GEOMETRIC_REPRESENTATION_CONTEXT(2) 
PARAMETRIC_REPRESENTATION_CONTEXT() REPRESENTATION_CONTEXT('2D SPACE',''
  ) );
#1379 = ORIENTED_EDGE('',*,*,#957,.T.);
#1380 = ORIENTED_EDGE('',*,*,#1332,.F.);
#1381 = ADVANCED_FACE('',(#1382),#412,.F.);
#1382 = FACE_BOUND('',#1383,.F.);
#1383 = EDGE_LOOP('',(#1384,#1385,#1386,#1387));
#1384 = ORIENTED_EDGE('',*,*,#1064,.T.);
#1385 = ORIENTED_EDGE('',*,*,#934,.T.);
#1386 = ORIENTED_EDGE('',*,*,#1360,.F.);
#1387 = ORIENTED_EDGE('',*,*,#396,.F.);
#1388 = ADVANCED_FACE('',(#1389),#531,.F.);
#1389 = FACE_BOUND('',#1390,.T.);
#1390 = EDGE_LOOP('',(#1391,#1392,#1415,#1442));
#1391 = ORIENTED_EDGE('',*,*,#510,.T.);
#1392 = ORIENTED_EDGE('',*,*,#1393,.T.);
#1393 = EDGE_CURVE('',#511,#1394,#1396,.T.);
#1394 = VERTEX_POINT('',#1395);
#1395 = CARTESIAN_POINT('',(-19.4,-23.,8.1));
#1396 = SEAM_CURVE('',#1397,(#1401,#1408),.PCURVE_S1.);
#1397 = LINE('',#1398,#1399);
#1398 = CARTESIAN_POINT('',(-19.4,-23.,2.3));
#1399 = VECTOR('',#1400,1.);
#1400 = DIRECTION('',(0.,0.,1.));
#1401 = PCURVE('',#531,#1402);
#1402 = DEFINITIONAL_REPRESENTATION('',(#1403),#1407);
#1403 = LINE('',#1404,#1405);
#1404 = CARTESIAN_POINT('',(-6.28318530718,0.));
#1405 = VECTOR('',#1406,1.);
#1406 = DIRECTION('',(-0.,-1.));
#1407 = ( GEOMETRIC_REPRESENTATION_CONTEXT(2) 
PARAMETRIC_REPRESENTATION_CONTEXT() REPRESENTATION_CONTEXT('2D SPACE',''
  ) );
#1408 = PCURVE('',#531,#1409);
#1409 = DEFINITIONAL_REPRESENTATION('',(#1410),#1414);
#1410 = LINE('',#1411,#1412);
#1411 = CARTESIAN_POINT('',(-0.,0.));
#1412 = VECTOR('',#1413,1.);
#1413 = DIRECTION('',(-0.,-1.));
#1414 = ( GEOMETRIC_REPRESENTATION_CONTEXT(2) 
PARAMETRIC_REPRESENTATION_CONTEXT() REPRESENTATION_CONTEXT('2D SPACE',''
  ) );
#1415 = ORIENTED_EDGE('',*,*,#1416,.T.);
#1416 = EDGE_CURVE('',#1394,#1394,#1417,.T.);
#1417 = SURFACE_CURVE('',#1418,(#1423,#1430),.PCURVE_S1.);
#1418 = CIRCLE('',#1419,1.6);
#1419 = AXIS2_PLACEMENT_3D('',#1420,#1421,#1422);
#1420 = CARTESIAN_POINT('',(-21.,-23.,8.1));
#1421 = DIRECTION('',(0.,0.,1.));
#1422 = DIRECTION('',(1.,0.,0.));
#1423 = PCURVE('',#531,#1424);
#1424 = DEFINITIONAL_REPRESENTATION('',(#1425),#1429);
#1425 = LINE('',#1426,#1427);
#1426 = CARTESIAN_POINT('',(-0.,-5.8));
#1427 = VECTOR('',#1428,1.);
#1428 = DIRECTION('',(-1.,0.));
#1429 = ( GEOMETRIC_REPRESENTATION_CONTEXT(2) 
PARAMETRIC_REPRESENTATION_CONTEXT() REPRESENTATION_CONTEXT('2D SPACE',''
  ) );
#1430 = PCURVE('',#1431,#1436);
#1431 = PLANE('',#1432);
#1432 = AXIS2_PLACEMENT_3D('',#1433,#1434,#1435);
#1433 = CARTESIAN_POINT('',(-21.,-23.,8.1));
#1434 = DIRECTION('',(0.,0.,1.));
#1435 = DIRECTION('',(1.,0.,-0.));
#1436 = DEFINITIONAL_REPRESENTATION('',(#1437),#1441);
#1437 = CIRCLE('',#1438,1.6);
#1438 = AXIS2_PLACEMENT_2D('',#1439,#1440);
#1439 = CARTESIAN_POINT('',(3.552713678801E-15,0.));
#1440 = DIRECTION('',(1.,0.));
#1441 = ( GEOMETRIC_REPRESENTATION_CONTEXT(2) 
PARAMETRIC_REPRESENTATION_CONTEXT() REPRESENTATION_CONTEXT('2D SPACE',''
  ) );
#1442 = ORIENTED_EDGE('',*,*,#1393,.F.);
#1443 = ADVANCED_FACE('',(#1444),#566,.F.);
#1444 = FACE_BOUND('',#1445,.T.);
#1445 = EDGE_LOOP('',(#1446,#1447,#1470,#1497));
#1446 = ORIENTED_EDGE('',*,*,#545,.T.);
#1447 = ORIENTED_EDGE('',*,*,#1448,.T.);
#1448 = EDGE_CURVE('',#546,#1449,#1451,.T.);
#1449 = VERTEX_POINT('',#1450);
#1450 = CARTESIAN_POINT('',(22.6,-23.,8.1));
#1451 = SEAM_CURVE('',#1452,(#1456,#1463),.PCURVE_S1.);
#1452 = LINE('',#1453,#1454);
#1453 = CARTESIAN_POINT('',(22.6,-23.,2.3));
#1454 = VECTOR('',#1455,1.);
#1455 = DIRECTION('',(0.,0.,1.));
#1456 = PCURVE('',#566,#1457);
#1457 = DEFINITIONAL_REPRESENTATION('',(#1458),#1462);
#1458 = LINE('',#1459,#1460);
#1459 = CARTESIAN_POINT('',(-6.28318530718,0.));
#1460 = VECTOR('',#1461,1.);
#1461 = DIRECTION('',(-0.,-1.));
#1462 = ( GEOMETRIC_REPRESENTATION_CONTEXT(2) 
PARAMETRIC_REPRESENTATION_CONTEXT() REPRESENTATION_CONTEXT('2D SPACE',''
  ) );
#1463 = PCURVE('',#566,#1464);
#1464 = DEFINITIONAL_REPRESENTATION('',(#1465),#1469);
#1465 = LINE('',#1466,#1467);
#1466 = CARTESIAN_POINT('',(-0.,0.));
#1467 = VECTOR('',#1468,1.);
#1468 = DIRECTION('',(-0.,-1.));
#1469 = ( GEOMETRIC_REPRESENTATION_CONTEXT(2) 
PARAMETRIC_REPRESENTATION_CONTEXT() REPRESENTATION_CONTEXT('2D SPACE',''
  ) );
#1470 = ORIENTED_EDGE('',*,*,#1471,.T.);
#1471 = EDGE_CURVE('',#1449,#1449,#1472,.T.);
#1472 = SURFACE_CURVE('',#1473,(#1478,#1485),.PCURVE_S1.);
#1473 = CIRCLE('',#1474,1.6);
#1474 = AXIS2_PLACEMENT_3D('',#1475,#1476,#1477);
#1475 = CARTESIAN_POINT('',(21.,-23.,8.1));
#1476 = DIRECTION('',(0.,0.,1.));
#1477 = DIRECTION('',(1.,0.,0.));
#1478 = PCURVE('',#566,#1479);
#1479 = DEFINITIONAL_REPRESENTATION('',(#1480),#1484);
#1480 = LINE('',#1481,#1482);
#1481 = CARTESIAN_POINT('',(-0.,-5.8));
#1482 = VECTOR('',#1483,1.);
#1483 = DIRECTION('',(-1.,0.));
#1484 = ( GEOMETRIC_REPRESENTATION_CONTEXT(2) 
PARAMETRIC_REPRESENTATION_CONTEXT() REPRESENTATION_CONTEXT('2D SPACE',''
  ) );
#1485 = PCURVE('',#1486,#1491);
#1486 = PLANE('',#1487);
#1487 = AXIS2_PLACEMENT_3D('',#1488,#1489,#1490);
#1488 = CARTESIAN_POINT('',(21.,-23.,8.1));
#1489 = DIRECTION('',(0.,0.,1.));
#1490 = DIRECTION('',(1.,0.,-0.));
#1491 = DEFINITIONAL_REPRESENTATION('',(#1492),#1496);
#1492 = CIRCLE('',#1493,1.6);
#1493 = AXIS2_PLACEMENT_2D('',#1494,#1495);
#1494 = CARTESIAN_POINT('',(-3.552713678801E-15,0.));
#1495 = DIRECTION('',(1.,0.));
#1496 = ( GEOMETRIC_REPRESENTATION_CONTEXT(2) 
PARAMETRIC_REPRESENTATION_CONTEXT() REPRESENTATION_CONTEXT('2D SPACE',''
  ) );
#1497 = ORIENTED_EDGE('',*,*,#1448,.F.);
#1498 = ADVANCED_FACE('',(#1499),#601,.F.);
#1499 = FACE_BOUND('',#1500,.T.);
#1500 = EDGE_LOOP('',(#1501,#1502,#1525,#1552));
#1501 = ORIENTED_EDGE('',*,*,#580,.T.);
#1502 = ORIENTED_EDGE('',*,*,#1503,.T.);
#1503 = EDGE_CURVE('',#581,#1504,#1506,.T.);
#1504 = VERTEX_POINT('',#1505);
#1505 = CARTESIAN_POINT('',(-19.4,23.,8.1));
#1506 = SEAM_CURVE('',#1507,(#1511,#1518),.PCURVE_S1.);
#1507 = LINE('',#1508,#1509);
#1508 = CARTESIAN_POINT('',(-19.4,23.,2.3));
#1509 = VECTOR('',#1510,1.);
#1510 = DIRECTION('',(0.,0.,1.));
#1511 = PCURVE('',#601,#1512);
#1512 = DEFINITIONAL_REPRESENTATION('',(#1513),#1517);
#1513 = LINE('',#1514,#1515);
#1514 = CARTESIAN_POINT('',(-6.28318530718,0.));
#1515 = VECTOR('',#1516,1.);
#1516 = DIRECTION('',(-0.,-1.));
#1517 = ( GEOMETRIC_REPRESENTATION_CONTEXT(2) 
PARAMETRIC_REPRESENTATION_CONTEXT() REPRESENTATION_CONTEXT('2D SPACE',''
  ) );
#1518 = PCURVE('',#601,#1519);
#1519 = DEFINITIONAL_REPRESENTATION('',(#1520),#1524);
#1520 = LINE('',#1521,#1522);
#1521 = CARTESIAN_POINT('',(-0.,0.));
#1522 = VECTOR('',#1523,1.);
#1523 = DIRECTION('',(-0.,-1.));
#1524 = ( GEOMETRIC_REPRESENTATION_CONTEXT(2) 
PARAMETRIC_REPRESENTATION_CONTEXT() REPRESENTATION_CONTEXT('2D SPACE',''
  ) );
#1525 = ORIENTED_EDGE('',*,*,#1526,.T.);
#1526 = EDGE_CURVE('',#1504,#1504,#1527,.T.);
#1527 = SURFACE_CURVE('',#1528,(#1533,#1540),.PCURVE_S1.);
#1528 = CIRCLE('',#1529,1.6);
#1529 = AXIS2_PLACEMENT_3D('',#1530,#1531,#1532);
#1530 = CARTESIAN_POINT('',(-21.,23.,8.1));
#1531 = DIRECTION('',(0.,0.,1.));
#1532 = DIRECTION('',(1.,0.,0.));
#1533 = PCURVE('',#601,#1534);
#1534 = DEFINITIONAL_REPRESENTATION('',(#1535),#1539);
#1535 = LINE('',#1536,#1537);
#1536 = CARTESIAN_POINT('',(-0.,-5.8));
#1537 = VECTOR('',#1538,1.);
#1538 = DIRECTION('',(-1.,0.));
#1539 = ( GEOMETRIC_REPRESENTATION_CONTEXT(2) 
PARAMETRIC_REPRESENTATION_CONTEXT() REPRESENTATION_CONTEXT('2D SPACE',''
  ) );
#1540 = PCURVE('',#1541,#1546);
#1541 = PLANE('',#1542);
#1542 = AXIS2_PLACEMENT_3D('',#1543,#1544,#1545);
#1543 = CARTESIAN_POINT('',(-21.,23.,8.1));
#1544 = DIRECTION('',(0.,0.,1.));
#1545 = DIRECTION('',(1.,0.,-0.));
#1546 = DEFINITIONAL_REPRESENTATION('',(#1547),#1551);
#1547 = CIRCLE('',#1548,1.6);
#1548 = AXIS2_PLACEMENT_2D('',#1549,#1550);
#1549 = CARTESIAN_POINT('',(3.552713678801E-15,0.));
#1550 = DIRECTION('',(1.,0.));
#1551 = ( GEOMETRIC_REPRESENTATION_CONTEXT(2) 
PARAMETRIC_REPRESENTATION_CONTEXT() REPRESENTATION_CONTEXT('2D SPACE',''
  ) );
#1552 = ORIENTED_EDGE('',*,*,#1503,.F.);
#1553 = ADVANCED_FACE('',(#1554),#638,.T.);
#1554 = FACE_BOUND('',#1555,.F.);
#1555 = EDGE_LOOP('',(#1556,#1557,#1578,#1611));
#1556 = ORIENTED_EDGE('',*,*,#615,.T.);
#1557 = ORIENTED_EDGE('',*,*,#1558,.F.);
#1558 = EDGE_CURVE('',#1559,#618,#1561,.T.);
#1559 = VERTEX_POINT('',#1560);
#1560 = CARTESIAN_POINT('',(-23.8,21.071269847801,12.59));
#1561 = SURFACE_CURVE('',#1562,(#1566,#1572),.PCURVE_S1.);
#1562 = LINE('',#1563,#1564);
#1563 = CARTESIAN_POINT('',(-23.8,21.071269847801,2.4));
#1564 = VECTOR('',#1565,1.);
#1565 = DIRECTION('',(-0.,-0.,-1.));
#1566 = PCURVE('',#638,#1567);
#1567 = DEFINITIONAL_REPRESENTATION('',(#1568),#1571);
#1568 = B_SPLINE_CURVE_WITH_KNOTS('',1,(#1569,#1570),.UNSPECIFIED.,.F.,
  .F.,(2,2),(-10.19,0.),.PIECEWISE_BEZIER_KNOTS.);
#1569 = CARTESIAN_POINT('',(-3.744784059199,-10.19));
#1570 = CARTESIAN_POINT('',(-3.744784059199,0.));
#1571 = ( GEOMETRIC_REPRESENTATION_CONTEXT(2) 
PARAMETRIC_REPRESENTATION_CONTEXT() REPRESENTATION_CONTEXT('2D SPACE',''
  ) );
#1572 = PCURVE('',#836,#1573);
#1573 = DEFINITIONAL_REPRESENTATION('',(#1574),#1577);
#1574 = B_SPLINE_CURVE_WITH_KNOTS('',1,(#1575,#1576),.UNSPECIFIED.,.F.,
  .F.,(2,2),(-10.3000006,5.999999999062E-07),.PIECEWISE_BEZIER_KNOTS.);
#1575 = CARTESIAN_POINT('',(0.928730152199,-10.3100006));
#1576 = CARTESIAN_POINT('',(0.928730152199,-9.9994E-03));
#1577 = ( GEOMETRIC_REPRESENTATION_CONTEXT(2) 
PARAMETRIC_REPRESENTATION_CONTEXT() REPRESENTATION_CONTEXT('2D SPACE',''
  ) );
#1578 = ORIENTED_EDGE('',*,*,#1579,.F.);
#1579 = EDGE_CURVE('',#1580,#1559,#1582,.T.);
#1580 = VERTEX_POINT('',#1581);
#1581 = CARTESIAN_POINT('',(-19.0712698478,25.8,12.59));
#1582 = SURFACE_CURVE('',#1583,(#1588,#1595),.PCURVE_S1.);
#1583 = CIRCLE('',#1584,3.4);
#1584 = AXIS2_PLACEMENT_3D('',#1585,#1586,#1587);
#1585 = CARTESIAN_POINT('',(-21.,23.,12.59));
#1586 = DIRECTION('',(0.,0.,-1.));
#1587 = DIRECTION('',(0.567273574176,0.823529411765,0.));
#1588 = PCURVE('',#638,#1589);
#1589 = DEFINITIONAL_REPRESENTATION('',(#1590),#1594);
#1590 = LINE('',#1591,#1592);
#1591 = CARTESIAN_POINT('',(-7.250790228365,-10.19));
#1592 = VECTOR('',#1593,1.);
#1593 = DIRECTION('',(1.,-0.));
#1594 = ( GEOMETRIC_REPRESENTATION_CONTEXT(2) 
PARAMETRIC_REPRESENTATION_CONTEXT() REPRESENTATION_CONTEXT('2D SPACE',''
  ) );
#1595 = PCURVE('',#1596,#1601);
#1596 = PLANE('',#1597);
#1597 = AXIS2_PLACEMENT_3D('',#1598,#1599,#1600);
#1598 = CARTESIAN_POINT('',(0.,0.,12.59));
#1599 = DIRECTION('',(0.,0.,1.));
#1600 = DIRECTION('',(1.,0.,-0.));
#1601 = DEFINITIONAL_REPRESENTATION('',(#1602),#1610);
#1602 = ( BOUNDED_CURVE() B_SPLINE_CURVE(2,(#1603,#1604,#1605,#1606,
#1607,#1608,#1609),.UNSPECIFIED.,.T.,.F.) B_SPLINE_CURVE_WITH_KNOTS((1,2
    ,2,2,2,1),(-2.094395102393,0.,2.094395102393,4.188790204786,
6.28318530718,8.377580409573),.UNSPECIFIED.) CURVE() 
GEOMETRIC_REPRESENTATION_ITEM() RATIONAL_B_SPLINE_CURVE((1.,0.5,1.,0.5,
1.,0.5,1.)) REPRESENTATION_ITEM('') );
#1603 = CARTESIAN_POINT('',(-19.0712698478,25.8));
#1604 = CARTESIAN_POINT('',(-14.2215275866,22.459341382302));
#1605 = CARTESIAN_POINT('',(-19.5394939455,19.929670691151));
#1606 = CARTESIAN_POINT('',(-24.85746030439,17.4));
#1607 = CARTESIAN_POINT('',(-24.38923620669,23.270329308849));
#1608 = CARTESIAN_POINT('',(-23.92101210899,29.140658617698));
#1609 = CARTESIAN_POINT('',(-19.0712698478,25.8));
#1610 = ( GEOMETRIC_REPRESENTATION_CONTEXT(2) 
PARAMETRIC_REPRESENTATION_CONTEXT() REPRESENTATION_CONTEXT('2D SPACE',''
  ) );
#1611 = ORIENTED_EDGE('',*,*,#1612,.T.);
#1612 = EDGE_CURVE('',#1580,#616,#1613,.T.);
#1613 = SURFACE_CURVE('',#1614,(#1618,#1624),.PCURVE_S1.);
#1614 = LINE('',#1615,#1616);
#1615 = CARTESIAN_POINT('',(-19.0712698478,25.8,2.4));
#1616 = VECTOR('',#1617,1.);
#1617 = DIRECTION('',(-0.,-0.,-1.));
#1618 = PCURVE('',#638,#1619);
#1619 = DEFINITIONAL_REPRESENTATION('',(#1620),#1623);
#1620 = B_SPLINE_CURVE_WITH_KNOTS('',1,(#1621,#1622),.UNSPECIFIED.,.F.,
  .F.,(2,2),(-10.19,0.),.PIECEWISE_BEZIER_KNOTS.);
#1621 = CARTESIAN_POINT('',(-7.250790228365,-10.19));
#1622 = CARTESIAN_POINT('',(-7.250790228365,0.));
#1623 = ( GEOMETRIC_REPRESENTATION_CONTEXT(2) 
PARAMETRIC_REPRESENTATION_CONTEXT() REPRESENTATION_CONTEXT('2D SPACE',''
  ) );
#1624 = PCURVE('',#666,#1625);
#1625 = DEFINITIONAL_REPRESENTATION('',(#1626),#1629);
#1626 = B_SPLINE_CURVE_WITH_KNOTS('',1,(#1627,#1628),.UNSPECIFIED.,.F.,
  .F.,(2,2),(-10.3000006,5.999999999062E-07),.PIECEWISE_BEZIER_KNOTS.);
#1627 = CARTESIAN_POINT('',(39.071269847801,-10.3100006));
#1628 = CARTESIAN_POINT('',(39.071269847801,-9.9994E-03));
#1629 = ( GEOMETRIC_REPRESENTATION_CONTEXT(2) 
PARAMETRIC_REPRESENTATION_CONTEXT() REPRESENTATION_CONTEXT('2D SPACE',''
  ) );
#1630 = ADVANCED_FACE('',(#1631),#666,.T.);
#1631 = FACE_BOUND('',#1632,.T.);
#1632 = EDGE_LOOP('',(#1633,#1656,#1657,#1658));
#1633 = ORIENTED_EDGE('',*,*,#1634,.T.);
#1634 = EDGE_CURVE('',#1635,#1580,#1637,.T.);
#1635 = VERTEX_POINT('',#1636);
#1636 = CARTESIAN_POINT('',(19.071269847801,25.8,12.59));
#1637 = SURFACE_CURVE('',#1638,(#1642,#1649),.PCURVE_S1.);
#1638 = LINE('',#1639,#1640);
#1639 = CARTESIAN_POINT('',(20.,25.8,12.59));
#1640 = VECTOR('',#1641,1.);
#1641 = DIRECTION('',(-1.,0.,0.));
#1642 = PCURVE('',#666,#1643);
#1643 = DEFINITIONAL_REPRESENTATION('',(#1644),#1648);
#1644 = LINE('',#1645,#1646);
#1645 = CARTESIAN_POINT('',(0.,-10.2));
#1646 = VECTOR('',#1647,1.);
#1647 = DIRECTION('',(1.,0.));
#1648 = ( GEOMETRIC_REPRESENTATION_CONTEXT(2) 
PARAMETRIC_REPRESENTATION_CONTEXT() REPRESENTATION_CONTEXT('2D SPACE',''
  ) );
#1649 = PCURVE('',#1596,#1650);
#1650 = DEFINITIONAL_REPRESENTATION('',(#1651),#1655);
#1651 = LINE('',#1652,#1653);
#1652 = CARTESIAN_POINT('',(20.,25.8));
#1653 = VECTOR('',#1654,1.);
#1654 = DIRECTION('',(-1.,0.));
#1655 = ( GEOMETRIC_REPRESENTATION_CONTEXT(2) 
PARAMETRIC_REPRESENTATION_CONTEXT() REPRESENTATION_CONTEXT('2D SPACE',''
  ) );
#1656 = ORIENTED_EDGE('',*,*,#1612,.T.);
#1657 = ORIENTED_EDGE('',*,*,#650,.T.);
#1658 = ORIENTED_EDGE('',*,*,#1659,.F.);
#1659 = EDGE_CURVE('',#1635,#651,#1660,.T.);
#1660 = SURFACE_CURVE('',#1661,(#1665,#1671),.PCURVE_S1.);
#1661 = LINE('',#1662,#1663);
#1662 = CARTESIAN_POINT('',(19.071269847801,25.8,2.4));
#1663 = VECTOR('',#1664,1.);
#1664 = DIRECTION('',(-0.,-0.,-1.));
#1665 = PCURVE('',#666,#1666);
#1666 = DEFINITIONAL_REPRESENTATION('',(#1667),#1670);
#1667 = B_SPLINE_CURVE_WITH_KNOTS('',1,(#1668,#1669),.UNSPECIFIED.,.F.,
  .F.,(2,2),(-10.3000006,5.999999999062E-07),.PIECEWISE_BEZIER_KNOTS.);
#1668 = CARTESIAN_POINT('',(0.928730152199,-10.3100006));
#1669 = CARTESIAN_POINT('',(0.928730152199,-9.9994E-03));
#1670 = ( GEOMETRIC_REPRESENTATION_CONTEXT(2) 
PARAMETRIC_REPRESENTATION_CONTEXT() REPRESENTATION_CONTEXT('2D SPACE',''
  ) );
#1671 = PCURVE('',#694,#1672);
#1672 = DEFINITIONAL_REPRESENTATION('',(#1673),#1676);
#1673 = B_SPLINE_CURVE_WITH_KNOTS('',1,(#1674,#1675),.UNSPECIFIED.,.F.,
  .F.,(2,2),(-10.3000006,5.999999999062E-07),.PIECEWISE_BEZIER_KNOTS.);
#1674 = CARTESIAN_POINT('',(-2.173987732405,-10.3000006));
#1675 = CARTESIAN_POINT('',(-2.173987732405,5.999999999062E-07));
#1676 = ( GEOMETRIC_REPRESENTATION_CONTEXT(2) 
PARAMETRIC_REPRESENTATION_CONTEXT() REPRESENTATION_CONTEXT('2D SPACE',''
  ) );
#1677 = ADVANCED_FACE('',(#1678),#836,.T.);
#1678 = FACE_BOUND('',#1679,.T.);
#1679 = EDGE_LOOP('',(#1680,#1703,#1722,#1723));
#1680 = ORIENTED_EDGE('',*,*,#1681,.T.);
#1681 = EDGE_CURVE('',#1559,#1682,#1684,.T.);
#1682 = VERTEX_POINT('',#1683);
#1683 = CARTESIAN_POINT('',(-23.8,-21.0712698478,12.59));
#1684 = SURFACE_CURVE('',#1685,(#1689,#1696),.PCURVE_S1.);
#1685 = LINE('',#1686,#1687);
#1686 = CARTESIAN_POINT('',(-23.8,22.,12.59));
#1687 = VECTOR('',#1688,1.);
#1688 = DIRECTION('',(0.,-1.,0.));
#1689 = PCURVE('',#836,#1690);
#1690 = DEFINITIONAL_REPRESENTATION('',(#1691),#1695);
#1691 = LINE('',#1692,#1693);
#1692 = CARTESIAN_POINT('',(0.,-10.2));
#1693 = VECTOR('',#1694,1.);
#1694 = DIRECTION('',(1.,0.));
#1695 = ( GEOMETRIC_REPRESENTATION_CONTEXT(2) 
PARAMETRIC_REPRESENTATION_CONTEXT() REPRESENTATION_CONTEXT('2D SPACE',''
  ) );
#1696 = PCURVE('',#1596,#1697);
#1697 = DEFINITIONAL_REPRESENTATION('',(#1698),#1702);
#1698 = LINE('',#1699,#1700);
#1699 = CARTESIAN_POINT('',(-23.8,22.));
#1700 = VECTOR('',#1701,1.);
#1701 = DIRECTION('',(0.,-1.));
#1702 = ( GEOMETRIC_REPRESENTATION_CONTEXT(2) 
PARAMETRIC_REPRESENTATION_CONTEXT() REPRESENTATION_CONTEXT('2D SPACE',''
  ) );
#1703 = ORIENTED_EDGE('',*,*,#1704,.T.);
#1704 = EDGE_CURVE('',#1682,#790,#1705,.T.);
#1705 = SURFACE_CURVE('',#1706,(#1710,#1716),.PCURVE_S1.);
#1706 = LINE('',#1707,#1708);
#1707 = CARTESIAN_POINT('',(-23.8,-21.0712698478,2.4));
#1708 = VECTOR('',#1709,1.);
#1709 = DIRECTION('',(-0.,-0.,-1.));
#1710 = PCURVE('',#836,#1711);
#1711 = DEFINITIONAL_REPRESENTATION('',(#1712),#1715);
#1712 = B_SPLINE_CURVE_WITH_KNOTS('',1,(#1713,#1714),.UNSPECIFIED.,.F.,
  .F.,(2,2),(-10.3000006,5.999999999062E-07),.PIECEWISE_BEZIER_KNOTS.);
#1713 = CARTESIAN_POINT('',(43.071269847801,-10.3100006));
#1714 = CARTESIAN_POINT('',(43.071269847801,-9.9994E-03));
#1715 = ( GEOMETRIC_REPRESENTATION_CONTEXT(2) 
PARAMETRIC_REPRESENTATION_CONTEXT() REPRESENTATION_CONTEXT('2D SPACE',''
  ) );
#1716 = PCURVE('',#810,#1717);
#1717 = DEFINITIONAL_REPRESENTATION('',(#1718),#1721);
#1718 = B_SPLINE_CURVE_WITH_KNOTS('',1,(#1719,#1720),.UNSPECIFIED.,.F.,
  .F.,(2,2),(-10.19,-0.),.PIECEWISE_BEZIER_KNOTS.);
#1719 = CARTESIAN_POINT('',(-8.82158655516,-10.19));
#1720 = CARTESIAN_POINT('',(-8.82158655516,0.));
#1721 = ( GEOMETRIC_REPRESENTATION_CONTEXT(2) 
PARAMETRIC_REPRESENTATION_CONTEXT() REPRESENTATION_CONTEXT('2D SPACE',''
  ) );
#1722 = ORIENTED_EDGE('',*,*,#822,.T.);
#1723 = ORIENTED_EDGE('',*,*,#1558,.F.);
#1724 = ADVANCED_FACE('',(#1725),#694,.T.);
#1725 = FACE_BOUND('',#1726,.F.);
#1726 = EDGE_LOOP('',(#1727,#1728,#1729,#1757));
#1727 = ORIENTED_EDGE('',*,*,#677,.F.);
#1728 = ORIENTED_EDGE('',*,*,#1659,.F.);
#1729 = ORIENTED_EDGE('',*,*,#1730,.F.);
#1730 = EDGE_CURVE('',#1731,#1635,#1733,.T.);
#1731 = VERTEX_POINT('',#1732);
#1732 = CARTESIAN_POINT('',(23.8,21.071269847801,12.59));
#1733 = SURFACE_CURVE('',#1734,(#1739,#1746),.PCURVE_S1.);
#1734 = CIRCLE('',#1735,3.4);
#1735 = AXIS2_PLACEMENT_3D('',#1736,#1737,#1738);
#1736 = CARTESIAN_POINT('',(21.,23.,12.59));
#1737 = DIRECTION('',(0.,0.,-1.));
#1738 = DIRECTION('',(1.,0.,0.));
#1739 = PCURVE('',#694,#1740);
#1740 = DEFINITIONAL_REPRESENTATION('',(#1741),#1745);
#1741 = LINE('',#1742,#1743);
#1742 = CARTESIAN_POINT('',(-6.28318530718,-10.19));
#1743 = VECTOR('',#1744,1.);
#1744 = DIRECTION('',(1.,-0.));
#1745 = ( GEOMETRIC_REPRESENTATION_CONTEXT(2) 
PARAMETRIC_REPRESENTATION_CONTEXT() REPRESENTATION_CONTEXT('2D SPACE',''
  ) );
#1746 = PCURVE('',#1596,#1747);
#1747 = DEFINITIONAL_REPRESENTATION('',(#1748),#1756);
#1748 = ( BOUNDED_CURVE() B_SPLINE_CURVE(2,(#1749,#1750,#1751,#1752,
#1753,#1754,#1755),.UNSPECIFIED.,.T.,.F.) B_SPLINE_CURVE_WITH_KNOTS((1,2
    ,2,2,2,1),(-2.094395102393,0.,2.094395102393,4.188790204786,
6.28318530718,8.377580409573),.UNSPECIFIED.) CURVE() 
GEOMETRIC_REPRESENTATION_ITEM() RATIONAL_B_SPLINE_CURVE((1.,0.5,1.,0.5,
1.,0.5,1.)) REPRESENTATION_ITEM('') );
#1749 = CARTESIAN_POINT('',(24.4,23.));
#1750 = CARTESIAN_POINT('',(24.4,17.111027254266));
#1751 = CARTESIAN_POINT('',(19.3,20.055513627133));
#1752 = CARTESIAN_POINT('',(14.2,23.));
#1753 = CARTESIAN_POINT('',(19.3,25.944486372867));
#1754 = CARTESIAN_POINT('',(24.4,28.888972745734));
#1755 = CARTESIAN_POINT('',(24.4,23.));
#1756 = ( GEOMETRIC_REPRESENTATION_CONTEXT(2) 
PARAMETRIC_REPRESENTATION_CONTEXT() REPRESENTATION_CONTEXT('2D SPACE',''
  ) );
#1757 = ORIENTED_EDGE('',*,*,#1758,.T.);
#1758 = EDGE_CURVE('',#1731,#678,#1759,.T.);
#1759 = SURFACE_CURVE('',#1760,(#1764,#1770),.PCURVE_S1.);
#1760 = LINE('',#1761,#1762);
#1761 = CARTESIAN_POINT('',(23.8,21.071269847801,2.4));
#1762 = VECTOR('',#1763,1.);
#1763 = DIRECTION('',(-0.,-0.,-1.));
#1764 = PCURVE('',#694,#1765);
#1765 = DEFINITIONAL_REPRESENTATION('',(#1766),#1769);
#1766 = B_SPLINE_CURVE_WITH_KNOTS('',1,(#1767,#1768),.UNSPECIFIED.,.F.,
  .F.,(2,2),(-10.3000006,5.999999999062E-07),.PIECEWISE_BEZIER_KNOTS.);
#1767 = CARTESIAN_POINT('',(-5.67999390157,-10.3000006));
#1768 = CARTESIAN_POINT('',(-5.67999390157,5.999999999062E-07));
#1769 = ( GEOMETRIC_REPRESENTATION_CONTEXT(2) 
PARAMETRIC_REPRESENTATION_CONTEXT() REPRESENTATION_CONTEXT('2D SPACE',''
  ) );
#1770 = PCURVE('',#722,#1771);
#1771 = DEFINITIONAL_REPRESENTATION('',(#1772),#1775);
#1772 = B_SPLINE_CURVE_WITH_KNOTS('',1,(#1773,#1774),.UNSPECIFIED.,.F.,
  .F.,(2,2),(-10.3000006,5.999999999062E-07),.PIECEWISE_BEZIER_KNOTS.);
#1773 = CARTESIAN_POINT('',(43.071269847801,-10.3100006));
#1774 = CARTESIAN_POINT('',(43.071269847801,-9.9994E-03));
#1775 = ( GEOMETRIC_REPRESENTATION_CONTEXT(2) 
PARAMETRIC_REPRESENTATION_CONTEXT() REPRESENTATION_CONTEXT('2D SPACE',''
  ) );
#1776 = ADVANCED_FACE('',(#1777),#810,.T.);
#1777 = FACE_BOUND('',#1778,.F.);
#1778 = EDGE_LOOP('',(#1779,#1780,#1801,#1823));
#1779 = ORIENTED_EDGE('',*,*,#789,.T.);
#1780 = ORIENTED_EDGE('',*,*,#1781,.F.);
#1781 = EDGE_CURVE('',#1782,#763,#1784,.T.);
#1782 = VERTEX_POINT('',#1783);
#1783 = CARTESIAN_POINT('',(-19.0712698478,-25.8,12.59));
#1784 = SURFACE_CURVE('',#1785,(#1789,#1795),.PCURVE_S1.);
#1785 = LINE('',#1786,#1787);
#1786 = CARTESIAN_POINT('',(-19.0712698478,-25.8,2.4));
#1787 = VECTOR('',#1788,1.);
#1788 = DIRECTION('',(-0.,-0.,-1.));
#1789 = PCURVE('',#810,#1790);
#1790 = DEFINITIONAL_REPRESENTATION('',(#1791),#1794);
#1791 = B_SPLINE_CURVE_WITH_KNOTS('',1,(#1792,#1793),.UNSPECIFIED.,.F.,
  .F.,(2,2),(-10.19,-0.),.PIECEWISE_BEZIER_KNOTS.);
#1792 = CARTESIAN_POINT('',(-5.315580385994,-10.19));
#1793 = CARTESIAN_POINT('',(-5.315580385994,0.));
#1794 = ( GEOMETRIC_REPRESENTATION_CONTEXT(2) 
PARAMETRIC_REPRESENTATION_CONTEXT() REPRESENTATION_CONTEXT('2D SPACE',''
  ) );
#1795 = PCURVE('',#778,#1796);
#1796 = DEFINITIONAL_REPRESENTATION('',(#1797),#1800);
#1797 = B_SPLINE_CURVE_WITH_KNOTS('',1,(#1798,#1799),.UNSPECIFIED.,.F.,
  .F.,(2,2),(-10.3000006,5.999999999062E-07),.PIECEWISE_BEZIER_KNOTS.);
#1798 = CARTESIAN_POINT('',(0.928730152199,-10.3100006));
#1799 = CARTESIAN_POINT('',(0.928730152199,-9.9994E-03));
#1800 = ( GEOMETRIC_REPRESENTATION_CONTEXT(2) 
PARAMETRIC_REPRESENTATION_CONTEXT() REPRESENTATION_CONTEXT('2D SPACE',''
  ) );
#1801 = ORIENTED_EDGE('',*,*,#1802,.T.);
#1802 = EDGE_CURVE('',#1782,#1682,#1803,.T.);
#1803 = SURFACE_CURVE('',#1804,(#1809,#1816),.PCURVE_S1.);
#1804 = CIRCLE('',#1805,3.4);
#1805 = AXIS2_PLACEMENT_3D('',#1806,#1807,#1808);
#1806 = CARTESIAN_POINT('',(-21.,-23.,12.59));
#1807 = DIRECTION('',(-0.,0.,1.));
#1808 = DIRECTION('',(0.567273574176,-0.823529411765,0.));
#1809 = PCURVE('',#810,#1810);
#1810 = DEFINITIONAL_REPRESENTATION('',(#1811),#1815);
#1811 = LINE('',#1812,#1813);
#1812 = CARTESIAN_POINT('',(-5.315580385994,-10.19));
#1813 = VECTOR('',#1814,1.);
#1814 = DIRECTION('',(-1.,-0.));
#1815 = ( GEOMETRIC_REPRESENTATION_CONTEXT(2) 
PARAMETRIC_REPRESENTATION_CONTEXT() REPRESENTATION_CONTEXT('2D SPACE',''
  ) );
#1816 = PCURVE('',#1596,#1817);
#1817 = DEFINITIONAL_REPRESENTATION('',(#1818),#1822);
#1818 = CIRCLE('',#1819,3.4);
#1819 = AXIS2_PLACEMENT_2D('',#1820,#1821);
#1820 = CARTESIAN_POINT('',(-21.,-23.));
#1821 = DIRECTION('',(0.567273574176,-0.823529411765));
#1822 = ( GEOMETRIC_REPRESENTATION_CONTEXT(2) 
PARAMETRIC_REPRESENTATION_CONTEXT() REPRESENTATION_CONTEXT('2D SPACE',''
  ) );
#1823 = ORIENTED_EDGE('',*,*,#1704,.T.);
#1824 = ADVANCED_FACE('',(#1825),#722,.T.);
#1825 = FACE_BOUND('',#1826,.T.);
#1826 = EDGE_LOOP('',(#1827,#1828,#1829,#1850));
#1827 = ORIENTED_EDGE('',*,*,#1758,.T.);
#1828 = ORIENTED_EDGE('',*,*,#706,.T.);
#1829 = ORIENTED_EDGE('',*,*,#1830,.F.);
#1830 = EDGE_CURVE('',#1831,#707,#1833,.T.);
#1831 = VERTEX_POINT('',#1832);
#1832 = CARTESIAN_POINT('',(23.8,-21.0712698478,12.59));
#1833 = SURFACE_CURVE('',#1834,(#1838,#1844),.PCURVE_S1.);
#1834 = LINE('',#1835,#1836);
#1835 = CARTESIAN_POINT('',(23.8,-21.0712698478,2.4));
#1836 = VECTOR('',#1837,1.);
#1837 = DIRECTION('',(-0.,-0.,-1.));
#1838 = PCURVE('',#722,#1839);
#1839 = DEFINITIONAL_REPRESENTATION('',(#1840),#1843);
#1840 = B_SPLINE_CURVE_WITH_KNOTS('',1,(#1841,#1842),.UNSPECIFIED.,.F.,
  .F.,(2,2),(-10.3000006,5.999999999062E-07),.PIECEWISE_BEZIER_KNOTS.);
#1841 = CARTESIAN_POINT('',(0.928730152199,-10.3100006));
#1842 = CARTESIAN_POINT('',(0.928730152199,-9.9994E-03));
#1843 = ( GEOMETRIC_REPRESENTATION_CONTEXT(2) 
PARAMETRIC_REPRESENTATION_CONTEXT() REPRESENTATION_CONTEXT('2D SPACE',''
  ) );
#1844 = PCURVE('',#750,#1845);
#1845 = DEFINITIONAL_REPRESENTATION('',(#1846),#1849);
#1846 = B_SPLINE_CURVE_WITH_KNOTS('',1,(#1847,#1848),.UNSPECIFIED.,.F.,
  .F.,(2,2),(-10.3000006,5.999999999062E-07),.PIECEWISE_BEZIER_KNOTS.);
#1847 = CARTESIAN_POINT('',(-0.60319140561,-10.3000006));
#1848 = CARTESIAN_POINT('',(-0.60319140561,5.999999999062E-07));
#1849 = ( GEOMETRIC_REPRESENTATION_CONTEXT(2) 
PARAMETRIC_REPRESENTATION_CONTEXT() REPRESENTATION_CONTEXT('2D SPACE',''
  ) );
#1850 = ORIENTED_EDGE('',*,*,#1851,.T.);
#1851 = EDGE_CURVE('',#1831,#1731,#1852,.T.);
#1852 = SURFACE_CURVE('',#1853,(#1857,#1864),.PCURVE_S1.);
#1853 = LINE('',#1854,#1855);
#1854 = CARTESIAN_POINT('',(23.8,-22.,12.59));
#1855 = VECTOR('',#1856,1.);
#1856 = DIRECTION('',(0.,1.,0.));
#1857 = PCURVE('',#722,#1858);
#1858 = DEFINITIONAL_REPRESENTATION('',(#1859),#1863);
#1859 = LINE('',#1860,#1861);
#1860 = CARTESIAN_POINT('',(0.,-10.2));
#1861 = VECTOR('',#1862,1.);
#1862 = DIRECTION('',(1.,0.));
#1863 = ( GEOMETRIC_REPRESENTATION_CONTEXT(2) 
PARAMETRIC_REPRESENTATION_CONTEXT() REPRESENTATION_CONTEXT('2D SPACE',''
  ) );
#1864 = PCURVE('',#1596,#1865);
#1865 = DEFINITIONAL_REPRESENTATION('',(#1866),#1870);
#1866 = LINE('',#1867,#1868);
#1867 = CARTESIAN_POINT('',(23.8,-22.));
#1868 = VECTOR('',#1869,1.);
#1869 = DIRECTION('',(0.,1.));
#1870 = ( GEOMETRIC_REPRESENTATION_CONTEXT(2) 
PARAMETRIC_REPRESENTATION_CONTEXT() REPRESENTATION_CONTEXT('2D SPACE',''
  ) );
#1871 = ADVANCED_FACE('',(#1872,#1918),#778,.T.);
#1872 = FACE_BOUND('',#1873,.T.);
#1873 = EDGE_LOOP('',(#1874,#1895,#1896,#1897));
#1874 = ORIENTED_EDGE('',*,*,#1875,.T.);
#1875 = EDGE_CURVE('',#1876,#734,#1878,.T.);
#1876 = VERTEX_POINT('',#1877);
#1877 = CARTESIAN_POINT('',(19.071269847801,-25.8,12.59));
#1878 = SURFACE_CURVE('',#1879,(#1883,#1889),.PCURVE_S1.);
#1879 = LINE('',#1880,#1881);
#1880 = CARTESIAN_POINT('',(19.071269847801,-25.8,2.4));
#1881 = VECTOR('',#1882,1.);
#1882 = DIRECTION('',(-0.,-0.,-1.));
#1883 = PCURVE('',#778,#1884);
#1884 = DEFINITIONAL_REPRESENTATION('',(#1885),#1888);
#1885 = B_SPLINE_CURVE_WITH_KNOTS('',1,(#1886,#1887),.UNSPECIFIED.,.F.,
  .F.,(2,2),(-10.3000006,5.999999999062E-07),.PIECEWISE_BEZIER_KNOTS.);
#1886 = CARTESIAN_POINT('',(39.071269847801,-10.3100006));
#1887 = CARTESIAN_POINT('',(39.071269847801,-9.9994E-03));
#1888 = ( GEOMETRIC_REPRESENTATION_CONTEXT(2) 
PARAMETRIC_REPRESENTATION_CONTEXT() REPRESENTATION_CONTEXT('2D SPACE',''
  ) );
#1889 = PCURVE('',#750,#1890);
#1890 = DEFINITIONAL_REPRESENTATION('',(#1891),#1894);
#1891 = B_SPLINE_CURVE_WITH_KNOTS('',1,(#1892,#1893),.UNSPECIFIED.,.F.,
  .F.,(2,2),(-10.3000006,5.999999999062E-07),.PIECEWISE_BEZIER_KNOTS.);
#1892 = CARTESIAN_POINT('',(-4.109197574775,-10.3000006));
#1893 = CARTESIAN_POINT('',(-4.109197574775,5.999999999062E-07));
#1894 = ( GEOMETRIC_REPRESENTATION_CONTEXT(2) 
PARAMETRIC_REPRESENTATION_CONTEXT() REPRESENTATION_CONTEXT('2D SPACE',''
  ) );
#1895 = ORIENTED_EDGE('',*,*,#762,.T.);
#1896 = ORIENTED_EDGE('',*,*,#1781,.F.);
#1897 = ORIENTED_EDGE('',*,*,#1898,.T.);
#1898 = EDGE_CURVE('',#1782,#1876,#1899,.T.);
#1899 = SURFACE_CURVE('',#1900,(#1904,#1911),.PCURVE_S1.);
#1900 = LINE('',#1901,#1902);
#1901 = CARTESIAN_POINT('',(-20.,-25.8,12.59));
#1902 = VECTOR('',#1903,1.);
#1903 = DIRECTION('',(1.,0.,0.));
#1904 = PCURVE('',#778,#1905);
#1905 = DEFINITIONAL_REPRESENTATION('',(#1906),#1910);
#1906 = LINE('',#1907,#1908);
#1907 = CARTESIAN_POINT('',(0.,-10.2));
#1908 = VECTOR('',#1909,1.);
#1909 = DIRECTION('',(1.,0.));
#1910 = ( GEOMETRIC_REPRESENTATION_CONTEXT(2) 
PARAMETRIC_REPRESENTATION_CONTEXT() REPRESENTATION_CONTEXT('2D SPACE',''
  ) );
#1911 = PCURVE('',#1596,#1912);
#1912 = DEFINITIONAL_REPRESENTATION('',(#1913),#1917);
#1913 = LINE('',#1914,#1915);
#1914 = CARTESIAN_POINT('',(-20.,-25.8));
#1915 = VECTOR('',#1916,1.);
#1916 = DIRECTION('',(1.,0.));
#1917 = ( GEOMETRIC_REPRESENTATION_CONTEXT(2) 
PARAMETRIC_REPRESENTATION_CONTEXT() REPRESENTATION_CONTEXT('2D SPACE',''
  ) );
#1918 = FACE_BOUND('',#1919,.T.);
#1919 = EDGE_LOOP('',(#1920,#1921,#1922,#1923));
#1920 = ORIENTED_EDGE('',*,*,#1137,.T.);
#1921 = ORIENTED_EDGE('',*,*,#1256,.T.);
#1922 = ORIENTED_EDGE('',*,*,#1231,.T.);
#1923 = ORIENTED_EDGE('',*,*,#1184,.T.);
#1924 = ADVANCED_FACE('',(#1925),#750,.T.);
#1925 = FACE_BOUND('',#1926,.F.);
#1926 = EDGE_LOOP('',(#1927,#1928,#1929,#1955));
#1927 = ORIENTED_EDGE('',*,*,#733,.F.);
#1928 = ORIENTED_EDGE('',*,*,#1830,.F.);
#1929 = ORIENTED_EDGE('',*,*,#1930,.F.);
#1930 = EDGE_CURVE('',#1876,#1831,#1931,.T.);
#1931 = SURFACE_CURVE('',#1932,(#1937,#1944),.PCURVE_S1.);
#1932 = CIRCLE('',#1933,3.4);
#1933 = AXIS2_PLACEMENT_3D('',#1934,#1935,#1936);
#1934 = CARTESIAN_POINT('',(21.,-23.,12.59));
#1935 = DIRECTION('',(0.,0.,-1.));
#1936 = DIRECTION('',(1.,0.,0.));
#1937 = PCURVE('',#750,#1938);
#1938 = DEFINITIONAL_REPRESENTATION('',(#1939),#1943);
#1939 = LINE('',#1940,#1941);
#1940 = CARTESIAN_POINT('',(-6.28318530718,-10.19));
#1941 = VECTOR('',#1942,1.);
#1942 = DIRECTION('',(1.,-0.));
#1943 = ( GEOMETRIC_REPRESENTATION_CONTEXT(2) 
PARAMETRIC_REPRESENTATION_CONTEXT() REPRESENTATION_CONTEXT('2D SPACE',''
  ) );
#1944 = PCURVE('',#1596,#1945);
#1945 = DEFINITIONAL_REPRESENTATION('',(#1946),#1954);
#1946 = ( BOUNDED_CURVE() B_SPLINE_CURVE(2,(#1947,#1948,#1949,#1950,
#1951,#1952,#1953),.UNSPECIFIED.,.T.,.F.) B_SPLINE_CURVE_WITH_KNOTS((1,2
    ,2,2,2,1),(-2.094395102393,0.,2.094395102393,4.188790204786,
6.28318530718,8.377580409573),.UNSPECIFIED.) CURVE() 
GEOMETRIC_REPRESENTATION_ITEM() RATIONAL_B_SPLINE_CURVE((1.,0.5,1.,0.5,
1.,0.5,1.)) REPRESENTATION_ITEM('') );
#1947 = CARTESIAN_POINT('',(24.4,-23.));
#1948 = CARTESIAN_POINT('',(24.4,-28.88897274573));
#1949 = CARTESIAN_POINT('',(19.3,-25.94448637286));
#1950 = CARTESIAN_POINT('',(14.2,-23.));
#1951 = CARTESIAN_POINT('',(19.3,-20.05551362713));
#1952 = CARTESIAN_POINT('',(24.4,-17.11102725426));
#1953 = CARTESIAN_POINT('',(24.4,-23.));
#1954 = ( GEOMETRIC_REPRESENTATION_CONTEXT(2) 
PARAMETRIC_REPRESENTATION_CONTEXT() REPRESENTATION_CONTEXT('2D SPACE',''
  ) );
#1955 = ORIENTED_EDGE('',*,*,#1875,.T.);
#1956 = ADVANCED_FACE('',(#1957),#870,.F.);
#1957 = FACE_BOUND('',#1958,.T.);
#1958 = EDGE_LOOP('',(#1959,#1960,#1983,#2010));
#1959 = ORIENTED_EDGE('',*,*,#849,.T.);
#1960 = ORIENTED_EDGE('',*,*,#1961,.T.);
#1961 = EDGE_CURVE('',#850,#1962,#1964,.T.);
#1962 = VERTEX_POINT('',#1963);
#1963 = CARTESIAN_POINT('',(22.6,23.,8.1));
#1964 = SEAM_CURVE('',#1965,(#1969,#1976),.PCURVE_S1.);
#1965 = LINE('',#1966,#1967);
#1966 = CARTESIAN_POINT('',(22.6,23.,2.3));
#1967 = VECTOR('',#1968,1.);
#1968 = DIRECTION('',(0.,0.,1.));
#1969 = PCURVE('',#870,#1970);
#1970 = DEFINITIONAL_REPRESENTATION('',(#1971),#1975);
#1971 = LINE('',#1972,#1973);
#1972 = CARTESIAN_POINT('',(-6.28318530718,0.));
#1973 = VECTOR('',#1974,1.);
#1974 = DIRECTION('',(-0.,-1.));
#1975 = ( GEOMETRIC_REPRESENTATION_CONTEXT(2) 
PARAMETRIC_REPRESENTATION_CONTEXT() REPRESENTATION_CONTEXT('2D SPACE',''
  ) );
#1976 = PCURVE('',#870,#1977);
#1977 = DEFINITIONAL_REPRESENTATION('',(#1978),#1982);
#1978 = LINE('',#1979,#1980);
#1979 = CARTESIAN_POINT('',(-0.,0.));
#1980 = VECTOR('',#1981,1.);
#1981 = DIRECTION('',(-0.,-1.));
#1982 = ( GEOMETRIC_REPRESENTATION_CONTEXT(2) 
PARAMETRIC_REPRESENTATION_CONTEXT() REPRESENTATION_CONTEXT('2D SPACE',''
  ) );
#1983 = ORIENTED_EDGE('',*,*,#1984,.T.);
#1984 = EDGE_CURVE('',#1962,#1962,#1985,.T.);
#1985 = SURFACE_CURVE('',#1986,(#1991,#1998),.PCURVE_S1.);
#1986 = CIRCLE('',#1987,1.6);
#1987 = AXIS2_PLACEMENT_3D('',#1988,#1989,#1990);
#1988 = CARTESIAN_POINT('',(21.,23.,8.1));
#1989 = DIRECTION('',(0.,0.,1.));
#1990 = DIRECTION('',(1.,0.,0.));
#1991 = PCURVE('',#870,#1992);
#1992 = DEFINITIONAL_REPRESENTATION('',(#1993),#1997);
#1993 = LINE('',#1994,#1995);
#1994 = CARTESIAN_POINT('',(-0.,-5.8));
#1995 = VECTOR('',#1996,1.);
#1996 = DIRECTION('',(-1.,0.));
#1997 = ( GEOMETRIC_REPRESENTATION_CONTEXT(2) 
PARAMETRIC_REPRESENTATION_CONTEXT() REPRESENTATION_CONTEXT('2D SPACE',''
  ) );
#1998 = PCURVE('',#1999,#2004);
#1999 = PLANE('',#2000);
#2000 = AXIS2_PLACEMENT_3D('',#2001,#2002,#2003);
#2001 = CARTESIAN_POINT('',(21.,23.,8.1));
#2002 = DIRECTION('',(0.,0.,1.));
#2003 = DIRECTION('',(1.,0.,-0.));
#2004 = DEFINITIONAL_REPRESENTATION('',(#2005),#2009);
#2005 = CIRCLE('',#2006,1.6);
#2006 = AXIS2_PLACEMENT_2D('',#2007,#2008);
#2007 = CARTESIAN_POINT('',(-3.552713678801E-15,0.));
#2008 = DIRECTION('',(1.,0.));
#2009 = ( GEOMETRIC_REPRESENTATION_CONTEXT(2) 
PARAMETRIC_REPRESENTATION_CONTEXT() REPRESENTATION_CONTEXT('2D SPACE',''
  ) );
#2010 = ORIENTED_EDGE('',*,*,#1961,.F.);
#2011 = ADVANCED_FACE('',(#2012),#1049,.F.);
#2012 = FACE_BOUND('',#2013,.T.);
#2013 = EDGE_LOOP('',(#2014,#2037,#2070,#2096,#2129,#2155,#2181,#2182));
#2014 = ORIENTED_EDGE('',*,*,#2015,.F.);
#2015 = EDGE_CURVE('',#2016,#1029,#2018,.T.);
#2016 = VERTEX_POINT('',#2017);
#2017 = CARTESIAN_POINT('',(18.9,-4.,12.7));
#2018 = SEAM_CURVE('',#2019,(#2023,#2030),.PCURVE_S1.);
#2019 = LINE('',#2020,#2021);
#2020 = CARTESIAN_POINT('',(18.9,-4.,12.5));
#2021 = VECTOR('',#2022,1.);
#2022 = DIRECTION('',(0.,0.,1.));
#2023 = PCURVE('',#1049,#2024);
#2024 = DEFINITIONAL_REPRESENTATION('',(#2025),#2029);
#2025 = LINE('',#2026,#2027);
#2026 = CARTESIAN_POINT('',(-6.28318530718,0.));
#2027 = VECTOR('',#2028,1.);
#2028 = DIRECTION('',(-0.,-1.));
#2029 = ( GEOMETRIC_REPRESENTATION_CONTEXT(2) 
PARAMETRIC_REPRESENTATION_CONTEXT() REPRESENTATION_CONTEXT('2D SPACE',''
  ) );
#2030 = PCURVE('',#1049,#2031);
#2031 = DEFINITIONAL_REPRESENTATION('',(#2032),#2036);
#2032 = LINE('',#2033,#2034);
#2033 = CARTESIAN_POINT('',(-0.,0.));
#2034 = VECTOR('',#2035,1.);
#2035 = DIRECTION('',(-0.,-1.));
#2036 = ( GEOMETRIC_REPRESENTATION_CONTEXT(2) 
PARAMETRIC_REPRESENTATION_CONTEXT() REPRESENTATION_CONTEXT('2D SPACE',''
  ) );
#2037 = ORIENTED_EDGE('',*,*,#2038,.T.);
#2038 = EDGE_CURVE('',#2016,#2039,#2041,.T.);
#2039 = VERTEX_POINT('',#2040);
#2040 = CARTESIAN_POINT('',(-7.5,13.348198753761,12.7));
#2041 = SURFACE_CURVE('',#2042,(#2047,#2054),.PCURVE_S1.);
#2042 = CIRCLE('',#2043,18.9);
#2043 = AXIS2_PLACEMENT_3D('',#2044,#2045,#2046);
#2044 = CARTESIAN_POINT('',(0.,-4.,12.7));
#2045 = DIRECTION('',(0.,0.,-1.));
#2046 = DIRECTION('',(1.,0.,0.));
#2047 = PCURVE('',#1049,#2048);
#2048 = DEFINITIONAL_REPRESENTATION('',(#2049),#2053);
#2049 = LINE('',#2050,#2051);
#2050 = CARTESIAN_POINT('',(-6.28318530718,-0.2));
#2051 = VECTOR('',#2052,1.);
#2052 = DIRECTION('',(1.,-0.));
#2053 = ( GEOMETRIC_REPRESENTATION_CONTEXT(2) 
PARAMETRIC_REPRESENTATION_CONTEXT() REPRESENTATION_CONTEXT('2D SPACE',''
  ) );
#2054 = PCURVE('',#2055,#2060);
#2055 = PLANE('',#2056);
#2056 = AXIS2_PLACEMENT_3D('',#2057,#2058,#2059);
#2057 = CARTESIAN_POINT('',(-2.160893048951E-15,-4.,12.7));
#2058 = DIRECTION('',(0.,0.,1.));
#2059 = DIRECTION('',(1.,0.,-0.));
#2060 = DEFINITIONAL_REPRESENTATION('',(#2061),#2069);
#2061 = ( BOUNDED_CURVE() B_SPLINE_CURVE(2,(#2062,#2063,#2064,#2065,
#2066,#2067,#2068),.UNSPECIFIED.,.T.,.F.) B_SPLINE_CURVE_WITH_KNOTS((1,2
    ,2,2,2,1),(-2.094395102393,0.,2.094395102393,4.188790204786,
6.28318530718,8.377580409573),.UNSPECIFIED.) CURVE() 
GEOMETRIC_REPRESENTATION_ITEM() RATIONAL_B_SPLINE_CURVE((1.,0.5,1.,0.5,
1.,0.5,1.)) REPRESENTATION_ITEM('') );
#2062 = CARTESIAN_POINT('',(18.9,-4.440892098501E-16));
#2063 = CARTESIAN_POINT('',(18.9,-32.73576026305));
#2064 = CARTESIAN_POINT('',(-9.45,-16.36788013152));
#2065 = CARTESIAN_POINT('',(-37.8,-5.073254110627E-15));
#2066 = CARTESIAN_POINT('',(-9.45,16.367880131526));
#2067 = CARTESIAN_POINT('',(18.9,32.735760263052));
#2068 = CARTESIAN_POINT('',(18.9,-4.440892098501E-16));
#2069 = ( GEOMETRIC_REPRESENTATION_CONTEXT(2) 
PARAMETRIC_REPRESENTATION_CONTEXT() REPRESENTATION_CONTEXT('2D SPACE',''
  ) );
#2070 = ORIENTED_EDGE('',*,*,#2071,.F.);
#2071 = EDGE_CURVE('',#2072,#2039,#2074,.T.);
#2072 = VERTEX_POINT('',#2073);
#2073 = CARTESIAN_POINT('',(-7.5,13.348198753761,13.8));
#2074 = SURFACE_CURVE('',#2075,(#2079,#2085),.PCURVE_S1.);
#2075 = LINE('',#2076,#2077);
#2076 = CARTESIAN_POINT('',(-7.5,13.348198753761,12.5));
#2077 = VECTOR('',#2078,1.);
#2078 = DIRECTION('',(-0.,-0.,-1.));
#2079 = PCURVE('',#1049,#2080);
#2080 = DEFINITIONAL_REPRESENTATION('',(#2081),#2084);
#2081 = B_SPLINE_CURVE_WITH_KNOTS('',1,(#2082,#2083),.UNSPECIFIED.,.F.,
  .F.,(2,2),(-2.,-0.1999994),.PIECEWISE_BEZIER_KNOTS.);
#2082 = CARTESIAN_POINT('',(-1.978852004096,-2.));
#2083 = CARTESIAN_POINT('',(-1.978852004096,-0.1999994));
#2084 = ( GEOMETRIC_REPRESENTATION_CONTEXT(2) 
PARAMETRIC_REPRESENTATION_CONTEXT() REPRESENTATION_CONTEXT('2D SPACE',''
  ) );
#2085 = PCURVE('',#2086,#2091);
#2086 = PLANE('',#2087);
#2087 = AXIS2_PLACEMENT_3D('',#2088,#2089,#2090);
#2088 = CARTESIAN_POINT('',(-7.5,9.,6.8));
#2089 = DIRECTION('',(1.,0.,0.));
#2090 = DIRECTION('',(0.,0.,1.));
#2091 = DEFINITIONAL_REPRESENTATION('',(#2092),#2095);
#2092 = B_SPLINE_CURVE_WITH_KNOTS('',1,(#2093,#2094),.UNSPECIFIED.,.F.,
  .F.,(2,2),(-2.,-0.1999994),.PIECEWISE_BEZIER_KNOTS.);
#2093 = CARTESIAN_POINT('',(7.7,-4.348198753761));
#2094 = CARTESIAN_POINT('',(5.8999994,-4.348198753761));
#2095 = ( GEOMETRIC_REPRESENTATION_CONTEXT(2) 
PARAMETRIC_REPRESENTATION_CONTEXT() REPRESENTATION_CONTEXT('2D SPACE',''
  ) );
#2096 = ORIENTED_EDGE('',*,*,#2097,.T.);
#2097 = EDGE_CURVE('',#2072,#2098,#2100,.T.);
#2098 = VERTEX_POINT('',#2099);
#2099 = CARTESIAN_POINT('',(7.5,13.348198753761,13.8));
#2100 = SURFACE_CURVE('',#2101,(#2106,#2113),.PCURVE_S1.);
#2101 = CIRCLE('',#2102,18.9);
#2102 = AXIS2_PLACEMENT_3D('',#2103,#2104,#2105);
#2103 = CARTESIAN_POINT('',(0.,-4.,13.8));
#2104 = DIRECTION('',(0.,0.,-1.));
#2105 = DIRECTION('',(1.,0.,0.));
#2106 = PCURVE('',#1049,#2107);
#2107 = DEFINITIONAL_REPRESENTATION('',(#2108),#2112);
#2108 = LINE('',#2109,#2110);
#2109 = CARTESIAN_POINT('',(-6.28318530718,-1.3));
#2110 = VECTOR('',#2111,1.);
#2111 = DIRECTION('',(1.,-0.));
#2112 = ( GEOMETRIC_REPRESENTATION_CONTEXT(2) 
PARAMETRIC_REPRESENTATION_CONTEXT() REPRESENTATION_CONTEXT('2D SPACE',''
  ) );
#2113 = PCURVE('',#2114,#2119);
#2114 = PLANE('',#2115);
#2115 = AXIS2_PLACEMENT_3D('',#2116,#2117,#2118);
#2116 = CARTESIAN_POINT('',(-7.5,9.,13.8));
#2117 = DIRECTION('',(0.,0.,1.));
#2118 = DIRECTION('',(1.,0.,0.));
#2119 = DEFINITIONAL_REPRESENTATION('',(#2120),#2128);
#2120 = ( BOUNDED_CURVE() B_SPLINE_CURVE(2,(#2121,#2122,#2123,#2124,
#2125,#2126,#2127),.UNSPECIFIED.,.T.,.F.) B_SPLINE_CURVE_WITH_KNOTS((1,2
    ,2,2,2,1),(-2.094395102393,0.,2.094395102393,4.188790204786,
6.28318530718,8.377580409573),.UNSPECIFIED.) CURVE() 
GEOMETRIC_REPRESENTATION_ITEM() RATIONAL_B_SPLINE_CURVE((1.,0.5,1.,0.5,
1.,0.5,1.)) REPRESENTATION_ITEM('') );
#2121 = CARTESIAN_POINT('',(26.4,-13.));
#2122 = CARTESIAN_POINT('',(26.4,-45.73576026305));
#2123 = CARTESIAN_POINT('',(-1.95,-29.36788013152));
#2124 = CARTESIAN_POINT('',(-30.3,-13.));
#2125 = CARTESIAN_POINT('',(-1.95,3.367880131526));
#2126 = CARTESIAN_POINT('',(26.4,19.735760263052));
#2127 = CARTESIAN_POINT('',(26.4,-13.));
#2128 = ( GEOMETRIC_REPRESENTATION_CONTEXT(2) 
PARAMETRIC_REPRESENTATION_CONTEXT() REPRESENTATION_CONTEXT('2D SPACE',''
  ) );
#2129 = ORIENTED_EDGE('',*,*,#2130,.T.);
#2130 = EDGE_CURVE('',#2098,#2131,#2133,.T.);
#2131 = VERTEX_POINT('',#2132);
#2132 = CARTESIAN_POINT('',(7.5,13.348198753761,12.7));
#2133 = SURFACE_CURVE('',#2134,(#2138,#2144),.PCURVE_S1.);
#2134 = LINE('',#2135,#2136);
#2135 = CARTESIAN_POINT('',(7.5,13.348198753761,12.5));
#2136 = VECTOR('',#2137,1.);
#2137 = DIRECTION('',(-0.,-0.,-1.));
#2138 = PCURVE('',#1049,#2139);
#2139 = DEFINITIONAL_REPRESENTATION('',(#2140),#2143);
#2140 = B_SPLINE_CURVE_WITH_KNOTS('',1,(#2141,#2142),.UNSPECIFIED.,.F.,
  .F.,(2,2),(-2.,-0.1999994),.PIECEWISE_BEZIER_KNOTS.);
#2141 = CARTESIAN_POINT('',(-1.162740649494,-2.));
#2142 = CARTESIAN_POINT('',(-1.162740649494,-0.1999994));
#2143 = ( GEOMETRIC_REPRESENTATION_CONTEXT(2) 
PARAMETRIC_REPRESENTATION_CONTEXT() REPRESENTATION_CONTEXT('2D SPACE',''
  ) );
#2144 = PCURVE('',#2145,#2150);
#2145 = PLANE('',#2146);
#2146 = AXIS2_PLACEMENT_3D('',#2147,#2148,#2149);
#2147 = CARTESIAN_POINT('',(7.5,9.,6.8));
#2148 = DIRECTION('',(1.,0.,0.));
#2149 = DIRECTION('',(0.,0.,1.));
#2150 = DEFINITIONAL_REPRESENTATION('',(#2151),#2154);
#2151 = B_SPLINE_CURVE_WITH_KNOTS('',1,(#2152,#2153),.UNSPECIFIED.,.F.,
  .F.,(2,2),(-2.,-0.1999994),.PIECEWISE_BEZIER_KNOTS.);
#2152 = CARTESIAN_POINT('',(7.7,-4.348198753761));
#2153 = CARTESIAN_POINT('',(5.8999994,-4.348198753761));
#2154 = ( GEOMETRIC_REPRESENTATION_CONTEXT(2) 
PARAMETRIC_REPRESENTATION_CONTEXT() REPRESENTATION_CONTEXT('2D SPACE',''
  ) );
#2155 = ORIENTED_EDGE('',*,*,#2156,.T.);
#2156 = EDGE_CURVE('',#2131,#2016,#2157,.T.);
#2157 = SURFACE_CURVE('',#2158,(#2163,#2170),.PCURVE_S1.);
#2158 = CIRCLE('',#2159,18.9);
#2159 = AXIS2_PLACEMENT_3D('',#2160,#2161,#2162);
#2160 = CARTESIAN_POINT('',(0.,-4.,12.7));
#2161 = DIRECTION('',(0.,0.,-1.));
#2162 = DIRECTION('',(1.,0.,0.));
#2163 = PCURVE('',#1049,#2164);
#2164 = DEFINITIONAL_REPRESENTATION('',(#2165),#2169);
#2165 = LINE('',#2166,#2167);
#2166 = CARTESIAN_POINT('',(-6.28318530718,-0.2));
#2167 = VECTOR('',#2168,1.);
#2168 = DIRECTION('',(1.,-0.));
#2169 = ( GEOMETRIC_REPRESENTATION_CONTEXT(2) 
PARAMETRIC_REPRESENTATION_CONTEXT() REPRESENTATION_CONTEXT('2D SPACE',''
  ) );
#2170 = PCURVE('',#2055,#2171);
#2171 = DEFINITIONAL_REPRESENTATION('',(#2172),#2180);
#2172 = ( BOUNDED_CURVE() B_SPLINE_CURVE(2,(#2173,#2174,#2175,#2176,
#2177,#2178,#2179),.UNSPECIFIED.,.T.,.F.) B_SPLINE_CURVE_WITH_KNOTS((1,2
    ,2,2,2,1),(-2.094395102393,0.,2.094395102393,4.188790204786,
6.28318530718,8.377580409573),.UNSPECIFIED.) CURVE() 
GEOMETRIC_REPRESENTATION_ITEM() RATIONAL_B_SPLINE_CURVE((1.,0.5,1.,0.5,
1.,0.5,1.)) REPRESENTATION_ITEM('') );
#2173 = CARTESIAN_POINT('',(18.9,-4.440892098501E-16));
#2174 = CARTESIAN_POINT('',(18.9,-32.73576026305));
#2175 = CARTESIAN_POINT('',(-9.45,-16.36788013152));
#2176 = CARTESIAN_POINT('',(-37.8,-5.073254110627E-15));
#2177 = CARTESIAN_POINT('',(-9.45,16.367880131526));
#2178 = CARTESIAN_POINT('',(18.9,32.735760263052));
#2179 = CARTESIAN_POINT('',(18.9,-4.440892098501E-16));
#2180 = ( GEOMETRIC_REPRESENTATION_CONTEXT(2) 
PARAMETRIC_REPRESENTATION_CONTEXT() REPRESENTATION_CONTEXT('2D SPACE',''
  ) );
#2181 = ORIENTED_EDGE('',*,*,#2015,.T.);
#2182 = ORIENTED_EDGE('',*,*,#1028,.F.);
#2183 = ADVANCED_FACE('',(#2184),#1431,.F.);
#2184 = FACE_BOUND('',#2185,.F.);
#2185 = EDGE_LOOP('',(#2186));
#2186 = ORIENTED_EDGE('',*,*,#1416,.T.);
#2187 = ADVANCED_FACE('',(#2188),#1486,.F.);
#2188 = FACE_BOUND('',#2189,.F.);
#2189 = EDGE_LOOP('',(#2190));
#2190 = ORIENTED_EDGE('',*,*,#1471,.T.);
#2191 = ADVANCED_FACE('',(#2192),#1541,.F.);
#2192 = FACE_BOUND('',#2193,.F.);
#2193 = EDGE_LOOP('',(#2194));
#2194 = ORIENTED_EDGE('',*,*,#1526,.T.);
#2195 = ADVANCED_FACE('',(#2196,#2206),#1596,.F.);
#2196 = FACE_BOUND('',#2197,.F.);
#2197 = EDGE_LOOP('',(#2198,#2199,#2200,#2201,#2202,#2203,#2204,#2205));
#2198 = ORIENTED_EDGE('',*,*,#1851,.T.);
#2199 = ORIENTED_EDGE('',*,*,#1730,.T.);
#2200 = ORIENTED_EDGE('',*,*,#1634,.T.);
#2201 = ORIENTED_EDGE('',*,*,#1579,.T.);
#2202 = ORIENTED_EDGE('',*,*,#1681,.T.);
#2203 = ORIENTED_EDGE('',*,*,#1802,.F.);
#2204 = ORIENTED_EDGE('',*,*,#1898,.T.);
#2205 = ORIENTED_EDGE('',*,*,#1930,.T.);
#2206 = FACE_BOUND('',#2207,.F.);
#2207 = EDGE_LOOP('',(#2208,#2231,#2260,#2286,#2312,#2338,#2362,#2388,
    #2414,#2440,#2464,#2490,#2516,#2542,#2566,#2587));
#2208 = ORIENTED_EDGE('',*,*,#2209,.F.);
#2209 = EDGE_CURVE('',#2210,#2212,#2214,.T.);
#2210 = VERTEX_POINT('',#2211);
#2211 = CARTESIAN_POINT('',(7.5,14.809904305977,12.59));
#2212 = VERTEX_POINT('',#2213);
#2213 = CARTESIAN_POINT('',(7.5,21.,12.59));
#2214 = SURFACE_CURVE('',#2215,(#2219,#2225),.PCURVE_S1.);
#2215 = LINE('',#2216,#2217);
#2216 = CARTESIAN_POINT('',(7.5,4.5,12.59));
#2217 = VECTOR('',#2218,1.);
#2218 = DIRECTION('',(0.,1.,0.));
#2219 = PCURVE('',#1596,#2220);
#2220 = DEFINITIONAL_REPRESENTATION('',(#2221),#2224);
#2221 = B_SPLINE_CURVE_WITH_KNOTS('',1,(#2222,#2223),.UNSPECIFIED.,.F.,
  .F.,(2,2),(4.5,16.5),.PIECEWISE_BEZIER_KNOTS.);
#2222 = CARTESIAN_POINT('',(7.5,9.));
#2223 = CARTESIAN_POINT('',(7.5,21.));
#2224 = ( GEOMETRIC_REPRESENTATION_CONTEXT(2) 
PARAMETRIC_REPRESENTATION_CONTEXT() REPRESENTATION_CONTEXT('2D SPACE',''
  ) );
#2225 = PCURVE('',#2145,#2226);
#2226 = DEFINITIONAL_REPRESENTATION('',(#2227),#2230);
#2227 = B_SPLINE_CURVE_WITH_KNOTS('',1,(#2228,#2229),.UNSPECIFIED.,.F.,
  .F.,(2,2),(4.5,16.5),.PIECEWISE_BEZIER_KNOTS.);
#2228 = CARTESIAN_POINT('',(5.79,0.));
#2229 = CARTESIAN_POINT('',(5.79,-12.));
#2230 = ( GEOMETRIC_REPRESENTATION_CONTEXT(2) 
PARAMETRIC_REPRESENTATION_CONTEXT() REPRESENTATION_CONTEXT('2D SPACE',''
  ) );
#2231 = ORIENTED_EDGE('',*,*,#2232,.F.);
#2232 = EDGE_CURVE('',#2233,#2210,#2235,.T.);
#2233 = VERTEX_POINT('',#2234);
#2234 = CARTESIAN_POINT('',(20.026544884228,-1.,12.59));
#2235 = SURFACE_CURVE('',#2236,(#2241,#2248),.PCURVE_S1.);
#2236 = CIRCLE('',#2237,20.25);
#2237 = AXIS2_PLACEMENT_3D('',#2238,#2239,#2240);
#2238 = CARTESIAN_POINT('',(0.,-4.,12.59));
#2239 = DIRECTION('',(0.,0.,1.));
#2240 = DIRECTION('',(-0.37037037037,0.928884163258,0.));
#2241 = PCURVE('',#1596,#2242);
#2242 = DEFINITIONAL_REPRESENTATION('',(#2243),#2247);
#2243 = CIRCLE('',#2244,20.25);
#2244 = AXIS2_PLACEMENT_2D('',#2245,#2246);
#2245 = CARTESIAN_POINT('',(0.,-4.));
#2246 = DIRECTION('',(-0.37037037037,0.928884163258));
#2247 = ( GEOMETRIC_REPRESENTATION_CONTEXT(2) 
PARAMETRIC_REPRESENTATION_CONTEXT() REPRESENTATION_CONTEXT('2D SPACE',''
  ) );
#2248 = PCURVE('',#2249,#2254);
#2249 = CYLINDRICAL_SURFACE('',#2250,20.25);
#2250 = AXIS2_PLACEMENT_3D('',#2251,#2252,#2253);
#2251 = CARTESIAN_POINT('',(0.,-4.,7.8));
#2252 = DIRECTION('',(-0.,-0.,-1.));
#2253 = DIRECTION('',(1.,0.,0.));
#2254 = DEFINITIONAL_REPRESENTATION('',(#2255),#2259);
#2255 = LINE('',#2256,#2257);
#2256 = CARTESIAN_POINT('',(-1.950204041923,-4.79));
#2257 = VECTOR('',#2258,1.);
#2258 = DIRECTION('',(-1.,-0.));
#2259 = ( GEOMETRIC_REPRESENTATION_CONTEXT(2) 
PARAMETRIC_REPRESENTATION_CONTEXT() REPRESENTATION_CONTEXT('2D SPACE',''
  ) );
#2260 = ORIENTED_EDGE('',*,*,#2261,.F.);
#2261 = EDGE_CURVE('',#2262,#2233,#2264,.T.);
#2262 = VERTEX_POINT('',#2263);
#2263 = CARTESIAN_POINT('',(21.6,-1.,12.59));
#2264 = SURFACE_CURVE('',#2265,(#2269,#2275),.PCURVE_S1.);
#2265 = LINE('',#2266,#2267);
#2266 = CARTESIAN_POINT('',(9.2,-1.,12.59));
#2267 = VECTOR('',#2268,1.);
#2268 = DIRECTION('',(-1.,0.,0.));
#2269 = PCURVE('',#1596,#2270);
#2270 = DEFINITIONAL_REPRESENTATION('',(#2271),#2274);
#2271 = B_SPLINE_CURVE_WITH_KNOTS('',1,(#2272,#2273),.UNSPECIFIED.,.F.,
  .F.,(2,2),(-12.4,-9.2),.PIECEWISE_BEZIER_KNOTS.);
#2272 = CARTESIAN_POINT('',(21.6,-1.));
#2273 = CARTESIAN_POINT('',(18.4,-1.));
#2274 = ( GEOMETRIC_REPRESENTATION_CONTEXT(2) 
PARAMETRIC_REPRESENTATION_CONTEXT() REPRESENTATION_CONTEXT('2D SPACE',''
  ) );
#2275 = PCURVE('',#2276,#2281);
#2276 = PLANE('',#2277);
#2277 = AXIS2_PLACEMENT_3D('',#2278,#2279,#2280);
#2278 = CARTESIAN_POINT('',(18.4,-1.,7.65));
#2279 = DIRECTION('',(0.,1.,0.));
#2280 = DIRECTION('',(0.,0.,1.));
#2281 = DEFINITIONAL_REPRESENTATION('',(#2282),#2285);
#2282 = B_SPLINE_CURVE_WITH_KNOTS('',1,(#2283,#2284),.UNSPECIFIED.,.F.,
  .F.,(2,2),(-12.4,-9.2),.PIECEWISE_BEZIER_KNOTS.);
#2283 = CARTESIAN_POINT('',(4.94,3.2));
#2284 = CARTESIAN_POINT('',(4.94,0.));
#2285 = ( GEOMETRIC_REPRESENTATION_CONTEXT(2) 
PARAMETRIC_REPRESENTATION_CONTEXT() REPRESENTATION_CONTEXT('2D SPACE',''
  ) );
#2286 = ORIENTED_EDGE('',*,*,#2287,.F.);
#2287 = EDGE_CURVE('',#2288,#2262,#2290,.T.);
#2288 = VERTEX_POINT('',#2289);
#2289 = CARTESIAN_POINT('',(21.6,-7.,12.59));
#2290 = SURFACE_CURVE('',#2291,(#2295,#2301),.PCURVE_S1.);
#2291 = LINE('',#2292,#2293);
#2292 = CARTESIAN_POINT('',(21.6,-3.5,12.59));
#2293 = VECTOR('',#2294,1.);
#2294 = DIRECTION('',(0.,1.,0.));
#2295 = PCURVE('',#1596,#2296);
#2296 = DEFINITIONAL_REPRESENTATION('',(#2297),#2300);
#2297 = B_SPLINE_CURVE_WITH_KNOTS('',1,(#2298,#2299),.UNSPECIFIED.,.F.,
  .F.,(2,2),(-3.5,2.5),.PIECEWISE_BEZIER_KNOTS.);
#2298 = CARTESIAN_POINT('',(21.6,-7.));
#2299 = CARTESIAN_POINT('',(21.6,-1.));
#2300 = ( GEOMETRIC_REPRESENTATION_CONTEXT(2) 
PARAMETRIC_REPRESENTATION_CONTEXT() REPRESENTATION_CONTEXT('2D SPACE',''
  ) );
#2301 = PCURVE('',#2302,#2307);
#2302 = PLANE('',#2303);
#2303 = AXIS2_PLACEMENT_3D('',#2304,#2305,#2306);
#2304 = CARTESIAN_POINT('',(21.6,-7.,7.65));
#2305 = DIRECTION('',(1.,0.,0.));
#2306 = DIRECTION('',(0.,0.,1.));
#2307 = DEFINITIONAL_REPRESENTATION('',(#2308),#2311);
#2308 = B_SPLINE_CURVE_WITH_KNOTS('',1,(#2309,#2310),.UNSPECIFIED.,.F.,
  .F.,(2,2),(-3.5,2.5),.PIECEWISE_BEZIER_KNOTS.);
#2309 = CARTESIAN_POINT('',(4.94,0.));
#2310 = CARTESIAN_POINT('',(4.94,-6.));
#2311 = ( GEOMETRIC_REPRESENTATION_CONTEXT(2) 
PARAMETRIC_REPRESENTATION_CONTEXT() REPRESENTATION_CONTEXT('2D SPACE',''
  ) );
#2312 = ORIENTED_EDGE('',*,*,#2313,.T.);
#2313 = EDGE_CURVE('',#2288,#2314,#2316,.T.);
#2314 = VERTEX_POINT('',#2315);
#2315 = CARTESIAN_POINT('',(20.026544884228,-7.,12.59));
#2316 = SURFACE_CURVE('',#2317,(#2321,#2327),.PCURVE_S1.);
#2317 = LINE('',#2318,#2319);
#2318 = CARTESIAN_POINT('',(9.2,-7.,12.59));
#2319 = VECTOR('',#2320,1.);
#2320 = DIRECTION('',(-1.,0.,0.));
#2321 = PCURVE('',#1596,#2322);
#2322 = DEFINITIONAL_REPRESENTATION('',(#2323),#2326);
#2323 = B_SPLINE_CURVE_WITH_KNOTS('',1,(#2324,#2325),.UNSPECIFIED.,.F.,
  .F.,(2,2),(-12.4,-9.2),.PIECEWISE_BEZIER_KNOTS.);
#2324 = CARTESIAN_POINT('',(21.6,-7.));
#2325 = CARTESIAN_POINT('',(18.4,-7.));
#2326 = ( GEOMETRIC_REPRESENTATION_CONTEXT(2) 
PARAMETRIC_REPRESENTATION_CONTEXT() REPRESENTATION_CONTEXT('2D SPACE',''
  ) );
#2327 = PCURVE('',#2328,#2333);
#2328 = PLANE('',#2329);
#2329 = AXIS2_PLACEMENT_3D('',#2330,#2331,#2332);
#2330 = CARTESIAN_POINT('',(18.4,-7.,7.65));
#2331 = DIRECTION('',(0.,1.,0.));
#2332 = DIRECTION('',(0.,0.,1.));
#2333 = DEFINITIONAL_REPRESENTATION('',(#2334),#2337);
#2334 = B_SPLINE_CURVE_WITH_KNOTS('',1,(#2335,#2336),.UNSPECIFIED.,.F.,
  .F.,(2,2),(-12.4,-9.2),.PIECEWISE_BEZIER_KNOTS.);
#2335 = CARTESIAN_POINT('',(4.94,3.2));
#2336 = CARTESIAN_POINT('',(4.94,0.));
#2337 = ( GEOMETRIC_REPRESENTATION_CONTEXT(2) 
PARAMETRIC_REPRESENTATION_CONTEXT() REPRESENTATION_CONTEXT('2D SPACE',''
  ) );
#2338 = ORIENTED_EDGE('',*,*,#2339,.F.);
#2339 = EDGE_CURVE('',#2340,#2314,#2342,.T.);
#2340 = VERTEX_POINT('',#2341);
#2341 = CARTESIAN_POINT('',(3.,-24.02654488422,12.59));
#2342 = SURFACE_CURVE('',#2343,(#2348,#2355),.PCURVE_S1.);
#2343 = CIRCLE('',#2344,20.25);
#2344 = AXIS2_PLACEMENT_3D('',#2345,#2346,#2347);
#2345 = CARTESIAN_POINT('',(0.,-4.,12.59));
#2346 = DIRECTION('',(0.,0.,1.));
#2347 = DIRECTION('',(-0.37037037037,0.928884163258,0.));
#2348 = PCURVE('',#1596,#2349);
#2349 = DEFINITIONAL_REPRESENTATION('',(#2350),#2354);
#2350 = CIRCLE('',#2351,20.25);
#2351 = AXIS2_PLACEMENT_2D('',#2352,#2353);
#2352 = CARTESIAN_POINT('',(0.,-4.));
#2353 = DIRECTION('',(-0.37037037037,0.928884163258));
#2354 = ( GEOMETRIC_REPRESENTATION_CONTEXT(2) 
PARAMETRIC_REPRESENTATION_CONTEXT() REPRESENTATION_CONTEXT('2D SPACE',''
  ) );
#2355 = PCURVE('',#2249,#2356);
#2356 = DEFINITIONAL_REPRESENTATION('',(#2357),#2361);
#2357 = LINE('',#2358,#2359);
#2358 = CARTESIAN_POINT('',(-1.950204041923,-4.79));
#2359 = VECTOR('',#2360,1.);
#2360 = DIRECTION('',(-1.,-0.));
#2361 = ( GEOMETRIC_REPRESENTATION_CONTEXT(2) 
PARAMETRIC_REPRESENTATION_CONTEXT() REPRESENTATION_CONTEXT('2D SPACE',''
  ) );
#2362 = ORIENTED_EDGE('',*,*,#2363,.F.);
#2363 = EDGE_CURVE('',#2364,#2340,#2366,.T.);
#2364 = VERTEX_POINT('',#2365);
#2365 = CARTESIAN_POINT('',(3.,-25.6,12.59));
#2366 = SURFACE_CURVE('',#2367,(#2371,#2377),.PCURVE_S1.);
#2367 = LINE('',#2368,#2369);
#2368 = CARTESIAN_POINT('',(3.,-12.8,12.59));
#2369 = VECTOR('',#2370,1.);
#2370 = DIRECTION('',(0.,1.,0.));
#2371 = PCURVE('',#1596,#2372);
#2372 = DEFINITIONAL_REPRESENTATION('',(#2373),#2376);
#2373 = B_SPLINE_CURVE_WITH_KNOTS('',1,(#2374,#2375),.UNSPECIFIED.,.F.,
  .F.,(2,2),(-12.8,-9.6),.PIECEWISE_BEZIER_KNOTS.);
#2374 = CARTESIAN_POINT('',(3.,-25.6));
#2375 = CARTESIAN_POINT('',(3.,-22.4));
#2376 = ( GEOMETRIC_REPRESENTATION_CONTEXT(2) 
PARAMETRIC_REPRESENTATION_CONTEXT() REPRESENTATION_CONTEXT('2D SPACE',''
  ) );
#2377 = PCURVE('',#2378,#2383);
#2378 = PLANE('',#2379);
#2379 = AXIS2_PLACEMENT_3D('',#2380,#2381,#2382);
#2380 = CARTESIAN_POINT('',(3.,-25.6,7.65));
#2381 = DIRECTION('',(1.,0.,0.));
#2382 = DIRECTION('',(0.,0.,1.));
#2383 = DEFINITIONAL_REPRESENTATION('',(#2384),#2387);
#2384 = B_SPLINE_CURVE_WITH_KNOTS('',1,(#2385,#2386),.UNSPECIFIED.,.F.,
  .F.,(2,2),(-12.8,-9.6),.PIECEWISE_BEZIER_KNOTS.);
#2385 = CARTESIAN_POINT('',(4.94,0.));
#2386 = CARTESIAN_POINT('',(4.94,-3.2));
#2387 = ( GEOMETRIC_REPRESENTATION_CONTEXT(2) 
PARAMETRIC_REPRESENTATION_CONTEXT() REPRESENTATION_CONTEXT('2D SPACE',''
  ) );
#2388 = ORIENTED_EDGE('',*,*,#2389,.T.);
#2389 = EDGE_CURVE('',#2364,#2390,#2392,.T.);
#2390 = VERTEX_POINT('',#2391);
#2391 = CARTESIAN_POINT('',(-3.,-25.6,12.59));
#2392 = SURFACE_CURVE('',#2393,(#2397,#2403),.PCURVE_S1.);
#2393 = LINE('',#2394,#2395);
#2394 = CARTESIAN_POINT('',(-1.5,-25.6,12.59));
#2395 = VECTOR('',#2396,1.);
#2396 = DIRECTION('',(-1.,0.,0.));
#2397 = PCURVE('',#1596,#2398);
#2398 = DEFINITIONAL_REPRESENTATION('',(#2399),#2402);
#2399 = B_SPLINE_CURVE_WITH_KNOTS('',1,(#2400,#2401),.UNSPECIFIED.,.F.,
  .F.,(2,2),(-4.5,1.5),.PIECEWISE_BEZIER_KNOTS.);
#2400 = CARTESIAN_POINT('',(3.,-25.6));
#2401 = CARTESIAN_POINT('',(-3.,-25.6));
#2402 = ( GEOMETRIC_REPRESENTATION_CONTEXT(2) 
PARAMETRIC_REPRESENTATION_CONTEXT() REPRESENTATION_CONTEXT('2D SPACE',''
  ) );
#2403 = PCURVE('',#2404,#2409);
#2404 = PLANE('',#2405);
#2405 = AXIS2_PLACEMENT_3D('',#2406,#2407,#2408);
#2406 = CARTESIAN_POINT('',(-3.,-25.6,7.65));
#2407 = DIRECTION('',(0.,1.,0.));
#2408 = DIRECTION('',(0.,0.,1.));
#2409 = DEFINITIONAL_REPRESENTATION('',(#2410),#2413);
#2410 = B_SPLINE_CURVE_WITH_KNOTS('',1,(#2411,#2412),.UNSPECIFIED.,.F.,
  .F.,(2,2),(-4.5,1.5),.PIECEWISE_BEZIER_KNOTS.);
#2411 = CARTESIAN_POINT('',(4.94,6.));
#2412 = CARTESIAN_POINT('',(4.94,0.));
#2413 = ( GEOMETRIC_REPRESENTATION_CONTEXT(2) 
PARAMETRIC_REPRESENTATION_CONTEXT() REPRESENTATION_CONTEXT('2D SPACE',''
  ) );
#2414 = ORIENTED_EDGE('',*,*,#2415,.T.);
#2415 = EDGE_CURVE('',#2390,#2416,#2418,.T.);
#2416 = VERTEX_POINT('',#2417);
#2417 = CARTESIAN_POINT('',(-3.,-24.02654488422,12.59));
#2418 = SURFACE_CURVE('',#2419,(#2423,#2429),.PCURVE_S1.);
#2419 = LINE('',#2420,#2421);
#2420 = CARTESIAN_POINT('',(-3.,-12.8,12.59));
#2421 = VECTOR('',#2422,1.);
#2422 = DIRECTION('',(0.,1.,0.));
#2423 = PCURVE('',#1596,#2424);
#2424 = DEFINITIONAL_REPRESENTATION('',(#2425),#2428);
#2425 = B_SPLINE_CURVE_WITH_KNOTS('',1,(#2426,#2427),.UNSPECIFIED.,.F.,
  .F.,(2,2),(-12.8,-9.6),.PIECEWISE_BEZIER_KNOTS.);
#2426 = CARTESIAN_POINT('',(-3.,-25.6));
#2427 = CARTESIAN_POINT('',(-3.,-22.4));
#2428 = ( GEOMETRIC_REPRESENTATION_CONTEXT(2) 
PARAMETRIC_REPRESENTATION_CONTEXT() REPRESENTATION_CONTEXT('2D SPACE',''
  ) );
#2429 = PCURVE('',#2430,#2435);
#2430 = PLANE('',#2431);
#2431 = AXIS2_PLACEMENT_3D('',#2432,#2433,#2434);
#2432 = CARTESIAN_POINT('',(-3.,-25.6,7.65));
#2433 = DIRECTION('',(1.,0.,0.));
#2434 = DIRECTION('',(0.,0.,1.));
#2435 = DEFINITIONAL_REPRESENTATION('',(#2436),#2439);
#2436 = B_SPLINE_CURVE_WITH_KNOTS('',1,(#2437,#2438),.UNSPECIFIED.,.F.,
  .F.,(2,2),(-12.8,-9.6),.PIECEWISE_BEZIER_KNOTS.);
#2437 = CARTESIAN_POINT('',(4.94,0.));
#2438 = CARTESIAN_POINT('',(4.94,-3.2));
#2439 = ( GEOMETRIC_REPRESENTATION_CONTEXT(2) 
PARAMETRIC_REPRESENTATION_CONTEXT() REPRESENTATION_CONTEXT('2D SPACE',''
  ) );
#2440 = ORIENTED_EDGE('',*,*,#2441,.F.);
#2441 = EDGE_CURVE('',#2442,#2416,#2444,.T.);
#2442 = VERTEX_POINT('',#2443);
#2443 = CARTESIAN_POINT('',(-20.02654488422,-7.,12.59));
#2444 = SURFACE_CURVE('',#2445,(#2450,#2457),.PCURVE_S1.);
#2445 = CIRCLE('',#2446,20.25);
#2446 = AXIS2_PLACEMENT_3D('',#2447,#2448,#2449);
#2447 = CARTESIAN_POINT('',(0.,-4.,12.59));
#2448 = DIRECTION('',(0.,0.,1.));
#2449 = DIRECTION('',(-0.37037037037,0.928884163258,0.));
#2450 = PCURVE('',#1596,#2451);
#2451 = DEFINITIONAL_REPRESENTATION('',(#2452),#2456);
#2452 = CIRCLE('',#2453,20.25);
#2453 = AXIS2_PLACEMENT_2D('',#2454,#2455);
#2454 = CARTESIAN_POINT('',(0.,-4.));
#2455 = DIRECTION('',(-0.37037037037,0.928884163258));
#2456 = ( GEOMETRIC_REPRESENTATION_CONTEXT(2) 
PARAMETRIC_REPRESENTATION_CONTEXT() REPRESENTATION_CONTEXT('2D SPACE',''
  ) );
#2457 = PCURVE('',#2249,#2458);
#2458 = DEFINITIONAL_REPRESENTATION('',(#2459),#2463);
#2459 = LINE('',#2460,#2461);
#2460 = CARTESIAN_POINT('',(-1.950204041923,-4.79));
#2461 = VECTOR('',#2462,1.);
#2462 = DIRECTION('',(-1.,-0.));
#2463 = ( GEOMETRIC_REPRESENTATION_CONTEXT(2) 
PARAMETRIC_REPRESENTATION_CONTEXT() REPRESENTATION_CONTEXT('2D SPACE',''
  ) );
#2464 = ORIENTED_EDGE('',*,*,#2465,.T.);
#2465 = EDGE_CURVE('',#2442,#2466,#2468,.T.);
#2466 = VERTEX_POINT('',#2467);
#2467 = CARTESIAN_POINT('',(-21.6,-7.,12.59));
#2468 = SURFACE_CURVE('',#2469,(#2473,#2479),.PCURVE_S1.);
#2469 = LINE('',#2470,#2471);
#2470 = CARTESIAN_POINT('',(-10.8,-7.,12.59));
#2471 = VECTOR('',#2472,1.);
#2472 = DIRECTION('',(-1.,0.,0.));
#2473 = PCURVE('',#1596,#2474);
#2474 = DEFINITIONAL_REPRESENTATION('',(#2475),#2478);
#2475 = B_SPLINE_CURVE_WITH_KNOTS('',1,(#2476,#2477),.UNSPECIFIED.,.F.,
  .F.,(2,2),(7.6,10.8),.PIECEWISE_BEZIER_KNOTS.);
#2476 = CARTESIAN_POINT('',(-18.4,-7.));
#2477 = CARTESIAN_POINT('',(-21.6,-7.));
#2478 = ( GEOMETRIC_REPRESENTATION_CONTEXT(2) 
PARAMETRIC_REPRESENTATION_CONTEXT() REPRESENTATION_CONTEXT('2D SPACE',''
  ) );
#2479 = PCURVE('',#2480,#2485);
#2480 = PLANE('',#2481);
#2481 = AXIS2_PLACEMENT_3D('',#2482,#2483,#2484);
#2482 = CARTESIAN_POINT('',(-21.6,-7.,7.65));
#2483 = DIRECTION('',(0.,1.,0.));
#2484 = DIRECTION('',(0.,0.,1.));
#2485 = DEFINITIONAL_REPRESENTATION('',(#2486),#2489);
#2486 = B_SPLINE_CURVE_WITH_KNOTS('',1,(#2487,#2488),.UNSPECIFIED.,.F.,
  .F.,(2,2),(7.6,10.8),.PIECEWISE_BEZIER_KNOTS.);
#2487 = CARTESIAN_POINT('',(4.94,3.2));
#2488 = CARTESIAN_POINT('',(4.94,0.));
#2489 = ( GEOMETRIC_REPRESENTATION_CONTEXT(2) 
PARAMETRIC_REPRESENTATION_CONTEXT() REPRESENTATION_CONTEXT('2D SPACE',''
  ) );
#2490 = ORIENTED_EDGE('',*,*,#2491,.T.);
#2491 = EDGE_CURVE('',#2466,#2492,#2494,.T.);
#2492 = VERTEX_POINT('',#2493);
#2493 = CARTESIAN_POINT('',(-21.6,-1.,12.59));
#2494 = SURFACE_CURVE('',#2495,(#2499,#2505),.PCURVE_S1.);
#2495 = LINE('',#2496,#2497);
#2496 = CARTESIAN_POINT('',(-21.6,-3.5,12.59));
#2497 = VECTOR('',#2498,1.);
#2498 = DIRECTION('',(0.,1.,0.));
#2499 = PCURVE('',#1596,#2500);
#2500 = DEFINITIONAL_REPRESENTATION('',(#2501),#2504);
#2501 = B_SPLINE_CURVE_WITH_KNOTS('',1,(#2502,#2503),.UNSPECIFIED.,.F.,
  .F.,(2,2),(-3.5,2.5),.PIECEWISE_BEZIER_KNOTS.);
#2502 = CARTESIAN_POINT('',(-21.6,-7.));
#2503 = CARTESIAN_POINT('',(-21.6,-1.));
#2504 = ( GEOMETRIC_REPRESENTATION_CONTEXT(2) 
PARAMETRIC_REPRESENTATION_CONTEXT() REPRESENTATION_CONTEXT('2D SPACE',''
  ) );
#2505 = PCURVE('',#2506,#2511);
#2506 = PLANE('',#2507);
#2507 = AXIS2_PLACEMENT_3D('',#2508,#2509,#2510);
#2508 = CARTESIAN_POINT('',(-21.6,-7.,7.65));
#2509 = DIRECTION('',(1.,0.,0.));
#2510 = DIRECTION('',(0.,0.,1.));
#2511 = DEFINITIONAL_REPRESENTATION('',(#2512),#2515);
#2512 = B_SPLINE_CURVE_WITH_KNOTS('',1,(#2513,#2514),.UNSPECIFIED.,.F.,
  .F.,(2,2),(-3.5,2.5),.PIECEWISE_BEZIER_KNOTS.);
#2513 = CARTESIAN_POINT('',(4.94,0.));
#2514 = CARTESIAN_POINT('',(4.94,-6.));
#2515 = ( GEOMETRIC_REPRESENTATION_CONTEXT(2) 
PARAMETRIC_REPRESENTATION_CONTEXT() REPRESENTATION_CONTEXT('2D SPACE',''
  ) );
#2516 = ORIENTED_EDGE('',*,*,#2517,.F.);
#2517 = EDGE_CURVE('',#2518,#2492,#2520,.T.);
#2518 = VERTEX_POINT('',#2519);
#2519 = CARTESIAN_POINT('',(-20.02654488422,-1.,12.59));
#2520 = SURFACE_CURVE('',#2521,(#2525,#2531),.PCURVE_S1.);
#2521 = LINE('',#2522,#2523);
#2522 = CARTESIAN_POINT('',(-10.8,-1.,12.59));
#2523 = VECTOR('',#2524,1.);
#2524 = DIRECTION('',(-1.,0.,0.));
#2525 = PCURVE('',#1596,#2526);
#2526 = DEFINITIONAL_REPRESENTATION('',(#2527),#2530);
#2527 = B_SPLINE_CURVE_WITH_KNOTS('',1,(#2528,#2529),.UNSPECIFIED.,.F.,
  .F.,(2,2),(7.6,10.8),.PIECEWISE_BEZIER_KNOTS.);
#2528 = CARTESIAN_POINT('',(-18.4,-1.));
#2529 = CARTESIAN_POINT('',(-21.6,-1.));
#2530 = ( GEOMETRIC_REPRESENTATION_CONTEXT(2) 
PARAMETRIC_REPRESENTATION_CONTEXT() REPRESENTATION_CONTEXT('2D SPACE',''
  ) );
#2531 = PCURVE('',#2532,#2537);
#2532 = PLANE('',#2533);
#2533 = AXIS2_PLACEMENT_3D('',#2534,#2535,#2536);
#2534 = CARTESIAN_POINT('',(-21.6,-1.,7.65));
#2535 = DIRECTION('',(0.,1.,0.));
#2536 = DIRECTION('',(0.,0.,1.));
#2537 = DEFINITIONAL_REPRESENTATION('',(#2538),#2541);
#2538 = B_SPLINE_CURVE_WITH_KNOTS('',1,(#2539,#2540),.UNSPECIFIED.,.F.,
  .F.,(2,2),(7.6,10.8),.PIECEWISE_BEZIER_KNOTS.);
#2539 = CARTESIAN_POINT('',(4.94,3.2));
#2540 = CARTESIAN_POINT('',(4.94,0.));
#2541 = ( GEOMETRIC_REPRESENTATION_CONTEXT(2) 
PARAMETRIC_REPRESENTATION_CONTEXT() REPRESENTATION_CONTEXT('2D SPACE',''
  ) );
#2542 = ORIENTED_EDGE('',*,*,#2543,.F.);
#2543 = EDGE_CURVE('',#2544,#2518,#2546,.T.);
#2544 = VERTEX_POINT('',#2545);
#2545 = CARTESIAN_POINT('',(-7.5,14.809904305977,12.59));
#2546 = SURFACE_CURVE('',#2547,(#2552,#2559),.PCURVE_S1.);
#2547 = CIRCLE('',#2548,20.25);
#2548 = AXIS2_PLACEMENT_3D('',#2549,#2550,#2551);
#2549 = CARTESIAN_POINT('',(0.,-4.,12.59));
#2550 = DIRECTION('',(0.,0.,1.));
#2551 = DIRECTION('',(-0.37037037037,0.928884163258,0.));
#2552 = PCURVE('',#1596,#2553);
#2553 = DEFINITIONAL_REPRESENTATION('',(#2554),#2558);
#2554 = CIRCLE('',#2555,20.25);
#2555 = AXIS2_PLACEMENT_2D('',#2556,#2557);
#2556 = CARTESIAN_POINT('',(0.,-4.));
#2557 = DIRECTION('',(-0.37037037037,0.928884163258));
#2558 = ( GEOMETRIC_REPRESENTATION_CONTEXT(2) 
PARAMETRIC_REPRESENTATION_CONTEXT() REPRESENTATION_CONTEXT('2D SPACE',''
  ) );
#2559 = PCURVE('',#2249,#2560);
#2560 = DEFINITIONAL_REPRESENTATION('',(#2561),#2565);
#2561 = LINE('',#2562,#2563);
#2562 = CARTESIAN_POINT('',(-1.950204041923,-4.79));
#2563 = VECTOR('',#2564,1.);
#2564 = DIRECTION('',(-1.,-0.));
#2565 = ( GEOMETRIC_REPRESENTATION_CONTEXT(2) 
PARAMETRIC_REPRESENTATION_CONTEXT() REPRESENTATION_CONTEXT('2D SPACE',''
  ) );
#2566 = ORIENTED_EDGE('',*,*,#2567,.T.);
#2567 = EDGE_CURVE('',#2544,#2568,#2570,.T.);
#2568 = VERTEX_POINT('',#2569);
#2569 = CARTESIAN_POINT('',(-7.5,21.,12.59));
#2570 = SURFACE_CURVE('',#2571,(#2575,#2581),.PCURVE_S1.);
#2571 = LINE('',#2572,#2573);
#2572 = CARTESIAN_POINT('',(-7.5,4.5,12.59));
#2573 = VECTOR('',#2574,1.);
#2574 = DIRECTION('',(0.,1.,0.));
#2575 = PCURVE('',#1596,#2576);
#2576 = DEFINITIONAL_REPRESENTATION('',(#2577),#2580);
#2577 = B_SPLINE_CURVE_WITH_KNOTS('',1,(#2578,#2579),.UNSPECIFIED.,.F.,
  .F.,(2,2),(4.5,16.5),.PIECEWISE_BEZIER_KNOTS.);
#2578 = CARTESIAN_POINT('',(-7.5,9.));
#2579 = CARTESIAN_POINT('',(-7.5,21.));
#2580 = ( GEOMETRIC_REPRESENTATION_CONTEXT(2) 
PARAMETRIC_REPRESENTATION_CONTEXT() REPRESENTATION_CONTEXT('2D SPACE',''
  ) );
#2581 = PCURVE('',#2086,#2582);
#2582 = DEFINITIONAL_REPRESENTATION('',(#2583),#2586);
#2583 = B_SPLINE_CURVE_WITH_KNOTS('',1,(#2584,#2585),.UNSPECIFIED.,.F.,
  .F.,(2,2),(4.5,16.5),.PIECEWISE_BEZIER_KNOTS.);
#2584 = CARTESIAN_POINT('',(5.79,0.));
#2585 = CARTESIAN_POINT('',(5.79,-12.));
#2586 = ( GEOMETRIC_REPRESENTATION_CONTEXT(2) 
PARAMETRIC_REPRESENTATION_CONTEXT() REPRESENTATION_CONTEXT('2D SPACE',''
  ) );
#2587 = ORIENTED_EDGE('',*,*,#2588,.F.);
#2588 = EDGE_CURVE('',#2212,#2568,#2589,.T.);
#2589 = SURFACE_CURVE('',#2590,(#2594,#2600),.PCURVE_S1.);
#2590 = LINE('',#2591,#2592);
#2591 = CARTESIAN_POINT('',(-3.75,21.,12.59));
#2592 = VECTOR('',#2593,1.);
#2593 = DIRECTION('',(-1.,0.,0.));
#2594 = PCURVE('',#1596,#2595);
#2595 = DEFINITIONAL_REPRESENTATION('',(#2596),#2599);
#2596 = B_SPLINE_CURVE_WITH_KNOTS('',1,(#2597,#2598),.UNSPECIFIED.,.F.,
  .F.,(2,2),(-11.25,3.75),.PIECEWISE_BEZIER_KNOTS.);
#2597 = CARTESIAN_POINT('',(7.5,21.));
#2598 = CARTESIAN_POINT('',(-7.5,21.));
#2599 = ( GEOMETRIC_REPRESENTATION_CONTEXT(2) 
PARAMETRIC_REPRESENTATION_CONTEXT() REPRESENTATION_CONTEXT('2D SPACE',''
  ) );
#2600 = PCURVE('',#2601,#2606);
#2601 = PLANE('',#2602);
#2602 = AXIS2_PLACEMENT_3D('',#2603,#2604,#2605);
#2603 = CARTESIAN_POINT('',(-7.5,21.,6.8));
#2604 = DIRECTION('',(0.,1.,0.));
#2605 = DIRECTION('',(0.,0.,1.));
#2606 = DEFINITIONAL_REPRESENTATION('',(#2607),#2610);
#2607 = B_SPLINE_CURVE_WITH_KNOTS('',1,(#2608,#2609),.UNSPECIFIED.,.F.,
  .F.,(2,2),(-11.25,3.75),.PIECEWISE_BEZIER_KNOTS.);
#2608 = CARTESIAN_POINT('',(5.79,15.));
#2609 = CARTESIAN_POINT('',(5.79,0.));
#2610 = ( GEOMETRIC_REPRESENTATION_CONTEXT(2) 
PARAMETRIC_REPRESENTATION_CONTEXT() REPRESENTATION_CONTEXT('2D SPACE',''
  ) );
#2611 = ADVANCED_FACE('',(#2612),#1999,.F.);
#2612 = FACE_BOUND('',#2613,.F.);
#2613 = EDGE_LOOP('',(#2614));
#2614 = ORIENTED_EDGE('',*,*,#1984,.T.);
#2615 = ADVANCED_FACE('',(#2616),#2055,.F.);
#2616 = FACE_BOUND('',#2617,.F.);
#2617 = EDGE_LOOP('',(#2618,#2639,#2667,#2686,#2687));
#2618 = ORIENTED_EDGE('',*,*,#2619,.T.);
#2619 = EDGE_CURVE('',#2039,#2620,#2622,.T.);
#2620 = VERTEX_POINT('',#2621);
#2621 = CARTESIAN_POINT('',(-7.5,14.809904305977,12.7));
#2622 = SURFACE_CURVE('',#2623,(#2627,#2633),.PCURVE_S1.);
#2623 = LINE('',#2624,#2625);
#2624 = CARTESIAN_POINT('',(-7.5,2.5,12.7));
#2625 = VECTOR('',#2626,1.);
#2626 = DIRECTION('',(0.,1.,0.));
#2627 = PCURVE('',#2055,#2628);
#2628 = DEFINITIONAL_REPRESENTATION('',(#2629),#2632);
#2629 = B_SPLINE_CURVE_WITH_KNOTS('',1,(#2630,#2631),.UNSPECIFIED.,.F.,
  .F.,(2,2),(6.5,13.75),.PIECEWISE_BEZIER_KNOTS.);
#2630 = CARTESIAN_POINT('',(-7.5,13.));
#2631 = CARTESIAN_POINT('',(-7.5,20.25));
#2632 = ( GEOMETRIC_REPRESENTATION_CONTEXT(2) 
PARAMETRIC_REPRESENTATION_CONTEXT() REPRESENTATION_CONTEXT('2D SPACE',''
  ) );
#2633 = PCURVE('',#2086,#2634);
#2634 = DEFINITIONAL_REPRESENTATION('',(#2635),#2638);
#2635 = B_SPLINE_CURVE_WITH_KNOTS('',1,(#2636,#2637),.UNSPECIFIED.,.F.,
  .F.,(2,2),(6.5,13.75),.PIECEWISE_BEZIER_KNOTS.);
#2636 = CARTESIAN_POINT('',(5.9,0.));
#2637 = CARTESIAN_POINT('',(5.9,-7.25));
#2638 = ( GEOMETRIC_REPRESENTATION_CONTEXT(2) 
PARAMETRIC_REPRESENTATION_CONTEXT() REPRESENTATION_CONTEXT('2D SPACE',''
  ) );
#2639 = ORIENTED_EDGE('',*,*,#2640,.F.);
#2640 = EDGE_CURVE('',#2641,#2620,#2643,.T.);
#2641 = VERTEX_POINT('',#2642);
#2642 = CARTESIAN_POINT('',(7.5,14.809904305977,12.7));
#2643 = SURFACE_CURVE('',#2644,(#2649,#2660),.PCURVE_S1.);
#2644 = CIRCLE('',#2645,20.25);
#2645 = AXIS2_PLACEMENT_3D('',#2646,#2647,#2648);
#2646 = CARTESIAN_POINT('',(0.,-4.,12.7));
#2647 = DIRECTION('',(0.,0.,-1.));
#2648 = DIRECTION('',(0.37037037037,0.928884163258,0.));
#2649 = PCURVE('',#2055,#2650);
#2650 = DEFINITIONAL_REPRESENTATION('',(#2651),#2659);
#2651 = ( BOUNDED_CURVE() B_SPLINE_CURVE(2,(#2652,#2653,#2654,#2655,
#2656,#2657,#2658),.UNSPECIFIED.,.T.,.F.) B_SPLINE_CURVE_WITH_KNOTS((1,2
    ,2,2,2,1),(-2.094395102393,0.,2.094395102393,4.188790204786,
6.28318530718,8.377580409573),.UNSPECIFIED.) CURVE() 
GEOMETRIC_REPRESENTATION_ITEM() RATIONAL_B_SPLINE_CURVE((1.,0.5,1.,0.5,
1.,0.5,1.)) REPRESENTATION_ITEM('') );
#2652 = CARTESIAN_POINT('',(7.5,18.809904305977));
#2653 = CARTESIAN_POINT('',(40.07970994346,5.81952324921));
#2654 = CARTESIAN_POINT('',(12.53985497173,-15.90014268137));
#2655 = CARTESIAN_POINT('',(-15.,-37.61980861195));
#2656 = CARTESIAN_POINT('',(-20.03985497173,-2.909761624605));
#2657 = CARTESIAN_POINT('',(-25.07970994346,31.800285362743));
#2658 = CARTESIAN_POINT('',(7.5,18.809904305977));
#2659 = ( GEOMETRIC_REPRESENTATION_CONTEXT(2) 
PARAMETRIC_REPRESENTATION_CONTEXT() REPRESENTATION_CONTEXT('2D SPACE',''
  ) );
#2660 = PCURVE('',#2249,#2661);
#2661 = DEFINITIONAL_REPRESENTATION('',(#2662),#2666);
#2662 = LINE('',#2663,#2664);
#2663 = CARTESIAN_POINT('',(-7.474573918847,-4.9));
#2664 = VECTOR('',#2665,1.);
#2665 = DIRECTION('',(1.,-0.));
#2666 = ( GEOMETRIC_REPRESENTATION_CONTEXT(2) 
PARAMETRIC_REPRESENTATION_CONTEXT() REPRESENTATION_CONTEXT('2D SPACE',''
  ) );
#2667 = ORIENTED_EDGE('',*,*,#2668,.F.);
#2668 = EDGE_CURVE('',#2131,#2641,#2669,.T.);
#2669 = SURFACE_CURVE('',#2670,(#2674,#2680),.PCURVE_S1.);
#2670 = LINE('',#2671,#2672);
#2671 = CARTESIAN_POINT('',(7.5,2.5,12.7));
#2672 = VECTOR('',#2673,1.);
#2673 = DIRECTION('',(0.,1.,0.));
#2674 = PCURVE('',#2055,#2675);
#2675 = DEFINITIONAL_REPRESENTATION('',(#2676),#2679);
#2676 = B_SPLINE_CURVE_WITH_KNOTS('',1,(#2677,#2678),.UNSPECIFIED.,.F.,
  .F.,(2,2),(6.5,13.75),.PIECEWISE_BEZIER_KNOTS.);
#2677 = CARTESIAN_POINT('',(7.5,13.));
#2678 = CARTESIAN_POINT('',(7.5,20.25));
#2679 = ( GEOMETRIC_REPRESENTATION_CONTEXT(2) 
PARAMETRIC_REPRESENTATION_CONTEXT() REPRESENTATION_CONTEXT('2D SPACE',''
  ) );
#2680 = PCURVE('',#2145,#2681);
#2681 = DEFINITIONAL_REPRESENTATION('',(#2682),#2685);
#2682 = B_SPLINE_CURVE_WITH_KNOTS('',1,(#2683,#2684),.UNSPECIFIED.,.F.,
  .F.,(2,2),(6.5,13.75),.PIECEWISE_BEZIER_KNOTS.);
#2683 = CARTESIAN_POINT('',(5.9,0.));
#2684 = CARTESIAN_POINT('',(5.9,-7.25));
#2685 = ( GEOMETRIC_REPRESENTATION_CONTEXT(2) 
PARAMETRIC_REPRESENTATION_CONTEXT() REPRESENTATION_CONTEXT('2D SPACE',''
  ) );
#2686 = ORIENTED_EDGE('',*,*,#2156,.T.);
#2687 = ORIENTED_EDGE('',*,*,#2038,.T.);
#2688 = ADVANCED_FACE('',(#2689),#2145,.F.);
#2689 = FACE_BOUND('',#2690,.F.);
#2690 = EDGE_LOOP('',(#2691,#2714,#2715,#2716,#2735,#2736));
#2691 = ORIENTED_EDGE('',*,*,#2692,.F.);
#2692 = EDGE_CURVE('',#2098,#2693,#2695,.T.);
#2693 = VERTEX_POINT('',#2694);
#2694 = CARTESIAN_POINT('',(7.5,21.,13.8));
#2695 = SURFACE_CURVE('',#2696,(#2700,#2707),.PCURVE_S1.);
#2696 = LINE('',#2697,#2698);
#2697 = CARTESIAN_POINT('',(7.5,9.,13.8));
#2698 = VECTOR('',#2699,1.);
#2699 = DIRECTION('',(0.,1.,0.));
#2700 = PCURVE('',#2145,#2701);
#2701 = DEFINITIONAL_REPRESENTATION('',(#2702),#2706);
#2702 = LINE('',#2703,#2704);
#2703 = CARTESIAN_POINT('',(7.,0.));
#2704 = VECTOR('',#2705,1.);
#2705 = DIRECTION('',(0.,-1.));
#2706 = ( GEOMETRIC_REPRESENTATION_CONTEXT(2) 
PARAMETRIC_REPRESENTATION_CONTEXT() REPRESENTATION_CONTEXT('2D SPACE',''
  ) );
#2707 = PCURVE('',#2114,#2708);
#2708 = DEFINITIONAL_REPRESENTATION('',(#2709),#2713);
#2709 = LINE('',#2710,#2711);
#2710 = CARTESIAN_POINT('',(15.,0.));
#2711 = VECTOR('',#2712,1.);
#2712 = DIRECTION('',(0.,1.));
#2713 = ( GEOMETRIC_REPRESENTATION_CONTEXT(2) 
PARAMETRIC_REPRESENTATION_CONTEXT() REPRESENTATION_CONTEXT('2D SPACE',''
  ) );
#2714 = ORIENTED_EDGE('',*,*,#2130,.T.);
#2715 = ORIENTED_EDGE('',*,*,#2668,.T.);
#2716 = ORIENTED_EDGE('',*,*,#2717,.T.);
#2717 = EDGE_CURVE('',#2641,#2210,#2718,.T.);
#2718 = SURFACE_CURVE('',#2719,(#2723,#2729),.PCURVE_S1.);
#2719 = LINE('',#2720,#2721);
#2720 = CARTESIAN_POINT('',(7.5,14.809904305977,7.8));
#2721 = VECTOR('',#2722,1.);
#2722 = DIRECTION('',(-0.,-0.,-1.));
#2723 = PCURVE('',#2145,#2724);
#2724 = DEFINITIONAL_REPRESENTATION('',(#2725),#2728);
#2725 = B_SPLINE_CURVE_WITH_KNOTS('',1,(#2726,#2727),.UNSPECIFIED.,.F.,
  .F.,(2,2),(-4.9000006,-4.7899994),.PIECEWISE_BEZIER_KNOTS.);
#2726 = CARTESIAN_POINT('',(5.9000006,-5.809904305977));
#2727 = CARTESIAN_POINT('',(5.7899994,-5.809904305977));
#2728 = ( GEOMETRIC_REPRESENTATION_CONTEXT(2) 
PARAMETRIC_REPRESENTATION_CONTEXT() REPRESENTATION_CONTEXT('2D SPACE',''
  ) );
#2729 = PCURVE('',#2249,#2730);
#2730 = DEFINITIONAL_REPRESENTATION('',(#2731),#2734);
#2731 = B_SPLINE_CURVE_WITH_KNOTS('',1,(#2732,#2733),.UNSPECIFIED.,.F.,
  .F.,(2,2),(-4.9,-4.79),.PIECEWISE_BEZIER_KNOTS.);
#2732 = CARTESIAN_POINT('',(-7.474573918847,-4.9));
#2733 = CARTESIAN_POINT('',(-7.474573918847,-4.79));
#2734 = ( GEOMETRIC_REPRESENTATION_CONTEXT(2) 
PARAMETRIC_REPRESENTATION_CONTEXT() REPRESENTATION_CONTEXT('2D SPACE',''
  ) );
#2735 = ORIENTED_EDGE('',*,*,#2209,.T.);
#2736 = ORIENTED_EDGE('',*,*,#2737,.T.);
#2737 = EDGE_CURVE('',#2212,#2693,#2738,.T.);
#2738 = SURFACE_CURVE('',#2739,(#2743,#2750),.PCURVE_S1.);
#2739 = LINE('',#2740,#2741);
#2740 = CARTESIAN_POINT('',(7.5,21.,6.8));
#2741 = VECTOR('',#2742,1.);
#2742 = DIRECTION('',(0.,0.,1.));
#2743 = PCURVE('',#2145,#2744);
#2744 = DEFINITIONAL_REPRESENTATION('',(#2745),#2749);
#2745 = LINE('',#2746,#2747);
#2746 = CARTESIAN_POINT('',(0.,-12.));
#2747 = VECTOR('',#2748,1.);
#2748 = DIRECTION('',(1.,0.));
#2749 = ( GEOMETRIC_REPRESENTATION_CONTEXT(2) 
PARAMETRIC_REPRESENTATION_CONTEXT() REPRESENTATION_CONTEXT('2D SPACE',''
  ) );
#2750 = PCURVE('',#2601,#2751);
#2751 = DEFINITIONAL_REPRESENTATION('',(#2752),#2756);
#2752 = LINE('',#2753,#2754);
#2753 = CARTESIAN_POINT('',(0.,15.));
#2754 = VECTOR('',#2755,1.);
#2755 = DIRECTION('',(1.,0.));
#2756 = ( GEOMETRIC_REPRESENTATION_CONTEXT(2) 
PARAMETRIC_REPRESENTATION_CONTEXT() REPRESENTATION_CONTEXT('2D SPACE',''
  ) );
#2757 = ADVANCED_FACE('',(#2758),#2114,.F.);
#2758 = FACE_BOUND('',#2759,.F.);
#2759 = EDGE_LOOP('',(#2760,#2783,#2784,#2785));
#2760 = ORIENTED_EDGE('',*,*,#2761,.F.);
#2761 = EDGE_CURVE('',#2072,#2762,#2764,.T.);
#2762 = VERTEX_POINT('',#2763);
#2763 = CARTESIAN_POINT('',(-7.5,21.,13.8));
#2764 = SURFACE_CURVE('',#2765,(#2769,#2776),.PCURVE_S1.);
#2765 = LINE('',#2766,#2767);
#2766 = CARTESIAN_POINT('',(-7.5,9.,13.8));
#2767 = VECTOR('',#2768,1.);
#2768 = DIRECTION('',(0.,1.,0.));
#2769 = PCURVE('',#2114,#2770);
#2770 = DEFINITIONAL_REPRESENTATION('',(#2771),#2775);
#2771 = LINE('',#2772,#2773);
#2772 = CARTESIAN_POINT('',(0.,0.));
#2773 = VECTOR('',#2774,1.);
#2774 = DIRECTION('',(0.,1.));
#2775 = ( GEOMETRIC_REPRESENTATION_CONTEXT(2) 
PARAMETRIC_REPRESENTATION_CONTEXT() REPRESENTATION_CONTEXT('2D SPACE',''
  ) );
#2776 = PCURVE('',#2086,#2777);
#2777 = DEFINITIONAL_REPRESENTATION('',(#2778),#2782);
#2778 = LINE('',#2779,#2780);
#2779 = CARTESIAN_POINT('',(7.,0.));
#2780 = VECTOR('',#2781,1.);
#2781 = DIRECTION('',(0.,-1.));
#2782 = ( GEOMETRIC_REPRESENTATION_CONTEXT(2) 
PARAMETRIC_REPRESENTATION_CONTEXT() REPRESENTATION_CONTEXT('2D SPACE',''
  ) );
#2783 = ORIENTED_EDGE('',*,*,#2097,.T.);
#2784 = ORIENTED_EDGE('',*,*,#2692,.T.);
#2785 = ORIENTED_EDGE('',*,*,#2786,.F.);
#2786 = EDGE_CURVE('',#2762,#2693,#2787,.T.);
#2787 = SURFACE_CURVE('',#2788,(#2792,#2799),.PCURVE_S1.);
#2788 = LINE('',#2789,#2790);
#2789 = CARTESIAN_POINT('',(-7.5,21.,13.8));
#2790 = VECTOR('',#2791,1.);
#2791 = DIRECTION('',(1.,0.,0.));
#2792 = PCURVE('',#2114,#2793);
#2793 = DEFINITIONAL_REPRESENTATION('',(#2794),#2798);
#2794 = LINE('',#2795,#2796);
#2795 = CARTESIAN_POINT('',(0.,12.));
#2796 = VECTOR('',#2797,1.);
#2797 = DIRECTION('',(1.,0.));
#2798 = ( GEOMETRIC_REPRESENTATION_CONTEXT(2) 
PARAMETRIC_REPRESENTATION_CONTEXT() REPRESENTATION_CONTEXT('2D SPACE',''
  ) );
#2799 = PCURVE('',#2601,#2800);
#2800 = DEFINITIONAL_REPRESENTATION('',(#2801),#2805);
#2801 = LINE('',#2802,#2803);
#2802 = CARTESIAN_POINT('',(7.,0.));
#2803 = VECTOR('',#2804,1.);
#2804 = DIRECTION('',(0.,1.));
#2805 = ( GEOMETRIC_REPRESENTATION_CONTEXT(2) 
PARAMETRIC_REPRESENTATION_CONTEXT() REPRESENTATION_CONTEXT('2D SPACE',''
  ) );
#2806 = ADVANCED_FACE('',(#2807),#2086,.T.);
#2807 = FACE_BOUND('',#2808,.T.);
#2808 = EDGE_LOOP('',(#2809,#2810,#2811,#2812,#2831,#2832));
#2809 = ORIENTED_EDGE('',*,*,#2761,.F.);
#2810 = ORIENTED_EDGE('',*,*,#2071,.T.);
#2811 = ORIENTED_EDGE('',*,*,#2619,.T.);
#2812 = ORIENTED_EDGE('',*,*,#2813,.T.);
#2813 = EDGE_CURVE('',#2620,#2544,#2814,.T.);
#2814 = SURFACE_CURVE('',#2815,(#2819,#2825),.PCURVE_S1.);
#2815 = LINE('',#2816,#2817);
#2816 = CARTESIAN_POINT('',(-7.5,14.809904305977,7.8));
#2817 = VECTOR('',#2818,1.);
#2818 = DIRECTION('',(-0.,-0.,-1.));
#2819 = PCURVE('',#2086,#2820);
#2820 = DEFINITIONAL_REPRESENTATION('',(#2821),#2824);
#2821 = B_SPLINE_CURVE_WITH_KNOTS('',1,(#2822,#2823),.UNSPECIFIED.,.F.,
  .F.,(2,2),(-4.9000006,-4.7899994),.PIECEWISE_BEZIER_KNOTS.);
#2822 = CARTESIAN_POINT('',(5.9000006,-5.809904305977));
#2823 = CARTESIAN_POINT('',(5.7899994,-5.809904305977));
#2824 = ( GEOMETRIC_REPRESENTATION_CONTEXT(2) 
PARAMETRIC_REPRESENTATION_CONTEXT() REPRESENTATION_CONTEXT('2D SPACE',''
  ) );
#2825 = PCURVE('',#2249,#2826);
#2826 = DEFINITIONAL_REPRESENTATION('',(#2827),#2830);
#2827 = B_SPLINE_CURVE_WITH_KNOTS('',1,(#2828,#2829),.UNSPECIFIED.,.F.,
  .F.,(2,2),(-4.9,-4.79),.PIECEWISE_BEZIER_KNOTS.);
#2828 = CARTESIAN_POINT('',(-1.950204041923,-4.9));
#2829 = CARTESIAN_POINT('',(-1.950204041923,-4.79));
#2830 = ( GEOMETRIC_REPRESENTATION_CONTEXT(2) 
PARAMETRIC_REPRESENTATION_CONTEXT() REPRESENTATION_CONTEXT('2D SPACE',''
  ) );
#2831 = ORIENTED_EDGE('',*,*,#2567,.T.);
#2832 = ORIENTED_EDGE('',*,*,#2833,.T.);
#2833 = EDGE_CURVE('',#2568,#2762,#2834,.T.);
#2834 = SURFACE_CURVE('',#2835,(#2839,#2846),.PCURVE_S1.);
#2835 = LINE('',#2836,#2837);
#2836 = CARTESIAN_POINT('',(-7.5,21.,6.8));
#2837 = VECTOR('',#2838,1.);
#2838 = DIRECTION('',(0.,0.,1.));
#2839 = PCURVE('',#2086,#2840);
#2840 = DEFINITIONAL_REPRESENTATION('',(#2841),#2845);
#2841 = LINE('',#2842,#2843);
#2842 = CARTESIAN_POINT('',(0.,-12.));
#2843 = VECTOR('',#2844,1.);
#2844 = DIRECTION('',(1.,0.));
#2845 = ( GEOMETRIC_REPRESENTATION_CONTEXT(2) 
PARAMETRIC_REPRESENTATION_CONTEXT() REPRESENTATION_CONTEXT('2D SPACE',''
  ) );
#2846 = PCURVE('',#2601,#2847);
#2847 = DEFINITIONAL_REPRESENTATION('',(#2848),#2852);
#2848 = LINE('',#2849,#2850);
#2849 = CARTESIAN_POINT('',(0.,0.));
#2850 = VECTOR('',#2851,1.);
#2851 = DIRECTION('',(1.,0.));
#2852 = ( GEOMETRIC_REPRESENTATION_CONTEXT(2) 
PARAMETRIC_REPRESENTATION_CONTEXT() REPRESENTATION_CONTEXT('2D SPACE',''
  ) );
#2853 = ADVANCED_FACE('',(#2854),#2249,.F.);
#2854 = FACE_BOUND('',#2855,.T.);
#2855 = EDGE_LOOP('',(#2856,#2857,#2858,#2859,#2860,#2861,#2882,#2915,
    #2934,#2935,#2956,#2989,#3008,#3009,#3030,#3063));
#2856 = ORIENTED_EDGE('',*,*,#2543,.F.);
#2857 = ORIENTED_EDGE('',*,*,#2813,.F.);
#2858 = ORIENTED_EDGE('',*,*,#2640,.F.);
#2859 = ORIENTED_EDGE('',*,*,#2717,.T.);
#2860 = ORIENTED_EDGE('',*,*,#2232,.F.);
#2861 = ORIENTED_EDGE('',*,*,#2862,.F.);
#2862 = EDGE_CURVE('',#2863,#2233,#2865,.T.);
#2863 = VERTEX_POINT('',#2864);
#2864 = CARTESIAN_POINT('',(20.026544884228,-1.,12.65));
#2865 = SURFACE_CURVE('',#2866,(#2870,#2876),.PCURVE_S1.);
#2866 = LINE('',#2867,#2868);
#2867 = CARTESIAN_POINT('',(20.026544884228,-1.,7.8));
#2868 = VECTOR('',#2869,1.);
#2869 = DIRECTION('',(-0.,-0.,-1.));
#2870 = PCURVE('',#2249,#2871);
#2871 = DEFINITIONAL_REPRESENTATION('',(#2872),#2875);
#2872 = B_SPLINE_CURVE_WITH_KNOTS('',1,(#2873,#2874),.UNSPECIFIED.,.F.,
  .F.,(2,2),(-4.9000006,-4.7899994),.PIECEWISE_BEZIER_KNOTS.);
#2873 = CARTESIAN_POINT('',(-6.431880801447,-4.9000006));
#2874 = CARTESIAN_POINT('',(-6.431880801447,-4.7899994));
#2875 = ( GEOMETRIC_REPRESENTATION_CONTEXT(2) 
PARAMETRIC_REPRESENTATION_CONTEXT() REPRESENTATION_CONTEXT('2D SPACE',''
  ) );
#2876 = PCURVE('',#2276,#2877);
#2877 = DEFINITIONAL_REPRESENTATION('',(#2878),#2881);
#2878 = B_SPLINE_CURVE_WITH_KNOTS('',1,(#2879,#2880),.UNSPECIFIED.,.F.,
  .F.,(2,2),(-4.9000006,-4.7899994),.PIECEWISE_BEZIER_KNOTS.);
#2879 = CARTESIAN_POINT('',(5.0500006,1.626544884228));
#2880 = CARTESIAN_POINT('',(4.9399994,1.626544884228));
#2881 = ( GEOMETRIC_REPRESENTATION_CONTEXT(2) 
PARAMETRIC_REPRESENTATION_CONTEXT() REPRESENTATION_CONTEXT('2D SPACE',''
  ) );
#2882 = ORIENTED_EDGE('',*,*,#2883,.T.);
#2883 = EDGE_CURVE('',#2863,#2884,#2886,.T.);
#2884 = VERTEX_POINT('',#2885);
#2885 = CARTESIAN_POINT('',(20.026544884228,-7.,12.65));
#2886 = SURFACE_CURVE('',#2887,(#2892,#2899),.PCURVE_S1.);
#2887 = CIRCLE('',#2888,20.25);
#2888 = AXIS2_PLACEMENT_3D('',#2889,#2890,#2891);
#2889 = CARTESIAN_POINT('',(0.,-4.,12.65));
#2890 = DIRECTION('',(0.,0.,-1.));
#2891 = DIRECTION('',(1.,0.,0.));
#2892 = PCURVE('',#2249,#2893);
#2893 = DEFINITIONAL_REPRESENTATION('',(#2894),#2898);
#2894 = LINE('',#2895,#2896);
#2895 = CARTESIAN_POINT('',(-12.56637061435,-4.85));
#2896 = VECTOR('',#2897,1.);
#2897 = DIRECTION('',(1.,-0.));
#2898 = ( GEOMETRIC_REPRESENTATION_CONTEXT(2) 
PARAMETRIC_REPRESENTATION_CONTEXT() REPRESENTATION_CONTEXT('2D SPACE',''
  ) );
#2899 = PCURVE('',#2900,#2905);
#2900 = PLANE('',#2901);
#2901 = AXIS2_PLACEMENT_3D('',#2902,#2903,#2904);
#2902 = CARTESIAN_POINT('',(18.4,-7.,12.65));
#2903 = DIRECTION('',(0.,0.,1.));
#2904 = DIRECTION('',(1.,0.,0.));
#2905 = DEFINITIONAL_REPRESENTATION('',(#2906),#2914);
#2906 = ( BOUNDED_CURVE() B_SPLINE_CURVE(2,(#2907,#2908,#2909,#2910,
#2911,#2912,#2913),.UNSPECIFIED.,.T.,.F.) B_SPLINE_CURVE_WITH_KNOTS((1,2
    ,2,2,2,1),(-2.094395102393,0.,2.094395102393,4.188790204786,
6.28318530718,8.377580409573),.UNSPECIFIED.) CURVE() 
GEOMETRIC_REPRESENTATION_ITEM() RATIONAL_B_SPLINE_CURVE((1.,0.5,1.,0.5,
1.,0.5,1.)) REPRESENTATION_ITEM('') );
#2907 = CARTESIAN_POINT('',(1.85,3.));
#2908 = CARTESIAN_POINT('',(1.85,-32.07402885327));
#2909 = CARTESIAN_POINT('',(-28.525,-14.53701442663));
#2910 = CARTESIAN_POINT('',(-58.9,3.));
#2911 = CARTESIAN_POINT('',(-28.525,20.537014426635));
#2912 = CARTESIAN_POINT('',(1.85,38.07402885327));
#2913 = CARTESIAN_POINT('',(1.85,3.));
#2914 = ( GEOMETRIC_REPRESENTATION_CONTEXT(2) 
PARAMETRIC_REPRESENTATION_CONTEXT() REPRESENTATION_CONTEXT('2D SPACE',''
  ) );
#2915 = ORIENTED_EDGE('',*,*,#2916,.T.);
#2916 = EDGE_CURVE('',#2884,#2314,#2917,.T.);
#2917 = SURFACE_CURVE('',#2918,(#2922,#2928),.PCURVE_S1.);
#2918 = LINE('',#2919,#2920);
#2919 = CARTESIAN_POINT('',(20.026544884228,-7.,7.8));
#2920 = VECTOR('',#2921,1.);
#2921 = DIRECTION('',(-0.,-0.,-1.));
#2922 = PCURVE('',#2249,#2923);
#2923 = DEFINITIONAL_REPRESENTATION('',(#2924),#2927);
#2924 = B_SPLINE_CURVE_WITH_KNOTS('',1,(#2925,#2926),.UNSPECIFIED.,.F.,
  .F.,(2,2),(-4.9000006,-4.7899994),.PIECEWISE_BEZIER_KNOTS.);
#2925 = CARTESIAN_POINT('',(-6.134489812912,-4.9000006));
#2926 = CARTESIAN_POINT('',(-6.134489812912,-4.7899994));
#2927 = ( GEOMETRIC_REPRESENTATION_CONTEXT(2) 
PARAMETRIC_REPRESENTATION_CONTEXT() REPRESENTATION_CONTEXT('2D SPACE',''
  ) );
#2928 = PCURVE('',#2328,#2929);
#2929 = DEFINITIONAL_REPRESENTATION('',(#2930),#2933);
#2930 = B_SPLINE_CURVE_WITH_KNOTS('',1,(#2931,#2932),.UNSPECIFIED.,.F.,
  .F.,(2,2),(-4.9000006,-4.7899994),.PIECEWISE_BEZIER_KNOTS.);
#2931 = CARTESIAN_POINT('',(5.0500006,1.626544884228));
#2932 = CARTESIAN_POINT('',(4.9399994,1.626544884228));
#2933 = ( GEOMETRIC_REPRESENTATION_CONTEXT(2) 
PARAMETRIC_REPRESENTATION_CONTEXT() REPRESENTATION_CONTEXT('2D SPACE',''
  ) );
#2934 = ORIENTED_EDGE('',*,*,#2339,.F.);
#2935 = ORIENTED_EDGE('',*,*,#2936,.F.);
#2936 = EDGE_CURVE('',#2937,#2340,#2939,.T.);
#2937 = VERTEX_POINT('',#2938);
#2938 = CARTESIAN_POINT('',(3.,-24.02654488422,12.65));
#2939 = SURFACE_CURVE('',#2940,(#2944,#2950),.PCURVE_S1.);
#2940 = LINE('',#2941,#2942);
#2941 = CARTESIAN_POINT('',(3.,-24.02654488422,7.8));
#2942 = VECTOR('',#2943,1.);
#2943 = DIRECTION('',(-0.,-0.,-1.));
#2944 = PCURVE('',#2249,#2945);
#2945 = DEFINITIONAL_REPRESENTATION('',(#2946),#2949);
#2946 = B_SPLINE_CURVE_WITH_KNOTS('',1,(#2947,#2948),.UNSPECIFIED.,.F.,
  .F.,(2,2),(-4.9000006,-4.7899994),.PIECEWISE_BEZIER_KNOTS.);
#2947 = CARTESIAN_POINT('',(-4.861084474652,-4.9000006));
#2948 = CARTESIAN_POINT('',(-4.861084474652,-4.7899994));
#2949 = ( GEOMETRIC_REPRESENTATION_CONTEXT(2) 
PARAMETRIC_REPRESENTATION_CONTEXT() REPRESENTATION_CONTEXT('2D SPACE',''
  ) );
#2950 = PCURVE('',#2378,#2951);
#2951 = DEFINITIONAL_REPRESENTATION('',(#2952),#2955);
#2952 = B_SPLINE_CURVE_WITH_KNOTS('',1,(#2953,#2954),.UNSPECIFIED.,.F.,
  .F.,(2,2),(-4.9000006,-4.7899994),.PIECEWISE_BEZIER_KNOTS.);
#2953 = CARTESIAN_POINT('',(5.0500006,-1.573455115772));
#2954 = CARTESIAN_POINT('',(4.9399994,-1.573455115772));
#2955 = ( GEOMETRIC_REPRESENTATION_CONTEXT(2) 
PARAMETRIC_REPRESENTATION_CONTEXT() REPRESENTATION_CONTEXT('2D SPACE',''
  ) );
#2956 = ORIENTED_EDGE('',*,*,#2957,.T.);
#2957 = EDGE_CURVE('',#2937,#2958,#2960,.T.);
#2958 = VERTEX_POINT('',#2959);
#2959 = CARTESIAN_POINT('',(-3.,-24.02654488422,12.65));
#2960 = SURFACE_CURVE('',#2961,(#2966,#2973),.PCURVE_S1.);
#2961 = CIRCLE('',#2962,20.25);
#2962 = AXIS2_PLACEMENT_3D('',#2963,#2964,#2965);
#2963 = CARTESIAN_POINT('',(0.,-4.,12.65));
#2964 = DIRECTION('',(0.,0.,-1.));
#2965 = DIRECTION('',(1.,0.,0.));
#2966 = PCURVE('',#2249,#2967);
#2967 = DEFINITIONAL_REPRESENTATION('',(#2968),#2972);
#2968 = LINE('',#2969,#2970);
#2969 = CARTESIAN_POINT('',(-6.28318530718,-4.85));
#2970 = VECTOR('',#2971,1.);
#2971 = DIRECTION('',(1.,-0.));
#2972 = ( GEOMETRIC_REPRESENTATION_CONTEXT(2) 
PARAMETRIC_REPRESENTATION_CONTEXT() REPRESENTATION_CONTEXT('2D SPACE',''
  ) );
#2973 = PCURVE('',#2974,#2979);
#2974 = PLANE('',#2975);
#2975 = AXIS2_PLACEMENT_3D('',#2976,#2977,#2978);
#2976 = CARTESIAN_POINT('',(-3.,-25.6,12.65));
#2977 = DIRECTION('',(0.,0.,1.));
#2978 = DIRECTION('',(1.,0.,0.));
#2979 = DEFINITIONAL_REPRESENTATION('',(#2980),#2988);
#2980 = ( BOUNDED_CURVE() B_SPLINE_CURVE(2,(#2981,#2982,#2983,#2984,
#2985,#2986,#2987),.UNSPECIFIED.,.T.,.F.) B_SPLINE_CURVE_WITH_KNOTS((1,2
    ,2,2,2,1),(-2.094395102393,0.,2.094395102393,4.188790204786,
6.28318530718,8.377580409573),.UNSPECIFIED.) CURVE() 
GEOMETRIC_REPRESENTATION_ITEM() RATIONAL_B_SPLINE_CURVE((1.,0.5,1.,0.5,
1.,0.5,1.)) REPRESENTATION_ITEM('') );
#2981 = CARTESIAN_POINT('',(23.25,21.6));
#2982 = CARTESIAN_POINT('',(23.25,-13.47402885327));
#2983 = CARTESIAN_POINT('',(-7.125,4.062985573365));
#2984 = CARTESIAN_POINT('',(-37.5,21.6));
#2985 = CARTESIAN_POINT('',(-7.125,39.137014426635));
#2986 = CARTESIAN_POINT('',(23.25,56.67402885327));
#2987 = CARTESIAN_POINT('',(23.25,21.6));
#2988 = ( GEOMETRIC_REPRESENTATION_CONTEXT(2) 
PARAMETRIC_REPRESENTATION_CONTEXT() REPRESENTATION_CONTEXT('2D SPACE',''
  ) );
#2989 = ORIENTED_EDGE('',*,*,#2990,.T.);
#2990 = EDGE_CURVE('',#2958,#2416,#2991,.T.);
#2991 = SURFACE_CURVE('',#2992,(#2996,#3002),.PCURVE_S1.);
#2992 = LINE('',#2993,#2994);
#2993 = CARTESIAN_POINT('',(-3.,-24.02654488422,7.8));
#2994 = VECTOR('',#2995,1.);
#2995 = DIRECTION('',(-0.,-0.,-1.));
#2996 = PCURVE('',#2249,#2997);
#2997 = DEFINITIONAL_REPRESENTATION('',(#2998),#3001);
#2998 = B_SPLINE_CURVE_WITH_KNOTS('',1,(#2999,#3000),.UNSPECIFIED.,.F.,
  .F.,(2,2),(-4.9000006,-4.7899994),.PIECEWISE_BEZIER_KNOTS.);
#2999 = CARTESIAN_POINT('',(-4.563693486117,-4.9000006));
#3000 = CARTESIAN_POINT('',(-4.563693486117,-4.7899994));
#3001 = ( GEOMETRIC_REPRESENTATION_CONTEXT(2) 
PARAMETRIC_REPRESENTATION_CONTEXT() REPRESENTATION_CONTEXT('2D SPACE',''
  ) );
#3002 = PCURVE('',#2430,#3003);
#3003 = DEFINITIONAL_REPRESENTATION('',(#3004),#3007);
#3004 = B_SPLINE_CURVE_WITH_KNOTS('',1,(#3005,#3006),.UNSPECIFIED.,.F.,
  .F.,(2,2),(-4.9000006,-4.7899994),.PIECEWISE_BEZIER_KNOTS.);
#3005 = CARTESIAN_POINT('',(5.0500006,-1.573455115772));
#3006 = CARTESIAN_POINT('',(4.9399994,-1.573455115772));
#3007 = ( GEOMETRIC_REPRESENTATION_CONTEXT(2) 
PARAMETRIC_REPRESENTATION_CONTEXT() REPRESENTATION_CONTEXT('2D SPACE',''
  ) );
#3008 = ORIENTED_EDGE('',*,*,#2441,.F.);
#3009 = ORIENTED_EDGE('',*,*,#3010,.F.);
#3010 = EDGE_CURVE('',#3011,#2442,#3013,.T.);
#3011 = VERTEX_POINT('',#3012);
#3012 = CARTESIAN_POINT('',(-20.02654488422,-7.,12.65));
#3013 = SURFACE_CURVE('',#3014,(#3018,#3024),.PCURVE_S1.);
#3014 = LINE('',#3015,#3016);
#3015 = CARTESIAN_POINT('',(-20.02654488422,-7.,7.8));
#3016 = VECTOR('',#3017,1.);
#3017 = DIRECTION('',(-0.,-0.,-1.));
#3018 = PCURVE('',#2249,#3019);
#3019 = DEFINITIONAL_REPRESENTATION('',(#3020),#3023);
#3020 = B_SPLINE_CURVE_WITH_KNOTS('',1,(#3021,#3022),.UNSPECIFIED.,.F.,
  .F.,(2,2),(-4.9000006,-4.7899994),.PIECEWISE_BEZIER_KNOTS.);
#3021 = CARTESIAN_POINT('',(-3.290288147857,-4.9000006));
#3022 = CARTESIAN_POINT('',(-3.290288147857,-4.7899994));
#3023 = ( GEOMETRIC_REPRESENTATION_CONTEXT(2) 
PARAMETRIC_REPRESENTATION_CONTEXT() REPRESENTATION_CONTEXT('2D SPACE',''
  ) );
#3024 = PCURVE('',#2480,#3025);
#3025 = DEFINITIONAL_REPRESENTATION('',(#3026),#3029);
#3026 = B_SPLINE_CURVE_WITH_KNOTS('',1,(#3027,#3028),.UNSPECIFIED.,.F.,
  .F.,(2,2),(-4.9000006,-4.7899994),.PIECEWISE_BEZIER_KNOTS.);
#3027 = CARTESIAN_POINT('',(5.0500006,1.573455115772));
#3028 = CARTESIAN_POINT('',(4.9399994,1.573455115772));
#3029 = ( GEOMETRIC_REPRESENTATION_CONTEXT(2) 
PARAMETRIC_REPRESENTATION_CONTEXT() REPRESENTATION_CONTEXT('2D SPACE',''
  ) );
#3030 = ORIENTED_EDGE('',*,*,#3031,.T.);
#3031 = EDGE_CURVE('',#3011,#3032,#3034,.T.);
#3032 = VERTEX_POINT('',#3033);
#3033 = CARTESIAN_POINT('',(-20.02654488422,-1.,12.65));
#3034 = SURFACE_CURVE('',#3035,(#3040,#3047),.PCURVE_S1.);
#3035 = CIRCLE('',#3036,20.25);
#3036 = AXIS2_PLACEMENT_3D('',#3037,#3038,#3039);
#3037 = CARTESIAN_POINT('',(0.,-4.,12.65));
#3038 = DIRECTION('',(0.,0.,-1.));
#3039 = DIRECTION('',(1.,0.,0.));
#3040 = PCURVE('',#2249,#3041);
#3041 = DEFINITIONAL_REPRESENTATION('',(#3042),#3046);
#3042 = LINE('',#3043,#3044);
#3043 = CARTESIAN_POINT('',(-6.28318530718,-4.85));
#3044 = VECTOR('',#3045,1.);
#3045 = DIRECTION('',(1.,-0.));
#3046 = ( GEOMETRIC_REPRESENTATION_CONTEXT(2) 
PARAMETRIC_REPRESENTATION_CONTEXT() REPRESENTATION_CONTEXT('2D SPACE',''
  ) );
#3047 = PCURVE('',#3048,#3053);
#3048 = PLANE('',#3049);
#3049 = AXIS2_PLACEMENT_3D('',#3050,#3051,#3052);
#3050 = CARTESIAN_POINT('',(-21.6,-7.,12.65));
#3051 = DIRECTION('',(0.,0.,1.));
#3052 = DIRECTION('',(1.,0.,0.));
#3053 = DEFINITIONAL_REPRESENTATION('',(#3054),#3062);
#3054 = ( BOUNDED_CURVE() B_SPLINE_CURVE(2,(#3055,#3056,#3057,#3058,
#3059,#3060,#3061),.UNSPECIFIED.,.T.,.F.) B_SPLINE_CURVE_WITH_KNOTS((1,2
    ,2,2,2,1),(-2.094395102393,0.,2.094395102393,4.188790204786,
6.28318530718,8.377580409573),.UNSPECIFIED.) CURVE() 
GEOMETRIC_REPRESENTATION_ITEM() RATIONAL_B_SPLINE_CURVE((1.,0.5,1.,0.5,
1.,0.5,1.)) REPRESENTATION_ITEM('') );
#3055 = CARTESIAN_POINT('',(41.85,3.));
#3056 = CARTESIAN_POINT('',(41.85,-32.07402885327));
#3057 = CARTESIAN_POINT('',(11.475,-14.53701442663));
#3058 = CARTESIAN_POINT('',(-18.9,3.));
#3059 = CARTESIAN_POINT('',(11.475,20.537014426635));
#3060 = CARTESIAN_POINT('',(41.85,38.07402885327));
#3061 = CARTESIAN_POINT('',(41.85,3.));
#3062 = ( GEOMETRIC_REPRESENTATION_CONTEXT(2) 
PARAMETRIC_REPRESENTATION_CONTEXT() REPRESENTATION_CONTEXT('2D SPACE',''
  ) );
#3063 = ORIENTED_EDGE('',*,*,#3064,.T.);
#3064 = EDGE_CURVE('',#3032,#2518,#3065,.T.);
#3065 = SURFACE_CURVE('',#3066,(#3070,#3076),.PCURVE_S1.);
#3066 = LINE('',#3067,#3068);
#3067 = CARTESIAN_POINT('',(-20.02654488422,-1.,7.8));
#3068 = VECTOR('',#3069,1.);
#3069 = DIRECTION('',(-0.,-0.,-1.));
#3070 = PCURVE('',#2249,#3071);
#3071 = DEFINITIONAL_REPRESENTATION('',(#3072),#3075);
#3072 = B_SPLINE_CURVE_WITH_KNOTS('',1,(#3073,#3074),.UNSPECIFIED.,.F.,
  .F.,(2,2),(-4.9000006,-4.7899994),.PIECEWISE_BEZIER_KNOTS.);
#3073 = CARTESIAN_POINT('',(-2.992897159322,-4.9000006));
#3074 = CARTESIAN_POINT('',(-2.992897159322,-4.7899994));
#3075 = ( GEOMETRIC_REPRESENTATION_CONTEXT(2) 
PARAMETRIC_REPRESENTATION_CONTEXT() REPRESENTATION_CONTEXT('2D SPACE',''
  ) );
#3076 = PCURVE('',#2532,#3077);
#3077 = DEFINITIONAL_REPRESENTATION('',(#3078),#3081);
#3078 = B_SPLINE_CURVE_WITH_KNOTS('',1,(#3079,#3080),.UNSPECIFIED.,.F.,
  .F.,(2,2),(-4.9000006,-4.7899994),.PIECEWISE_BEZIER_KNOTS.);
#3079 = CARTESIAN_POINT('',(5.0500006,1.573455115772));
#3080 = CARTESIAN_POINT('',(4.9399994,1.573455115772));
#3081 = ( GEOMETRIC_REPRESENTATION_CONTEXT(2) 
PARAMETRIC_REPRESENTATION_CONTEXT() REPRESENTATION_CONTEXT('2D SPACE',''
  ) );
#3082 = ADVANCED_FACE('',(#3083),#2601,.F.);
#3083 = FACE_BOUND('',#3084,.F.);
#3084 = EDGE_LOOP('',(#3085,#3086,#3087,#3088));
#3085 = ORIENTED_EDGE('',*,*,#2737,.F.);
#3086 = ORIENTED_EDGE('',*,*,#2588,.T.);
#3087 = ORIENTED_EDGE('',*,*,#2833,.T.);
#3088 = ORIENTED_EDGE('',*,*,#2786,.T.);
#3089 = ADVANCED_FACE('',(#3090),#2276,.T.);
#3090 = FACE_BOUND('',#3091,.T.);
#3091 = EDGE_LOOP('',(#3092,#3115,#3143,#3171,#3192,#3193));
#3092 = ORIENTED_EDGE('',*,*,#3093,.F.);
#3093 = EDGE_CURVE('',#3094,#2262,#3096,.T.);
#3094 = VERTEX_POINT('',#3095);
#3095 = CARTESIAN_POINT('',(21.6,-1.,7.65));
#3096 = SURFACE_CURVE('',#3097,(#3101,#3108),.PCURVE_S1.);
#3097 = LINE('',#3098,#3099);
#3098 = CARTESIAN_POINT('',(21.6,-1.,7.65));
#3099 = VECTOR('',#3100,1.);
#3100 = DIRECTION('',(0.,0.,1.));
#3101 = PCURVE('',#2276,#3102);
#3102 = DEFINITIONAL_REPRESENTATION('',(#3103),#3107);
#3103 = LINE('',#3104,#3105);
#3104 = CARTESIAN_POINT('',(0.,3.2));
#3105 = VECTOR('',#3106,1.);
#3106 = DIRECTION('',(1.,0.));
#3107 = ( GEOMETRIC_REPRESENTATION_CONTEXT(2) 
PARAMETRIC_REPRESENTATION_CONTEXT() REPRESENTATION_CONTEXT('2D SPACE',''
  ) );
#3108 = PCURVE('',#2302,#3109);
#3109 = DEFINITIONAL_REPRESENTATION('',(#3110),#3114);
#3110 = LINE('',#3111,#3112);
#3111 = CARTESIAN_POINT('',(0.,-6.));
#3112 = VECTOR('',#3113,1.);
#3113 = DIRECTION('',(1.,0.));
#3114 = ( GEOMETRIC_REPRESENTATION_CONTEXT(2) 
PARAMETRIC_REPRESENTATION_CONTEXT() REPRESENTATION_CONTEXT('2D SPACE',''
  ) );
#3115 = ORIENTED_EDGE('',*,*,#3116,.F.);
#3116 = EDGE_CURVE('',#3117,#3094,#3119,.T.);
#3117 = VERTEX_POINT('',#3118);
#3118 = CARTESIAN_POINT('',(18.4,-1.,7.65));
#3119 = SURFACE_CURVE('',#3120,(#3124,#3131),.PCURVE_S1.);
#3120 = LINE('',#3121,#3122);
#3121 = CARTESIAN_POINT('',(18.4,-1.,7.65));
#3122 = VECTOR('',#3123,1.);
#3123 = DIRECTION('',(1.,0.,0.));
#3124 = PCURVE('',#2276,#3125);
#3125 = DEFINITIONAL_REPRESENTATION('',(#3126),#3130);
#3126 = LINE('',#3127,#3128);
#3127 = CARTESIAN_POINT('',(0.,0.));
#3128 = VECTOR('',#3129,1.);
#3129 = DIRECTION('',(0.,1.));
#3130 = ( GEOMETRIC_REPRESENTATION_CONTEXT(2) 
PARAMETRIC_REPRESENTATION_CONTEXT() REPRESENTATION_CONTEXT('2D SPACE',''
  ) );
#3131 = PCURVE('',#3132,#3137);
#3132 = PLANE('',#3133);
#3133 = AXIS2_PLACEMENT_3D('',#3134,#3135,#3136);
#3134 = CARTESIAN_POINT('',(18.4,-7.,7.65));
#3135 = DIRECTION('',(0.,0.,1.));
#3136 = DIRECTION('',(1.,0.,0.));
#3137 = DEFINITIONAL_REPRESENTATION('',(#3138),#3142);
#3138 = LINE('',#3139,#3140);
#3139 = CARTESIAN_POINT('',(0.,6.));
#3140 = VECTOR('',#3141,1.);
#3141 = DIRECTION('',(1.,0.));
#3142 = ( GEOMETRIC_REPRESENTATION_CONTEXT(2) 
PARAMETRIC_REPRESENTATION_CONTEXT() REPRESENTATION_CONTEXT('2D SPACE',''
  ) );
#3143 = ORIENTED_EDGE('',*,*,#3144,.T.);
#3144 = EDGE_CURVE('',#3117,#3145,#3147,.T.);
#3145 = VERTEX_POINT('',#3146);
#3146 = CARTESIAN_POINT('',(18.4,-1.,12.65));
#3147 = SURFACE_CURVE('',#3148,(#3152,#3159),.PCURVE_S1.);
#3148 = LINE('',#3149,#3150);
#3149 = CARTESIAN_POINT('',(18.4,-1.,7.65));
#3150 = VECTOR('',#3151,1.);
#3151 = DIRECTION('',(0.,0.,1.));
#3152 = PCURVE('',#2276,#3153);
#3153 = DEFINITIONAL_REPRESENTATION('',(#3154),#3158);
#3154 = LINE('',#3155,#3156);
#3155 = CARTESIAN_POINT('',(0.,0.));
#3156 = VECTOR('',#3157,1.);
#3157 = DIRECTION('',(1.,0.));
#3158 = ( GEOMETRIC_REPRESENTATION_CONTEXT(2) 
PARAMETRIC_REPRESENTATION_CONTEXT() REPRESENTATION_CONTEXT('2D SPACE',''
  ) );
#3159 = PCURVE('',#3160,#3165);
#3160 = PLANE('',#3161);
#3161 = AXIS2_PLACEMENT_3D('',#3162,#3163,#3164);
#3162 = CARTESIAN_POINT('',(18.4,-7.,7.65));
#3163 = DIRECTION('',(1.,0.,0.));
#3164 = DIRECTION('',(0.,0.,1.));
#3165 = DEFINITIONAL_REPRESENTATION('',(#3166),#3170);
#3166 = LINE('',#3167,#3168);
#3167 = CARTESIAN_POINT('',(0.,-6.));
#3168 = VECTOR('',#3169,1.);
#3169 = DIRECTION('',(1.,0.));
#3170 = ( GEOMETRIC_REPRESENTATION_CONTEXT(2) 
PARAMETRIC_REPRESENTATION_CONTEXT() REPRESENTATION_CONTEXT('2D SPACE',''
  ) );
#3171 = ORIENTED_EDGE('',*,*,#3172,.T.);
#3172 = EDGE_CURVE('',#3145,#2863,#3173,.T.);
#3173 = SURFACE_CURVE('',#3174,(#3178,#3185),.PCURVE_S1.);
#3174 = LINE('',#3175,#3176);
#3175 = CARTESIAN_POINT('',(18.4,-1.,12.65));
#3176 = VECTOR('',#3177,1.);
#3177 = DIRECTION('',(1.,0.,0.));
#3178 = PCURVE('',#2276,#3179);
#3179 = DEFINITIONAL_REPRESENTATION('',(#3180),#3184);
#3180 = LINE('',#3181,#3182);
#3181 = CARTESIAN_POINT('',(5.,0.));
#3182 = VECTOR('',#3183,1.);
#3183 = DIRECTION('',(0.,1.));
#3184 = ( GEOMETRIC_REPRESENTATION_CONTEXT(2) 
PARAMETRIC_REPRESENTATION_CONTEXT() REPRESENTATION_CONTEXT('2D SPACE',''
  ) );
#3185 = PCURVE('',#2900,#3186);
#3186 = DEFINITIONAL_REPRESENTATION('',(#3187),#3191);
#3187 = LINE('',#3188,#3189);
#3188 = CARTESIAN_POINT('',(0.,6.));
#3189 = VECTOR('',#3190,1.);
#3190 = DIRECTION('',(1.,0.));
#3191 = ( GEOMETRIC_REPRESENTATION_CONTEXT(2) 
PARAMETRIC_REPRESENTATION_CONTEXT() REPRESENTATION_CONTEXT('2D SPACE',''
  ) );
#3192 = ORIENTED_EDGE('',*,*,#2862,.T.);
#3193 = ORIENTED_EDGE('',*,*,#2261,.F.);
#3194 = ADVANCED_FACE('',(#3195),#2302,.T.);
#3195 = FACE_BOUND('',#3196,.T.);
#3196 = EDGE_LOOP('',(#3197,#3220,#3241,#3242));
#3197 = ORIENTED_EDGE('',*,*,#3198,.F.);
#3198 = EDGE_CURVE('',#3199,#2288,#3201,.T.);
#3199 = VERTEX_POINT('',#3200);
#3200 = CARTESIAN_POINT('',(21.6,-7.,7.65));
#3201 = SURFACE_CURVE('',#3202,(#3206,#3213),.PCURVE_S1.);
#3202 = LINE('',#3203,#3204);
#3203 = CARTESIAN_POINT('',(21.6,-7.,7.65));
#3204 = VECTOR('',#3205,1.);
#3205 = DIRECTION('',(0.,0.,1.));
#3206 = PCURVE('',#2302,#3207);
#3207 = DEFINITIONAL_REPRESENTATION('',(#3208),#3212);
#3208 = LINE('',#3209,#3210);
#3209 = CARTESIAN_POINT('',(0.,0.));
#3210 = VECTOR('',#3211,1.);
#3211 = DIRECTION('',(1.,0.));
#3212 = ( GEOMETRIC_REPRESENTATION_CONTEXT(2) 
PARAMETRIC_REPRESENTATION_CONTEXT() REPRESENTATION_CONTEXT('2D SPACE',''
  ) );
#3213 = PCURVE('',#2328,#3214);
#3214 = DEFINITIONAL_REPRESENTATION('',(#3215),#3219);
#3215 = LINE('',#3216,#3217);
#3216 = CARTESIAN_POINT('',(0.,3.2));
#3217 = VECTOR('',#3218,1.);
#3218 = DIRECTION('',(1.,0.));
#3219 = ( GEOMETRIC_REPRESENTATION_CONTEXT(2) 
PARAMETRIC_REPRESENTATION_CONTEXT() REPRESENTATION_CONTEXT('2D SPACE',''
  ) );
#3220 = ORIENTED_EDGE('',*,*,#3221,.T.);
#3221 = EDGE_CURVE('',#3199,#3094,#3222,.T.);
#3222 = SURFACE_CURVE('',#3223,(#3227,#3234),.PCURVE_S1.);
#3223 = LINE('',#3224,#3225);
#3224 = CARTESIAN_POINT('',(21.6,-7.,7.65));
#3225 = VECTOR('',#3226,1.);
#3226 = DIRECTION('',(0.,1.,0.));
#3227 = PCURVE('',#2302,#3228);
#3228 = DEFINITIONAL_REPRESENTATION('',(#3229),#3233);
#3229 = LINE('',#3230,#3231);
#3230 = CARTESIAN_POINT('',(0.,0.));
#3231 = VECTOR('',#3232,1.);
#3232 = DIRECTION('',(0.,-1.));
#3233 = ( GEOMETRIC_REPRESENTATION_CONTEXT(2) 
PARAMETRIC_REPRESENTATION_CONTEXT() REPRESENTATION_CONTEXT('2D SPACE',''
  ) );
#3234 = PCURVE('',#3132,#3235);
#3235 = DEFINITIONAL_REPRESENTATION('',(#3236),#3240);
#3236 = LINE('',#3237,#3238);
#3237 = CARTESIAN_POINT('',(3.2,0.));
#3238 = VECTOR('',#3239,1.);
#3239 = DIRECTION('',(0.,1.));
#3240 = ( GEOMETRIC_REPRESENTATION_CONTEXT(2) 
PARAMETRIC_REPRESENTATION_CONTEXT() REPRESENTATION_CONTEXT('2D SPACE',''
  ) );
#3241 = ORIENTED_EDGE('',*,*,#3093,.T.);
#3242 = ORIENTED_EDGE('',*,*,#2287,.F.);
#3243 = ADVANCED_FACE('',(#3244),#2328,.F.);
#3244 = FACE_BOUND('',#3245,.F.);
#3245 = EDGE_LOOP('',(#3246,#3247,#3270,#3293,#3314,#3315));
#3246 = ORIENTED_EDGE('',*,*,#3198,.F.);
#3247 = ORIENTED_EDGE('',*,*,#3248,.F.);
#3248 = EDGE_CURVE('',#3249,#3199,#3251,.T.);
#3249 = VERTEX_POINT('',#3250);
#3250 = CARTESIAN_POINT('',(18.4,-7.,7.65));
#3251 = SURFACE_CURVE('',#3252,(#3256,#3263),.PCURVE_S1.);
#3252 = LINE('',#3253,#3254);
#3253 = CARTESIAN_POINT('',(18.4,-7.,7.65));
#3254 = VECTOR('',#3255,1.);
#3255 = DIRECTION('',(1.,0.,0.));
#3256 = PCURVE('',#2328,#3257);
#3257 = DEFINITIONAL_REPRESENTATION('',(#3258),#3262);
#3258 = LINE('',#3259,#3260);
#3259 = CARTESIAN_POINT('',(0.,0.));
#3260 = VECTOR('',#3261,1.);
#3261 = DIRECTION('',(0.,1.));
#3262 = ( GEOMETRIC_REPRESENTATION_CONTEXT(2) 
PARAMETRIC_REPRESENTATION_CONTEXT() REPRESENTATION_CONTEXT('2D SPACE',''
  ) );
#3263 = PCURVE('',#3132,#3264);
#3264 = DEFINITIONAL_REPRESENTATION('',(#3265),#3269);
#3265 = LINE('',#3266,#3267);
#3266 = CARTESIAN_POINT('',(0.,0.));
#3267 = VECTOR('',#3268,1.);
#3268 = DIRECTION('',(1.,0.));
#3269 = ( GEOMETRIC_REPRESENTATION_CONTEXT(2) 
PARAMETRIC_REPRESENTATION_CONTEXT() REPRESENTATION_CONTEXT('2D SPACE',''
  ) );
#3270 = ORIENTED_EDGE('',*,*,#3271,.T.);
#3271 = EDGE_CURVE('',#3249,#3272,#3274,.T.);
#3272 = VERTEX_POINT('',#3273);
#3273 = CARTESIAN_POINT('',(18.4,-7.,12.65));
#3274 = SURFACE_CURVE('',#3275,(#3279,#3286),.PCURVE_S1.);
#3275 = LINE('',#3276,#3277);
#3276 = CARTESIAN_POINT('',(18.4,-7.,7.65));
#3277 = VECTOR('',#3278,1.);
#3278 = DIRECTION('',(0.,0.,1.));
#3279 = PCURVE('',#2328,#3280);
#3280 = DEFINITIONAL_REPRESENTATION('',(#3281),#3285);
#3281 = LINE('',#3282,#3283);
#3282 = CARTESIAN_POINT('',(0.,0.));
#3283 = VECTOR('',#3284,1.);
#3284 = DIRECTION('',(1.,0.));
#3285 = ( GEOMETRIC_REPRESENTATION_CONTEXT(2) 
PARAMETRIC_REPRESENTATION_CONTEXT() REPRESENTATION_CONTEXT('2D SPACE',''
  ) );
#3286 = PCURVE('',#3160,#3287);
#3287 = DEFINITIONAL_REPRESENTATION('',(#3288),#3292);
#3288 = LINE('',#3289,#3290);
#3289 = CARTESIAN_POINT('',(0.,0.));
#3290 = VECTOR('',#3291,1.);
#3291 = DIRECTION('',(1.,0.));
#3292 = ( GEOMETRIC_REPRESENTATION_CONTEXT(2) 
PARAMETRIC_REPRESENTATION_CONTEXT() REPRESENTATION_CONTEXT('2D SPACE',''
  ) );
#3293 = ORIENTED_EDGE('',*,*,#3294,.T.);
#3294 = EDGE_CURVE('',#3272,#2884,#3295,.T.);
#3295 = SURFACE_CURVE('',#3296,(#3300,#3307),.PCURVE_S1.);
#3296 = LINE('',#3297,#3298);
#3297 = CARTESIAN_POINT('',(18.4,-7.,12.65));
#3298 = VECTOR('',#3299,1.);
#3299 = DIRECTION('',(1.,0.,0.));
#3300 = PCURVE('',#2328,#3301);
#3301 = DEFINITIONAL_REPRESENTATION('',(#3302),#3306);
#3302 = LINE('',#3303,#3304);
#3303 = CARTESIAN_POINT('',(5.,0.));
#3304 = VECTOR('',#3305,1.);
#3305 = DIRECTION('',(0.,1.));
#3306 = ( GEOMETRIC_REPRESENTATION_CONTEXT(2) 
PARAMETRIC_REPRESENTATION_CONTEXT() REPRESENTATION_CONTEXT('2D SPACE',''
  ) );
#3307 = PCURVE('',#2900,#3308);
#3308 = DEFINITIONAL_REPRESENTATION('',(#3309),#3313);
#3309 = LINE('',#3310,#3311);
#3310 = CARTESIAN_POINT('',(0.,0.));
#3311 = VECTOR('',#3312,1.);
#3312 = DIRECTION('',(1.,0.));
#3313 = ( GEOMETRIC_REPRESENTATION_CONTEXT(2) 
PARAMETRIC_REPRESENTATION_CONTEXT() REPRESENTATION_CONTEXT('2D SPACE',''
  ) );
#3314 = ORIENTED_EDGE('',*,*,#2916,.T.);
#3315 = ORIENTED_EDGE('',*,*,#2313,.F.);
#3316 = ADVANCED_FACE('',(#3317),#2532,.T.);
#3317 = FACE_BOUND('',#3318,.T.);
#3318 = EDGE_LOOP('',(#3319,#3349,#3377,#3398,#3399,#3400));
#3319 = ORIENTED_EDGE('',*,*,#3320,.F.);
#3320 = EDGE_CURVE('',#3321,#3323,#3325,.T.);
#3321 = VERTEX_POINT('',#3322);
#3322 = CARTESIAN_POINT('',(-18.4,-1.,7.65));
#3323 = VERTEX_POINT('',#3324);
#3324 = CARTESIAN_POINT('',(-18.4,-1.,12.65));
#3325 = SURFACE_CURVE('',#3326,(#3330,#3337),.PCURVE_S1.);
#3326 = LINE('',#3327,#3328);
#3327 = CARTESIAN_POINT('',(-18.4,-1.,7.65));
#3328 = VECTOR('',#3329,1.);
#3329 = DIRECTION('',(0.,0.,1.));
#3330 = PCURVE('',#2532,#3331);
#3331 = DEFINITIONAL_REPRESENTATION('',(#3332),#3336);
#3332 = LINE('',#3333,#3334);
#3333 = CARTESIAN_POINT('',(0.,3.2));
#3334 = VECTOR('',#3335,1.);
#3335 = DIRECTION('',(1.,0.));
#3336 = ( GEOMETRIC_REPRESENTATION_CONTEXT(2) 
PARAMETRIC_REPRESENTATION_CONTEXT() REPRESENTATION_CONTEXT('2D SPACE',''
  ) );
#3337 = PCURVE('',#3338,#3343);
#3338 = PLANE('',#3339);
#3339 = AXIS2_PLACEMENT_3D('',#3340,#3341,#3342);
#3340 = CARTESIAN_POINT('',(-18.4,-7.,7.65));
#3341 = DIRECTION('',(1.,0.,0.));
#3342 = DIRECTION('',(0.,0.,1.));
#3343 = DEFINITIONAL_REPRESENTATION('',(#3344),#3348);
#3344 = LINE('',#3345,#3346);
#3345 = CARTESIAN_POINT('',(0.,-6.));
#3346 = VECTOR('',#3347,1.);
#3347 = DIRECTION('',(1.,0.));
#3348 = ( GEOMETRIC_REPRESENTATION_CONTEXT(2) 
PARAMETRIC_REPRESENTATION_CONTEXT() REPRESENTATION_CONTEXT('2D SPACE',''
  ) );
#3349 = ORIENTED_EDGE('',*,*,#3350,.F.);
#3350 = EDGE_CURVE('',#3351,#3321,#3353,.T.);
#3351 = VERTEX_POINT('',#3352);
#3352 = CARTESIAN_POINT('',(-21.6,-1.,7.65));
#3353 = SURFACE_CURVE('',#3354,(#3358,#3365),.PCURVE_S1.);
#3354 = LINE('',#3355,#3356);
#3355 = CARTESIAN_POINT('',(-21.6,-1.,7.65));
#3356 = VECTOR('',#3357,1.);
#3357 = DIRECTION('',(1.,0.,0.));
#3358 = PCURVE('',#2532,#3359);
#3359 = DEFINITIONAL_REPRESENTATION('',(#3360),#3364);
#3360 = LINE('',#3361,#3362);
#3361 = CARTESIAN_POINT('',(0.,0.));
#3362 = VECTOR('',#3363,1.);
#3363 = DIRECTION('',(0.,1.));
#3364 = ( GEOMETRIC_REPRESENTATION_CONTEXT(2) 
PARAMETRIC_REPRESENTATION_CONTEXT() REPRESENTATION_CONTEXT('2D SPACE',''
  ) );
#3365 = PCURVE('',#3366,#3371);
#3366 = PLANE('',#3367);
#3367 = AXIS2_PLACEMENT_3D('',#3368,#3369,#3370);
#3368 = CARTESIAN_POINT('',(-21.6,-7.,7.65));
#3369 = DIRECTION('',(0.,0.,1.));
#3370 = DIRECTION('',(1.,0.,0.));
#3371 = DEFINITIONAL_REPRESENTATION('',(#3372),#3376);
#3372 = LINE('',#3373,#3374);
#3373 = CARTESIAN_POINT('',(0.,6.));
#3374 = VECTOR('',#3375,1.);
#3375 = DIRECTION('',(1.,0.));
#3376 = ( GEOMETRIC_REPRESENTATION_CONTEXT(2) 
PARAMETRIC_REPRESENTATION_CONTEXT() REPRESENTATION_CONTEXT('2D SPACE',''
  ) );
#3377 = ORIENTED_EDGE('',*,*,#3378,.T.);
#3378 = EDGE_CURVE('',#3351,#2492,#3379,.T.);
#3379 = SURFACE_CURVE('',#3380,(#3384,#3391),.PCURVE_S1.);
#3380 = LINE('',#3381,#3382);
#3381 = CARTESIAN_POINT('',(-21.6,-1.,7.65));
#3382 = VECTOR('',#3383,1.);
#3383 = DIRECTION('',(0.,0.,1.));
#3384 = PCURVE('',#2532,#3385);
#3385 = DEFINITIONAL_REPRESENTATION('',(#3386),#3390);
#3386 = LINE('',#3387,#3388);
#3387 = CARTESIAN_POINT('',(0.,0.));
#3388 = VECTOR('',#3389,1.);
#3389 = DIRECTION('',(1.,0.));
#3390 = ( GEOMETRIC_REPRESENTATION_CONTEXT(2) 
PARAMETRIC_REPRESENTATION_CONTEXT() REPRESENTATION_CONTEXT('2D SPACE',''
  ) );
#3391 = PCURVE('',#2506,#3392);
#3392 = DEFINITIONAL_REPRESENTATION('',(#3393),#3397);
#3393 = LINE('',#3394,#3395);
#3394 = CARTESIAN_POINT('',(0.,-6.));
#3395 = VECTOR('',#3396,1.);
#3396 = DIRECTION('',(1.,0.));
#3397 = ( GEOMETRIC_REPRESENTATION_CONTEXT(2) 
PARAMETRIC_REPRESENTATION_CONTEXT() REPRESENTATION_CONTEXT('2D SPACE',''
  ) );
#3398 = ORIENTED_EDGE('',*,*,#2517,.F.);
#3399 = ORIENTED_EDGE('',*,*,#3064,.F.);
#3400 = ORIENTED_EDGE('',*,*,#3401,.T.);
#3401 = EDGE_CURVE('',#3032,#3323,#3402,.T.);
#3402 = SURFACE_CURVE('',#3403,(#3407,#3414),.PCURVE_S1.);
#3403 = LINE('',#3404,#3405);
#3404 = CARTESIAN_POINT('',(-21.6,-1.,12.65));
#3405 = VECTOR('',#3406,1.);
#3406 = DIRECTION('',(1.,0.,0.));
#3407 = PCURVE('',#2532,#3408);
#3408 = DEFINITIONAL_REPRESENTATION('',(#3409),#3413);
#3409 = LINE('',#3410,#3411);
#3410 = CARTESIAN_POINT('',(5.,0.));
#3411 = VECTOR('',#3412,1.);
#3412 = DIRECTION('',(0.,1.));
#3413 = ( GEOMETRIC_REPRESENTATION_CONTEXT(2) 
PARAMETRIC_REPRESENTATION_CONTEXT() REPRESENTATION_CONTEXT('2D SPACE',''
  ) );
#3414 = PCURVE('',#3048,#3415);
#3415 = DEFINITIONAL_REPRESENTATION('',(#3416),#3420);
#3416 = LINE('',#3417,#3418);
#3417 = CARTESIAN_POINT('',(0.,6.));
#3418 = VECTOR('',#3419,1.);
#3419 = DIRECTION('',(1.,0.));
#3420 = ( GEOMETRIC_REPRESENTATION_CONTEXT(2) 
PARAMETRIC_REPRESENTATION_CONTEXT() REPRESENTATION_CONTEXT('2D SPACE',''
  ) );
#3421 = ADVANCED_FACE('',(#3422),#2506,.F.);
#3422 = FACE_BOUND('',#3423,.F.);
#3423 = EDGE_LOOP('',(#3424,#3447,#3468,#3469));
#3424 = ORIENTED_EDGE('',*,*,#3425,.F.);
#3425 = EDGE_CURVE('',#3426,#2466,#3428,.T.);
#3426 = VERTEX_POINT('',#3427);
#3427 = CARTESIAN_POINT('',(-21.6,-7.,7.65));
#3428 = SURFACE_CURVE('',#3429,(#3433,#3440),.PCURVE_S1.);
#3429 = LINE('',#3430,#3431);
#3430 = CARTESIAN_POINT('',(-21.6,-7.,7.65));
#3431 = VECTOR('',#3432,1.);
#3432 = DIRECTION('',(0.,0.,1.));
#3433 = PCURVE('',#2506,#3434);
#3434 = DEFINITIONAL_REPRESENTATION('',(#3435),#3439);
#3435 = LINE('',#3436,#3437);
#3436 = CARTESIAN_POINT('',(0.,0.));
#3437 = VECTOR('',#3438,1.);
#3438 = DIRECTION('',(1.,0.));
#3439 = ( GEOMETRIC_REPRESENTATION_CONTEXT(2) 
PARAMETRIC_REPRESENTATION_CONTEXT() REPRESENTATION_CONTEXT('2D SPACE',''
  ) );
#3440 = PCURVE('',#2480,#3441);
#3441 = DEFINITIONAL_REPRESENTATION('',(#3442),#3446);
#3442 = LINE('',#3443,#3444);
#3443 = CARTESIAN_POINT('',(0.,0.));
#3444 = VECTOR('',#3445,1.);
#3445 = DIRECTION('',(1.,0.));
#3446 = ( GEOMETRIC_REPRESENTATION_CONTEXT(2) 
PARAMETRIC_REPRESENTATION_CONTEXT() REPRESENTATION_CONTEXT('2D SPACE',''
  ) );
#3447 = ORIENTED_EDGE('',*,*,#3448,.T.);
#3448 = EDGE_CURVE('',#3426,#3351,#3449,.T.);
#3449 = SURFACE_CURVE('',#3450,(#3454,#3461),.PCURVE_S1.);
#3450 = LINE('',#3451,#3452);
#3451 = CARTESIAN_POINT('',(-21.6,-7.,7.65));
#3452 = VECTOR('',#3453,1.);
#3453 = DIRECTION('',(0.,1.,0.));
#3454 = PCURVE('',#2506,#3455);
#3455 = DEFINITIONAL_REPRESENTATION('',(#3456),#3460);
#3456 = LINE('',#3457,#3458);
#3457 = CARTESIAN_POINT('',(0.,0.));
#3458 = VECTOR('',#3459,1.);
#3459 = DIRECTION('',(0.,-1.));
#3460 = ( GEOMETRIC_REPRESENTATION_CONTEXT(2) 
PARAMETRIC_REPRESENTATION_CONTEXT() REPRESENTATION_CONTEXT('2D SPACE',''
  ) );
#3461 = PCURVE('',#3366,#3462);
#3462 = DEFINITIONAL_REPRESENTATION('',(#3463),#3467);
#3463 = LINE('',#3464,#3465);
#3464 = CARTESIAN_POINT('',(0.,0.));
#3465 = VECTOR('',#3466,1.);
#3466 = DIRECTION('',(0.,1.));
#3467 = ( GEOMETRIC_REPRESENTATION_CONTEXT(2) 
PARAMETRIC_REPRESENTATION_CONTEXT() REPRESENTATION_CONTEXT('2D SPACE',''
  ) );
#3468 = ORIENTED_EDGE('',*,*,#3378,.T.);
#3469 = ORIENTED_EDGE('',*,*,#2491,.F.);
#3470 = ADVANCED_FACE('',(#3471),#2378,.T.);
#3471 = FACE_BOUND('',#3472,.T.);
#3472 = EDGE_LOOP('',(#3473,#3496,#3522,#3548,#3576,#3604,#3625,#3626));
#3473 = ORIENTED_EDGE('',*,*,#3474,.F.);
#3474 = EDGE_CURVE('',#3475,#2364,#3477,.T.);
#3475 = VERTEX_POINT('',#3476);
#3476 = CARTESIAN_POINT('',(3.,-25.6,9.3));
#3477 = SURFACE_CURVE('',#3478,(#3482,#3489),.PCURVE_S1.);
#3478 = LINE('',#3479,#3480);
#3479 = CARTESIAN_POINT('',(3.,-25.6,7.65));
#3480 = VECTOR('',#3481,1.);
#3481 = DIRECTION('',(0.,0.,1.));
#3482 = PCURVE('',#2378,#3483);
#3483 = DEFINITIONAL_REPRESENTATION('',(#3484),#3488);
#3484 = LINE('',#3485,#3486);
#3485 = CARTESIAN_POINT('',(0.,0.));
#3486 = VECTOR('',#3487,1.);
#3487 = DIRECTION('',(1.,0.));
#3488 = ( GEOMETRIC_REPRESENTATION_CONTEXT(2) 
PARAMETRIC_REPRESENTATION_CONTEXT() REPRESENTATION_CONTEXT('2D SPACE',''
  ) );
#3489 = PCURVE('',#2404,#3490);
#3490 = DEFINITIONAL_REPRESENTATION('',(#3491),#3495);
#3491 = LINE('',#3492,#3493);
#3492 = CARTESIAN_POINT('',(0.,6.));
#3493 = VECTOR('',#3494,1.);
#3494 = DIRECTION('',(1.,0.));
#3495 = ( GEOMETRIC_REPRESENTATION_CONTEXT(2) 
PARAMETRIC_REPRESENTATION_CONTEXT() REPRESENTATION_CONTEXT('2D SPACE',''
  ) );
#3496 = ORIENTED_EDGE('',*,*,#3497,.T.);
#3497 = EDGE_CURVE('',#3475,#3498,#3500,.T.);
#3498 = VERTEX_POINT('',#3499);
#3499 = CARTESIAN_POINT('',(3.,-23.,9.3));
#3500 = SURFACE_CURVE('',#3501,(#3505,#3511),.PCURVE_S1.);
#3501 = LINE('',#3502,#3503);
#3502 = CARTESIAN_POINT('',(3.,-26.3,9.3));
#3503 = VECTOR('',#3504,1.);
#3504 = DIRECTION('',(0.,1.,0.));
#3505 = PCURVE('',#2378,#3506);
#3506 = DEFINITIONAL_REPRESENTATION('',(#3507),#3510);
#3507 = B_SPLINE_CURVE_WITH_KNOTS('',1,(#3508,#3509),.UNSPECIFIED.,.F.,
  .F.,(2,2),(0.7,3.3),.PIECEWISE_BEZIER_KNOTS.);
#3508 = CARTESIAN_POINT('',(1.65,0.));
#3509 = CARTESIAN_POINT('',(1.65,-2.6));
#3510 = ( GEOMETRIC_REPRESENTATION_CONTEXT(2) 
PARAMETRIC_REPRESENTATION_CONTEXT() REPRESENTATION_CONTEXT('2D SPACE',''
  ) );
#3511 = PCURVE('',#3512,#3517);
#3512 = PLANE('',#3513);
#3513 = AXIS2_PLACEMENT_3D('',#3514,#3515,#3516);
#3514 = CARTESIAN_POINT('',(5.1,-27.,9.3));
#3515 = DIRECTION('',(-0.,-0.,-1.));
#3516 = DIRECTION('',(-1.,0.,0.));
#3517 = DEFINITIONAL_REPRESENTATION('',(#3518),#3521);
#3518 = B_SPLINE_CURVE_WITH_KNOTS('',1,(#3519,#3520),.UNSPECIFIED.,.F.,
  .F.,(2,2),(0.7,3.3),.PIECEWISE_BEZIER_KNOTS.);
#3519 = CARTESIAN_POINT('',(2.1,1.4));
#3520 = CARTESIAN_POINT('',(2.1,4.));
#3521 = ( GEOMETRIC_REPRESENTATION_CONTEXT(2) 
PARAMETRIC_REPRESENTATION_CONTEXT() REPRESENTATION_CONTEXT('2D SPACE',''
  ) );
#3522 = ORIENTED_EDGE('',*,*,#3523,.T.);
#3523 = EDGE_CURVE('',#3498,#3524,#3526,.T.);
#3524 = VERTEX_POINT('',#3525);
#3525 = CARTESIAN_POINT('',(3.,-23.,7.65));
#3526 = SURFACE_CURVE('',#3527,(#3531,#3537),.PCURVE_S1.);
#3527 = LINE('',#3528,#3529);
#3528 = CARTESIAN_POINT('',(3.,-23.,7.325));
#3529 = VECTOR('',#3530,1.);
#3530 = DIRECTION('',(0.,0.,-1.));
#3531 = PCURVE('',#2378,#3532);
#3532 = DEFINITIONAL_REPRESENTATION('',(#3533),#3536);
#3533 = B_SPLINE_CURVE_WITH_KNOTS('',1,(#3534,#3535),.UNSPECIFIED.,.F.,
  .F.,(2,2),(-1.975,-0.325),.PIECEWISE_BEZIER_KNOTS.);
#3534 = CARTESIAN_POINT('',(1.65,-2.6));
#3535 = CARTESIAN_POINT('',(0.,-2.6));
#3536 = ( GEOMETRIC_REPRESENTATION_CONTEXT(2) 
PARAMETRIC_REPRESENTATION_CONTEXT() REPRESENTATION_CONTEXT('2D SPACE',''
  ) );
#3537 = PCURVE('',#3538,#3543);
#3538 = PLANE('',#3539);
#3539 = AXIS2_PLACEMENT_3D('',#3540,#3541,#3542);
#3540 = CARTESIAN_POINT('',(0.,-23.,7.));
#3541 = DIRECTION('',(-0.,-1.,-0.));
#3542 = DIRECTION('',(0.,0.,-1.));
#3543 = DEFINITIONAL_REPRESENTATION('',(#3544),#3547);
#3544 = B_SPLINE_CURVE_WITH_KNOTS('',1,(#3545,#3546),.UNSPECIFIED.,.F.,
  .F.,(2,2),(-1.975,-0.325),.PIECEWISE_BEZIER_KNOTS.);
#3545 = CARTESIAN_POINT('',(-2.3,3.));
#3546 = CARTESIAN_POINT('',(-0.65,3.));
#3547 = ( GEOMETRIC_REPRESENTATION_CONTEXT(2) 
PARAMETRIC_REPRESENTATION_CONTEXT() REPRESENTATION_CONTEXT('2D SPACE',''
  ) );
#3548 = ORIENTED_EDGE('',*,*,#3549,.T.);
#3549 = EDGE_CURVE('',#3524,#3550,#3552,.T.);
#3550 = VERTEX_POINT('',#3551);
#3551 = CARTESIAN_POINT('',(3.,-22.4,7.65));
#3552 = SURFACE_CURVE('',#3553,(#3557,#3564),.PCURVE_S1.);
#3553 = LINE('',#3554,#3555);
#3554 = CARTESIAN_POINT('',(3.,-25.6,7.65));
#3555 = VECTOR('',#3556,1.);
#3556 = DIRECTION('',(0.,1.,0.));
#3557 = PCURVE('',#2378,#3558);
#3558 = DEFINITIONAL_REPRESENTATION('',(#3559),#3563);
#3559 = LINE('',#3560,#3561);
#3560 = CARTESIAN_POINT('',(0.,0.));
#3561 = VECTOR('',#3562,1.);
#3562 = DIRECTION('',(0.,-1.));
#3563 = ( GEOMETRIC_REPRESENTATION_CONTEXT(2) 
PARAMETRIC_REPRESENTATION_CONTEXT() REPRESENTATION_CONTEXT('2D SPACE',''
  ) );
#3564 = PCURVE('',#3565,#3570);
#3565 = PLANE('',#3566);
#3566 = AXIS2_PLACEMENT_3D('',#3567,#3568,#3569);
#3567 = CARTESIAN_POINT('',(-3.,-25.6,7.65));
#3568 = DIRECTION('',(0.,0.,1.));
#3569 = DIRECTION('',(1.,0.,0.));
#3570 = DEFINITIONAL_REPRESENTATION('',(#3571),#3575);
#3571 = LINE('',#3572,#3573);
#3572 = CARTESIAN_POINT('',(6.,0.));
#3573 = VECTOR('',#3574,1.);
#3574 = DIRECTION('',(0.,1.));
#3575 = ( GEOMETRIC_REPRESENTATION_CONTEXT(2) 
PARAMETRIC_REPRESENTATION_CONTEXT() REPRESENTATION_CONTEXT('2D SPACE',''
  ) );
#3576 = ORIENTED_EDGE('',*,*,#3577,.T.);
#3577 = EDGE_CURVE('',#3550,#3578,#3580,.T.);
#3578 = VERTEX_POINT('',#3579);
#3579 = CARTESIAN_POINT('',(3.,-22.4,12.65));
#3580 = SURFACE_CURVE('',#3581,(#3585,#3592),.PCURVE_S1.);
#3581 = LINE('',#3582,#3583);
#3582 = CARTESIAN_POINT('',(3.,-22.4,7.65));
#3583 = VECTOR('',#3584,1.);
#3584 = DIRECTION('',(0.,0.,1.));
#3585 = PCURVE('',#2378,#3586);
#3586 = DEFINITIONAL_REPRESENTATION('',(#3587),#3591);
#3587 = LINE('',#3588,#3589);
#3588 = CARTESIAN_POINT('',(0.,-3.2));
#3589 = VECTOR('',#3590,1.);
#3590 = DIRECTION('',(1.,0.));
#3591 = ( GEOMETRIC_REPRESENTATION_CONTEXT(2) 
PARAMETRIC_REPRESENTATION_CONTEXT() REPRESENTATION_CONTEXT('2D SPACE',''
  ) );
#3592 = PCURVE('',#3593,#3598);
#3593 = PLANE('',#3594);
#3594 = AXIS2_PLACEMENT_3D('',#3595,#3596,#3597);
#3595 = CARTESIAN_POINT('',(-3.,-22.4,7.65));
#3596 = DIRECTION('',(0.,1.,0.));
#3597 = DIRECTION('',(0.,0.,1.));
#3598 = DEFINITIONAL_REPRESENTATION('',(#3599),#3603);
#3599 = LINE('',#3600,#3601);
#3600 = CARTESIAN_POINT('',(0.,6.));
#3601 = VECTOR('',#3602,1.);
#3602 = DIRECTION('',(1.,0.));
#3603 = ( GEOMETRIC_REPRESENTATION_CONTEXT(2) 
PARAMETRIC_REPRESENTATION_CONTEXT() REPRESENTATION_CONTEXT('2D SPACE',''
  ) );
#3604 = ORIENTED_EDGE('',*,*,#3605,.F.);
#3605 = EDGE_CURVE('',#2937,#3578,#3606,.T.);
#3606 = SURFACE_CURVE('',#3607,(#3611,#3618),.PCURVE_S1.);
#3607 = LINE('',#3608,#3609);
#3608 = CARTESIAN_POINT('',(3.,-25.6,12.65));
#3609 = VECTOR('',#3610,1.);
#3610 = DIRECTION('',(0.,1.,0.));
#3611 = PCURVE('',#2378,#3612);
#3612 = DEFINITIONAL_REPRESENTATION('',(#3613),#3617);
#3613 = LINE('',#3614,#3615);
#3614 = CARTESIAN_POINT('',(5.,0.));
#3615 = VECTOR('',#3616,1.);
#3616 = DIRECTION('',(0.,-1.));
#3617 = ( GEOMETRIC_REPRESENTATION_CONTEXT(2) 
PARAMETRIC_REPRESENTATION_CONTEXT() REPRESENTATION_CONTEXT('2D SPACE',''
  ) );
#3618 = PCURVE('',#2974,#3619);
#3619 = DEFINITIONAL_REPRESENTATION('',(#3620),#3624);
#3620 = LINE('',#3621,#3622);
#3621 = CARTESIAN_POINT('',(6.,0.));
#3622 = VECTOR('',#3623,1.);
#3623 = DIRECTION('',(0.,1.));
#3624 = ( GEOMETRIC_REPRESENTATION_CONTEXT(2) 
PARAMETRIC_REPRESENTATION_CONTEXT() REPRESENTATION_CONTEXT('2D SPACE',''
  ) );
#3625 = ORIENTED_EDGE('',*,*,#2936,.T.);
#3626 = ORIENTED_EDGE('',*,*,#2363,.F.);
#3627 = ADVANCED_FACE('',(#3628),#2480,.F.);
#3628 = FACE_BOUND('',#3629,.F.);
#3629 = EDGE_LOOP('',(#3630,#3655,#3676,#3677,#3678,#3679));
#3630 = ORIENTED_EDGE('',*,*,#3631,.F.);
#3631 = EDGE_CURVE('',#3632,#3634,#3636,.T.);
#3632 = VERTEX_POINT('',#3633);
#3633 = CARTESIAN_POINT('',(-18.4,-7.,7.65));
#3634 = VERTEX_POINT('',#3635);
#3635 = CARTESIAN_POINT('',(-18.4,-7.,12.65));
#3636 = SURFACE_CURVE('',#3637,(#3641,#3648),.PCURVE_S1.);
#3637 = LINE('',#3638,#3639);
#3638 = CARTESIAN_POINT('',(-18.4,-7.,7.65));
#3639 = VECTOR('',#3640,1.);
#3640 = DIRECTION('',(0.,0.,1.));
#3641 = PCURVE('',#2480,#3642);
#3642 = DEFINITIONAL_REPRESENTATION('',(#3643),#3647);
#3643 = LINE('',#3644,#3645);
#3644 = CARTESIAN_POINT('',(0.,3.2));
#3645 = VECTOR('',#3646,1.);
#3646 = DIRECTION('',(1.,0.));
#3647 = ( GEOMETRIC_REPRESENTATION_CONTEXT(2) 
PARAMETRIC_REPRESENTATION_CONTEXT() REPRESENTATION_CONTEXT('2D SPACE',''
  ) );
#3648 = PCURVE('',#3338,#3649);
#3649 = DEFINITIONAL_REPRESENTATION('',(#3650),#3654);
#3650 = LINE('',#3651,#3652);
#3651 = CARTESIAN_POINT('',(0.,0.));
#3652 = VECTOR('',#3653,1.);
#3653 = DIRECTION('',(1.,0.));
#3654 = ( GEOMETRIC_REPRESENTATION_CONTEXT(2) 
PARAMETRIC_REPRESENTATION_CONTEXT() REPRESENTATION_CONTEXT('2D SPACE',''
  ) );
#3655 = ORIENTED_EDGE('',*,*,#3656,.F.);
#3656 = EDGE_CURVE('',#3426,#3632,#3657,.T.);
#3657 = SURFACE_CURVE('',#3658,(#3662,#3669),.PCURVE_S1.);
#3658 = LINE('',#3659,#3660);
#3659 = CARTESIAN_POINT('',(-21.6,-7.,7.65));
#3660 = VECTOR('',#3661,1.);
#3661 = DIRECTION('',(1.,0.,0.));
#3662 = PCURVE('',#2480,#3663);
#3663 = DEFINITIONAL_REPRESENTATION('',(#3664),#3668);
#3664 = LINE('',#3665,#3666);
#3665 = CARTESIAN_POINT('',(0.,0.));
#3666 = VECTOR('',#3667,1.);
#3667 = DIRECTION('',(0.,1.));
#3668 = ( GEOMETRIC_REPRESENTATION_CONTEXT(2) 
PARAMETRIC_REPRESENTATION_CONTEXT() REPRESENTATION_CONTEXT('2D SPACE',''
  ) );
#3669 = PCURVE('',#3366,#3670);
#3670 = DEFINITIONAL_REPRESENTATION('',(#3671),#3675);
#3671 = LINE('',#3672,#3673);
#3672 = CARTESIAN_POINT('',(0.,0.));
#3673 = VECTOR('',#3674,1.);
#3674 = DIRECTION('',(1.,0.));
#3675 = ( GEOMETRIC_REPRESENTATION_CONTEXT(2) 
PARAMETRIC_REPRESENTATION_CONTEXT() REPRESENTATION_CONTEXT('2D SPACE',''
  ) );
#3676 = ORIENTED_EDGE('',*,*,#3425,.T.);
#3677 = ORIENTED_EDGE('',*,*,#2465,.F.);
#3678 = ORIENTED_EDGE('',*,*,#3010,.F.);
#3679 = ORIENTED_EDGE('',*,*,#3680,.T.);
#3680 = EDGE_CURVE('',#3011,#3634,#3681,.T.);
#3681 = SURFACE_CURVE('',#3682,(#3686,#3693),.PCURVE_S1.);
#3682 = LINE('',#3683,#3684);
#3683 = CARTESIAN_POINT('',(-21.6,-7.,12.65));
#3684 = VECTOR('',#3685,1.);
#3685 = DIRECTION('',(1.,0.,0.));
#3686 = PCURVE('',#2480,#3687);
#3687 = DEFINITIONAL_REPRESENTATION('',(#3688),#3692);
#3688 = LINE('',#3689,#3690);
#3689 = CARTESIAN_POINT('',(5.,0.));
#3690 = VECTOR('',#3691,1.);
#3691 = DIRECTION('',(0.,1.));
#3692 = ( GEOMETRIC_REPRESENTATION_CONTEXT(2) 
PARAMETRIC_REPRESENTATION_CONTEXT() REPRESENTATION_CONTEXT('2D SPACE',''
  ) );
#3693 = PCURVE('',#3048,#3694);
#3694 = DEFINITIONAL_REPRESENTATION('',(#3695),#3699);
#3695 = LINE('',#3696,#3697);
#3696 = CARTESIAN_POINT('',(0.,0.));
#3697 = VECTOR('',#3698,1.);
#3698 = DIRECTION('',(1.,0.));
#3699 = ( GEOMETRIC_REPRESENTATION_CONTEXT(2) 
PARAMETRIC_REPRESENTATION_CONTEXT() REPRESENTATION_CONTEXT('2D SPACE',''
  ) );
#3700 = ADVANCED_FACE('',(#3701),#2404,.F.);
#3701 = FACE_BOUND('',#3702,.F.);
#3702 = EDGE_LOOP('',(#3703,#3704,#3725,#3746));
#3703 = ORIENTED_EDGE('',*,*,#3474,.F.);
#3704 = ORIENTED_EDGE('',*,*,#3705,.T.);
#3705 = EDGE_CURVE('',#3475,#3706,#3708,.T.);
#3706 = VERTEX_POINT('',#3707);
#3707 = CARTESIAN_POINT('',(-3.,-25.6,9.3));
#3708 = SURFACE_CURVE('',#3709,(#3713,#3719),.PCURVE_S1.);
#3709 = LINE('',#3710,#3711);
#3710 = CARTESIAN_POINT('',(1.05,-25.6,9.3));
#3711 = VECTOR('',#3712,1.);
#3712 = DIRECTION('',(-1.,0.,0.));
#3713 = PCURVE('',#2404,#3714);
#3714 = DEFINITIONAL_REPRESENTATION('',(#3715),#3718);
#3715 = B_SPLINE_CURVE_WITH_KNOTS('',1,(#3716,#3717),.UNSPECIFIED.,.F.,
  .F.,(2,2),(-1.95,4.05),.PIECEWISE_BEZIER_KNOTS.);
#3716 = CARTESIAN_POINT('',(1.65,6.));
#3717 = CARTESIAN_POINT('',(1.65,0.));
#3718 = ( GEOMETRIC_REPRESENTATION_CONTEXT(2) 
PARAMETRIC_REPRESENTATION_CONTEXT() REPRESENTATION_CONTEXT('2D SPACE',''
  ) );
#3719 = PCURVE('',#3512,#3720);
#3720 = DEFINITIONAL_REPRESENTATION('',(#3721),#3724);
#3721 = B_SPLINE_CURVE_WITH_KNOTS('',1,(#3722,#3723),.UNSPECIFIED.,.F.,
  .F.,(2,2),(-1.95,4.05),.PIECEWISE_BEZIER_KNOTS.);
#3722 = CARTESIAN_POINT('',(2.1,1.4));
#3723 = CARTESIAN_POINT('',(8.1,1.4));
#3724 = ( GEOMETRIC_REPRESENTATION_CONTEXT(2) 
PARAMETRIC_REPRESENTATION_CONTEXT() REPRESENTATION_CONTEXT('2D SPACE',''
  ) );
#3725 = ORIENTED_EDGE('',*,*,#3726,.T.);
#3726 = EDGE_CURVE('',#3706,#2390,#3727,.T.);
#3727 = SURFACE_CURVE('',#3728,(#3732,#3739),.PCURVE_S1.);
#3728 = LINE('',#3729,#3730);
#3729 = CARTESIAN_POINT('',(-3.,-25.6,7.65));
#3730 = VECTOR('',#3731,1.);
#3731 = DIRECTION('',(0.,0.,1.));
#3732 = PCURVE('',#2404,#3733);
#3733 = DEFINITIONAL_REPRESENTATION('',(#3734),#3738);
#3734 = LINE('',#3735,#3736);
#3735 = CARTESIAN_POINT('',(0.,0.));
#3736 = VECTOR('',#3737,1.);
#3737 = DIRECTION('',(1.,0.));
#3738 = ( GEOMETRIC_REPRESENTATION_CONTEXT(2) 
PARAMETRIC_REPRESENTATION_CONTEXT() REPRESENTATION_CONTEXT('2D SPACE',''
  ) );
#3739 = PCURVE('',#2430,#3740);
#3740 = DEFINITIONAL_REPRESENTATION('',(#3741),#3745);
#3741 = LINE('',#3742,#3743);
#3742 = CARTESIAN_POINT('',(0.,0.));
#3743 = VECTOR('',#3744,1.);
#3744 = DIRECTION('',(1.,0.));
#3745 = ( GEOMETRIC_REPRESENTATION_CONTEXT(2) 
PARAMETRIC_REPRESENTATION_CONTEXT() REPRESENTATION_CONTEXT('2D SPACE',''
  ) );
#3746 = ORIENTED_EDGE('',*,*,#2389,.F.);
#3747 = ADVANCED_FACE('',(#3748),#2430,.F.);
#3748 = FACE_BOUND('',#3749,.F.);
#3749 = EDGE_LOOP('',(#3750,#3751,#3772,#3793,#3816,#3839,#3860,#3861));
#3750 = ORIENTED_EDGE('',*,*,#3726,.F.);
#3751 = ORIENTED_EDGE('',*,*,#3752,.T.);
#3752 = EDGE_CURVE('',#3706,#3753,#3755,.T.);
#3753 = VERTEX_POINT('',#3754);
#3754 = CARTESIAN_POINT('',(-3.,-23.,9.3));
#3755 = SURFACE_CURVE('',#3756,(#3760,#3766),.PCURVE_S1.);
#3756 = LINE('',#3757,#3758);
#3757 = CARTESIAN_POINT('',(-3.,-26.3,9.3));
#3758 = VECTOR('',#3759,1.);
#3759 = DIRECTION('',(0.,1.,0.));
#3760 = PCURVE('',#2430,#3761);
#3761 = DEFINITIONAL_REPRESENTATION('',(#3762),#3765);
#3762 = B_SPLINE_CURVE_WITH_KNOTS('',1,(#3763,#3764),.UNSPECIFIED.,.F.,
  .F.,(2,2),(0.7,3.3),.PIECEWISE_BEZIER_KNOTS.);
#3763 = CARTESIAN_POINT('',(1.65,0.));
#3764 = CARTESIAN_POINT('',(1.65,-2.6));
#3765 = ( GEOMETRIC_REPRESENTATION_CONTEXT(2) 
PARAMETRIC_REPRESENTATION_CONTEXT() REPRESENTATION_CONTEXT('2D SPACE',''
  ) );
#3766 = PCURVE('',#3512,#3767);
#3767 = DEFINITIONAL_REPRESENTATION('',(#3768),#3771);
#3768 = B_SPLINE_CURVE_WITH_KNOTS('',1,(#3769,#3770),.UNSPECIFIED.,.F.,
  .F.,(2,2),(0.7,3.3),.PIECEWISE_BEZIER_KNOTS.);
#3769 = CARTESIAN_POINT('',(8.1,1.4));
#3770 = CARTESIAN_POINT('',(8.1,4.));
#3771 = ( GEOMETRIC_REPRESENTATION_CONTEXT(2) 
PARAMETRIC_REPRESENTATION_CONTEXT() REPRESENTATION_CONTEXT('2D SPACE',''
  ) );
#3772 = ORIENTED_EDGE('',*,*,#3773,.T.);
#3773 = EDGE_CURVE('',#3753,#3774,#3776,.T.);
#3774 = VERTEX_POINT('',#3775);
#3775 = CARTESIAN_POINT('',(-3.,-23.,7.65));
#3776 = SURFACE_CURVE('',#3777,(#3781,#3787),.PCURVE_S1.);
#3777 = LINE('',#3778,#3779);
#3778 = CARTESIAN_POINT('',(-3.,-23.,7.325));
#3779 = VECTOR('',#3780,1.);
#3780 = DIRECTION('',(0.,0.,-1.));
#3781 = PCURVE('',#2430,#3782);
#3782 = DEFINITIONAL_REPRESENTATION('',(#3783),#3786);
#3783 = B_SPLINE_CURVE_WITH_KNOTS('',1,(#3784,#3785),.UNSPECIFIED.,.F.,
  .F.,(2,2),(-1.975,-0.325),.PIECEWISE_BEZIER_KNOTS.);
#3784 = CARTESIAN_POINT('',(1.65,-2.6));
#3785 = CARTESIAN_POINT('',(0.,-2.6));
#3786 = ( GEOMETRIC_REPRESENTATION_CONTEXT(2) 
PARAMETRIC_REPRESENTATION_CONTEXT() REPRESENTATION_CONTEXT('2D SPACE',''
  ) );
#3787 = PCURVE('',#3538,#3788);
#3788 = DEFINITIONAL_REPRESENTATION('',(#3789),#3792);
#3789 = B_SPLINE_CURVE_WITH_KNOTS('',1,(#3790,#3791),.UNSPECIFIED.,.F.,
  .F.,(2,2),(-1.975,-0.325),.PIECEWISE_BEZIER_KNOTS.);
#3790 = CARTESIAN_POINT('',(-2.3,-3.));
#3791 = CARTESIAN_POINT('',(-0.65,-3.));
#3792 = ( GEOMETRIC_REPRESENTATION_CONTEXT(2) 
PARAMETRIC_REPRESENTATION_CONTEXT() REPRESENTATION_CONTEXT('2D SPACE',''
  ) );
#3793 = ORIENTED_EDGE('',*,*,#3794,.T.);
#3794 = EDGE_CURVE('',#3774,#3795,#3797,.T.);
#3795 = VERTEX_POINT('',#3796);
#3796 = CARTESIAN_POINT('',(-3.,-22.4,7.65));
#3797 = SURFACE_CURVE('',#3798,(#3802,#3809),.PCURVE_S1.);
#3798 = LINE('',#3799,#3800);
#3799 = CARTESIAN_POINT('',(-3.,-25.6,7.65));
#3800 = VECTOR('',#3801,1.);
#3801 = DIRECTION('',(0.,1.,0.));
#3802 = PCURVE('',#2430,#3803);
#3803 = DEFINITIONAL_REPRESENTATION('',(#3804),#3808);
#3804 = LINE('',#3805,#3806);
#3805 = CARTESIAN_POINT('',(0.,0.));
#3806 = VECTOR('',#3807,1.);
#3807 = DIRECTION('',(0.,-1.));
#3808 = ( GEOMETRIC_REPRESENTATION_CONTEXT(2) 
PARAMETRIC_REPRESENTATION_CONTEXT() REPRESENTATION_CONTEXT('2D SPACE',''
  ) );
#3809 = PCURVE('',#3565,#3810);
#3810 = DEFINITIONAL_REPRESENTATION('',(#3811),#3815);
#3811 = LINE('',#3812,#3813);
#3812 = CARTESIAN_POINT('',(0.,0.));
#3813 = VECTOR('',#3814,1.);
#3814 = DIRECTION('',(0.,1.));
#3815 = ( GEOMETRIC_REPRESENTATION_CONTEXT(2) 
PARAMETRIC_REPRESENTATION_CONTEXT() REPRESENTATION_CONTEXT('2D SPACE',''
  ) );
#3816 = ORIENTED_EDGE('',*,*,#3817,.T.);
#3817 = EDGE_CURVE('',#3795,#3818,#3820,.T.);
#3818 = VERTEX_POINT('',#3819);
#3819 = CARTESIAN_POINT('',(-3.,-22.4,12.65));
#3820 = SURFACE_CURVE('',#3821,(#3825,#3832),.PCURVE_S1.);
#3821 = LINE('',#3822,#3823);
#3822 = CARTESIAN_POINT('',(-3.,-22.4,7.65));
#3823 = VECTOR('',#3824,1.);
#3824 = DIRECTION('',(0.,0.,1.));
#3825 = PCURVE('',#2430,#3826);
#3826 = DEFINITIONAL_REPRESENTATION('',(#3827),#3831);
#3827 = LINE('',#3828,#3829);
#3828 = CARTESIAN_POINT('',(0.,-3.2));
#3829 = VECTOR('',#3830,1.);
#3830 = DIRECTION('',(1.,0.));
#3831 = ( GEOMETRIC_REPRESENTATION_CONTEXT(2) 
PARAMETRIC_REPRESENTATION_CONTEXT() REPRESENTATION_CONTEXT('2D SPACE',''
  ) );
#3832 = PCURVE('',#3593,#3833);
#3833 = DEFINITIONAL_REPRESENTATION('',(#3834),#3838);
#3834 = LINE('',#3835,#3836);
#3835 = CARTESIAN_POINT('',(0.,0.));
#3836 = VECTOR('',#3837,1.);
#3837 = DIRECTION('',(1.,0.));
#3838 = ( GEOMETRIC_REPRESENTATION_CONTEXT(2) 
PARAMETRIC_REPRESENTATION_CONTEXT() REPRESENTATION_CONTEXT('2D SPACE',''
  ) );
#3839 = ORIENTED_EDGE('',*,*,#3840,.F.);
#3840 = EDGE_CURVE('',#2958,#3818,#3841,.T.);
#3841 = SURFACE_CURVE('',#3842,(#3846,#3853),.PCURVE_S1.);
#3842 = LINE('',#3843,#3844);
#3843 = CARTESIAN_POINT('',(-3.,-25.6,12.65));
#3844 = VECTOR('',#3845,1.);
#3845 = DIRECTION('',(0.,1.,0.));
#3846 = PCURVE('',#2430,#3847);
#3847 = DEFINITIONAL_REPRESENTATION('',(#3848),#3852);
#3848 = LINE('',#3849,#3850);
#3849 = CARTESIAN_POINT('',(5.,0.));
#3850 = VECTOR('',#3851,1.);
#3851 = DIRECTION('',(0.,-1.));
#3852 = ( GEOMETRIC_REPRESENTATION_CONTEXT(2) 
PARAMETRIC_REPRESENTATION_CONTEXT() REPRESENTATION_CONTEXT('2D SPACE',''
  ) );
#3853 = PCURVE('',#2974,#3854);
#3854 = DEFINITIONAL_REPRESENTATION('',(#3855),#3859);
#3855 = LINE('',#3856,#3857);
#3856 = CARTESIAN_POINT('',(0.,0.));
#3857 = VECTOR('',#3858,1.);
#3858 = DIRECTION('',(0.,1.));
#3859 = ( GEOMETRIC_REPRESENTATION_CONTEXT(2) 
PARAMETRIC_REPRESENTATION_CONTEXT() REPRESENTATION_CONTEXT('2D SPACE',''
  ) );
#3860 = ORIENTED_EDGE('',*,*,#2990,.T.);
#3861 = ORIENTED_EDGE('',*,*,#2415,.F.);
#3862 = ADVANCED_FACE('',(#3863),#3048,.T.);
#3863 = FACE_BOUND('',#3864,.T.);
#3864 = EDGE_LOOP('',(#3865,#3866,#3867,#3868));
#3865 = ORIENTED_EDGE('',*,*,#3401,.F.);
#3866 = ORIENTED_EDGE('',*,*,#3031,.F.);
#3867 = ORIENTED_EDGE('',*,*,#3680,.T.);
#3868 = ORIENTED_EDGE('',*,*,#3869,.T.);
#3869 = EDGE_CURVE('',#3634,#3323,#3870,.T.);
#3870 = SURFACE_CURVE('',#3871,(#3875,#3882),.PCURVE_S1.);
#3871 = LINE('',#3872,#3873);
#3872 = CARTESIAN_POINT('',(-18.4,-7.,12.65));
#3873 = VECTOR('',#3874,1.);
#3874 = DIRECTION('',(0.,1.,0.));
#3875 = PCURVE('',#3048,#3876);
#3876 = DEFINITIONAL_REPRESENTATION('',(#3877),#3881);
#3877 = LINE('',#3878,#3879);
#3878 = CARTESIAN_POINT('',(3.2,0.));
#3879 = VECTOR('',#3880,1.);
#3880 = DIRECTION('',(0.,1.));
#3881 = ( GEOMETRIC_REPRESENTATION_CONTEXT(2) 
PARAMETRIC_REPRESENTATION_CONTEXT() REPRESENTATION_CONTEXT('2D SPACE',''
  ) );
#3882 = PCURVE('',#3338,#3883);
#3883 = DEFINITIONAL_REPRESENTATION('',(#3884),#3888);
#3884 = LINE('',#3885,#3886);
#3885 = CARTESIAN_POINT('',(5.,0.));
#3886 = VECTOR('',#3887,1.);
#3887 = DIRECTION('',(0.,-1.));
#3888 = ( GEOMETRIC_REPRESENTATION_CONTEXT(2) 
PARAMETRIC_REPRESENTATION_CONTEXT() REPRESENTATION_CONTEXT('2D SPACE',''
  ) );
#3889 = ADVANCED_FACE('',(#3890),#2974,.T.);
#3890 = FACE_BOUND('',#3891,.T.);
#3891 = EDGE_LOOP('',(#3892,#3893,#3894,#3895));
#3892 = ORIENTED_EDGE('',*,*,#3840,.F.);
#3893 = ORIENTED_EDGE('',*,*,#2957,.F.);
#3894 = ORIENTED_EDGE('',*,*,#3605,.T.);
#3895 = ORIENTED_EDGE('',*,*,#3896,.F.);
#3896 = EDGE_CURVE('',#3818,#3578,#3897,.T.);
#3897 = SURFACE_CURVE('',#3898,(#3902,#3909),.PCURVE_S1.);
#3898 = LINE('',#3899,#3900);
#3899 = CARTESIAN_POINT('',(-3.,-22.4,12.65));
#3900 = VECTOR('',#3901,1.);
#3901 = DIRECTION('',(1.,0.,0.));
#3902 = PCURVE('',#2974,#3903);
#3903 = DEFINITIONAL_REPRESENTATION('',(#3904),#3908);
#3904 = LINE('',#3905,#3906);
#3905 = CARTESIAN_POINT('',(0.,3.2));
#3906 = VECTOR('',#3907,1.);
#3907 = DIRECTION('',(1.,0.));
#3908 = ( GEOMETRIC_REPRESENTATION_CONTEXT(2) 
PARAMETRIC_REPRESENTATION_CONTEXT() REPRESENTATION_CONTEXT('2D SPACE',''
  ) );
#3909 = PCURVE('',#3593,#3910);
#3910 = DEFINITIONAL_REPRESENTATION('',(#3911),#3915);
#3911 = LINE('',#3912,#3913);
#3912 = CARTESIAN_POINT('',(5.,0.));
#3913 = VECTOR('',#3914,1.);
#3914 = DIRECTION('',(0.,1.));
#3915 = ( GEOMETRIC_REPRESENTATION_CONTEXT(2) 
PARAMETRIC_REPRESENTATION_CONTEXT() REPRESENTATION_CONTEXT('2D SPACE',''
  ) );
#3916 = ADVANCED_FACE('',(#3917),#2900,.T.);
#3917 = FACE_BOUND('',#3918,.T.);
#3918 = EDGE_LOOP('',(#3919,#3920,#3941,#3942));
#3919 = ORIENTED_EDGE('',*,*,#3172,.F.);
#3920 = ORIENTED_EDGE('',*,*,#3921,.F.);
#3921 = EDGE_CURVE('',#3272,#3145,#3922,.T.);
#3922 = SURFACE_CURVE('',#3923,(#3927,#3934),.PCURVE_S1.);
#3923 = LINE('',#3924,#3925);
#3924 = CARTESIAN_POINT('',(18.4,-7.,12.65));
#3925 = VECTOR('',#3926,1.);
#3926 = DIRECTION('',(0.,1.,0.));
#3927 = PCURVE('',#2900,#3928);
#3928 = DEFINITIONAL_REPRESENTATION('',(#3929),#3933);
#3929 = LINE('',#3930,#3931);
#3930 = CARTESIAN_POINT('',(0.,0.));
#3931 = VECTOR('',#3932,1.);
#3932 = DIRECTION('',(0.,1.));
#3933 = ( GEOMETRIC_REPRESENTATION_CONTEXT(2) 
PARAMETRIC_REPRESENTATION_CONTEXT() REPRESENTATION_CONTEXT('2D SPACE',''
  ) );
#3934 = PCURVE('',#3160,#3935);
#3935 = DEFINITIONAL_REPRESENTATION('',(#3936),#3940);
#3936 = LINE('',#3937,#3938);
#3937 = CARTESIAN_POINT('',(5.,0.));
#3938 = VECTOR('',#3939,1.);
#3939 = DIRECTION('',(0.,-1.));
#3940 = ( GEOMETRIC_REPRESENTATION_CONTEXT(2) 
PARAMETRIC_REPRESENTATION_CONTEXT() REPRESENTATION_CONTEXT('2D SPACE',''
  ) );
#3941 = ORIENTED_EDGE('',*,*,#3294,.T.);
#3942 = ORIENTED_EDGE('',*,*,#2883,.F.);
#3943 = ADVANCED_FACE('',(#3944),#3160,.F.);
#3944 = FACE_BOUND('',#3945,.F.);
#3945 = EDGE_LOOP('',(#3946,#3947,#3968,#3969));
#3946 = ORIENTED_EDGE('',*,*,#3271,.F.);
#3947 = ORIENTED_EDGE('',*,*,#3948,.T.);
#3948 = EDGE_CURVE('',#3249,#3117,#3949,.T.);
#3949 = SURFACE_CURVE('',#3950,(#3954,#3961),.PCURVE_S1.);
#3950 = LINE('',#3951,#3952);
#3951 = CARTESIAN_POINT('',(18.4,-7.,7.65));
#3952 = VECTOR('',#3953,1.);
#3953 = DIRECTION('',(0.,1.,0.));
#3954 = PCURVE('',#3160,#3955);
#3955 = DEFINITIONAL_REPRESENTATION('',(#3956),#3960);
#3956 = LINE('',#3957,#3958);
#3957 = CARTESIAN_POINT('',(0.,0.));
#3958 = VECTOR('',#3959,1.);
#3959 = DIRECTION('',(0.,-1.));
#3960 = ( GEOMETRIC_REPRESENTATION_CONTEXT(2) 
PARAMETRIC_REPRESENTATION_CONTEXT() REPRESENTATION_CONTEXT('2D SPACE',''
  ) );
#3961 = PCURVE('',#3132,#3962);
#3962 = DEFINITIONAL_REPRESENTATION('',(#3963),#3967);
#3963 = LINE('',#3964,#3965);
#3964 = CARTESIAN_POINT('',(0.,0.));
#3965 = VECTOR('',#3966,1.);
#3966 = DIRECTION('',(0.,1.));
#3967 = ( GEOMETRIC_REPRESENTATION_CONTEXT(2) 
PARAMETRIC_REPRESENTATION_CONTEXT() REPRESENTATION_CONTEXT('2D SPACE',''
  ) );
#3968 = ORIENTED_EDGE('',*,*,#3144,.T.);
#3969 = ORIENTED_EDGE('',*,*,#3921,.F.);
#3970 = ADVANCED_FACE('',(#3971),#3132,.F.);
#3971 = FACE_BOUND('',#3972,.F.);
#3972 = EDGE_LOOP('',(#3973,#3974,#3975,#3976));
#3973 = ORIENTED_EDGE('',*,*,#3948,.F.);
#3974 = ORIENTED_EDGE('',*,*,#3248,.T.);
#3975 = ORIENTED_EDGE('',*,*,#3221,.T.);
#3976 = ORIENTED_EDGE('',*,*,#3116,.F.);
#3977 = ADVANCED_FACE('',(#3978),#3338,.T.);
#3978 = FACE_BOUND('',#3979,.T.);
#3979 = EDGE_LOOP('',(#3980,#3981,#4002,#4003));
#3980 = ORIENTED_EDGE('',*,*,#3631,.F.);
#3981 = ORIENTED_EDGE('',*,*,#3982,.T.);
#3982 = EDGE_CURVE('',#3632,#3321,#3983,.T.);
#3983 = SURFACE_CURVE('',#3984,(#3988,#3995),.PCURVE_S1.);
#3984 = LINE('',#3985,#3986);
#3985 = CARTESIAN_POINT('',(-18.4,-7.,7.65));
#3986 = VECTOR('',#3987,1.);
#3987 = DIRECTION('',(0.,1.,0.));
#3988 = PCURVE('',#3338,#3989);
#3989 = DEFINITIONAL_REPRESENTATION('',(#3990),#3994);
#3990 = LINE('',#3991,#3992);
#3991 = CARTESIAN_POINT('',(0.,0.));
#3992 = VECTOR('',#3993,1.);
#3993 = DIRECTION('',(0.,-1.));
#3994 = ( GEOMETRIC_REPRESENTATION_CONTEXT(2) 
PARAMETRIC_REPRESENTATION_CONTEXT() REPRESENTATION_CONTEXT('2D SPACE',''
  ) );
#3995 = PCURVE('',#3366,#3996);
#3996 = DEFINITIONAL_REPRESENTATION('',(#3997),#4001);
#3997 = LINE('',#3998,#3999);
#3998 = CARTESIAN_POINT('',(3.2,0.));
#3999 = VECTOR('',#4000,1.);
#4000 = DIRECTION('',(0.,1.));
#4001 = ( GEOMETRIC_REPRESENTATION_CONTEXT(2) 
PARAMETRIC_REPRESENTATION_CONTEXT() REPRESENTATION_CONTEXT('2D SPACE',''
  ) );
#4002 = ORIENTED_EDGE('',*,*,#3320,.T.);
#4003 = ORIENTED_EDGE('',*,*,#3869,.F.);
#4004 = ADVANCED_FACE('',(#4005),#3366,.F.);
#4005 = FACE_BOUND('',#4006,.F.);
#4006 = EDGE_LOOP('',(#4007,#4008,#4009,#4010));
#4007 = ORIENTED_EDGE('',*,*,#3448,.F.);
#4008 = ORIENTED_EDGE('',*,*,#3656,.T.);
#4009 = ORIENTED_EDGE('',*,*,#3982,.T.);
#4010 = ORIENTED_EDGE('',*,*,#3350,.F.);
#4011 = ADVANCED_FACE('',(#4012),#3593,.T.);
#4012 = FACE_BOUND('',#4013,.T.);
#4013 = EDGE_LOOP('',(#4014,#4035,#4036,#4037));
#4014 = ORIENTED_EDGE('',*,*,#4015,.F.);
#4015 = EDGE_CURVE('',#3795,#3550,#4016,.T.);
#4016 = SURFACE_CURVE('',#4017,(#4021,#4028),.PCURVE_S1.);
#4017 = LINE('',#4018,#4019);
#4018 = CARTESIAN_POINT('',(-3.,-22.4,7.65));
#4019 = VECTOR('',#4020,1.);
#4020 = DIRECTION('',(1.,0.,0.));
#4021 = PCURVE('',#3593,#4022);
#4022 = DEFINITIONAL_REPRESENTATION('',(#4023),#4027);
#4023 = LINE('',#4024,#4025);
#4024 = CARTESIAN_POINT('',(0.,0.));
#4025 = VECTOR('',#4026,1.);
#4026 = DIRECTION('',(0.,1.));
#4027 = ( GEOMETRIC_REPRESENTATION_CONTEXT(2) 
PARAMETRIC_REPRESENTATION_CONTEXT() REPRESENTATION_CONTEXT('2D SPACE',''
  ) );
#4028 = PCURVE('',#3565,#4029);
#4029 = DEFINITIONAL_REPRESENTATION('',(#4030),#4034);
#4030 = LINE('',#4031,#4032);
#4031 = CARTESIAN_POINT('',(0.,3.2));
#4032 = VECTOR('',#4033,1.);
#4033 = DIRECTION('',(1.,0.));
#4034 = ( GEOMETRIC_REPRESENTATION_CONTEXT(2) 
PARAMETRIC_REPRESENTATION_CONTEXT() REPRESENTATION_CONTEXT('2D SPACE',''
  ) );
#4035 = ORIENTED_EDGE('',*,*,#3817,.T.);
#4036 = ORIENTED_EDGE('',*,*,#3896,.T.);
#4037 = ORIENTED_EDGE('',*,*,#3577,.F.);
#4038 = ADVANCED_FACE('',(#4039),#3565,.F.);
#4039 = FACE_BOUND('',#4040,.F.);
#4040 = EDGE_LOOP('',(#4041,#4042,#4061,#4062));
#4041 = ORIENTED_EDGE('',*,*,#3794,.F.);
#4042 = ORIENTED_EDGE('',*,*,#4043,.T.);
#4043 = EDGE_CURVE('',#3774,#3524,#4044,.T.);
#4044 = SURFACE_CURVE('',#4045,(#4049,#4055),.PCURVE_S1.);
#4045 = LINE('',#4046,#4047);
#4046 = CARTESIAN_POINT('',(-1.5,-23.,7.65));
#4047 = VECTOR('',#4048,1.);
#4048 = DIRECTION('',(1.,0.,0.));
#4049 = PCURVE('',#3565,#4050);
#4050 = DEFINITIONAL_REPRESENTATION('',(#4051),#4054);
#4051 = B_SPLINE_CURVE_WITH_KNOTS('',1,(#4052,#4053),.UNSPECIFIED.,.F.,
  .F.,(2,2),(-1.5,4.5),.PIECEWISE_BEZIER_KNOTS.);
#4052 = CARTESIAN_POINT('',(0.,2.6));
#4053 = CARTESIAN_POINT('',(6.,2.6));
#4054 = ( GEOMETRIC_REPRESENTATION_CONTEXT(2) 
PARAMETRIC_REPRESENTATION_CONTEXT() REPRESENTATION_CONTEXT('2D SPACE',''
  ) );
#4055 = PCURVE('',#3538,#4056);
#4056 = DEFINITIONAL_REPRESENTATION('',(#4057),#4060);
#4057 = B_SPLINE_CURVE_WITH_KNOTS('',1,(#4058,#4059),.UNSPECIFIED.,.F.,
  .F.,(2,2),(-1.5,4.5),.PIECEWISE_BEZIER_KNOTS.);
#4058 = CARTESIAN_POINT('',(-0.65,-3.));
#4059 = CARTESIAN_POINT('',(-0.65,3.));
#4060 = ( GEOMETRIC_REPRESENTATION_CONTEXT(2) 
PARAMETRIC_REPRESENTATION_CONTEXT() REPRESENTATION_CONTEXT('2D SPACE',''
  ) );
#4061 = ORIENTED_EDGE('',*,*,#3549,.T.);
#4062 = ORIENTED_EDGE('',*,*,#4015,.F.);
#4063 = ADVANCED_FACE('',(#4064),#3538,.T.);
#4064 = FACE_BOUND('',#4065,.T.);
#4065 = EDGE_LOOP('',(#4066,#4087,#4088,#4089));
#4066 = ORIENTED_EDGE('',*,*,#4067,.T.);
#4067 = EDGE_CURVE('',#3498,#3753,#4068,.T.);
#4068 = SURFACE_CURVE('',#4069,(#4073,#4080),.PCURVE_S1.);
#4069 = LINE('',#4070,#4071);
#4070 = CARTESIAN_POINT('',(5.1,-23.,9.3));
#4071 = VECTOR('',#4072,1.);
#4072 = DIRECTION('',(-1.,0.,0.));
#4073 = PCURVE('',#3538,#4074);
#4074 = DEFINITIONAL_REPRESENTATION('',(#4075),#4079);
#4075 = LINE('',#4076,#4077);
#4076 = CARTESIAN_POINT('',(-2.3,5.1));
#4077 = VECTOR('',#4078,1.);
#4078 = DIRECTION('',(0.,-1.));
#4079 = ( GEOMETRIC_REPRESENTATION_CONTEXT(2) 
PARAMETRIC_REPRESENTATION_CONTEXT() REPRESENTATION_CONTEXT('2D SPACE',''
  ) );
#4080 = PCURVE('',#3512,#4081);
#4081 = DEFINITIONAL_REPRESENTATION('',(#4082),#4086);
#4082 = LINE('',#4083,#4084);
#4083 = CARTESIAN_POINT('',(0.,4.));
#4084 = VECTOR('',#4085,1.);
#4085 = DIRECTION('',(1.,0.));
#4086 = ( GEOMETRIC_REPRESENTATION_CONTEXT(2) 
PARAMETRIC_REPRESENTATION_CONTEXT() REPRESENTATION_CONTEXT('2D SPACE',''
  ) );
#4087 = ORIENTED_EDGE('',*,*,#3773,.T.);
#4088 = ORIENTED_EDGE('',*,*,#4043,.T.);
#4089 = ORIENTED_EDGE('',*,*,#3523,.F.);
#4090 = ADVANCED_FACE('',(#4091),#3512,.T.);
#4091 = FACE_BOUND('',#4092,.T.);
#4092 = EDGE_LOOP('',(#4093,#4094,#4095,#4096));
#4093 = ORIENTED_EDGE('',*,*,#4067,.F.);
#4094 = ORIENTED_EDGE('',*,*,#3497,.F.);
#4095 = ORIENTED_EDGE('',*,*,#3705,.T.);
#4096 = ORIENTED_EDGE('',*,*,#3752,.T.);
#4097 = ( GEOMETRIC_REPRESENTATION_CONTEXT(3) 
GLOBAL_UNCERTAINTY_ASSIGNED_CONTEXT((#4101)) 
GLOBAL_UNIT_ASSIGNED_CONTEXT((#4098,#4099,#4100)) REPRESENTATION_CONTEXT
('Context #1','3D Context with UNIT and UNCERTAINTY') );
#4098 = ( LENGTH_UNIT() NAMED_UNIT(*) SI_UNIT(.MILLI.,.METRE.) );
#4099 = ( NAMED_UNIT(*) PLANE_ANGLE_UNIT() SI_UNIT($,.RADIAN.) );
#4100 = ( NAMED_UNIT(*) SI_UNIT($,.STERADIAN.) SOLID_ANGLE_UNIT() );
#4101 = UNCERTAINTY_MEASURE_WITH_UNIT(LENGTH_MEASURE(1.E-07),#4098,
  'distance_accuracy_value','confusion accuracy');
#4102 = CONTEXT_DEPENDENT_SHAPE_REPRESENTATION(#4103,#4105);
#4103 = ( REPRESENTATION_RELATIONSHIP('','',#36,#10) 
REPRESENTATION_RELATIONSHIP_WITH_TRANSFORMATION(#4104) 
SHAPE_REPRESENTATION_RELATIONSHIP() );
#4104 = ITEM_DEFINED_TRANSFORMATION('','',#11,#15);
#4105 = PRODUCT_DEFINITION_SHAPE('Placement','Placement of an item',
  #4106);
#4106 = NEXT_ASSEMBLY_USAGE_OCCURRENCE('1','top_shell','',#5,#31,$);
#4107 = PRODUCT_RELATED_PRODUCT_CATEGORY('part',$,(#33));
#4108 = SHAPE_DEFINITION_REPRESENTATION(#4109,#4115);
#4109 = PRODUCT_DEFINITION_SHAPE('','',#4110);
#4110 = PRODUCT_DEFINITION('design','',#4111,#4114);
#4111 = PRODUCT_DEFINITION_FORMATION('','',#4112);
#4112 = PRODUCT('bottom_plate','bottom_plate','',(#4113));
#4113 = PRODUCT_CONTEXT('',#2,'mechanical');
#4114 = PRODUCT_DEFINITION_CONTEXT('part definition',#2,'design');
#4115 = ADVANCED_BREP_SHAPE_REPRESENTATION('',(#11,#4116),#7144);
#4116 = MANIFOLD_SOLID_BREP('',#4117);
#4117 = CLOSED_SHELL('',(#4118,#4238,#4316,#4393,#4809,#5522,#5549,#5575
    ,#5602,#5629,#5636,#5691,#5746,#5801,#5856,#5911,#5966,#6021,#6076,
    #6130,#6206,#6255,#6302,#6349,#6398,#6447,#6496,#6523,#6577,#6631,
    #6707,#6756,#6803,#6850,#6899,#6948,#6997,#7024,#7078,#7085,#7089,
    #7096,#7100,#7104,#7111,#7115,#7122,#7133));
#4118 = ADVANCED_FACE('',(#4119),#4133,.F.);
#4119 = FACE_BOUND('',#4120,.F.);
#4120 = EDGE_LOOP('',(#4121,#4156,#4184,#4212));
#4121 = ORIENTED_EDGE('',*,*,#4122,.T.);
#4122 = EDGE_CURVE('',#4123,#4125,#4127,.T.);
#4123 = VERTEX_POINT('',#4124);
#4124 = CARTESIAN_POINT('',(-20.025,-27.775,0.));
#4125 = VERTEX_POINT('',#4126);
#4126 = CARTESIAN_POINT('',(-20.025,-27.775,2.4));
#4127 = SURFACE_CURVE('',#4128,(#4132,#4144),.PCURVE_S1.);
#4128 = LINE('',#4129,#4130);
#4129 = CARTESIAN_POINT('',(-20.025,-27.775,0.));
#4130 = VECTOR('',#4131,1.);
#4131 = DIRECTION('',(0.,0.,1.));
#4132 = PCURVE('',#4133,#4138);
#4133 = PLANE('',#4134);
#4134 = AXIS2_PLACEMENT_3D('',#4135,#4136,#4137);
#4135 = CARTESIAN_POINT('',(-20.025,-27.775,0.));
#4136 = DIRECTION('',(0.,1.,0.));
#4137 = DIRECTION('',(1.,0.,0.));
#4138 = DEFINITIONAL_REPRESENTATION('',(#4139),#4143);
#4139 = LINE('',#4140,#4141);
#4140 = CARTESIAN_POINT('',(0.,0.));
#4141 = VECTOR('',#4142,1.);
#4142 = DIRECTION('',(0.,-1.));
#4143 = ( GEOMETRIC_REPRESENTATION_CONTEXT(2) 
PARAMETRIC_REPRESENTATION_CONTEXT() REPRESENTATION_CONTEXT('2D SPACE',''
  ) );
#4144 = PCURVE('',#4145,#4150);
#4145 = CYLINDRICAL_SURFACE('',#4146,5.75);
#4146 = AXIS2_PLACEMENT_3D('',#4147,#4148,#4149);
#4147 = CARTESIAN_POINT('',(-20.025,-22.025,0.));
#4148 = DIRECTION('',(-0.,-0.,-1.));
#4149 = DIRECTION('',(1.,0.,0.));
#4150 = DEFINITIONAL_REPRESENTATION('',(#4151),#4155);
#4151 = LINE('',#4152,#4153);
#4152 = CARTESIAN_POINT('',(-4.712388980385,0.));
#4153 = VECTOR('',#4154,1.);
#4154 = DIRECTION('',(-0.,-1.));
#4155 = ( GEOMETRIC_REPRESENTATION_CONTEXT(2) 
PARAMETRIC_REPRESENTATION_CONTEXT() REPRESENTATION_CONTEXT('2D SPACE',''
  ) );
#4156 = ORIENTED_EDGE('',*,*,#4157,.T.);
#4157 = EDGE_CURVE('',#4125,#4158,#4160,.T.);
#4158 = VERTEX_POINT('',#4159);
#4159 = CARTESIAN_POINT('',(20.025,-27.775,2.4));
#4160 = SURFACE_CURVE('',#4161,(#4165,#4172),.PCURVE_S1.);
#4161 = LINE('',#4162,#4163);
#4162 = CARTESIAN_POINT('',(-20.025,-27.775,2.4));
#4163 = VECTOR('',#4164,1.);
#4164 = DIRECTION('',(1.,0.,0.));
#4165 = PCURVE('',#4133,#4166);
#4166 = DEFINITIONAL_REPRESENTATION('',(#4167),#4171);
#4167 = LINE('',#4168,#4169);
#4168 = CARTESIAN_POINT('',(0.,-2.4));
#4169 = VECTOR('',#4170,1.);
#4170 = DIRECTION('',(1.,0.));
#4171 = ( GEOMETRIC_REPRESENTATION_CONTEXT(2) 
PARAMETRIC_REPRESENTATION_CONTEXT() REPRESENTATION_CONTEXT('2D SPACE',''
  ) );
#4172 = PCURVE('',#4173,#4178);
#4173 = PLANE('',#4174);
#4174 = AXIS2_PLACEMENT_3D('',#4175,#4176,#4177);
#4175 = CARTESIAN_POINT('',(0.,0.,2.4));
#4176 = DIRECTION('',(0.,0.,1.));
#4177 = DIRECTION('',(1.,0.,-0.));
#4178 = DEFINITIONAL_REPRESENTATION('',(#4179),#4183);
#4179 = LINE('',#4180,#4181);
#4180 = CARTESIAN_POINT('',(-20.025,-27.775));
#4181 = VECTOR('',#4182,1.);
#4182 = DIRECTION('',(1.,0.));
#4183 = ( GEOMETRIC_REPRESENTATION_CONTEXT(2) 
PARAMETRIC_REPRESENTATION_CONTEXT() REPRESENTATION_CONTEXT('2D SPACE',''
  ) );
#4184 = ORIENTED_EDGE('',*,*,#4185,.F.);
#4185 = EDGE_CURVE('',#4186,#4158,#4188,.T.);
#4186 = VERTEX_POINT('',#4187);
#4187 = CARTESIAN_POINT('',(20.025,-27.775,0.));
#4188 = SURFACE_CURVE('',#4189,(#4193,#4200),.PCURVE_S1.);
#4189 = LINE('',#4190,#4191);
#4190 = CARTESIAN_POINT('',(20.025,-27.775,0.));
#4191 = VECTOR('',#4192,1.);
#4192 = DIRECTION('',(0.,0.,1.));
#4193 = PCURVE('',#4133,#4194);
#4194 = DEFINITIONAL_REPRESENTATION('',(#4195),#4199);
#4195 = LINE('',#4196,#4197);
#4196 = CARTESIAN_POINT('',(40.05,0.));
#4197 = VECTOR('',#4198,1.);
#4198 = DIRECTION('',(0.,-1.));
#4199 = ( GEOMETRIC_REPRESENTATION_CONTEXT(2) 
PARAMETRIC_REPRESENTATION_CONTEXT() REPRESENTATION_CONTEXT('2D SPACE',''
  ) );
#4200 = PCURVE('',#4201,#4206);
#4201 = CYLINDRICAL_SURFACE('',#4202,5.75);
#4202 = AXIS2_PLACEMENT_3D('',#4203,#4204,#4205);
#4203 = CARTESIAN_POINT('',(20.025,-22.025,0.));
#4204 = DIRECTION('',(-0.,-0.,-1.));
#4205 = DIRECTION('',(1.,0.,0.));
#4206 = DEFINITIONAL_REPRESENTATION('',(#4207),#4211);
#4207 = LINE('',#4208,#4209);
#4208 = CARTESIAN_POINT('',(-4.712388980385,0.));
#4209 = VECTOR('',#4210,1.);
#4210 = DIRECTION('',(-0.,-1.));
#4211 = ( GEOMETRIC_REPRESENTATION_CONTEXT(2) 
PARAMETRIC_REPRESENTATION_CONTEXT() REPRESENTATION_CONTEXT('2D SPACE',''
  ) );
#4212 = ORIENTED_EDGE('',*,*,#4213,.F.);
#4213 = EDGE_CURVE('',#4123,#4186,#4214,.T.);
#4214 = SURFACE_CURVE('',#4215,(#4219,#4226),.PCURVE_S1.);
#4215 = LINE('',#4216,#4217);
#4216 = CARTESIAN_POINT('',(-20.025,-27.775,0.));
#4217 = VECTOR('',#4218,1.);
#4218 = DIRECTION('',(1.,0.,0.));
#4219 = PCURVE('',#4133,#4220);
#4220 = DEFINITIONAL_REPRESENTATION('',(#4221),#4225);
#4221 = LINE('',#4222,#4223);
#4222 = CARTESIAN_POINT('',(0.,0.));
#4223 = VECTOR('',#4224,1.);
#4224 = DIRECTION('',(1.,0.));
#4225 = ( GEOMETRIC_REPRESENTATION_CONTEXT(2) 
PARAMETRIC_REPRESENTATION_CONTEXT() REPRESENTATION_CONTEXT('2D SPACE',''
  ) );
#4226 = PCURVE('',#4227,#4232);
#4227 = PLANE('',#4228);
#4228 = AXIS2_PLACEMENT_3D('',#4229,#4230,#4231);
#4229 = CARTESIAN_POINT('',(0.,0.,0.));
#4230 = DIRECTION('',(0.,0.,1.));
#4231 = DIRECTION('',(1.,0.,-0.));
#4232 = DEFINITIONAL_REPRESENTATION('',(#4233),#4237);
#4233 = LINE('',#4234,#4235);
#4234 = CARTESIAN_POINT('',(-20.025,-27.775));
#4235 = VECTOR('',#4236,1.);
#4236 = DIRECTION('',(1.,0.));
#4237 = ( GEOMETRIC_REPRESENTATION_CONTEXT(2) 
PARAMETRIC_REPRESENTATION_CONTEXT() REPRESENTATION_CONTEXT('2D SPACE',''
  ) );
#4238 = ADVANCED_FACE('',(#4239),#4145,.T.);
#4239 = FACE_BOUND('',#4240,.F.);
#4240 = EDGE_LOOP('',(#4241,#4265,#4293,#4315));
#4241 = ORIENTED_EDGE('',*,*,#4242,.F.);
#4242 = EDGE_CURVE('',#4243,#4123,#4245,.T.);
#4243 = VERTEX_POINT('',#4244);
#4244 = CARTESIAN_POINT('',(-25.775,-22.025,0.));
#4245 = SURFACE_CURVE('',#4246,(#4251,#4258),.PCURVE_S1.);
#4246 = CIRCLE('',#4247,5.75);
#4247 = AXIS2_PLACEMENT_3D('',#4248,#4249,#4250);
#4248 = CARTESIAN_POINT('',(-20.025,-22.025,0.));
#4249 = DIRECTION('',(0.,0.,1.));
#4250 = DIRECTION('',(1.,0.,0.));
#4251 = PCURVE('',#4145,#4252);
#4252 = DEFINITIONAL_REPRESENTATION('',(#4253),#4257);
#4253 = LINE('',#4254,#4255);
#4254 = CARTESIAN_POINT('',(-0.,0.));
#4255 = VECTOR('',#4256,1.);
#4256 = DIRECTION('',(-1.,0.));
#4257 = ( GEOMETRIC_REPRESENTATION_CONTEXT(2) 
PARAMETRIC_REPRESENTATION_CONTEXT() REPRESENTATION_CONTEXT('2D SPACE',''
  ) );
#4258 = PCURVE('',#4227,#4259);
#4259 = DEFINITIONAL_REPRESENTATION('',(#4260),#4264);
#4260 = CIRCLE('',#4261,5.75);
#4261 = AXIS2_PLACEMENT_2D('',#4262,#4263);
#4262 = CARTESIAN_POINT('',(-20.025,-22.025));
#4263 = DIRECTION('',(1.,0.));
#4264 = ( GEOMETRIC_REPRESENTATION_CONTEXT(2) 
PARAMETRIC_REPRESENTATION_CONTEXT() REPRESENTATION_CONTEXT('2D SPACE',''
  ) );
#4265 = ORIENTED_EDGE('',*,*,#4266,.T.);
#4266 = EDGE_CURVE('',#4243,#4267,#4269,.T.);
#4267 = VERTEX_POINT('',#4268);
#4268 = CARTESIAN_POINT('',(-25.775,-22.025,2.4));
#4269 = SURFACE_CURVE('',#4270,(#4274,#4281),.PCURVE_S1.);
#4270 = LINE('',#4271,#4272);
#4271 = CARTESIAN_POINT('',(-25.775,-22.025,0.));
#4272 = VECTOR('',#4273,1.);
#4273 = DIRECTION('',(0.,0.,1.));
#4274 = PCURVE('',#4145,#4275);
#4275 = DEFINITIONAL_REPRESENTATION('',(#4276),#4280);
#4276 = LINE('',#4277,#4278);
#4277 = CARTESIAN_POINT('',(-3.14159265359,0.));
#4278 = VECTOR('',#4279,1.);
#4279 = DIRECTION('',(-0.,-1.));
#4280 = ( GEOMETRIC_REPRESENTATION_CONTEXT(2) 
PARAMETRIC_REPRESENTATION_CONTEXT() REPRESENTATION_CONTEXT('2D SPACE',''
  ) );
#4281 = PCURVE('',#4282,#4287);
#4282 = PLANE('',#4283);
#4283 = AXIS2_PLACEMENT_3D('',#4284,#4285,#4286);
#4284 = CARTESIAN_POINT('',(-25.775,22.025,0.));
#4285 = DIRECTION('',(1.,0.,-0.));
#4286 = DIRECTION('',(0.,-1.,0.));
#4287 = DEFINITIONAL_REPRESENTATION('',(#4288),#4292);
#4288 = LINE('',#4289,#4290);
#4289 = CARTESIAN_POINT('',(44.05,0.));
#4290 = VECTOR('',#4291,1.);
#4291 = DIRECTION('',(0.,-1.));
#4292 = ( GEOMETRIC_REPRESENTATION_CONTEXT(2) 
PARAMETRIC_REPRESENTATION_CONTEXT() REPRESENTATION_CONTEXT('2D SPACE',''
  ) );
#4293 = ORIENTED_EDGE('',*,*,#4294,.T.);
#4294 = EDGE_CURVE('',#4267,#4125,#4295,.T.);
#4295 = SURFACE_CURVE('',#4296,(#4301,#4308),.PCURVE_S1.);
#4296 = CIRCLE('',#4297,5.75);
#4297 = AXIS2_PLACEMENT_3D('',#4298,#4299,#4300);
#4298 = CARTESIAN_POINT('',(-20.025,-22.025,2.4));
#4299 = DIRECTION('',(0.,0.,1.));
#4300 = DIRECTION('',(1.,0.,0.));
#4301 = PCURVE('',#4145,#4302);
#4302 = DEFINITIONAL_REPRESENTATION('',(#4303),#4307);
#4303 = LINE('',#4304,#4305);
#4304 = CARTESIAN_POINT('',(-0.,-2.4));
#4305 = VECTOR('',#4306,1.);
#4306 = DIRECTION('',(-1.,0.));
#4307 = ( GEOMETRIC_REPRESENTATION_CONTEXT(2) 
PARAMETRIC_REPRESENTATION_CONTEXT() REPRESENTATION_CONTEXT('2D SPACE',''
  ) );
#4308 = PCURVE('',#4173,#4309);
#4309 = DEFINITIONAL_REPRESENTATION('',(#4310),#4314);
#4310 = CIRCLE('',#4311,5.75);
#4311 = AXIS2_PLACEMENT_2D('',#4312,#4313);
#4312 = CARTESIAN_POINT('',(-20.025,-22.025));
#4313 = DIRECTION('',(1.,0.));
#4314 = ( GEOMETRIC_REPRESENTATION_CONTEXT(2) 
PARAMETRIC_REPRESENTATION_CONTEXT() REPRESENTATION_CONTEXT('2D SPACE',''
  ) );
#4315 = ORIENTED_EDGE('',*,*,#4122,.F.);
#4316 = ADVANCED_FACE('',(#4317),#4201,.T.);
#4317 = FACE_BOUND('',#4318,.F.);
#4318 = EDGE_LOOP('',(#4319,#4348,#4370,#4371));
#4319 = ORIENTED_EDGE('',*,*,#4320,.F.);
#4320 = EDGE_CURVE('',#4321,#4323,#4325,.T.);
#4321 = VERTEX_POINT('',#4322);
#4322 = CARTESIAN_POINT('',(25.775,-22.025,0.));
#4323 = VERTEX_POINT('',#4324);
#4324 = CARTESIAN_POINT('',(25.775,-22.025,2.4));
#4325 = SURFACE_CURVE('',#4326,(#4330,#4336),.PCURVE_S1.);
#4326 = LINE('',#4327,#4328);
#4327 = CARTESIAN_POINT('',(25.775,-22.025,0.));
#4328 = VECTOR('',#4329,1.);
#4329 = DIRECTION('',(0.,0.,1.));
#4330 = PCURVE('',#4201,#4331);
#4331 = DEFINITIONAL_REPRESENTATION('',(#4332),#4335);
#4332 = B_SPLINE_CURVE_WITH_KNOTS('',1,(#4333,#4334),.UNSPECIFIED.,.F.,
  .F.,(2,2),(0.,2.4),.PIECEWISE_BEZIER_KNOTS.);
#4333 = CARTESIAN_POINT('',(-6.28318530718,0.));
#4334 = CARTESIAN_POINT('',(-6.28318530718,-2.4));
#4335 = ( GEOMETRIC_REPRESENTATION_CONTEXT(2) 
PARAMETRIC_REPRESENTATION_CONTEXT() REPRESENTATION_CONTEXT('2D SPACE',''
  ) );
#4336 = PCURVE('',#4337,#4342);
#4337 = PLANE('',#4338);
#4338 = AXIS2_PLACEMENT_3D('',#4339,#4340,#4341);
#4339 = CARTESIAN_POINT('',(25.775,-22.025,0.));
#4340 = DIRECTION('',(-1.,0.,0.));
#4341 = DIRECTION('',(0.,1.,0.));
#4342 = DEFINITIONAL_REPRESENTATION('',(#4343),#4347);
#4343 = LINE('',#4344,#4345);
#4344 = CARTESIAN_POINT('',(0.,0.));
#4345 = VECTOR('',#4346,1.);
#4346 = DIRECTION('',(0.,-1.));
#4347 = ( GEOMETRIC_REPRESENTATION_CONTEXT(2) 
PARAMETRIC_REPRESENTATION_CONTEXT() REPRESENTATION_CONTEXT('2D SPACE',''
  ) );
#4348 = ORIENTED_EDGE('',*,*,#4349,.F.);
#4349 = EDGE_CURVE('',#4186,#4321,#4350,.T.);
#4350 = SURFACE_CURVE('',#4351,(#4356,#4363),.PCURVE_S1.);
#4351 = CIRCLE('',#4352,5.75);
#4352 = AXIS2_PLACEMENT_3D('',#4353,#4354,#4355);
#4353 = CARTESIAN_POINT('',(20.025,-22.025,0.));
#4354 = DIRECTION('',(0.,0.,1.));
#4355 = DIRECTION('',(1.,0.,0.));
#4356 = PCURVE('',#4201,#4357);
#4357 = DEFINITIONAL_REPRESENTATION('',(#4358),#4362);
#4358 = LINE('',#4359,#4360);
#4359 = CARTESIAN_POINT('',(-0.,0.));
#4360 = VECTOR('',#4361,1.);
#4361 = DIRECTION('',(-1.,0.));
#4362 = ( GEOMETRIC_REPRESENTATION_CONTEXT(2) 
PARAMETRIC_REPRESENTATION_CONTEXT() REPRESENTATION_CONTEXT('2D SPACE',''
  ) );
#4363 = PCURVE('',#4227,#4364);
#4364 = DEFINITIONAL_REPRESENTATION('',(#4365),#4369);
#4365 = CIRCLE('',#4366,5.75);
#4366 = AXIS2_PLACEMENT_2D('',#4367,#4368);
#4367 = CARTESIAN_POINT('',(20.025,-22.025));
#4368 = DIRECTION('',(1.,0.));
#4369 = ( GEOMETRIC_REPRESENTATION_CONTEXT(2) 
PARAMETRIC_REPRESENTATION_CONTEXT() REPRESENTATION_CONTEXT('2D SPACE',''
  ) );
#4370 = ORIENTED_EDGE('',*,*,#4185,.T.);
#4371 = ORIENTED_EDGE('',*,*,#4372,.T.);
#4372 = EDGE_CURVE('',#4158,#4323,#4373,.T.);
#4373 = SURFACE_CURVE('',#4374,(#4379,#4386),.PCURVE_S1.);
#4374 = CIRCLE('',#4375,5.75);
#4375 = AXIS2_PLACEMENT_3D('',#4376,#4377,#4378);
#4376 = CARTESIAN_POINT('',(20.025,-22.025,2.4));
#4377 = DIRECTION('',(0.,0.,1.));
#4378 = DIRECTION('',(1.,0.,0.));
#4379 = PCURVE('',#4201,#4380);
#4380 = DEFINITIONAL_REPRESENTATION('',(#4381),#4385);
#4381 = LINE('',#4382,#4383);
#4382 = CARTESIAN_POINT('',(-0.,-2.4));
#4383 = VECTOR('',#4384,1.);
#4384 = DIRECTION('',(-1.,0.));
#4385 = ( GEOMETRIC_REPRESENTATION_CONTEXT(2) 
PARAMETRIC_REPRESENTATION_CONTEXT() REPRESENTATION_CONTEXT('2D SPACE',''
  ) );
#4386 = PCURVE('',#4173,#4387);
#4387 = DEFINITIONAL_REPRESENTATION('',(#4388),#4392);
#4388 = CIRCLE('',#4389,5.75);
#4389 = AXIS2_PLACEMENT_2D('',#4390,#4391);
#4390 = CARTESIAN_POINT('',(20.025,-22.025));
#4391 = DIRECTION('',(1.,0.));
#4392 = ( GEOMETRIC_REPRESENTATION_CONTEXT(2) 
PARAMETRIC_REPRESENTATION_CONTEXT() REPRESENTATION_CONTEXT('2D SPACE',''
  ) );
#4393 = ADVANCED_FACE('',(#4394,#4529,#4564,#4599,#4634,#4669,#4704,
    #4739,#4774),#4227,.F.);
#4394 = FACE_BOUND('',#4395,.F.);
#4395 = EDGE_LOOP('',(#4396,#4419,#4420,#4421,#4422,#4445,#4474,#4502));
#4396 = ORIENTED_EDGE('',*,*,#4397,.T.);
#4397 = EDGE_CURVE('',#4398,#4243,#4400,.T.);
#4398 = VERTEX_POINT('',#4399);
#4399 = CARTESIAN_POINT('',(-25.775,22.025,0.));
#4400 = SURFACE_CURVE('',#4401,(#4405,#4412),.PCURVE_S1.);
#4401 = LINE('',#4402,#4403);
#4402 = CARTESIAN_POINT('',(-25.775,22.025,0.));
#4403 = VECTOR('',#4404,1.);
#4404 = DIRECTION('',(0.,-1.,0.));
#4405 = PCURVE('',#4227,#4406);
#4406 = DEFINITIONAL_REPRESENTATION('',(#4407),#4411);
#4407 = LINE('',#4408,#4409);
#4408 = CARTESIAN_POINT('',(-25.775,22.025));
#4409 = VECTOR('',#4410,1.);
#4410 = DIRECTION('',(0.,-1.));
#4411 = ( GEOMETRIC_REPRESENTATION_CONTEXT(2) 
PARAMETRIC_REPRESENTATION_CONTEXT() REPRESENTATION_CONTEXT('2D SPACE',''
  ) );
#4412 = PCURVE('',#4282,#4413);
#4413 = DEFINITIONAL_REPRESENTATION('',(#4414),#4418);
#4414 = LINE('',#4415,#4416);
#4415 = CARTESIAN_POINT('',(0.,0.));
#4416 = VECTOR('',#4417,1.);
#4417 = DIRECTION('',(1.,0.));
#4418 = ( GEOMETRIC_REPRESENTATION_CONTEXT(2) 
PARAMETRIC_REPRESENTATION_CONTEXT() REPRESENTATION_CONTEXT('2D SPACE',''
  ) );
#4419 = ORIENTED_EDGE('',*,*,#4242,.T.);
#4420 = ORIENTED_EDGE('',*,*,#4213,.T.);
#4421 = ORIENTED_EDGE('',*,*,#4349,.T.);
#4422 = ORIENTED_EDGE('',*,*,#4423,.T.);
#4423 = EDGE_CURVE('',#4321,#4424,#4426,.T.);
#4424 = VERTEX_POINT('',#4425);
#4425 = CARTESIAN_POINT('',(25.775,22.025,0.));
#4426 = SURFACE_CURVE('',#4427,(#4431,#4438),.PCURVE_S1.);
#4427 = LINE('',#4428,#4429);
#4428 = CARTESIAN_POINT('',(25.775,-22.025,0.));
#4429 = VECTOR('',#4430,1.);
#4430 = DIRECTION('',(0.,1.,0.));
#4431 = PCURVE('',#4227,#4432);
#4432 = DEFINITIONAL_REPRESENTATION('',(#4433),#4437);
#4433 = LINE('',#4434,#4435);
#4434 = CARTESIAN_POINT('',(25.775,-22.025));
#4435 = VECTOR('',#4436,1.);
#4436 = DIRECTION('',(0.,1.));
#4437 = ( GEOMETRIC_REPRESENTATION_CONTEXT(2) 
PARAMETRIC_REPRESENTATION_CONTEXT() REPRESENTATION_CONTEXT('2D SPACE',''
  ) );
#4438 = PCURVE('',#4337,#4439);
#4439 = DEFINITIONAL_REPRESENTATION('',(#4440),#4444);
#4440 = LINE('',#4441,#4442);
#4441 = CARTESIAN_POINT('',(0.,0.));
#4442 = VECTOR('',#4443,1.);
#4443 = DIRECTION('',(1.,0.));
#4444 = ( GEOMETRIC_REPRESENTATION_CONTEXT(2) 
PARAMETRIC_REPRESENTATION_CONTEXT() REPRESENTATION_CONTEXT('2D SPACE',''
  ) );
#4445 = ORIENTED_EDGE('',*,*,#4446,.T.);
#4446 = EDGE_CURVE('',#4424,#4447,#4449,.T.);
#4447 = VERTEX_POINT('',#4448);
#4448 = CARTESIAN_POINT('',(20.025,27.775,0.));
#4449 = SURFACE_CURVE('',#4450,(#4455,#4462),.PCURVE_S1.);
#4450 = CIRCLE('',#4451,5.75);
#4451 = AXIS2_PLACEMENT_3D('',#4452,#4453,#4454);
#4452 = CARTESIAN_POINT('',(20.025,22.025,0.));
#4453 = DIRECTION('',(0.,0.,1.));
#4454 = DIRECTION('',(1.,0.,0.));
#4455 = PCURVE('',#4227,#4456);
#4456 = DEFINITIONAL_REPRESENTATION('',(#4457),#4461);
#4457 = CIRCLE('',#4458,5.75);
#4458 = AXIS2_PLACEMENT_2D('',#4459,#4460);
#4459 = CARTESIAN_POINT('',(20.025,22.025));
#4460 = DIRECTION('',(1.,0.));
#4461 = ( GEOMETRIC_REPRESENTATION_CONTEXT(2) 
PARAMETRIC_REPRESENTATION_CONTEXT() REPRESENTATION_CONTEXT('2D SPACE',''
  ) );
#4462 = PCURVE('',#4463,#4468);
#4463 = CYLINDRICAL_SURFACE('',#4464,5.75);
#4464 = AXIS2_PLACEMENT_3D('',#4465,#4466,#4467);
#4465 = CARTESIAN_POINT('',(20.025,22.025,0.));
#4466 = DIRECTION('',(-0.,-0.,-1.));
#4467 = DIRECTION('',(1.,0.,0.));
#4468 = DEFINITIONAL_REPRESENTATION('',(#4469),#4473);
#4469 = LINE('',#4470,#4471);
#4470 = CARTESIAN_POINT('',(-0.,0.));
#4471 = VECTOR('',#4472,1.);
#4472 = DIRECTION('',(-1.,0.));
#4473 = ( GEOMETRIC_REPRESENTATION_CONTEXT(2) 
PARAMETRIC_REPRESENTATION_CONTEXT() REPRESENTATION_CONTEXT('2D SPACE',''
  ) );
#4474 = ORIENTED_EDGE('',*,*,#4475,.T.);
#4475 = EDGE_CURVE('',#4447,#4476,#4478,.T.);
#4476 = VERTEX_POINT('',#4477);
#4477 = CARTESIAN_POINT('',(-20.025,27.775,0.));
#4478 = SURFACE_CURVE('',#4479,(#4483,#4490),.PCURVE_S1.);
#4479 = LINE('',#4480,#4481);
#4480 = CARTESIAN_POINT('',(20.025,27.775,0.));
#4481 = VECTOR('',#4482,1.);
#4482 = DIRECTION('',(-1.,0.,0.));
#4483 = PCURVE('',#4227,#4484);
#4484 = DEFINITIONAL_REPRESENTATION('',(#4485),#4489);
#4485 = LINE('',#4486,#4487);
#4486 = CARTESIAN_POINT('',(20.025,27.775));
#4487 = VECTOR('',#4488,1.);
#4488 = DIRECTION('',(-1.,0.));
#4489 = ( GEOMETRIC_REPRESENTATION_CONTEXT(2) 
PARAMETRIC_REPRESENTATION_CONTEXT() REPRESENTATION_CONTEXT('2D SPACE',''
  ) );
#4490 = PCURVE('',#4491,#4496);
#4491 = PLANE('',#4492);
#4492 = AXIS2_PLACEMENT_3D('',#4493,#4494,#4495);
#4493 = CARTESIAN_POINT('',(20.025,27.775,0.));
#4494 = DIRECTION('',(0.,-1.,0.));
#4495 = DIRECTION('',(-1.,0.,0.));
#4496 = DEFINITIONAL_REPRESENTATION('',(#4497),#4501);
#4497 = LINE('',#4498,#4499);
#4498 = CARTESIAN_POINT('',(0.,-0.));
#4499 = VECTOR('',#4500,1.);
#4500 = DIRECTION('',(1.,0.));
#4501 = ( GEOMETRIC_REPRESENTATION_CONTEXT(2) 
PARAMETRIC_REPRESENTATION_CONTEXT() REPRESENTATION_CONTEXT('2D SPACE',''
  ) );
#4502 = ORIENTED_EDGE('',*,*,#4503,.T.);
#4503 = EDGE_CURVE('',#4476,#4398,#4504,.T.);
#4504 = SURFACE_CURVE('',#4505,(#4510,#4517),.PCURVE_S1.);
#4505 = CIRCLE('',#4506,5.75);
#4506 = AXIS2_PLACEMENT_3D('',#4507,#4508,#4509);
#4507 = CARTESIAN_POINT('',(-20.025,22.025,0.));
#4508 = DIRECTION('',(0.,0.,1.));
#4509 = DIRECTION('',(1.,0.,0.));
#4510 = PCURVE('',#4227,#4511);
#4511 = DEFINITIONAL_REPRESENTATION('',(#4512),#4516);
#4512 = CIRCLE('',#4513,5.75);
#4513 = AXIS2_PLACEMENT_2D('',#4514,#4515);
#4514 = CARTESIAN_POINT('',(-20.025,22.025));
#4515 = DIRECTION('',(1.,0.));
#4516 = ( GEOMETRIC_REPRESENTATION_CONTEXT(2) 
PARAMETRIC_REPRESENTATION_CONTEXT() REPRESENTATION_CONTEXT('2D SPACE',''
  ) );
#4517 = PCURVE('',#4518,#4523);
#4518 = CYLINDRICAL_SURFACE('',#4519,5.75);
#4519 = AXIS2_PLACEMENT_3D('',#4520,#4521,#4522);
#4520 = CARTESIAN_POINT('',(-20.025,22.025,0.));
#4521 = DIRECTION('',(-0.,-0.,-1.));
#4522 = DIRECTION('',(1.,0.,0.));
#4523 = DEFINITIONAL_REPRESENTATION('',(#4524),#4528);
#4524 = LINE('',#4525,#4526);
#4525 = CARTESIAN_POINT('',(-0.,0.));
#4526 = VECTOR('',#4527,1.);
#4527 = DIRECTION('',(-1.,0.));
#4528 = ( GEOMETRIC_REPRESENTATION_CONTEXT(2) 
PARAMETRIC_REPRESENTATION_CONTEXT() REPRESENTATION_CONTEXT('2D SPACE',''
  ) );
#4529 = FACE_BOUND('',#4530,.F.);
#4530 = EDGE_LOOP('',(#4531));
#4531 = ORIENTED_EDGE('',*,*,#4532,.T.);
#4532 = EDGE_CURVE('',#4533,#4533,#4535,.T.);
#4533 = VERTEX_POINT('',#4534);
#4534 = CARTESIAN_POINT('',(-18.85,-23.,0.));
#4535 = SURFACE_CURVE('',#4536,(#4541,#4552),.PCURVE_S1.);
#4536 = CIRCLE('',#4537,2.15);
#4537 = AXIS2_PLACEMENT_3D('',#4538,#4539,#4540);
#4538 = CARTESIAN_POINT('',(-21.,-23.,0.));
#4539 = DIRECTION('',(0.,0.,-1.));
#4540 = DIRECTION('',(1.,0.,0.));
#4541 = PCURVE('',#4227,#4542);
#4542 = DEFINITIONAL_REPRESENTATION('',(#4543),#4551);
#4543 = ( BOUNDED_CURVE() B_SPLINE_CURVE(2,(#4544,#4545,#4546,#4547,
#4548,#4549,#4550),.UNSPECIFIED.,.T.,.F.) B_SPLINE_CURVE_WITH_KNOTS((1,2
    ,2,2,2,1),(-2.094395102393,0.,2.094395102393,4.188790204786,
6.28318530718,8.377580409573),.UNSPECIFIED.) CURVE() 
GEOMETRIC_REPRESENTATION_ITEM() RATIONAL_B_SPLINE_CURVE((1.,0.5,1.,0.5,
1.,0.5,1.)) REPRESENTATION_ITEM('') );
#4544 = CARTESIAN_POINT('',(-18.85,-23.));
#4545 = CARTESIAN_POINT('',(-18.85,-26.72390923627));
#4546 = CARTESIAN_POINT('',(-22.075,-24.86195461813));
#4547 = CARTESIAN_POINT('',(-25.3,-23.));
#4548 = CARTESIAN_POINT('',(-22.075,-21.13804538186));
#4549 = CARTESIAN_POINT('',(-18.85,-19.27609076372));
#4550 = CARTESIAN_POINT('',(-18.85,-23.));
#4551 = ( GEOMETRIC_REPRESENTATION_CONTEXT(2) 
PARAMETRIC_REPRESENTATION_CONTEXT() REPRESENTATION_CONTEXT('2D SPACE',''
  ) );
#4552 = PCURVE('',#4553,#4558);
#4553 = CYLINDRICAL_SURFACE('',#4554,2.15);
#4554 = AXIS2_PLACEMENT_3D('',#4555,#4556,#4557);
#4555 = CARTESIAN_POINT('',(-21.,-23.,-1.E-02));
#4556 = DIRECTION('',(-0.,-0.,-1.));
#4557 = DIRECTION('',(1.,0.,0.));
#4558 = DEFINITIONAL_REPRESENTATION('',(#4559),#4563);
#4559 = LINE('',#4560,#4561);
#4560 = CARTESIAN_POINT('',(-6.28318530718,-1.E-02));
#4561 = VECTOR('',#4562,1.);
#4562 = DIRECTION('',(1.,-0.));
#4563 = ( GEOMETRIC_REPRESENTATION_CONTEXT(2) 
PARAMETRIC_REPRESENTATION_CONTEXT() REPRESENTATION_CONTEXT('2D SPACE',''
  ) );
#4564 = FACE_BOUND('',#4565,.F.);
#4565 = EDGE_LOOP('',(#4566));
#4566 = ORIENTED_EDGE('',*,*,#4567,.T.);
#4567 = EDGE_CURVE('',#4568,#4568,#4570,.T.);
#4568 = VERTEX_POINT('',#4569);
#4569 = CARTESIAN_POINT('',(-10.8,-17.,0.));
#4570 = SURFACE_CURVE('',#4571,(#4576,#4587),.PCURVE_S1.);
#4571 = CIRCLE('',#4572,5.2);
#4572 = AXIS2_PLACEMENT_3D('',#4573,#4574,#4575);
#4573 = CARTESIAN_POINT('',(-16.,-17.,0.));
#4574 = DIRECTION('',(0.,0.,-1.));
#4575 = DIRECTION('',(1.,0.,0.));
#4576 = PCURVE('',#4227,#4577);
#4577 = DEFINITIONAL_REPRESENTATION('',(#4578),#4586);
#4578 = ( BOUNDED_CURVE() B_SPLINE_CURVE(2,(#4579,#4580,#4581,#4582,
#4583,#4584,#4585),.UNSPECIFIED.,.T.,.F.) B_SPLINE_CURVE_WITH_KNOTS((1,2
    ,2,2,2,1),(-2.094395102393,0.,2.094395102393,4.188790204786,
6.28318530718,8.377580409573),.UNSPECIFIED.) CURVE() 
GEOMETRIC_REPRESENTATION_ITEM() RATIONAL_B_SPLINE_CURVE((1.,0.5,1.,0.5,
1.,0.5,1.)) REPRESENTATION_ITEM('') );
#4579 = CARTESIAN_POINT('',(-10.8,-17.));
#4580 = CARTESIAN_POINT('',(-10.8,-26.00666419935));
#4581 = CARTESIAN_POINT('',(-18.6,-21.50333209967));
#4582 = CARTESIAN_POINT('',(-26.4,-17.));
#4583 = CARTESIAN_POINT('',(-18.6,-12.49666790032));
#4584 = CARTESIAN_POINT('',(-10.8,-7.993335800642));
#4585 = CARTESIAN_POINT('',(-10.8,-17.));
#4586 = ( GEOMETRIC_REPRESENTATION_CONTEXT(2) 
PARAMETRIC_REPRESENTATION_CONTEXT() REPRESENTATION_CONTEXT('2D SPACE',''
  ) );
#4587 = PCURVE('',#4588,#4593);
#4588 = CYLINDRICAL_SURFACE('',#4589,5.2);
#4589 = AXIS2_PLACEMENT_3D('',#4590,#4591,#4592);
#4590 = CARTESIAN_POINT('',(-16.,-17.,-1.E-02));
#4591 = DIRECTION('',(-0.,-0.,-1.));
#4592 = DIRECTION('',(1.,0.,0.));
#4593 = DEFINITIONAL_REPRESENTATION('',(#4594),#4598);
#4594 = LINE('',#4595,#4596);
#4595 = CARTESIAN_POINT('',(-6.28318530718,-1.E-02));
#4596 = VECTOR('',#4597,1.);
#4597 = DIRECTION('',(1.,-0.));
#4598 = ( GEOMETRIC_REPRESENTATION_CONTEXT(2) 
PARAMETRIC_REPRESENTATION_CONTEXT() REPRESENTATION_CONTEXT('2D SPACE',''
  ) );
#4599 = FACE_BOUND('',#4600,.F.);
#4600 = EDGE_LOOP('',(#4601));
#4601 = ORIENTED_EDGE('',*,*,#4602,.T.);
#4602 = EDGE_CURVE('',#4603,#4603,#4605,.T.);
#4603 = VERTEX_POINT('',#4604);
#4604 = CARTESIAN_POINT('',(23.15,-23.,0.));
#4605 = SURFACE_CURVE('',#4606,(#4611,#4622),.PCURVE_S1.);
#4606 = CIRCLE('',#4607,2.15);
#4607 = AXIS2_PLACEMENT_3D('',#4608,#4609,#4610);
#4608 = CARTESIAN_POINT('',(21.,-23.,0.));
#4609 = DIRECTION('',(0.,0.,-1.));
#4610 = DIRECTION('',(1.,0.,0.));
#4611 = PCURVE('',#4227,#4612);
#4612 = DEFINITIONAL_REPRESENTATION('',(#4613),#4621);
#4613 = ( BOUNDED_CURVE() B_SPLINE_CURVE(2,(#4614,#4615,#4616,#4617,
#4618,#4619,#4620),.UNSPECIFIED.,.T.,.F.) B_SPLINE_CURVE_WITH_KNOTS((1,2
    ,2,2,2,1),(-2.094395102393,0.,2.094395102393,4.188790204786,
6.28318530718,8.377580409573),.UNSPECIFIED.) CURVE() 
GEOMETRIC_REPRESENTATION_ITEM() RATIONAL_B_SPLINE_CURVE((1.,0.5,1.,0.5,
1.,0.5,1.)) REPRESENTATION_ITEM('') );
#4614 = CARTESIAN_POINT('',(23.15,-23.));
#4615 = CARTESIAN_POINT('',(23.15,-26.72390923627));
#4616 = CARTESIAN_POINT('',(19.925,-24.86195461813));
#4617 = CARTESIAN_POINT('',(16.7,-23.));
#4618 = CARTESIAN_POINT('',(19.925,-21.13804538186));
#4619 = CARTESIAN_POINT('',(23.15,-19.27609076372));
#4620 = CARTESIAN_POINT('',(23.15,-23.));
#4621 = ( GEOMETRIC_REPRESENTATION_CONTEXT(2) 
PARAMETRIC_REPRESENTATION_CONTEXT() REPRESENTATION_CONTEXT('2D SPACE',''
  ) );
#4622 = PCURVE('',#4623,#4628);
#4623 = CYLINDRICAL_SURFACE('',#4624,2.15);
#4624 = AXIS2_PLACEMENT_3D('',#4625,#4626,#4627);
#4625 = CARTESIAN_POINT('',(21.,-23.,-1.E-02));
#4626 = DIRECTION('',(-0.,-0.,-1.));
#4627 = DIRECTION('',(1.,0.,0.));
#4628 = DEFINITIONAL_REPRESENTATION('',(#4629),#4633);
#4629 = LINE('',#4630,#4631);
#4630 = CARTESIAN_POINT('',(-6.28318530718,-1.E-02));
#4631 = VECTOR('',#4632,1.);
#4632 = DIRECTION('',(1.,-0.));
#4633 = ( GEOMETRIC_REPRESENTATION_CONTEXT(2) 
PARAMETRIC_REPRESENTATION_CONTEXT() REPRESENTATION_CONTEXT('2D SPACE',''
  ) );
#4634 = FACE_BOUND('',#4635,.F.);
#4635 = EDGE_LOOP('',(#4636));
#4636 = ORIENTED_EDGE('',*,*,#4637,.T.);
#4637 = EDGE_CURVE('',#4638,#4638,#4640,.T.);
#4638 = VERTEX_POINT('',#4639);
#4639 = CARTESIAN_POINT('',(21.2,-17.,0.));
#4640 = SURFACE_CURVE('',#4641,(#4646,#4657),.PCURVE_S1.);
#4641 = CIRCLE('',#4642,5.2);
#4642 = AXIS2_PLACEMENT_3D('',#4643,#4644,#4645);
#4643 = CARTESIAN_POINT('',(16.,-17.,0.));
#4644 = DIRECTION('',(0.,0.,-1.));
#4645 = DIRECTION('',(1.,0.,0.));
#4646 = PCURVE('',#4227,#4647);
#4647 = DEFINITIONAL_REPRESENTATION('',(#4648),#4656);
#4648 = ( BOUNDED_CURVE() B_SPLINE_CURVE(2,(#4649,#4650,#4651,#4652,
#4653,#4654,#4655),.UNSPECIFIED.,.T.,.F.) B_SPLINE_CURVE_WITH_KNOTS((1,2
    ,2,2,2,1),(-2.094395102393,0.,2.094395102393,4.188790204786,
6.28318530718,8.377580409573),.UNSPECIFIED.) CURVE() 
GEOMETRIC_REPRESENTATION_ITEM() RATIONAL_B_SPLINE_CURVE((1.,0.5,1.,0.5,
1.,0.5,1.)) REPRESENTATION_ITEM('') );
#4649 = CARTESIAN_POINT('',(21.2,-17.));
#4650 = CARTESIAN_POINT('',(21.2,-26.00666419935));
#4651 = CARTESIAN_POINT('',(13.4,-21.50333209967));
#4652 = CARTESIAN_POINT('',(5.6,-17.));
#4653 = CARTESIAN_POINT('',(13.4,-12.49666790032));
#4654 = CARTESIAN_POINT('',(21.2,-7.993335800642));
#4655 = CARTESIAN_POINT('',(21.2,-17.));
#4656 = ( GEOMETRIC_REPRESENTATION_CONTEXT(2) 
PARAMETRIC_REPRESENTATION_CONTEXT() REPRESENTATION_CONTEXT('2D SPACE',''
  ) );
#4657 = PCURVE('',#4658,#4663);
#4658 = CYLINDRICAL_SURFACE('',#4659,5.2);
#4659 = AXIS2_PLACEMENT_3D('',#4660,#4661,#4662);
#4660 = CARTESIAN_POINT('',(16.,-17.,-1.E-02));
#4661 = DIRECTION('',(-0.,-0.,-1.));
#4662 = DIRECTION('',(1.,0.,0.));
#4663 = DEFINITIONAL_REPRESENTATION('',(#4664),#4668);
#4664 = LINE('',#4665,#4666);
#4665 = CARTESIAN_POINT('',(-6.28318530718,-1.E-02));
#4666 = VECTOR('',#4667,1.);
#4667 = DIRECTION('',(1.,-0.));
#4668 = ( GEOMETRIC_REPRESENTATION_CONTEXT(2) 
PARAMETRIC_REPRESENTATION_CONTEXT() REPRESENTATION_CONTEXT('2D SPACE',''
  ) );
#4669 = FACE_BOUND('',#4670,.F.);
#4670 = EDGE_LOOP('',(#4671));
#4671 = ORIENTED_EDGE('',*,*,#4672,.T.);
#4672 = EDGE_CURVE('',#4673,#4673,#4675,.T.);
#4673 = VERTEX_POINT('',#4674);
#4674 = CARTESIAN_POINT('',(-10.8,15.,0.));
#4675 = SURFACE_CURVE('',#4676,(#4681,#4692),.PCURVE_S1.);
#4676 = CIRCLE('',#4677,5.2);
#4677 = AXIS2_PLACEMENT_3D('',#4678,#4679,#4680);
#4678 = CARTESIAN_POINT('',(-16.,15.,0.));
#4679 = DIRECTION('',(0.,0.,-1.));
#4680 = DIRECTION('',(1.,0.,0.));
#4681 = PCURVE('',#4227,#4682);
#4682 = DEFINITIONAL_REPRESENTATION('',(#4683),#4691);
#4683 = ( BOUNDED_CURVE() B_SPLINE_CURVE(2,(#4684,#4685,#4686,#4687,
#4688,#4689,#4690),.UNSPECIFIED.,.T.,.F.) B_SPLINE_CURVE_WITH_KNOTS((1,2
    ,2,2,2,1),(-2.094395102393,0.,2.094395102393,4.188790204786,
6.28318530718,8.377580409573),.UNSPECIFIED.) CURVE() 
GEOMETRIC_REPRESENTATION_ITEM() RATIONAL_B_SPLINE_CURVE((1.,0.5,1.,0.5,
1.,0.5,1.)) REPRESENTATION_ITEM('') );
#4684 = CARTESIAN_POINT('',(-10.8,15.));
#4685 = CARTESIAN_POINT('',(-10.8,5.993335800642));
#4686 = CARTESIAN_POINT('',(-18.6,10.496667900321));
#4687 = CARTESIAN_POINT('',(-26.4,15.));
#4688 = CARTESIAN_POINT('',(-18.6,19.503332099679));
#4689 = CARTESIAN_POINT('',(-10.8,24.006664199358));
#4690 = CARTESIAN_POINT('',(-10.8,15.));
#4691 = ( GEOMETRIC_REPRESENTATION_CONTEXT(2) 
PARAMETRIC_REPRESENTATION_CONTEXT() REPRESENTATION_CONTEXT('2D SPACE',''
  ) );
#4692 = PCURVE('',#4693,#4698);
#4693 = CYLINDRICAL_SURFACE('',#4694,5.2);
#4694 = AXIS2_PLACEMENT_3D('',#4695,#4696,#4697);
#4695 = CARTESIAN_POINT('',(-16.,15.,-1.E-02));
#4696 = DIRECTION('',(-0.,-0.,-1.));
#4697 = DIRECTION('',(1.,0.,0.));
#4698 = DEFINITIONAL_REPRESENTATION('',(#4699),#4703);
#4699 = LINE('',#4700,#4701);
#4700 = CARTESIAN_POINT('',(-6.28318530718,-1.E-02));
#4701 = VECTOR('',#4702,1.);
#4702 = DIRECTION('',(1.,-0.));
#4703 = ( GEOMETRIC_REPRESENTATION_CONTEXT(2) 
PARAMETRIC_REPRESENTATION_CONTEXT() REPRESENTATION_CONTEXT('2D SPACE',''
  ) );
#4704 = FACE_BOUND('',#4705,.F.);
#4705 = EDGE_LOOP('',(#4706));
#4706 = ORIENTED_EDGE('',*,*,#4707,.T.);
#4707 = EDGE_CURVE('',#4708,#4708,#4710,.T.);
#4708 = VERTEX_POINT('',#4709);
#4709 = CARTESIAN_POINT('',(-18.85,23.,0.));
#4710 = SURFACE_CURVE('',#4711,(#4716,#4727),.PCURVE_S1.);
#4711 = CIRCLE('',#4712,2.15);
#4712 = AXIS2_PLACEMENT_3D('',#4713,#4714,#4715);
#4713 = CARTESIAN_POINT('',(-21.,23.,0.));
#4714 = DIRECTION('',(0.,0.,-1.));
#4715 = DIRECTION('',(1.,0.,0.));
#4716 = PCURVE('',#4227,#4717);
#4717 = DEFINITIONAL_REPRESENTATION('',(#4718),#4726);
#4718 = ( BOUNDED_CURVE() B_SPLINE_CURVE(2,(#4719,#4720,#4721,#4722,
#4723,#4724,#4725),.UNSPECIFIED.,.T.,.F.) B_SPLINE_CURVE_WITH_KNOTS((1,2
    ,2,2,2,1),(-2.094395102393,0.,2.094395102393,4.188790204786,
6.28318530718,8.377580409573),.UNSPECIFIED.) CURVE() 
GEOMETRIC_REPRESENTATION_ITEM() RATIONAL_B_SPLINE_CURVE((1.,0.5,1.,0.5,
1.,0.5,1.)) REPRESENTATION_ITEM('') );
#4719 = CARTESIAN_POINT('',(-18.85,23.));
#4720 = CARTESIAN_POINT('',(-18.85,19.276090763727));
#4721 = CARTESIAN_POINT('',(-22.075,21.138045381863));
#4722 = CARTESIAN_POINT('',(-25.3,23.));
#4723 = CARTESIAN_POINT('',(-22.075,24.861954618137));
#4724 = CARTESIAN_POINT('',(-18.85,26.723909236273));
#4725 = CARTESIAN_POINT('',(-18.85,23.));
#4726 = ( GEOMETRIC_REPRESENTATION_CONTEXT(2) 
PARAMETRIC_REPRESENTATION_CONTEXT() REPRESENTATION_CONTEXT('2D SPACE',''
  ) );
#4727 = PCURVE('',#4728,#4733);
#4728 = CYLINDRICAL_SURFACE('',#4729,2.15);
#4729 = AXIS2_PLACEMENT_3D('',#4730,#4731,#4732);
#4730 = CARTESIAN_POINT('',(-21.,23.,-1.E-02));
#4731 = DIRECTION('',(-0.,-0.,-1.));
#4732 = DIRECTION('',(1.,0.,0.));
#4733 = DEFINITIONAL_REPRESENTATION('',(#4734),#4738);
#4734 = LINE('',#4735,#4736);
#4735 = CARTESIAN_POINT('',(-6.28318530718,-1.E-02));
#4736 = VECTOR('',#4737,1.);
#4737 = DIRECTION('',(1.,-0.));
#4738 = ( GEOMETRIC_REPRESENTATION_CONTEXT(2) 
PARAMETRIC_REPRESENTATION_CONTEXT() REPRESENTATION_CONTEXT('2D SPACE',''
  ) );
#4739 = FACE_BOUND('',#4740,.F.);
#4740 = EDGE_LOOP('',(#4741));
#4741 = ORIENTED_EDGE('',*,*,#4742,.T.);
#4742 = EDGE_CURVE('',#4743,#4743,#4745,.T.);
#4743 = VERTEX_POINT('',#4744);
#4744 = CARTESIAN_POINT('',(21.2,15.,0.));
#4745 = SURFACE_CURVE('',#4746,(#4751,#4762),.PCURVE_S1.);
#4746 = CIRCLE('',#4747,5.2);
#4747 = AXIS2_PLACEMENT_3D('',#4748,#4749,#4750);
#4748 = CARTESIAN_POINT('',(16.,15.,0.));
#4749 = DIRECTION('',(0.,0.,-1.));
#4750 = DIRECTION('',(1.,0.,0.));
#4751 = PCURVE('',#4227,#4752);
#4752 = DEFINITIONAL_REPRESENTATION('',(#4753),#4761);
#4753 = ( BOUNDED_CURVE() B_SPLINE_CURVE(2,(#4754,#4755,#4756,#4757,
#4758,#4759,#4760),.UNSPECIFIED.,.T.,.F.) B_SPLINE_CURVE_WITH_KNOTS((1,2
    ,2,2,2,1),(-2.094395102393,0.,2.094395102393,4.188790204786,
6.28318530718,8.377580409573),.UNSPECIFIED.) CURVE() 
GEOMETRIC_REPRESENTATION_ITEM() RATIONAL_B_SPLINE_CURVE((1.,0.5,1.,0.5,
1.,0.5,1.)) REPRESENTATION_ITEM('') );
#4754 = CARTESIAN_POINT('',(21.2,15.));
#4755 = CARTESIAN_POINT('',(21.2,5.993335800642));
#4756 = CARTESIAN_POINT('',(13.4,10.496667900321));
#4757 = CARTESIAN_POINT('',(5.6,15.));
#4758 = CARTESIAN_POINT('',(13.4,19.503332099679));
#4759 = CARTESIAN_POINT('',(21.2,24.006664199358));
#4760 = CARTESIAN_POINT('',(21.2,15.));
#4761 = ( GEOMETRIC_REPRESENTATION_CONTEXT(2) 
PARAMETRIC_REPRESENTATION_CONTEXT() REPRESENTATION_CONTEXT('2D SPACE',''
  ) );
#4762 = PCURVE('',#4763,#4768);
#4763 = CYLINDRICAL_SURFACE('',#4764,5.2);
#4764 = AXIS2_PLACEMENT_3D('',#4765,#4766,#4767);
#4765 = CARTESIAN_POINT('',(16.,15.,-1.E-02));
#4766 = DIRECTION('',(-0.,-0.,-1.));
#4767 = DIRECTION('',(1.,0.,0.));
#4768 = DEFINITIONAL_REPRESENTATION('',(#4769),#4773);
#4769 = LINE('',#4770,#4771);
#4770 = CARTESIAN_POINT('',(-6.28318530718,-1.E-02));
#4771 = VECTOR('',#4772,1.);
#4772 = DIRECTION('',(1.,-0.));
#4773 = ( GEOMETRIC_REPRESENTATION_CONTEXT(2) 
PARAMETRIC_REPRESENTATION_CONTEXT() REPRESENTATION_CONTEXT('2D SPACE',''
  ) );
#4774 = FACE_BOUND('',#4775,.F.);
#4775 = EDGE_LOOP('',(#4776));
#4776 = ORIENTED_EDGE('',*,*,#4777,.T.);
#4777 = EDGE_CURVE('',#4778,#4778,#4780,.T.);
#4778 = VERTEX_POINT('',#4779);
#4779 = CARTESIAN_POINT('',(23.15,23.,0.));
#4780 = SURFACE_CURVE('',#4781,(#4786,#4797),.PCURVE_S1.);
#4781 = CIRCLE('',#4782,2.15);
#4782 = AXIS2_PLACEMENT_3D('',#4783,#4784,#4785);
#4783 = CARTESIAN_POINT('',(21.,23.,0.));
#4784 = DIRECTION('',(0.,0.,-1.));
#4785 = DIRECTION('',(1.,0.,0.));
#4786 = PCURVE('',#4227,#4787);
#4787 = DEFINITIONAL_REPRESENTATION('',(#4788),#4796);
#4788 = ( BOUNDED_CURVE() B_SPLINE_CURVE(2,(#4789,#4790,#4791,#4792,
#4793,#4794,#4795),.UNSPECIFIED.,.T.,.F.) B_SPLINE_CURVE_WITH_KNOTS((1,2
    ,2,2,2,1),(-2.094395102393,0.,2.094395102393,4.188790204786,
6.28318530718,8.377580409573),.UNSPECIFIED.) CURVE() 
GEOMETRIC_REPRESENTATION_ITEM() RATIONAL_B_SPLINE_CURVE((1.,0.5,1.,0.5,
1.,0.5,1.)) REPRESENTATION_ITEM('') );
#4789 = CARTESIAN_POINT('',(23.15,23.));
#4790 = CARTESIAN_POINT('',(23.15,19.276090763727));
#4791 = CARTESIAN_POINT('',(19.925,21.138045381863));
#4792 = CARTESIAN_POINT('',(16.7,23.));
#4793 = CARTESIAN_POINT('',(19.925,24.861954618137));
#4794 = CARTESIAN_POINT('',(23.15,26.723909236273));
#4795 = CARTESIAN_POINT('',(23.15,23.));
#4796 = ( GEOMETRIC_REPRESENTATION_CONTEXT(2) 
PARAMETRIC_REPRESENTATION_CONTEXT() REPRESENTATION_CONTEXT('2D SPACE',''
  ) );
#4797 = PCURVE('',#4798,#4803);
#4798 = CYLINDRICAL_SURFACE('',#4799,2.15);
#4799 = AXIS2_PLACEMENT_3D('',#4800,#4801,#4802);
#4800 = CARTESIAN_POINT('',(21.,23.,-1.E-02));
#4801 = DIRECTION('',(-0.,-0.,-1.));
#4802 = DIRECTION('',(1.,0.,0.));
#4803 = DEFINITIONAL_REPRESENTATION('',(#4804),#4808);
#4804 = LINE('',#4805,#4806);
#4805 = CARTESIAN_POINT('',(-6.28318530718,-1.E-02));
#4806 = VECTOR('',#4807,1.);
#4807 = DIRECTION('',(1.,-0.));
#4808 = ( GEOMETRIC_REPRESENTATION_CONTEXT(2) 
PARAMETRIC_REPRESENTATION_CONTEXT() REPRESENTATION_CONTEXT('2D SPACE',''
  ) );
#4809 = ADVANCED_FACE('',(#4810,#4930,#4965,#5191,#5226,#5261,#5487),
  #4173,.T.);
#4810 = FACE_BOUND('',#4811,.T.);
#4811 = EDGE_LOOP('',(#4812,#4835,#4836,#4837,#4838,#4861,#4885,#4908));
#4812 = ORIENTED_EDGE('',*,*,#4813,.T.);
#4813 = EDGE_CURVE('',#4814,#4267,#4816,.T.);
#4814 = VERTEX_POINT('',#4815);
#4815 = CARTESIAN_POINT('',(-25.775,22.025,2.4));
#4816 = SURFACE_CURVE('',#4817,(#4821,#4828),.PCURVE_S1.);
#4817 = LINE('',#4818,#4819);
#4818 = CARTESIAN_POINT('',(-25.775,22.025,2.4));
#4819 = VECTOR('',#4820,1.);
#4820 = DIRECTION('',(0.,-1.,0.));
#4821 = PCURVE('',#4173,#4822);
#4822 = DEFINITIONAL_REPRESENTATION('',(#4823),#4827);
#4823 = LINE('',#4824,#4825);
#4824 = CARTESIAN_POINT('',(-25.775,22.025));
#4825 = VECTOR('',#4826,1.);
#4826 = DIRECTION('',(0.,-1.));
#4827 = ( GEOMETRIC_REPRESENTATION_CONTEXT(2) 
PARAMETRIC_REPRESENTATION_CONTEXT() REPRESENTATION_CONTEXT('2D SPACE',''
  ) );
#4828 = PCURVE('',#4282,#4829);
#4829 = DEFINITIONAL_REPRESENTATION('',(#4830),#4834);
#4830 = LINE('',#4831,#4832);
#4831 = CARTESIAN_POINT('',(0.,-2.4));
#4832 = VECTOR('',#4833,1.);
#4833 = DIRECTION('',(1.,0.));
#4834 = ( GEOMETRIC_REPRESENTATION_CONTEXT(2) 
PARAMETRIC_REPRESENTATION_CONTEXT() REPRESENTATION_CONTEXT('2D SPACE',''
  ) );
#4835 = ORIENTED_EDGE('',*,*,#4294,.T.);
#4836 = ORIENTED_EDGE('',*,*,#4157,.T.);
#4837 = ORIENTED_EDGE('',*,*,#4372,.T.);
#4838 = ORIENTED_EDGE('',*,*,#4839,.T.);
#4839 = EDGE_CURVE('',#4323,#4840,#4842,.T.);
#4840 = VERTEX_POINT('',#4841);
#4841 = CARTESIAN_POINT('',(25.775,22.025,2.4));
#4842 = SURFACE_CURVE('',#4843,(#4847,#4854),.PCURVE_S1.);
#4843 = LINE('',#4844,#4845);
#4844 = CARTESIAN_POINT('',(25.775,-22.025,2.4));
#4845 = VECTOR('',#4846,1.);
#4846 = DIRECTION('',(0.,1.,0.));
#4847 = PCURVE('',#4173,#4848);
#4848 = DEFINITIONAL_REPRESENTATION('',(#4849),#4853);
#4849 = LINE('',#4850,#4851);
#4850 = CARTESIAN_POINT('',(25.775,-22.025));
#4851 = VECTOR('',#4852,1.);
#4852 = DIRECTION('',(0.,1.));
#4853 = ( GEOMETRIC_REPRESENTATION_CONTEXT(2) 
PARAMETRIC_REPRESENTATION_CONTEXT() REPRESENTATION_CONTEXT('2D SPACE',''
  ) );
#4854 = PCURVE('',#4337,#4855);
#4855 = DEFINITIONAL_REPRESENTATION('',(#4856),#4860);
#4856 = LINE('',#4857,#4858);
#4857 = CARTESIAN_POINT('',(0.,-2.4));
#4858 = VECTOR('',#4859,1.);
#4859 = DIRECTION('',(1.,0.));
#4860 = ( GEOMETRIC_REPRESENTATION_CONTEXT(2) 
PARAMETRIC_REPRESENTATION_CONTEXT() REPRESENTATION_CONTEXT('2D SPACE',''
  ) );
#4861 = ORIENTED_EDGE('',*,*,#4862,.T.);
#4862 = EDGE_CURVE('',#4840,#4863,#4865,.T.);
#4863 = VERTEX_POINT('',#4864);
#4864 = CARTESIAN_POINT('',(20.025,27.775,2.4));
#4865 = SURFACE_CURVE('',#4866,(#4871,#4878),.PCURVE_S1.);
#4866 = CIRCLE('',#4867,5.75);
#4867 = AXIS2_PLACEMENT_3D('',#4868,#4869,#4870);
#4868 = CARTESIAN_POINT('',(20.025,22.025,2.4));
#4869 = DIRECTION('',(0.,0.,1.));
#4870 = DIRECTION('',(1.,0.,0.));
#4871 = PCURVE('',#4173,#4872);
#4872 = DEFINITIONAL_REPRESENTATION('',(#4873),#4877);
#4873 = CIRCLE('',#4874,5.75);
#4874 = AXIS2_PLACEMENT_2D('',#4875,#4876);
#4875 = CARTESIAN_POINT('',(20.025,22.025));
#4876 = DIRECTION('',(1.,0.));
#4877 = ( GEOMETRIC_REPRESENTATION_CONTEXT(2) 
PARAMETRIC_REPRESENTATION_CONTEXT() REPRESENTATION_CONTEXT('2D SPACE',''
  ) );
#4878 = PCURVE('',#4463,#4879);
#4879 = DEFINITIONAL_REPRESENTATION('',(#4880),#4884);
#4880 = LINE('',#4881,#4882);
#4881 = CARTESIAN_POINT('',(-0.,-2.4));
#4882 = VECTOR('',#4883,1.);
#4883 = DIRECTION('',(-1.,0.));
#4884 = ( GEOMETRIC_REPRESENTATION_CONTEXT(2) 
PARAMETRIC_REPRESENTATION_CONTEXT() REPRESENTATION_CONTEXT('2D SPACE',''
  ) );
#4885 = ORIENTED_EDGE('',*,*,#4886,.T.);
#4886 = EDGE_CURVE('',#4863,#4887,#4889,.T.);
#4887 = VERTEX_POINT('',#4888);
#4888 = CARTESIAN_POINT('',(-20.025,27.775,2.4));
#4889 = SURFACE_CURVE('',#4890,(#4894,#4901),.PCURVE_S1.);
#4890 = LINE('',#4891,#4892);
#4891 = CARTESIAN_POINT('',(20.025,27.775,2.4));
#4892 = VECTOR('',#4893,1.);
#4893 = DIRECTION('',(-1.,0.,0.));
#4894 = PCURVE('',#4173,#4895);
#4895 = DEFINITIONAL_REPRESENTATION('',(#4896),#4900);
#4896 = LINE('',#4897,#4898);
#4897 = CARTESIAN_POINT('',(20.025,27.775));
#4898 = VECTOR('',#4899,1.);
#4899 = DIRECTION('',(-1.,0.));
#4900 = ( GEOMETRIC_REPRESENTATION_CONTEXT(2) 
PARAMETRIC_REPRESENTATION_CONTEXT() REPRESENTATION_CONTEXT('2D SPACE',''
  ) );
#4901 = PCURVE('',#4491,#4902);
#4902 = DEFINITIONAL_REPRESENTATION('',(#4903),#4907);
#4903 = LINE('',#4904,#4905);
#4904 = CARTESIAN_POINT('',(0.,-2.4));
#4905 = VECTOR('',#4906,1.);
#4906 = DIRECTION('',(1.,0.));
#4907 = ( GEOMETRIC_REPRESENTATION_CONTEXT(2) 
PARAMETRIC_REPRESENTATION_CONTEXT() REPRESENTATION_CONTEXT('2D SPACE',''
  ) );
#4908 = ORIENTED_EDGE('',*,*,#4909,.T.);
#4909 = EDGE_CURVE('',#4887,#4814,#4910,.T.);
#4910 = SURFACE_CURVE('',#4911,(#4916,#4923),.PCURVE_S1.);
#4911 = CIRCLE('',#4912,5.75);
#4912 = AXIS2_PLACEMENT_3D('',#4913,#4914,#4915);
#4913 = CARTESIAN_POINT('',(-20.025,22.025,2.4));
#4914 = DIRECTION('',(0.,0.,1.));
#4915 = DIRECTION('',(1.,0.,0.));
#4916 = PCURVE('',#4173,#4917);
#4917 = DEFINITIONAL_REPRESENTATION('',(#4918),#4922);
#4918 = CIRCLE('',#4919,5.75);
#4919 = AXIS2_PLACEMENT_2D('',#4920,#4921);
#4920 = CARTESIAN_POINT('',(-20.025,22.025));
#4921 = DIRECTION('',(1.,0.));
#4922 = ( GEOMETRIC_REPRESENTATION_CONTEXT(2) 
PARAMETRIC_REPRESENTATION_CONTEXT() REPRESENTATION_CONTEXT('2D SPACE',''
  ) );
#4923 = PCURVE('',#4518,#4924);
#4924 = DEFINITIONAL_REPRESENTATION('',(#4925),#4929);
#4925 = LINE('',#4926,#4927);
#4926 = CARTESIAN_POINT('',(-0.,-2.4));
#4927 = VECTOR('',#4928,1.);
#4928 = DIRECTION('',(-1.,0.));
#4929 = ( GEOMETRIC_REPRESENTATION_CONTEXT(2) 
PARAMETRIC_REPRESENTATION_CONTEXT() REPRESENTATION_CONTEXT('2D SPACE',''
  ) );
#4930 = FACE_BOUND('',#4931,.T.);
#4931 = EDGE_LOOP('',(#4932));
#4932 = ORIENTED_EDGE('',*,*,#4933,.T.);
#4933 = EDGE_CURVE('',#4934,#4934,#4936,.T.);
#4934 = VERTEX_POINT('',#4935);
#4935 = CARTESIAN_POINT('',(-19.8,-23.,2.4));
#4936 = SURFACE_CURVE('',#4937,(#4942,#4953),.PCURVE_S1.);
#4937 = CIRCLE('',#4938,1.2);
#4938 = AXIS2_PLACEMENT_3D('',#4939,#4940,#4941);
#4939 = CARTESIAN_POINT('',(-21.,-23.,2.4));
#4940 = DIRECTION('',(0.,0.,-1.));
#4941 = DIRECTION('',(1.,0.,0.));
#4942 = PCURVE('',#4173,#4943);
#4943 = DEFINITIONAL_REPRESENTATION('',(#4944),#4952);
#4944 = ( BOUNDED_CURVE() B_SPLINE_CURVE(2,(#4945,#4946,#4947,#4948,
#4949,#4950,#4951),.UNSPECIFIED.,.T.,.F.) B_SPLINE_CURVE_WITH_KNOTS((1,2
    ,2,2,2,1),(-2.094395102393,0.,2.094395102393,4.188790204786,
6.28318530718,8.377580409573),.UNSPECIFIED.) CURVE() 
GEOMETRIC_REPRESENTATION_ITEM() RATIONAL_B_SPLINE_CURVE((1.,0.5,1.,0.5,
1.,0.5,1.)) REPRESENTATION_ITEM('') );
#4945 = CARTESIAN_POINT('',(-19.8,-23.));
#4946 = CARTESIAN_POINT('',(-19.8,-25.07846096908));
#4947 = CARTESIAN_POINT('',(-21.6,-24.03923048454));
#4948 = CARTESIAN_POINT('',(-23.4,-23.));
#4949 = CARTESIAN_POINT('',(-21.6,-21.96076951545));
#4950 = CARTESIAN_POINT('',(-19.8,-20.92153903091));
#4951 = CARTESIAN_POINT('',(-19.8,-23.));
#4952 = ( GEOMETRIC_REPRESENTATION_CONTEXT(2) 
PARAMETRIC_REPRESENTATION_CONTEXT() REPRESENTATION_CONTEXT('2D SPACE',''
  ) );
#4953 = PCURVE('',#4954,#4959);
#4954 = CYLINDRICAL_SURFACE('',#4955,1.2);
#4955 = AXIS2_PLACEMENT_3D('',#4956,#4957,#4958);
#4956 = CARTESIAN_POINT('',(-21.,-23.,0.));
#4957 = DIRECTION('',(-0.,-0.,-1.));
#4958 = DIRECTION('',(1.,0.,0.));
#4959 = DEFINITIONAL_REPRESENTATION('',(#4960),#4964);
#4960 = LINE('',#4961,#4962);
#4961 = CARTESIAN_POINT('',(-6.28318530718,-2.4));
#4962 = VECTOR('',#4963,1.);
#4963 = DIRECTION('',(1.,-0.));
#4964 = ( GEOMETRIC_REPRESENTATION_CONTEXT(2) 
PARAMETRIC_REPRESENTATION_CONTEXT() REPRESENTATION_CONTEXT('2D SPACE',''
  ) );
#4965 = FACE_BOUND('',#4966,.T.);
#4966 = EDGE_LOOP('',(#4967,#4997,#5025,#5053,#5081,#5109,#5137,#5165));
#4967 = ORIENTED_EDGE('',*,*,#4968,.T.);
#4968 = EDGE_CURVE('',#4969,#4971,#4973,.T.);
#4969 = VERTEX_POINT('',#4970);
#4970 = CARTESIAN_POINT('',(-15.,-26.75,2.4));
#4971 = VERTEX_POINT('',#4972);
#4972 = CARTESIAN_POINT('',(-15.,-7.5,2.4));
#4973 = SURFACE_CURVE('',#4974,(#4978,#4985),.PCURVE_S1.);
#4974 = LINE('',#4975,#4976);
#4975 = CARTESIAN_POINT('',(-15.,-26.75,2.4));
#4976 = VECTOR('',#4977,1.);
#4977 = DIRECTION('',(0.,1.,0.));
#4978 = PCURVE('',#4173,#4979);
#4979 = DEFINITIONAL_REPRESENTATION('',(#4980),#4984);
#4980 = LINE('',#4981,#4982);
#4981 = CARTESIAN_POINT('',(-15.,-26.75));
#4982 = VECTOR('',#4983,1.);
#4983 = DIRECTION('',(0.,1.));
#4984 = ( GEOMETRIC_REPRESENTATION_CONTEXT(2) 
PARAMETRIC_REPRESENTATION_CONTEXT() REPRESENTATION_CONTEXT('2D SPACE',''
  ) );
#4985 = PCURVE('',#4986,#4991);
#4986 = PLANE('',#4987);
#4987 = AXIS2_PLACEMENT_3D('',#4988,#4989,#4990);
#4988 = CARTESIAN_POINT('',(-15.,-26.75,2.4));
#4989 = DIRECTION('',(1.,0.,0.));
#4990 = DIRECTION('',(0.,0.,1.));
#4991 = DEFINITIONAL_REPRESENTATION('',(#4992),#4996);
#4992 = LINE('',#4993,#4994);
#4993 = CARTESIAN_POINT('',(0.,0.));
#4994 = VECTOR('',#4995,1.);
#4995 = DIRECTION('',(0.,-1.));
#4996 = ( GEOMETRIC_REPRESENTATION_CONTEXT(2) 
PARAMETRIC_REPRESENTATION_CONTEXT() REPRESENTATION_CONTEXT('2D SPACE',''
  ) );
#4997 = ORIENTED_EDGE('',*,*,#4998,.T.);
#4998 = EDGE_CURVE('',#4971,#4999,#5001,.T.);
#4999 = VERTEX_POINT('',#5000);
#5000 = CARTESIAN_POINT('',(-13.5,-7.5,2.4));
#5001 = SURFACE_CURVE('',#5002,(#5006,#5013),.PCURVE_S1.);
#5002 = LINE('',#5003,#5004);
#5003 = CARTESIAN_POINT('',(-15.,-7.5,2.4));
#5004 = VECTOR('',#5005,1.);
#5005 = DIRECTION('',(1.,0.,0.));
#5006 = PCURVE('',#4173,#5007);
#5007 = DEFINITIONAL_REPRESENTATION('',(#5008),#5012);
#5008 = LINE('',#5009,#5010);
#5009 = CARTESIAN_POINT('',(-15.,-7.5));
#5010 = VECTOR('',#5011,1.);
#5011 = DIRECTION('',(1.,0.));
#5012 = ( GEOMETRIC_REPRESENTATION_CONTEXT(2) 
PARAMETRIC_REPRESENTATION_CONTEXT() REPRESENTATION_CONTEXT('2D SPACE',''
  ) );
#5013 = PCURVE('',#5014,#5019);
#5014 = PLANE('',#5015);
#5015 = AXIS2_PLACEMENT_3D('',#5016,#5017,#5018);
#5016 = CARTESIAN_POINT('',(-15.,-7.5,2.4));
#5017 = DIRECTION('',(0.,1.,0.));
#5018 = DIRECTION('',(0.,0.,1.));
#5019 = DEFINITIONAL_REPRESENTATION('',(#5020),#5024);
#5020 = LINE('',#5021,#5022);
#5021 = CARTESIAN_POINT('',(0.,0.));
#5022 = VECTOR('',#5023,1.);
#5023 = DIRECTION('',(0.,1.));
#5024 = ( GEOMETRIC_REPRESENTATION_CONTEXT(2) 
PARAMETRIC_REPRESENTATION_CONTEXT() REPRESENTATION_CONTEXT('2D SPACE',''
  ) );
#5025 = ORIENTED_EDGE('',*,*,#5026,.F.);
#5026 = EDGE_CURVE('',#5027,#4999,#5029,.T.);
#5027 = VERTEX_POINT('',#5028);
#5028 = CARTESIAN_POINT('',(-13.5,-25.25,2.4));
#5029 = SURFACE_CURVE('',#5030,(#5034,#5041),.PCURVE_S1.);
#5030 = LINE('',#5031,#5032);
#5031 = CARTESIAN_POINT('',(-13.5,-26.5,2.4));
#5032 = VECTOR('',#5033,1.);
#5033 = DIRECTION('',(0.,1.,0.));
#5034 = PCURVE('',#4173,#5035);
#5035 = DEFINITIONAL_REPRESENTATION('',(#5036),#5040);
#5036 = LINE('',#5037,#5038);
#5037 = CARTESIAN_POINT('',(-13.5,-26.5));
#5038 = VECTOR('',#5039,1.);
#5039 = DIRECTION('',(0.,1.));
#5040 = ( GEOMETRIC_REPRESENTATION_CONTEXT(2) 
PARAMETRIC_REPRESENTATION_CONTEXT() REPRESENTATION_CONTEXT('2D SPACE',''
  ) );
#5041 = PCURVE('',#5042,#5047);
#5042 = PLANE('',#5043);
#5043 = AXIS2_PLACEMENT_3D('',#5044,#5045,#5046);
#5044 = CARTESIAN_POINT('',(-13.5,-26.5,2.4));
#5045 = DIRECTION('',(1.,0.,0.));
#5046 = DIRECTION('',(0.,0.,1.));
#5047 = DEFINITIONAL_REPRESENTATION('',(#5048),#5052);
#5048 = LINE('',#5049,#5050);
#5049 = CARTESIAN_POINT('',(0.,0.));
#5050 = VECTOR('',#5051,1.);
#5051 = DIRECTION('',(0.,-1.));
#5052 = ( GEOMETRIC_REPRESENTATION_CONTEXT(2) 
PARAMETRIC_REPRESENTATION_CONTEXT() REPRESENTATION_CONTEXT('2D SPACE',''
  ) );
#5053 = ORIENTED_EDGE('',*,*,#5054,.T.);
#5054 = EDGE_CURVE('',#5027,#5055,#5057,.T.);
#5055 = VERTEX_POINT('',#5056);
#5056 = CARTESIAN_POINT('',(13.5,-25.25,2.4));
#5057 = SURFACE_CURVE('',#5058,(#5062,#5069),.PCURVE_S1.);
#5058 = LINE('',#5059,#5060);
#5059 = CARTESIAN_POINT('',(-15.,-25.25,2.4));
#5060 = VECTOR('',#5061,1.);
#5061 = DIRECTION('',(1.,0.,0.));
#5062 = PCURVE('',#4173,#5063);
#5063 = DEFINITIONAL_REPRESENTATION('',(#5064),#5068);
#5064 = LINE('',#5065,#5066);
#5065 = CARTESIAN_POINT('',(-15.,-25.25));
#5066 = VECTOR('',#5067,1.);
#5067 = DIRECTION('',(1.,0.));
#5068 = ( GEOMETRIC_REPRESENTATION_CONTEXT(2) 
PARAMETRIC_REPRESENTATION_CONTEXT() REPRESENTATION_CONTEXT('2D SPACE',''
  ) );
#5069 = PCURVE('',#5070,#5075);
#5070 = PLANE('',#5071);
#5071 = AXIS2_PLACEMENT_3D('',#5072,#5073,#5074);
#5072 = CARTESIAN_POINT('',(-15.,-25.25,2.4));
#5073 = DIRECTION('',(0.,1.,0.));
#5074 = DIRECTION('',(0.,0.,1.));
#5075 = DEFINITIONAL_REPRESENTATION('',(#5076),#5080);
#5076 = LINE('',#5077,#5078);
#5077 = CARTESIAN_POINT('',(0.,0.));
#5078 = VECTOR('',#5079,1.);
#5079 = DIRECTION('',(0.,1.));
#5080 = ( GEOMETRIC_REPRESENTATION_CONTEXT(2) 
PARAMETRIC_REPRESENTATION_CONTEXT() REPRESENTATION_CONTEXT('2D SPACE',''
  ) );
#5081 = ORIENTED_EDGE('',*,*,#5082,.T.);
#5082 = EDGE_CURVE('',#5055,#5083,#5085,.T.);
#5083 = VERTEX_POINT('',#5084);
#5084 = CARTESIAN_POINT('',(13.5,-7.5,2.4));
#5085 = SURFACE_CURVE('',#5086,(#5090,#5097),.PCURVE_S1.);
#5086 = LINE('',#5087,#5088);
#5087 = CARTESIAN_POINT('',(13.5,-26.5,2.4));
#5088 = VECTOR('',#5089,1.);
#5089 = DIRECTION('',(0.,1.,0.));
#5090 = PCURVE('',#4173,#5091);
#5091 = DEFINITIONAL_REPRESENTATION('',(#5092),#5096);
#5092 = LINE('',#5093,#5094);
#5093 = CARTESIAN_POINT('',(13.5,-26.5));
#5094 = VECTOR('',#5095,1.);
#5095 = DIRECTION('',(0.,1.));
#5096 = ( GEOMETRIC_REPRESENTATION_CONTEXT(2) 
PARAMETRIC_REPRESENTATION_CONTEXT() REPRESENTATION_CONTEXT('2D SPACE',''
  ) );
#5097 = PCURVE('',#5098,#5103);
#5098 = PLANE('',#5099);
#5099 = AXIS2_PLACEMENT_3D('',#5100,#5101,#5102);
#5100 = CARTESIAN_POINT('',(13.5,-26.5,2.4));
#5101 = DIRECTION('',(1.,0.,0.));
#5102 = DIRECTION('',(0.,0.,1.));
#5103 = DEFINITIONAL_REPRESENTATION('',(#5104),#5108);
#5104 = LINE('',#5105,#5106);
#5105 = CARTESIAN_POINT('',(0.,0.));
#5106 = VECTOR('',#5107,1.);
#5107 = DIRECTION('',(0.,-1.));
#5108 = ( GEOMETRIC_REPRESENTATION_CONTEXT(2) 
PARAMETRIC_REPRESENTATION_CONTEXT() REPRESENTATION_CONTEXT('2D SPACE',''
  ) );
#5109 = ORIENTED_EDGE('',*,*,#5110,.T.);
#5110 = EDGE_CURVE('',#5083,#5111,#5113,.T.);
#5111 = VERTEX_POINT('',#5112);
#5112 = CARTESIAN_POINT('',(15.,-7.5,2.4));
#5113 = SURFACE_CURVE('',#5114,(#5118,#5125),.PCURVE_S1.);
#5114 = LINE('',#5115,#5116);
#5115 = CARTESIAN_POINT('',(13.5,-7.5,2.4));
#5116 = VECTOR('',#5117,1.);
#5117 = DIRECTION('',(1.,0.,0.));
#5118 = PCURVE('',#4173,#5119);
#5119 = DEFINITIONAL_REPRESENTATION('',(#5120),#5124);
#5120 = LINE('',#5121,#5122);
#5121 = CARTESIAN_POINT('',(13.5,-7.5));
#5122 = VECTOR('',#5123,1.);
#5123 = DIRECTION('',(1.,0.));
#5124 = ( GEOMETRIC_REPRESENTATION_CONTEXT(2) 
PARAMETRIC_REPRESENTATION_CONTEXT() REPRESENTATION_CONTEXT('2D SPACE',''
  ) );
#5125 = PCURVE('',#5126,#5131);
#5126 = PLANE('',#5127);
#5127 = AXIS2_PLACEMENT_3D('',#5128,#5129,#5130);
#5128 = CARTESIAN_POINT('',(13.5,-7.5,2.4));
#5129 = DIRECTION('',(0.,1.,0.));
#5130 = DIRECTION('',(0.,0.,1.));
#5131 = DEFINITIONAL_REPRESENTATION('',(#5132),#5136);
#5132 = LINE('',#5133,#5134);
#5133 = CARTESIAN_POINT('',(0.,0.));
#5134 = VECTOR('',#5135,1.);
#5135 = DIRECTION('',(0.,1.));
#5136 = ( GEOMETRIC_REPRESENTATION_CONTEXT(2) 
PARAMETRIC_REPRESENTATION_CONTEXT() REPRESENTATION_CONTEXT('2D SPACE',''
  ) );
#5137 = ORIENTED_EDGE('',*,*,#5138,.T.);
#5138 = EDGE_CURVE('',#5111,#5139,#5141,.T.);
#5139 = VERTEX_POINT('',#5140);
#5140 = CARTESIAN_POINT('',(15.,-26.75,2.4));
#5141 = SURFACE_CURVE('',#5142,(#5146,#5153),.PCURVE_S1.);
#5142 = LINE('',#5143,#5144);
#5143 = CARTESIAN_POINT('',(15.,-7.5,2.4));
#5144 = VECTOR('',#5145,1.);
#5145 = DIRECTION('',(0.,-1.,0.));
#5146 = PCURVE('',#4173,#5147);
#5147 = DEFINITIONAL_REPRESENTATION('',(#5148),#5152);
#5148 = LINE('',#5149,#5150);
#5149 = CARTESIAN_POINT('',(15.,-7.5));
#5150 = VECTOR('',#5151,1.);
#5151 = DIRECTION('',(0.,-1.));
#5152 = ( GEOMETRIC_REPRESENTATION_CONTEXT(2) 
PARAMETRIC_REPRESENTATION_CONTEXT() REPRESENTATION_CONTEXT('2D SPACE',''
  ) );
#5153 = PCURVE('',#5154,#5159);
#5154 = PLANE('',#5155);
#5155 = AXIS2_PLACEMENT_3D('',#5156,#5157,#5158);
#5156 = CARTESIAN_POINT('',(15.,-26.75,2.4));
#5157 = DIRECTION('',(1.,0.,0.));
#5158 = DIRECTION('',(0.,0.,1.));
#5159 = DEFINITIONAL_REPRESENTATION('',(#5160),#5164);
#5160 = LINE('',#5161,#5162);
#5161 = CARTESIAN_POINT('',(0.,-19.25));
#5162 = VECTOR('',#5163,1.);
#5163 = DIRECTION('',(0.,1.));
#5164 = ( GEOMETRIC_REPRESENTATION_CONTEXT(2) 
PARAMETRIC_REPRESENTATION_CONTEXT() REPRESENTATION_CONTEXT('2D SPACE',''
  ) );
#5165 = ORIENTED_EDGE('',*,*,#5166,.F.);
#5166 = EDGE_CURVE('',#4969,#5139,#5167,.T.);
#5167 = SURFACE_CURVE('',#5168,(#5172,#5179),.PCURVE_S1.);
#5168 = LINE('',#5169,#5170);
#5169 = CARTESIAN_POINT('',(-15.,-26.75,2.4));
#5170 = VECTOR('',#5171,1.);
#5171 = DIRECTION('',(1.,0.,0.));
#5172 = PCURVE('',#4173,#5173);
#5173 = DEFINITIONAL_REPRESENTATION('',(#5174),#5178);
#5174 = LINE('',#5175,#5176);
#5175 = CARTESIAN_POINT('',(-15.,-26.75));
#5176 = VECTOR('',#5177,1.);
#5177 = DIRECTION('',(1.,0.));
#5178 = ( GEOMETRIC_REPRESENTATION_CONTEXT(2) 
PARAMETRIC_REPRESENTATION_CONTEXT() REPRESENTATION_CONTEXT('2D SPACE',''
  ) );
#5179 = PCURVE('',#5180,#5185);
#5180 = PLANE('',#5181);
#5181 = AXIS2_PLACEMENT_3D('',#5182,#5183,#5184);
#5182 = CARTESIAN_POINT('',(-15.,-26.75,2.4));
#5183 = DIRECTION('',(0.,1.,0.));
#5184 = DIRECTION('',(0.,0.,1.));
#5185 = DEFINITIONAL_REPRESENTATION('',(#5186),#5190);
#5186 = LINE('',#5187,#5188);
#5187 = CARTESIAN_POINT('',(0.,0.));
#5188 = VECTOR('',#5189,1.);
#5189 = DIRECTION('',(0.,1.));
#5190 = ( GEOMETRIC_REPRESENTATION_CONTEXT(2) 
PARAMETRIC_REPRESENTATION_CONTEXT() REPRESENTATION_CONTEXT('2D SPACE',''
  ) );
#5191 = FACE_BOUND('',#5192,.T.);
#5192 = EDGE_LOOP('',(#5193));
#5193 = ORIENTED_EDGE('',*,*,#5194,.T.);
#5194 = EDGE_CURVE('',#5195,#5195,#5197,.T.);
#5195 = VERTEX_POINT('',#5196);
#5196 = CARTESIAN_POINT('',(22.2,-23.,2.4));
#5197 = SURFACE_CURVE('',#5198,(#5203,#5214),.PCURVE_S1.);
#5198 = CIRCLE('',#5199,1.2);
#5199 = AXIS2_PLACEMENT_3D('',#5200,#5201,#5202);
#5200 = CARTESIAN_POINT('',(21.,-23.,2.4));
#5201 = DIRECTION('',(0.,0.,-1.));
#5202 = DIRECTION('',(1.,0.,0.));
#5203 = PCURVE('',#4173,#5204);
#5204 = DEFINITIONAL_REPRESENTATION('',(#5205),#5213);
#5205 = ( BOUNDED_CURVE() B_SPLINE_CURVE(2,(#5206,#5207,#5208,#5209,
#5210,#5211,#5212),.UNSPECIFIED.,.T.,.F.) B_SPLINE_CURVE_WITH_KNOTS((1,2
    ,2,2,2,1),(-2.094395102393,0.,2.094395102393,4.188790204786,
6.28318530718,8.377580409573),.UNSPECIFIED.) CURVE() 
GEOMETRIC_REPRESENTATION_ITEM() RATIONAL_B_SPLINE_CURVE((1.,0.5,1.,0.5,
1.,0.5,1.)) REPRESENTATION_ITEM('') );
#5206 = CARTESIAN_POINT('',(22.2,-23.));
#5207 = CARTESIAN_POINT('',(22.2,-25.07846096908));
#5208 = CARTESIAN_POINT('',(20.4,-24.03923048454));
#5209 = CARTESIAN_POINT('',(18.6,-23.));
#5210 = CARTESIAN_POINT('',(20.4,-21.96076951545));
#5211 = CARTESIAN_POINT('',(22.2,-20.92153903091));
#5212 = CARTESIAN_POINT('',(22.2,-23.));
#5213 = ( GEOMETRIC_REPRESENTATION_CONTEXT(2) 
PARAMETRIC_REPRESENTATION_CONTEXT() REPRESENTATION_CONTEXT('2D SPACE',''
  ) );
#5214 = PCURVE('',#5215,#5220);
#5215 = CYLINDRICAL_SURFACE('',#5216,1.2);
#5216 = AXIS2_PLACEMENT_3D('',#5217,#5218,#5219);
#5217 = CARTESIAN_POINT('',(21.,-23.,0.));
#5218 = DIRECTION('',(-0.,-0.,-1.));
#5219 = DIRECTION('',(1.,0.,0.));
#5220 = DEFINITIONAL_REPRESENTATION('',(#5221),#5225);
#5221 = LINE('',#5222,#5223);
#5222 = CARTESIAN_POINT('',(-6.28318530718,-2.4));
#5223 = VECTOR('',#5224,1.);
#5224 = DIRECTION('',(1.,-0.));
#5225 = ( GEOMETRIC_REPRESENTATION_CONTEXT(2) 
PARAMETRIC_REPRESENTATION_CONTEXT() REPRESENTATION_CONTEXT('2D SPACE',''
  ) );
#5226 = FACE_BOUND('',#5227,.T.);
#5227 = EDGE_LOOP('',(#5228));
#5228 = ORIENTED_EDGE('',*,*,#5229,.T.);
#5229 = EDGE_CURVE('',#5230,#5230,#5232,.T.);
#5230 = VERTEX_POINT('',#5231);
#5231 = CARTESIAN_POINT('',(-19.8,23.,2.4));
#5232 = SURFACE_CURVE('',#5233,(#5238,#5249),.PCURVE_S1.);
#5233 = CIRCLE('',#5234,1.2);
#5234 = AXIS2_PLACEMENT_3D('',#5235,#5236,#5237);
#5235 = CARTESIAN_POINT('',(-21.,23.,2.4));
#5236 = DIRECTION('',(0.,0.,-1.));
#5237 = DIRECTION('',(1.,0.,0.));
#5238 = PCURVE('',#4173,#5239);
#5239 = DEFINITIONAL_REPRESENTATION('',(#5240),#5248);
#5240 = ( BOUNDED_CURVE() B_SPLINE_CURVE(2,(#5241,#5242,#5243,#5244,
#5245,#5246,#5247),.UNSPECIFIED.,.T.,.F.) B_SPLINE_CURVE_WITH_KNOTS((1,2
    ,2,2,2,1),(-2.094395102393,0.,2.094395102393,4.188790204786,
6.28318530718,8.377580409573),.UNSPECIFIED.) CURVE() 
GEOMETRIC_REPRESENTATION_ITEM() RATIONAL_B_SPLINE_CURVE((1.,0.5,1.,0.5,
1.,0.5,1.)) REPRESENTATION_ITEM('') );
#5241 = CARTESIAN_POINT('',(-19.8,23.));
#5242 = CARTESIAN_POINT('',(-19.8,20.921539030917));
#5243 = CARTESIAN_POINT('',(-21.6,21.960769515459));
#5244 = CARTESIAN_POINT('',(-23.4,23.));
#5245 = CARTESIAN_POINT('',(-21.6,24.039230484541));
#5246 = CARTESIAN_POINT('',(-19.8,25.078460969083));
#5247 = CARTESIAN_POINT('',(-19.8,23.));
#5248 = ( GEOMETRIC_REPRESENTATION_CONTEXT(2) 
PARAMETRIC_REPRESENTATION_CONTEXT() REPRESENTATION_CONTEXT('2D SPACE',''
  ) );
#5249 = PCURVE('',#5250,#5255);
#5250 = CYLINDRICAL_SURFACE('',#5251,1.2);
#5251 = AXIS2_PLACEMENT_3D('',#5252,#5253,#5254);
#5252 = CARTESIAN_POINT('',(-21.,23.,0.));
#5253 = DIRECTION('',(-0.,-0.,-1.));
#5254 = DIRECTION('',(1.,0.,0.));
#5255 = DEFINITIONAL_REPRESENTATION('',(#5256),#5260);
#5256 = LINE('',#5257,#5258);
#5257 = CARTESIAN_POINT('',(-6.28318530718,-2.4));
#5258 = VECTOR('',#5259,1.);
#5259 = DIRECTION('',(1.,-0.));
#5260 = ( GEOMETRIC_REPRESENTATION_CONTEXT(2) 
PARAMETRIC_REPRESENTATION_CONTEXT() REPRESENTATION_CONTEXT('2D SPACE',''
  ) );
#5261 = FACE_BOUND('',#5262,.T.);
#5262 = EDGE_LOOP('',(#5263,#5293,#5321,#5349,#5377,#5405,#5433,#5461));
#5263 = ORIENTED_EDGE('',*,*,#5264,.T.);
#5264 = EDGE_CURVE('',#5265,#5267,#5269,.T.);
#5265 = VERTEX_POINT('',#5266);
#5266 = CARTESIAN_POINT('',(-19.05,7.2,2.4));
#5267 = VERTEX_POINT('',#5268);
#5268 = CARTESIAN_POINT('',(-19.05,27.5,2.4));
#5269 = SURFACE_CURVE('',#5270,(#5274,#5281),.PCURVE_S1.);
#5270 = LINE('',#5271,#5272);
#5271 = CARTESIAN_POINT('',(-19.05,7.2,2.4));
#5272 = VECTOR('',#5273,1.);
#5273 = DIRECTION('',(0.,1.,0.));
#5274 = PCURVE('',#4173,#5275);
#5275 = DEFINITIONAL_REPRESENTATION('',(#5276),#5280);
#5276 = LINE('',#5277,#5278);
#5277 = CARTESIAN_POINT('',(-19.05,7.2));
#5278 = VECTOR('',#5279,1.);
#5279 = DIRECTION('',(0.,1.));
#5280 = ( GEOMETRIC_REPRESENTATION_CONTEXT(2) 
PARAMETRIC_REPRESENTATION_CONTEXT() REPRESENTATION_CONTEXT('2D SPACE',''
  ) );
#5281 = PCURVE('',#5282,#5287);
#5282 = PLANE('',#5283);
#5283 = AXIS2_PLACEMENT_3D('',#5284,#5285,#5286);
#5284 = CARTESIAN_POINT('',(-19.05,7.2,2.4));
#5285 = DIRECTION('',(1.,0.,0.));
#5286 = DIRECTION('',(0.,0.,1.));
#5287 = DEFINITIONAL_REPRESENTATION('',(#5288),#5292);
#5288 = LINE('',#5289,#5290);
#5289 = CARTESIAN_POINT('',(0.,0.));
#5290 = VECTOR('',#5291,1.);
#5291 = DIRECTION('',(0.,-1.));
#5292 = ( GEOMETRIC_REPRESENTATION_CONTEXT(2) 
PARAMETRIC_REPRESENTATION_CONTEXT() REPRESENTATION_CONTEXT('2D SPACE',''
  ) );
#5293 = ORIENTED_EDGE('',*,*,#5294,.T.);
#5294 = EDGE_CURVE('',#5267,#5295,#5297,.T.);
#5295 = VERTEX_POINT('',#5296);
#5296 = CARTESIAN_POINT('',(-17.45,27.5,2.4));
#5297 = SURFACE_CURVE('',#5298,(#5302,#5309),.PCURVE_S1.);
#5298 = LINE('',#5299,#5300);
#5299 = CARTESIAN_POINT('',(-19.05,27.5,2.4));
#5300 = VECTOR('',#5301,1.);
#5301 = DIRECTION('',(1.,0.,0.));
#5302 = PCURVE('',#4173,#5303);
#5303 = DEFINITIONAL_REPRESENTATION('',(#5304),#5308);
#5304 = LINE('',#5305,#5306);
#5305 = CARTESIAN_POINT('',(-19.05,27.5));
#5306 = VECTOR('',#5307,1.);
#5307 = DIRECTION('',(1.,0.));
#5308 = ( GEOMETRIC_REPRESENTATION_CONTEXT(2) 
PARAMETRIC_REPRESENTATION_CONTEXT() REPRESENTATION_CONTEXT('2D SPACE',''
  ) );
#5309 = PCURVE('',#5310,#5315);
#5310 = PLANE('',#5311);
#5311 = AXIS2_PLACEMENT_3D('',#5312,#5313,#5314);
#5312 = CARTESIAN_POINT('',(-19.05,27.5,2.4));
#5313 = DIRECTION('',(0.,1.,0.));
#5314 = DIRECTION('',(0.,0.,1.));
#5315 = DEFINITIONAL_REPRESENTATION('',(#5316),#5320);
#5316 = LINE('',#5317,#5318);
#5317 = CARTESIAN_POINT('',(0.,0.));
#5318 = VECTOR('',#5319,1.);
#5319 = DIRECTION('',(0.,1.));
#5320 = ( GEOMETRIC_REPRESENTATION_CONTEXT(2) 
PARAMETRIC_REPRESENTATION_CONTEXT() REPRESENTATION_CONTEXT('2D SPACE',''
  ) );
#5321 = ORIENTED_EDGE('',*,*,#5322,.F.);
#5322 = EDGE_CURVE('',#5323,#5295,#5325,.T.);
#5323 = VERTEX_POINT('',#5324);
#5324 = CARTESIAN_POINT('',(-17.45,8.8,2.4));
#5325 = SURFACE_CURVE('',#5326,(#5330,#5337),.PCURVE_S1.);
#5326 = LINE('',#5327,#5328);
#5327 = CARTESIAN_POINT('',(-17.45,8.5,2.4));
#5328 = VECTOR('',#5329,1.);
#5329 = DIRECTION('',(0.,1.,0.));
#5330 = PCURVE('',#4173,#5331);
#5331 = DEFINITIONAL_REPRESENTATION('',(#5332),#5336);
#5332 = LINE('',#5333,#5334);
#5333 = CARTESIAN_POINT('',(-17.45,8.5));
#5334 = VECTOR('',#5335,1.);
#5335 = DIRECTION('',(0.,1.));
#5336 = ( GEOMETRIC_REPRESENTATION_CONTEXT(2) 
PARAMETRIC_REPRESENTATION_CONTEXT() REPRESENTATION_CONTEXT('2D SPACE',''
  ) );
#5337 = PCURVE('',#5338,#5343);
#5338 = PLANE('',#5339);
#5339 = AXIS2_PLACEMENT_3D('',#5340,#5341,#5342);
#5340 = CARTESIAN_POINT('',(-17.45,8.5,2.4));
#5341 = DIRECTION('',(1.,0.,0.));
#5342 = DIRECTION('',(0.,0.,1.));
#5343 = DEFINITIONAL_REPRESENTATION('',(#5344),#5348);
#5344 = LINE('',#5345,#5346);
#5345 = CARTESIAN_POINT('',(0.,0.));
#5346 = VECTOR('',#5347,1.);
#5347 = DIRECTION('',(0.,-1.));
#5348 = ( GEOMETRIC_REPRESENTATION_CONTEXT(2) 
PARAMETRIC_REPRESENTATION_CONTEXT() REPRESENTATION_CONTEXT('2D SPACE',''
  ) );
#5349 = ORIENTED_EDGE('',*,*,#5350,.T.);
#5350 = EDGE_CURVE('',#5323,#5351,#5353,.T.);
#5351 = VERTEX_POINT('',#5352);
#5352 = CARTESIAN_POINT('',(17.45,8.8,2.4));
#5353 = SURFACE_CURVE('',#5354,(#5358,#5365),.PCURVE_S1.);
#5354 = LINE('',#5355,#5356);
#5355 = CARTESIAN_POINT('',(-19.05,8.8,2.4));
#5356 = VECTOR('',#5357,1.);
#5357 = DIRECTION('',(1.,0.,0.));
#5358 = PCURVE('',#4173,#5359);
#5359 = DEFINITIONAL_REPRESENTATION('',(#5360),#5364);
#5360 = LINE('',#5361,#5362);
#5361 = CARTESIAN_POINT('',(-19.05,8.8));
#5362 = VECTOR('',#5363,1.);
#5363 = DIRECTION('',(1.,0.));
#5364 = ( GEOMETRIC_REPRESENTATION_CONTEXT(2) 
PARAMETRIC_REPRESENTATION_CONTEXT() REPRESENTATION_CONTEXT('2D SPACE',''
  ) );
#5365 = PCURVE('',#5366,#5371);
#5366 = PLANE('',#5367);
#5367 = AXIS2_PLACEMENT_3D('',#5368,#5369,#5370);
#5368 = CARTESIAN_POINT('',(-19.05,8.8,2.4));
#5369 = DIRECTION('',(0.,1.,0.));
#5370 = DIRECTION('',(0.,0.,1.));
#5371 = DEFINITIONAL_REPRESENTATION('',(#5372),#5376);
#5372 = LINE('',#5373,#5374);
#5373 = CARTESIAN_POINT('',(0.,0.));
#5374 = VECTOR('',#5375,1.);
#5375 = DIRECTION('',(0.,1.));
#5376 = ( GEOMETRIC_REPRESENTATION_CONTEXT(2) 
PARAMETRIC_REPRESENTATION_CONTEXT() REPRESENTATION_CONTEXT('2D SPACE',''
  ) );
#5377 = ORIENTED_EDGE('',*,*,#5378,.T.);
#5378 = EDGE_CURVE('',#5351,#5379,#5381,.T.);
#5379 = VERTEX_POINT('',#5380);
#5380 = CARTESIAN_POINT('',(17.45,27.5,2.4));
#5381 = SURFACE_CURVE('',#5382,(#5386,#5393),.PCURVE_S1.);
#5382 = LINE('',#5383,#5384);
#5383 = CARTESIAN_POINT('',(17.45,8.5,2.4));
#5384 = VECTOR('',#5385,1.);
#5385 = DIRECTION('',(0.,1.,0.));
#5386 = PCURVE('',#4173,#5387);
#5387 = DEFINITIONAL_REPRESENTATION('',(#5388),#5392);
#5388 = LINE('',#5389,#5390);
#5389 = CARTESIAN_POINT('',(17.45,8.5));
#5390 = VECTOR('',#5391,1.);
#5391 = DIRECTION('',(0.,1.));
#5392 = ( GEOMETRIC_REPRESENTATION_CONTEXT(2) 
PARAMETRIC_REPRESENTATION_CONTEXT() REPRESENTATION_CONTEXT('2D SPACE',''
  ) );
#5393 = PCURVE('',#5394,#5399);
#5394 = PLANE('',#5395);
#5395 = AXIS2_PLACEMENT_3D('',#5396,#5397,#5398);
#5396 = CARTESIAN_POINT('',(17.45,8.5,2.4));
#5397 = DIRECTION('',(1.,0.,0.));
#5398 = DIRECTION('',(0.,0.,1.));
#5399 = DEFINITIONAL_REPRESENTATION('',(#5400),#5404);
#5400 = LINE('',#5401,#5402);
#5401 = CARTESIAN_POINT('',(0.,0.));
#5402 = VECTOR('',#5403,1.);
#5403 = DIRECTION('',(0.,-1.));
#5404 = ( GEOMETRIC_REPRESENTATION_CONTEXT(2) 
PARAMETRIC_REPRESENTATION_CONTEXT() REPRESENTATION_CONTEXT('2D SPACE',''
  ) );
#5405 = ORIENTED_EDGE('',*,*,#5406,.T.);
#5406 = EDGE_CURVE('',#5379,#5407,#5409,.T.);
#5407 = VERTEX_POINT('',#5408);
#5408 = CARTESIAN_POINT('',(19.05,27.5,2.4));
#5409 = SURFACE_CURVE('',#5410,(#5414,#5421),.PCURVE_S1.);
#5410 = LINE('',#5411,#5412);
#5411 = CARTESIAN_POINT('',(17.45,27.5,2.4));
#5412 = VECTOR('',#5413,1.);
#5413 = DIRECTION('',(1.,0.,0.));
#5414 = PCURVE('',#4173,#5415);
#5415 = DEFINITIONAL_REPRESENTATION('',(#5416),#5420);
#5416 = LINE('',#5417,#5418);
#5417 = CARTESIAN_POINT('',(17.45,27.5));
#5418 = VECTOR('',#5419,1.);
#5419 = DIRECTION('',(1.,0.));
#5420 = ( GEOMETRIC_REPRESENTATION_CONTEXT(2) 
PARAMETRIC_REPRESENTATION_CONTEXT() REPRESENTATION_CONTEXT('2D SPACE',''
  ) );
#5421 = PCURVE('',#5422,#5427);
#5422 = PLANE('',#5423);
#5423 = AXIS2_PLACEMENT_3D('',#5424,#5425,#5426);
#5424 = CARTESIAN_POINT('',(17.45,27.5,2.4));
#5425 = DIRECTION('',(0.,1.,0.));
#5426 = DIRECTION('',(0.,0.,1.));
#5427 = DEFINITIONAL_REPRESENTATION('',(#5428),#5432);
#5428 = LINE('',#5429,#5430);
#5429 = CARTESIAN_POINT('',(0.,0.));
#5430 = VECTOR('',#5431,1.);
#5431 = DIRECTION('',(0.,1.));
#5432 = ( GEOMETRIC_REPRESENTATION_CONTEXT(2) 
PARAMETRIC_REPRESENTATION_CONTEXT() REPRESENTATION_CONTEXT('2D SPACE',''
  ) );
#5433 = ORIENTED_EDGE('',*,*,#5434,.T.);
#5434 = EDGE_CURVE('',#5407,#5435,#5437,.T.);
#5435 = VERTEX_POINT('',#5436);
#5436 = CARTESIAN_POINT('',(19.05,7.2,2.4));
#5437 = SURFACE_CURVE('',#5438,(#5442,#5449),.PCURVE_S1.);
#5438 = LINE('',#5439,#5440);
#5439 = CARTESIAN_POINT('',(19.05,27.5,2.4));
#5440 = VECTOR('',#5441,1.);
#5441 = DIRECTION('',(0.,-1.,0.));
#5442 = PCURVE('',#4173,#5443);
#5443 = DEFINITIONAL_REPRESENTATION('',(#5444),#5448);
#5444 = LINE('',#5445,#5446);
#5445 = CARTESIAN_POINT('',(19.05,27.5));
#5446 = VECTOR('',#5447,1.);
#5447 = DIRECTION('',(0.,-1.));
#5448 = ( GEOMETRIC_REPRESENTATION_CONTEXT(2) 
PARAMETRIC_REPRESENTATION_CONTEXT() REPRESENTATION_CONTEXT('2D SPACE',''
  ) );
#5449 = PCURVE('',#5450,#5455);
#5450 = PLANE('',#5451);
#5451 = AXIS2_PLACEMENT_3D('',#5452,#5453,#5454);
#5452 = CARTESIAN_POINT('',(19.05,7.2,2.4));
#5453 = DIRECTION('',(1.,0.,0.));
#5454 = DIRECTION('',(0.,0.,1.));
#5455 = DEFINITIONAL_REPRESENTATION('',(#5456),#5460);
#5456 = LINE('',#5457,#5458);
#5457 = CARTESIAN_POINT('',(0.,-20.3));
#5458 = VECTOR('',#5459,1.);
#5459 = DIRECTION('',(0.,1.));
#5460 = ( GEOMETRIC_REPRESENTATION_CONTEXT(2) 
PARAMETRIC_REPRESENTATION_CONTEXT() REPRESENTATION_CONTEXT('2D SPACE',''
  ) );
#5461 = ORIENTED_EDGE('',*,*,#5462,.F.);
#5462 = EDGE_CURVE('',#5265,#5435,#5463,.T.);
#5463 = SURFACE_CURVE('',#5464,(#5468,#5475),.PCURVE_S1.);
#5464 = LINE('',#5465,#5466);
#5465 = CARTESIAN_POINT('',(-19.05,7.2,2.4));
#5466 = VECTOR('',#5467,1.);
#5467 = DIRECTION('',(1.,0.,0.));
#5468 = PCURVE('',#4173,#5469);
#5469 = DEFINITIONAL_REPRESENTATION('',(#5470),#5474);
#5470 = LINE('',#5471,#5472);
#5471 = CARTESIAN_POINT('',(-19.05,7.2));
#5472 = VECTOR('',#5473,1.);
#5473 = DIRECTION('',(1.,0.));
#5474 = ( GEOMETRIC_REPRESENTATION_CONTEXT(2) 
PARAMETRIC_REPRESENTATION_CONTEXT() REPRESENTATION_CONTEXT('2D SPACE',''
  ) );
#5475 = PCURVE('',#5476,#5481);
#5476 = PLANE('',#5477);
#5477 = AXIS2_PLACEMENT_3D('',#5478,#5479,#5480);
#5478 = CARTESIAN_POINT('',(-19.05,7.2,2.4));
#5479 = DIRECTION('',(0.,1.,0.));
#5480 = DIRECTION('',(0.,0.,1.));
#5481 = DEFINITIONAL_REPRESENTATION('',(#5482),#5486);
#5482 = LINE('',#5483,#5484);
#5483 = CARTESIAN_POINT('',(0.,0.));
#5484 = VECTOR('',#5485,1.);
#5485 = DIRECTION('',(0.,1.));
#5486 = ( GEOMETRIC_REPRESENTATION_CONTEXT(2) 
PARAMETRIC_REPRESENTATION_CONTEXT() REPRESENTATION_CONTEXT('2D SPACE',''
  ) );
#5487 = FACE_BOUND('',#5488,.T.);
#5488 = EDGE_LOOP('',(#5489));
#5489 = ORIENTED_EDGE('',*,*,#5490,.T.);
#5490 = EDGE_CURVE('',#5491,#5491,#5493,.T.);
#5491 = VERTEX_POINT('',#5492);
#5492 = CARTESIAN_POINT('',(22.2,23.,2.4));
#5493 = SURFACE_CURVE('',#5494,(#5499,#5510),.PCURVE_S1.);
#5494 = CIRCLE('',#5495,1.2);
#5495 = AXIS2_PLACEMENT_3D('',#5496,#5497,#5498);
#5496 = CARTESIAN_POINT('',(21.,23.,2.4));
#5497 = DIRECTION('',(0.,0.,-1.));
#5498 = DIRECTION('',(1.,0.,0.));
#5499 = PCURVE('',#4173,#5500);
#5500 = DEFINITIONAL_REPRESENTATION('',(#5501),#5509);
#5501 = ( BOUNDED_CURVE() B_SPLINE_CURVE(2,(#5502,#5503,#5504,#5505,
#5506,#5507,#5508),.UNSPECIFIED.,.T.,.F.) B_SPLINE_CURVE_WITH_KNOTS((1,2
    ,2,2,2,1),(-2.094395102393,0.,2.094395102393,4.188790204786,
6.28318530718,8.377580409573),.UNSPECIFIED.) CURVE() 
GEOMETRIC_REPRESENTATION_ITEM() RATIONAL_B_SPLINE_CURVE((1.,0.5,1.,0.5,
1.,0.5,1.)) REPRESENTATION_ITEM('') );
#5502 = CARTESIAN_POINT('',(22.2,23.));
#5503 = CARTESIAN_POINT('',(22.2,20.921539030917));
#5504 = CARTESIAN_POINT('',(20.4,21.960769515459));
#5505 = CARTESIAN_POINT('',(18.6,23.));
#5506 = CARTESIAN_POINT('',(20.4,24.039230484541));
#5507 = CARTESIAN_POINT('',(22.2,25.078460969083));
#5508 = CARTESIAN_POINT('',(22.2,23.));
#5509 = ( GEOMETRIC_REPRESENTATION_CONTEXT(2) 
PARAMETRIC_REPRESENTATION_CONTEXT() REPRESENTATION_CONTEXT('2D SPACE',''
  ) );
#5510 = PCURVE('',#5511,#5516);
#5511 = CYLINDRICAL_SURFACE('',#5512,1.2);
#5512 = AXIS2_PLACEMENT_3D('',#5513,#5514,#5515);
#5513 = CARTESIAN_POINT('',(21.,23.,0.));
#5514 = DIRECTION('',(-0.,-0.,-1.));
#5515 = DIRECTION('',(1.,0.,0.));
#5516 = DEFINITIONAL_REPRESENTATION('',(#5517),#5521);
#5517 = LINE('',#5518,#5519);
#5518 = CARTESIAN_POINT('',(-6.28318530718,-2.4));
#5519 = VECTOR('',#5520,1.);
#5520 = DIRECTION('',(1.,-0.));
#5521 = ( GEOMETRIC_REPRESENTATION_CONTEXT(2) 
PARAMETRIC_REPRESENTATION_CONTEXT() REPRESENTATION_CONTEXT('2D SPACE',''
  ) );
#5522 = ADVANCED_FACE('',(#5523),#4282,.F.);
#5523 = FACE_BOUND('',#5524,.F.);
#5524 = EDGE_LOOP('',(#5525,#5546,#5547,#5548));
#5525 = ORIENTED_EDGE('',*,*,#5526,.T.);
#5526 = EDGE_CURVE('',#4398,#4814,#5527,.T.);
#5527 = SURFACE_CURVE('',#5528,(#5532,#5539),.PCURVE_S1.);
#5528 = LINE('',#5529,#5530);
#5529 = CARTESIAN_POINT('',(-25.775,22.025,0.));
#5530 = VECTOR('',#5531,1.);
#5531 = DIRECTION('',(0.,0.,1.));
#5532 = PCURVE('',#4282,#5533);
#5533 = DEFINITIONAL_REPRESENTATION('',(#5534),#5538);
#5534 = LINE('',#5535,#5536);
#5535 = CARTESIAN_POINT('',(0.,0.));
#5536 = VECTOR('',#5537,1.);
#5537 = DIRECTION('',(0.,-1.));
#5538 = ( GEOMETRIC_REPRESENTATION_CONTEXT(2) 
PARAMETRIC_REPRESENTATION_CONTEXT() REPRESENTATION_CONTEXT('2D SPACE',''
  ) );
#5539 = PCURVE('',#4518,#5540);
#5540 = DEFINITIONAL_REPRESENTATION('',(#5541),#5545);
#5541 = LINE('',#5542,#5543);
#5542 = CARTESIAN_POINT('',(-3.14159265359,0.));
#5543 = VECTOR('',#5544,1.);
#5544 = DIRECTION('',(-0.,-1.));
#5545 = ( GEOMETRIC_REPRESENTATION_CONTEXT(2) 
PARAMETRIC_REPRESENTATION_CONTEXT() REPRESENTATION_CONTEXT('2D SPACE',''
  ) );
#5546 = ORIENTED_EDGE('',*,*,#4813,.T.);
#5547 = ORIENTED_EDGE('',*,*,#4266,.F.);
#5548 = ORIENTED_EDGE('',*,*,#4397,.F.);
#5549 = ADVANCED_FACE('',(#5550),#4337,.F.);
#5550 = FACE_BOUND('',#5551,.F.);
#5551 = EDGE_LOOP('',(#5552,#5553,#5554,#5574));
#5552 = ORIENTED_EDGE('',*,*,#4320,.T.);
#5553 = ORIENTED_EDGE('',*,*,#4839,.T.);
#5554 = ORIENTED_EDGE('',*,*,#5555,.F.);
#5555 = EDGE_CURVE('',#4424,#4840,#5556,.T.);
#5556 = SURFACE_CURVE('',#5557,(#5561,#5568),.PCURVE_S1.);
#5557 = LINE('',#5558,#5559);
#5558 = CARTESIAN_POINT('',(25.775,22.025,0.));
#5559 = VECTOR('',#5560,1.);
#5560 = DIRECTION('',(0.,0.,1.));
#5561 = PCURVE('',#4337,#5562);
#5562 = DEFINITIONAL_REPRESENTATION('',(#5563),#5567);
#5563 = LINE('',#5564,#5565);
#5564 = CARTESIAN_POINT('',(44.05,0.));
#5565 = VECTOR('',#5566,1.);
#5566 = DIRECTION('',(0.,-1.));
#5567 = ( GEOMETRIC_REPRESENTATION_CONTEXT(2) 
PARAMETRIC_REPRESENTATION_CONTEXT() REPRESENTATION_CONTEXT('2D SPACE',''
  ) );
#5568 = PCURVE('',#4463,#5569);
#5569 = DEFINITIONAL_REPRESENTATION('',(#5570),#5573);
#5570 = B_SPLINE_CURVE_WITH_KNOTS('',1,(#5571,#5572),.UNSPECIFIED.,.F.,
  .F.,(2,2),(0.,2.4),.PIECEWISE_BEZIER_KNOTS.);
#5571 = CARTESIAN_POINT('',(0.,0.));
#5572 = CARTESIAN_POINT('',(0.,-2.4));
#5573 = ( GEOMETRIC_REPRESENTATION_CONTEXT(2) 
PARAMETRIC_REPRESENTATION_CONTEXT() REPRESENTATION_CONTEXT('2D SPACE',''
  ) );
#5574 = ORIENTED_EDGE('',*,*,#4423,.F.);
#5575 = ADVANCED_FACE('',(#5576),#4518,.T.);
#5576 = FACE_BOUND('',#5577,.F.);
#5577 = EDGE_LOOP('',(#5578,#5579,#5600,#5601));
#5578 = ORIENTED_EDGE('',*,*,#4503,.F.);
#5579 = ORIENTED_EDGE('',*,*,#5580,.T.);
#5580 = EDGE_CURVE('',#4476,#4887,#5581,.T.);
#5581 = SURFACE_CURVE('',#5582,(#5586,#5593),.PCURVE_S1.);
#5582 = LINE('',#5583,#5584);
#5583 = CARTESIAN_POINT('',(-20.025,27.775,0.));
#5584 = VECTOR('',#5585,1.);
#5585 = DIRECTION('',(0.,0.,1.));
#5586 = PCURVE('',#4518,#5587);
#5587 = DEFINITIONAL_REPRESENTATION('',(#5588),#5592);
#5588 = LINE('',#5589,#5590);
#5589 = CARTESIAN_POINT('',(-1.570796326795,0.));
#5590 = VECTOR('',#5591,1.);
#5591 = DIRECTION('',(-0.,-1.));
#5592 = ( GEOMETRIC_REPRESENTATION_CONTEXT(2) 
PARAMETRIC_REPRESENTATION_CONTEXT() REPRESENTATION_CONTEXT('2D SPACE',''
  ) );
#5593 = PCURVE('',#4491,#5594);
#5594 = DEFINITIONAL_REPRESENTATION('',(#5595),#5599);
#5595 = LINE('',#5596,#5597);
#5596 = CARTESIAN_POINT('',(40.05,0.));
#5597 = VECTOR('',#5598,1.);
#5598 = DIRECTION('',(0.,-1.));
#5599 = ( GEOMETRIC_REPRESENTATION_CONTEXT(2) 
PARAMETRIC_REPRESENTATION_CONTEXT() REPRESENTATION_CONTEXT('2D SPACE',''
  ) );
#5600 = ORIENTED_EDGE('',*,*,#4909,.T.);
#5601 = ORIENTED_EDGE('',*,*,#5526,.F.);
#5602 = ADVANCED_FACE('',(#5603),#4491,.F.);
#5603 = FACE_BOUND('',#5604,.F.);
#5604 = EDGE_LOOP('',(#5605,#5626,#5627,#5628));
#5605 = ORIENTED_EDGE('',*,*,#5606,.T.);
#5606 = EDGE_CURVE('',#4447,#4863,#5607,.T.);
#5607 = SURFACE_CURVE('',#5608,(#5612,#5619),.PCURVE_S1.);
#5608 = LINE('',#5609,#5610);
#5609 = CARTESIAN_POINT('',(20.025,27.775,0.));
#5610 = VECTOR('',#5611,1.);
#5611 = DIRECTION('',(0.,0.,1.));
#5612 = PCURVE('',#4491,#5613);
#5613 = DEFINITIONAL_REPRESENTATION('',(#5614),#5618);
#5614 = LINE('',#5615,#5616);
#5615 = CARTESIAN_POINT('',(0.,-0.));
#5616 = VECTOR('',#5617,1.);
#5617 = DIRECTION('',(0.,-1.));
#5618 = ( GEOMETRIC_REPRESENTATION_CONTEXT(2) 
PARAMETRIC_REPRESENTATION_CONTEXT() REPRESENTATION_CONTEXT('2D SPACE',''
  ) );
#5619 = PCURVE('',#4463,#5620);
#5620 = DEFINITIONAL_REPRESENTATION('',(#5621),#5625);
#5621 = LINE('',#5622,#5623);
#5622 = CARTESIAN_POINT('',(-1.570796326795,0.));
#5623 = VECTOR('',#5624,1.);
#5624 = DIRECTION('',(-0.,-1.));
#5625 = ( GEOMETRIC_REPRESENTATION_CONTEXT(2) 
PARAMETRIC_REPRESENTATION_CONTEXT() REPRESENTATION_CONTEXT('2D SPACE',''
  ) );
#5626 = ORIENTED_EDGE('',*,*,#4886,.T.);
#5627 = ORIENTED_EDGE('',*,*,#5580,.F.);
#5628 = ORIENTED_EDGE('',*,*,#4475,.F.);
#5629 = ADVANCED_FACE('',(#5630),#4463,.T.);
#5630 = FACE_BOUND('',#5631,.F.);
#5631 = EDGE_LOOP('',(#5632,#5633,#5634,#5635));
#5632 = ORIENTED_EDGE('',*,*,#4446,.F.);
#5633 = ORIENTED_EDGE('',*,*,#5555,.T.);
#5634 = ORIENTED_EDGE('',*,*,#4862,.T.);
#5635 = ORIENTED_EDGE('',*,*,#5606,.F.);
#5636 = ADVANCED_FACE('',(#5637),#4553,.F.);
#5637 = FACE_BOUND('',#5638,.T.);
#5638 = EDGE_LOOP('',(#5639,#5640,#5663,#5690));
#5639 = ORIENTED_EDGE('',*,*,#4532,.T.);
#5640 = ORIENTED_EDGE('',*,*,#5641,.T.);
#5641 = EDGE_CURVE('',#4533,#5642,#5644,.T.);
#5642 = VERTEX_POINT('',#5643);
#5643 = CARTESIAN_POINT('',(-18.85,-23.,1.24));
#5644 = SEAM_CURVE('',#5645,(#5649,#5656),.PCURVE_S1.);
#5645 = LINE('',#5646,#5647);
#5646 = CARTESIAN_POINT('',(-18.85,-23.,-1.E-02));
#5647 = VECTOR('',#5648,1.);
#5648 = DIRECTION('',(0.,0.,1.));
#5649 = PCURVE('',#4553,#5650);
#5650 = DEFINITIONAL_REPRESENTATION('',(#5651),#5655);
#5651 = LINE('',#5652,#5653);
#5652 = CARTESIAN_POINT('',(-6.28318530718,0.));
#5653 = VECTOR('',#5654,1.);
#5654 = DIRECTION('',(-0.,-1.));
#5655 = ( GEOMETRIC_REPRESENTATION_CONTEXT(2) 
PARAMETRIC_REPRESENTATION_CONTEXT() REPRESENTATION_CONTEXT('2D SPACE',''
  ) );
#5656 = PCURVE('',#4553,#5657);
#5657 = DEFINITIONAL_REPRESENTATION('',(#5658),#5662);
#5658 = LINE('',#5659,#5660);
#5659 = CARTESIAN_POINT('',(-0.,0.));
#5660 = VECTOR('',#5661,1.);
#5661 = DIRECTION('',(-0.,-1.));
#5662 = ( GEOMETRIC_REPRESENTATION_CONTEXT(2) 
PARAMETRIC_REPRESENTATION_CONTEXT() REPRESENTATION_CONTEXT('2D SPACE',''
  ) );
#5663 = ORIENTED_EDGE('',*,*,#5664,.T.);
#5664 = EDGE_CURVE('',#5642,#5642,#5665,.T.);
#5665 = SURFACE_CURVE('',#5666,(#5671,#5678),.PCURVE_S1.);
#5666 = CIRCLE('',#5667,2.15);
#5667 = AXIS2_PLACEMENT_3D('',#5668,#5669,#5670);
#5668 = CARTESIAN_POINT('',(-21.,-23.,1.24));
#5669 = DIRECTION('',(0.,0.,1.));
#5670 = DIRECTION('',(1.,0.,0.));
#5671 = PCURVE('',#4553,#5672);
#5672 = DEFINITIONAL_REPRESENTATION('',(#5673),#5677);
#5673 = LINE('',#5674,#5675);
#5674 = CARTESIAN_POINT('',(-0.,-1.25));
#5675 = VECTOR('',#5676,1.);
#5676 = DIRECTION('',(-1.,0.));
#5677 = ( GEOMETRIC_REPRESENTATION_CONTEXT(2) 
PARAMETRIC_REPRESENTATION_CONTEXT() REPRESENTATION_CONTEXT('2D SPACE',''
  ) );
#5678 = PCURVE('',#5679,#5684);
#5679 = PLANE('',#5680);
#5680 = AXIS2_PLACEMENT_3D('',#5681,#5682,#5683);
#5681 = CARTESIAN_POINT('',(-21.,-23.,1.24));
#5682 = DIRECTION('',(0.,0.,1.));
#5683 = DIRECTION('',(1.,0.,-0.));
#5684 = DEFINITIONAL_REPRESENTATION('',(#5685),#5689);
#5685 = CIRCLE('',#5686,2.15);
#5686 = AXIS2_PLACEMENT_2D('',#5687,#5688);
#5687 = CARTESIAN_POINT('',(0.,0.));
#5688 = DIRECTION('',(1.,0.));
#5689 = ( GEOMETRIC_REPRESENTATION_CONTEXT(2) 
PARAMETRIC_REPRESENTATION_CONTEXT() REPRESENTATION_CONTEXT('2D SPACE',''
  ) );
#5690 = ORIENTED_EDGE('',*,*,#5641,.F.);
#5691 = ADVANCED_FACE('',(#5692),#4588,.F.);
#5692 = FACE_BOUND('',#5693,.T.);
#5693 = EDGE_LOOP('',(#5694,#5695,#5718,#5745));
#5694 = ORIENTED_EDGE('',*,*,#4567,.T.);
#5695 = ORIENTED_EDGE('',*,*,#5696,.T.);
#5696 = EDGE_CURVE('',#4568,#5697,#5699,.T.);
#5697 = VERTEX_POINT('',#5698);
#5698 = CARTESIAN_POINT('',(-10.8,-17.,0.35));
#5699 = SEAM_CURVE('',#5700,(#5704,#5711),.PCURVE_S1.);
#5700 = LINE('',#5701,#5702);
#5701 = CARTESIAN_POINT('',(-10.8,-17.,-1.E-02));
#5702 = VECTOR('',#5703,1.);
#5703 = DIRECTION('',(0.,0.,1.));
#5704 = PCURVE('',#4588,#5705);
#5705 = DEFINITIONAL_REPRESENTATION('',(#5706),#5710);
#5706 = LINE('',#5707,#5708);
#5707 = CARTESIAN_POINT('',(-6.28318530718,0.));
#5708 = VECTOR('',#5709,1.);
#5709 = DIRECTION('',(-0.,-1.));
#5710 = ( GEOMETRIC_REPRESENTATION_CONTEXT(2) 
PARAMETRIC_REPRESENTATION_CONTEXT() REPRESENTATION_CONTEXT('2D SPACE',''
  ) );
#5711 = PCURVE('',#4588,#5712);
#5712 = DEFINITIONAL_REPRESENTATION('',(#5713),#5717);
#5713 = LINE('',#5714,#5715);
#5714 = CARTESIAN_POINT('',(-0.,0.));
#5715 = VECTOR('',#5716,1.);
#5716 = DIRECTION('',(-0.,-1.));
#5717 = ( GEOMETRIC_REPRESENTATION_CONTEXT(2) 
PARAMETRIC_REPRESENTATION_CONTEXT() REPRESENTATION_CONTEXT('2D SPACE',''
  ) );
#5718 = ORIENTED_EDGE('',*,*,#5719,.T.);
#5719 = EDGE_CURVE('',#5697,#5697,#5720,.T.);
#5720 = SURFACE_CURVE('',#5721,(#5726,#5733),.PCURVE_S1.);
#5721 = CIRCLE('',#5722,5.2);
#5722 = AXIS2_PLACEMENT_3D('',#5723,#5724,#5725);
#5723 = CARTESIAN_POINT('',(-16.,-17.,0.35));
#5724 = DIRECTION('',(0.,0.,1.));
#5725 = DIRECTION('',(1.,0.,0.));
#5726 = PCURVE('',#4588,#5727);
#5727 = DEFINITIONAL_REPRESENTATION('',(#5728),#5732);
#5728 = LINE('',#5729,#5730);
#5729 = CARTESIAN_POINT('',(-0.,-0.36));
#5730 = VECTOR('',#5731,1.);
#5731 = DIRECTION('',(-1.,0.));
#5732 = ( GEOMETRIC_REPRESENTATION_CONTEXT(2) 
PARAMETRIC_REPRESENTATION_CONTEXT() REPRESENTATION_CONTEXT('2D SPACE',''
  ) );
#5733 = PCURVE('',#5734,#5739);
#5734 = PLANE('',#5735);
#5735 = AXIS2_PLACEMENT_3D('',#5736,#5737,#5738);
#5736 = CARTESIAN_POINT('',(-16.,-17.,0.35));
#5737 = DIRECTION('',(0.,0.,1.));
#5738 = DIRECTION('',(1.,0.,-0.));
#5739 = DEFINITIONAL_REPRESENTATION('',(#5740),#5744);
#5740 = CIRCLE('',#5741,5.2);
#5741 = AXIS2_PLACEMENT_2D('',#5742,#5743);
#5742 = CARTESIAN_POINT('',(0.,0.));
#5743 = DIRECTION('',(1.,0.));
#5744 = ( GEOMETRIC_REPRESENTATION_CONTEXT(2) 
PARAMETRIC_REPRESENTATION_CONTEXT() REPRESENTATION_CONTEXT('2D SPACE',''
  ) );
#5745 = ORIENTED_EDGE('',*,*,#5696,.F.);
#5746 = ADVANCED_FACE('',(#5747),#4623,.F.);
#5747 = FACE_BOUND('',#5748,.T.);
#5748 = EDGE_LOOP('',(#5749,#5750,#5773,#5800));
#5749 = ORIENTED_EDGE('',*,*,#4602,.T.);
#5750 = ORIENTED_EDGE('',*,*,#5751,.T.);
#5751 = EDGE_CURVE('',#4603,#5752,#5754,.T.);
#5752 = VERTEX_POINT('',#5753);
#5753 = CARTESIAN_POINT('',(23.15,-23.,1.24));
#5754 = SEAM_CURVE('',#5755,(#5759,#5766),.PCURVE_S1.);
#5755 = LINE('',#5756,#5757);
#5756 = CARTESIAN_POINT('',(23.15,-23.,-1.E-02));
#5757 = VECTOR('',#5758,1.);
#5758 = DIRECTION('',(0.,0.,1.));
#5759 = PCURVE('',#4623,#5760);
#5760 = DEFINITIONAL_REPRESENTATION('',(#5761),#5765);
#5761 = LINE('',#5762,#5763);
#5762 = CARTESIAN_POINT('',(-6.28318530718,0.));
#5763 = VECTOR('',#5764,1.);
#5764 = DIRECTION('',(-0.,-1.));
#5765 = ( GEOMETRIC_REPRESENTATION_CONTEXT(2) 
PARAMETRIC_REPRESENTATION_CONTEXT() REPRESENTATION_CONTEXT('2D SPACE',''
  ) );
#5766 = PCURVE('',#4623,#5767);
#5767 = DEFINITIONAL_REPRESENTATION('',(#5768),#5772);
#5768 = LINE('',#5769,#5770);
#5769 = CARTESIAN_POINT('',(-0.,0.));
#5770 = VECTOR('',#5771,1.);
#5771 = DIRECTION('',(-0.,-1.));
#5772 = ( GEOMETRIC_REPRESENTATION_CONTEXT(2) 
PARAMETRIC_REPRESENTATION_CONTEXT() REPRESENTATION_CONTEXT('2D SPACE',''
  ) );
#5773 = ORIENTED_EDGE('',*,*,#5774,.T.);
#5774 = EDGE_CURVE('',#5752,#5752,#5775,.T.);
#5775 = SURFACE_CURVE('',#5776,(#5781,#5788),.PCURVE_S1.);
#5776 = CIRCLE('',#5777,2.15);
#5777 = AXIS2_PLACEMENT_3D('',#5778,#5779,#5780);
#5778 = CARTESIAN_POINT('',(21.,-23.,1.24));
#5779 = DIRECTION('',(0.,0.,1.));
#5780 = DIRECTION('',(1.,0.,0.));
#5781 = PCURVE('',#4623,#5782);
#5782 = DEFINITIONAL_REPRESENTATION('',(#5783),#5787);
#5783 = LINE('',#5784,#5785);
#5784 = CARTESIAN_POINT('',(-0.,-1.25));
#5785 = VECTOR('',#5786,1.);
#5786 = DIRECTION('',(-1.,0.));
#5787 = ( GEOMETRIC_REPRESENTATION_CONTEXT(2) 
PARAMETRIC_REPRESENTATION_CONTEXT() REPRESENTATION_CONTEXT('2D SPACE',''
  ) );
#5788 = PCURVE('',#5789,#5794);
#5789 = PLANE('',#5790);
#5790 = AXIS2_PLACEMENT_3D('',#5791,#5792,#5793);
#5791 = CARTESIAN_POINT('',(21.,-23.,1.24));
#5792 = DIRECTION('',(0.,0.,1.));
#5793 = DIRECTION('',(1.,0.,-0.));
#5794 = DEFINITIONAL_REPRESENTATION('',(#5795),#5799);
#5795 = CIRCLE('',#5796,2.15);
#5796 = AXIS2_PLACEMENT_2D('',#5797,#5798);
#5797 = CARTESIAN_POINT('',(0.,0.));
#5798 = DIRECTION('',(1.,0.));
#5799 = ( GEOMETRIC_REPRESENTATION_CONTEXT(2) 
PARAMETRIC_REPRESENTATION_CONTEXT() REPRESENTATION_CONTEXT('2D SPACE',''
  ) );
#5800 = ORIENTED_EDGE('',*,*,#5751,.F.);
#5801 = ADVANCED_FACE('',(#5802),#4658,.F.);
#5802 = FACE_BOUND('',#5803,.T.);
#5803 = EDGE_LOOP('',(#5804,#5805,#5828,#5855));
#5804 = ORIENTED_EDGE('',*,*,#4637,.T.);
#5805 = ORIENTED_EDGE('',*,*,#5806,.T.);
#5806 = EDGE_CURVE('',#4638,#5807,#5809,.T.);
#5807 = VERTEX_POINT('',#5808);
#5808 = CARTESIAN_POINT('',(21.2,-17.,0.35));
#5809 = SEAM_CURVE('',#5810,(#5814,#5821),.PCURVE_S1.);
#5810 = LINE('',#5811,#5812);
#5811 = CARTESIAN_POINT('',(21.2,-17.,-1.E-02));
#5812 = VECTOR('',#5813,1.);
#5813 = DIRECTION('',(0.,0.,1.));
#5814 = PCURVE('',#4658,#5815);
#5815 = DEFINITIONAL_REPRESENTATION('',(#5816),#5820);
#5816 = LINE('',#5817,#5818);
#5817 = CARTESIAN_POINT('',(-6.28318530718,0.));
#5818 = VECTOR('',#5819,1.);
#5819 = DIRECTION('',(-0.,-1.));
#5820 = ( GEOMETRIC_REPRESENTATION_CONTEXT(2) 
PARAMETRIC_REPRESENTATION_CONTEXT() REPRESENTATION_CONTEXT('2D SPACE',''
  ) );
#5821 = PCURVE('',#4658,#5822);
#5822 = DEFINITIONAL_REPRESENTATION('',(#5823),#5827);
#5823 = LINE('',#5824,#5825);
#5824 = CARTESIAN_POINT('',(-0.,0.));
#5825 = VECTOR('',#5826,1.);
#5826 = DIRECTION('',(-0.,-1.));
#5827 = ( GEOMETRIC_REPRESENTATION_CONTEXT(2) 
PARAMETRIC_REPRESENTATION_CONTEXT() REPRESENTATION_CONTEXT('2D SPACE',''
  ) );
#5828 = ORIENTED_EDGE('',*,*,#5829,.T.);
#5829 = EDGE_CURVE('',#5807,#5807,#5830,.T.);
#5830 = SURFACE_CURVE('',#5831,(#5836,#5843),.PCURVE_S1.);
#5831 = CIRCLE('',#5832,5.2);
#5832 = AXIS2_PLACEMENT_3D('',#5833,#5834,#5835);
#5833 = CARTESIAN_POINT('',(16.,-17.,0.35));
#5834 = DIRECTION('',(0.,0.,1.));
#5835 = DIRECTION('',(1.,0.,0.));
#5836 = PCURVE('',#4658,#5837);
#5837 = DEFINITIONAL_REPRESENTATION('',(#5838),#5842);
#5838 = LINE('',#5839,#5840);
#5839 = CARTESIAN_POINT('',(-0.,-0.36));
#5840 = VECTOR('',#5841,1.);
#5841 = DIRECTION('',(-1.,0.));
#5842 = ( GEOMETRIC_REPRESENTATION_CONTEXT(2) 
PARAMETRIC_REPRESENTATION_CONTEXT() REPRESENTATION_CONTEXT('2D SPACE',''
  ) );
#5843 = PCURVE('',#5844,#5849);
#5844 = PLANE('',#5845);
#5845 = AXIS2_PLACEMENT_3D('',#5846,#5847,#5848);
#5846 = CARTESIAN_POINT('',(16.,-17.,0.35));
#5847 = DIRECTION('',(0.,0.,1.));
#5848 = DIRECTION('',(1.,0.,-0.));
#5849 = DEFINITIONAL_REPRESENTATION('',(#5850),#5854);
#5850 = CIRCLE('',#5851,5.2);
#5851 = AXIS2_PLACEMENT_2D('',#5852,#5853);
#5852 = CARTESIAN_POINT('',(1.7763568394E-15,0.));
#5853 = DIRECTION('',(1.,0.));
#5854 = ( GEOMETRIC_REPRESENTATION_CONTEXT(2) 
PARAMETRIC_REPRESENTATION_CONTEXT() REPRESENTATION_CONTEXT('2D SPACE',''
  ) );
#5855 = ORIENTED_EDGE('',*,*,#5806,.F.);
#5856 = ADVANCED_FACE('',(#5857),#4693,.F.);
#5857 = FACE_BOUND('',#5858,.T.);
#5858 = EDGE_LOOP('',(#5859,#5860,#5883,#5910));
#5859 = ORIENTED_EDGE('',*,*,#4672,.T.);
#5860 = ORIENTED_EDGE('',*,*,#5861,.T.);
#5861 = EDGE_CURVE('',#4673,#5862,#5864,.T.);
#5862 = VERTEX_POINT('',#5863);
#5863 = CARTESIAN_POINT('',(-10.8,15.,0.35));
#5864 = SEAM_CURVE('',#5865,(#5869,#5876),.PCURVE_S1.);
#5865 = LINE('',#5866,#5867);
#5866 = CARTESIAN_POINT('',(-10.8,15.,-1.E-02));
#5867 = VECTOR('',#5868,1.);
#5868 = DIRECTION('',(0.,0.,1.));
#5869 = PCURVE('',#4693,#5870);
#5870 = DEFINITIONAL_REPRESENTATION('',(#5871),#5875);
#5871 = LINE('',#5872,#5873);
#5872 = CARTESIAN_POINT('',(-6.28318530718,0.));
#5873 = VECTOR('',#5874,1.);
#5874 = DIRECTION('',(-0.,-1.));
#5875 = ( GEOMETRIC_REPRESENTATION_CONTEXT(2) 
PARAMETRIC_REPRESENTATION_CONTEXT() REPRESENTATION_CONTEXT('2D SPACE',''
  ) );
#5876 = PCURVE('',#4693,#5877);
#5877 = DEFINITIONAL_REPRESENTATION('',(#5878),#5882);
#5878 = LINE('',#5879,#5880);
#5879 = CARTESIAN_POINT('',(-0.,0.));
#5880 = VECTOR('',#5881,1.);
#5881 = DIRECTION('',(-0.,-1.));
#5882 = ( GEOMETRIC_REPRESENTATION_CONTEXT(2) 
PARAMETRIC_REPRESENTATION_CONTEXT() REPRESENTATION_CONTEXT('2D SPACE',''
  ) );
#5883 = ORIENTED_EDGE('',*,*,#5884,.T.);
#5884 = EDGE_CURVE('',#5862,#5862,#5885,.T.);
#5885 = SURFACE_CURVE('',#5886,(#5891,#5898),.PCURVE_S1.);
#5886 = CIRCLE('',#5887,5.2);
#5887 = AXIS2_PLACEMENT_3D('',#5888,#5889,#5890);
#5888 = CARTESIAN_POINT('',(-16.,15.,0.35));
#5889 = DIRECTION('',(0.,0.,1.));
#5890 = DIRECTION('',(1.,0.,0.));
#5891 = PCURVE('',#4693,#5892);
#5892 = DEFINITIONAL_REPRESENTATION('',(#5893),#5897);
#5893 = LINE('',#5894,#5895);
#5894 = CARTESIAN_POINT('',(-0.,-0.36));
#5895 = VECTOR('',#5896,1.);
#5896 = DIRECTION('',(-1.,0.));
#5897 = ( GEOMETRIC_REPRESENTATION_CONTEXT(2) 
PARAMETRIC_REPRESENTATION_CONTEXT() REPRESENTATION_CONTEXT('2D SPACE',''
  ) );
#5898 = PCURVE('',#5899,#5904);
#5899 = PLANE('',#5900);
#5900 = AXIS2_PLACEMENT_3D('',#5901,#5902,#5903);
#5901 = CARTESIAN_POINT('',(-16.,15.,0.35));
#5902 = DIRECTION('',(0.,0.,1.));
#5903 = DIRECTION('',(1.,0.,-0.));
#5904 = DEFINITIONAL_REPRESENTATION('',(#5905),#5909);
#5905 = CIRCLE('',#5906,5.2);
#5906 = AXIS2_PLACEMENT_2D('',#5907,#5908);
#5907 = CARTESIAN_POINT('',(0.,1.7763568394E-15));
#5908 = DIRECTION('',(1.,0.));
#5909 = ( GEOMETRIC_REPRESENTATION_CONTEXT(2) 
PARAMETRIC_REPRESENTATION_CONTEXT() REPRESENTATION_CONTEXT('2D SPACE',''
  ) );
#5910 = ORIENTED_EDGE('',*,*,#5861,.F.);
#5911 = ADVANCED_FACE('',(#5912),#4728,.F.);
#5912 = FACE_BOUND('',#5913,.T.);
#5913 = EDGE_LOOP('',(#5914,#5915,#5938,#5965));
#5914 = ORIENTED_EDGE('',*,*,#4707,.T.);
#5915 = ORIENTED_EDGE('',*,*,#5916,.T.);
#5916 = EDGE_CURVE('',#4708,#5917,#5919,.T.);
#5917 = VERTEX_POINT('',#5918);
#5918 = CARTESIAN_POINT('',(-18.85,23.,1.24));
#5919 = SEAM_CURVE('',#5920,(#5924,#5931),.PCURVE_S1.);
#5920 = LINE('',#5921,#5922);
#5921 = CARTESIAN_POINT('',(-18.85,23.,-1.E-02));
#5922 = VECTOR('',#5923,1.);
#5923 = DIRECTION('',(0.,0.,1.));
#5924 = PCURVE('',#4728,#5925);
#5925 = DEFINITIONAL_REPRESENTATION('',(#5926),#5930);
#5926 = LINE('',#5927,#5928);
#5927 = CARTESIAN_POINT('',(-6.28318530718,0.));
#5928 = VECTOR('',#5929,1.);
#5929 = DIRECTION('',(-0.,-1.));
#5930 = ( GEOMETRIC_REPRESENTATION_CONTEXT(2) 
PARAMETRIC_REPRESENTATION_CONTEXT() REPRESENTATION_CONTEXT('2D SPACE',''
  ) );
#5931 = PCURVE('',#4728,#5932);
#5932 = DEFINITIONAL_REPRESENTATION('',(#5933),#5937);
#5933 = LINE('',#5934,#5935);
#5934 = CARTESIAN_POINT('',(-0.,0.));
#5935 = VECTOR('',#5936,1.);
#5936 = DIRECTION('',(-0.,-1.));
#5937 = ( GEOMETRIC_REPRESENTATION_CONTEXT(2) 
PARAMETRIC_REPRESENTATION_CONTEXT() REPRESENTATION_CONTEXT('2D SPACE',''
  ) );
#5938 = ORIENTED_EDGE('',*,*,#5939,.T.);
#5939 = EDGE_CURVE('',#5917,#5917,#5940,.T.);
#5940 = SURFACE_CURVE('',#5941,(#5946,#5953),.PCURVE_S1.);
#5941 = CIRCLE('',#5942,2.15);
#5942 = AXIS2_PLACEMENT_3D('',#5943,#5944,#5945);
#5943 = CARTESIAN_POINT('',(-21.,23.,1.24));
#5944 = DIRECTION('',(0.,0.,1.));
#5945 = DIRECTION('',(1.,0.,0.));
#5946 = PCURVE('',#4728,#5947);
#5947 = DEFINITIONAL_REPRESENTATION('',(#5948),#5952);
#5948 = LINE('',#5949,#5950);
#5949 = CARTESIAN_POINT('',(-0.,-1.25));
#5950 = VECTOR('',#5951,1.);
#5951 = DIRECTION('',(-1.,0.));
#5952 = ( GEOMETRIC_REPRESENTATION_CONTEXT(2) 
PARAMETRIC_REPRESENTATION_CONTEXT() REPRESENTATION_CONTEXT('2D SPACE',''
  ) );
#5953 = PCURVE('',#5954,#5959);
#5954 = PLANE('',#5955);
#5955 = AXIS2_PLACEMENT_3D('',#5956,#5957,#5958);
#5956 = CARTESIAN_POINT('',(-21.,23.,1.24));
#5957 = DIRECTION('',(0.,0.,1.));
#5958 = DIRECTION('',(1.,0.,-0.));
#5959 = DEFINITIONAL_REPRESENTATION('',(#5960),#5964);
#5960 = CIRCLE('',#5961,2.15);
#5961 = AXIS2_PLACEMENT_2D('',#5962,#5963);
#5962 = CARTESIAN_POINT('',(0.,0.));
#5963 = DIRECTION('',(1.,0.));
#5964 = ( GEOMETRIC_REPRESENTATION_CONTEXT(2) 
PARAMETRIC_REPRESENTATION_CONTEXT() REPRESENTATION_CONTEXT('2D SPACE',''
  ) );
#5965 = ORIENTED_EDGE('',*,*,#5916,.F.);
#5966 = ADVANCED_FACE('',(#5967),#4763,.F.);
#5967 = FACE_BOUND('',#5968,.T.);
#5968 = EDGE_LOOP('',(#5969,#5970,#5993,#6020));
#5969 = ORIENTED_EDGE('',*,*,#4742,.T.);
#5970 = ORIENTED_EDGE('',*,*,#5971,.T.);
#5971 = EDGE_CURVE('',#4743,#5972,#5974,.T.);
#5972 = VERTEX_POINT('',#5973);
#5973 = CARTESIAN_POINT('',(21.2,15.,0.35));
#5974 = SEAM_CURVE('',#5975,(#5979,#5986),.PCURVE_S1.);
#5975 = LINE('',#5976,#5977);
#5976 = CARTESIAN_POINT('',(21.2,15.,-1.E-02));
#5977 = VECTOR('',#5978,1.);
#5978 = DIRECTION('',(0.,0.,1.));
#5979 = PCURVE('',#4763,#5980);
#5980 = DEFINITIONAL_REPRESENTATION('',(#5981),#5985);
#5981 = LINE('',#5982,#5983);
#5982 = CARTESIAN_POINT('',(-6.28318530718,0.));
#5983 = VECTOR('',#5984,1.);
#5984 = DIRECTION('',(-0.,-1.));
#5985 = ( GEOMETRIC_REPRESENTATION_CONTEXT(2) 
PARAMETRIC_REPRESENTATION_CONTEXT() REPRESENTATION_CONTEXT('2D SPACE',''
  ) );
#5986 = PCURVE('',#4763,#5987);
#5987 = DEFINITIONAL_REPRESENTATION('',(#5988),#5992);
#5988 = LINE('',#5989,#5990);
#5989 = CARTESIAN_POINT('',(-0.,0.));
#5990 = VECTOR('',#5991,1.);
#5991 = DIRECTION('',(-0.,-1.));
#5992 = ( GEOMETRIC_REPRESENTATION_CONTEXT(2) 
PARAMETRIC_REPRESENTATION_CONTEXT() REPRESENTATION_CONTEXT('2D SPACE',''
  ) );
#5993 = ORIENTED_EDGE('',*,*,#5994,.T.);
#5994 = EDGE_CURVE('',#5972,#5972,#5995,.T.);
#5995 = SURFACE_CURVE('',#5996,(#6001,#6008),.PCURVE_S1.);
#5996 = CIRCLE('',#5997,5.2);
#5997 = AXIS2_PLACEMENT_3D('',#5998,#5999,#6000);
#5998 = CARTESIAN_POINT('',(16.,15.,0.35));
#5999 = DIRECTION('',(0.,0.,1.));
#6000 = DIRECTION('',(1.,0.,0.));
#6001 = PCURVE('',#4763,#6002);
#6002 = DEFINITIONAL_REPRESENTATION('',(#6003),#6007);
#6003 = LINE('',#6004,#6005);
#6004 = CARTESIAN_POINT('',(-0.,-0.36));
#6005 = VECTOR('',#6006,1.);
#6006 = DIRECTION('',(-1.,0.));
#6007 = ( GEOMETRIC_REPRESENTATION_CONTEXT(2) 
PARAMETRIC_REPRESENTATION_CONTEXT() REPRESENTATION_CONTEXT('2D SPACE',''
  ) );
#6008 = PCURVE('',#6009,#6014);
#6009 = PLANE('',#6010);
#6010 = AXIS2_PLACEMENT_3D('',#6011,#6012,#6013);
#6011 = CARTESIAN_POINT('',(16.,15.,0.35));
#6012 = DIRECTION('',(0.,0.,1.));
#6013 = DIRECTION('',(1.,0.,-0.));
#6014 = DEFINITIONAL_REPRESENTATION('',(#6015),#6019);
#6015 = CIRCLE('',#6016,5.2);
#6016 = AXIS2_PLACEMENT_2D('',#6017,#6018);
#6017 = CARTESIAN_POINT('',(1.7763568394E-15,1.7763568394E-15));
#6018 = DIRECTION('',(1.,0.));
#6019 = ( GEOMETRIC_REPRESENTATION_CONTEXT(2) 
PARAMETRIC_REPRESENTATION_CONTEXT() REPRESENTATION_CONTEXT('2D SPACE',''
  ) );
#6020 = ORIENTED_EDGE('',*,*,#5971,.F.);
#6021 = ADVANCED_FACE('',(#6022),#4798,.F.);
#6022 = FACE_BOUND('',#6023,.T.);
#6023 = EDGE_LOOP('',(#6024,#6025,#6048,#6075));
#6024 = ORIENTED_EDGE('',*,*,#4777,.T.);
#6025 = ORIENTED_EDGE('',*,*,#6026,.T.);
#6026 = EDGE_CURVE('',#4778,#6027,#6029,.T.);
#6027 = VERTEX_POINT('',#6028);
#6028 = CARTESIAN_POINT('',(23.15,23.,1.24));
#6029 = SEAM_CURVE('',#6030,(#6034,#6041),.PCURVE_S1.);
#6030 = LINE('',#6031,#6032);
#6031 = CARTESIAN_POINT('',(23.15,23.,-1.E-02));
#6032 = VECTOR('',#6033,1.);
#6033 = DIRECTION('',(0.,0.,1.));
#6034 = PCURVE('',#4798,#6035);
#6035 = DEFINITIONAL_REPRESENTATION('',(#6036),#6040);
#6036 = LINE('',#6037,#6038);
#6037 = CARTESIAN_POINT('',(-6.28318530718,0.));
#6038 = VECTOR('',#6039,1.);
#6039 = DIRECTION('',(-0.,-1.));
#6040 = ( GEOMETRIC_REPRESENTATION_CONTEXT(2) 
PARAMETRIC_REPRESENTATION_CONTEXT() REPRESENTATION_CONTEXT('2D SPACE',''
  ) );
#6041 = PCURVE('',#4798,#6042);
#6042 = DEFINITIONAL_REPRESENTATION('',(#6043),#6047);
#6043 = LINE('',#6044,#6045);
#6044 = CARTESIAN_POINT('',(-0.,0.));
#6045 = VECTOR('',#6046,1.);
#6046 = DIRECTION('',(-0.,-1.));
#6047 = ( GEOMETRIC_REPRESENTATION_CONTEXT(2) 
PARAMETRIC_REPRESENTATION_CONTEXT() REPRESENTATION_CONTEXT('2D SPACE',''
  ) );
#6048 = ORIENTED_EDGE('',*,*,#6049,.T.);
#6049 = EDGE_CURVE('',#6027,#6027,#6050,.T.);
#6050 = SURFACE_CURVE('',#6051,(#6056,#6063),.PCURVE_S1.);
#6051 = CIRCLE('',#6052,2.15);
#6052 = AXIS2_PLACEMENT_3D('',#6053,#6054,#6055);
#6053 = CARTESIAN_POINT('',(21.,23.,1.24));
#6054 = DIRECTION('',(0.,0.,1.));
#6055 = DIRECTION('',(1.,0.,0.));
#6056 = PCURVE('',#4798,#6057);
#6057 = DEFINITIONAL_REPRESENTATION('',(#6058),#6062);
#6058 = LINE('',#6059,#6060);
#6059 = CARTESIAN_POINT('',(-0.,-1.25));
#6060 = VECTOR('',#6061,1.);
#6061 = DIRECTION('',(-1.,0.));
#6062 = ( GEOMETRIC_REPRESENTATION_CONTEXT(2) 
PARAMETRIC_REPRESENTATION_CONTEXT() REPRESENTATION_CONTEXT('2D SPACE',''
  ) );
#6063 = PCURVE('',#6064,#6069);
#6064 = PLANE('',#6065);
#6065 = AXIS2_PLACEMENT_3D('',#6066,#6067,#6068);
#6066 = CARTESIAN_POINT('',(21.,23.,1.24));
#6067 = DIRECTION('',(0.,0.,1.));
#6068 = DIRECTION('',(1.,0.,-0.));
#6069 = DEFINITIONAL_REPRESENTATION('',(#6070),#6074);
#6070 = CIRCLE('',#6071,2.15);
#6071 = AXIS2_PLACEMENT_2D('',#6072,#6073);
#6072 = CARTESIAN_POINT('',(0.,0.));
#6073 = DIRECTION('',(1.,0.));
#6074 = ( GEOMETRIC_REPRESENTATION_CONTEXT(2) 
PARAMETRIC_REPRESENTATION_CONTEXT() REPRESENTATION_CONTEXT('2D SPACE',''
  ) );
#6075 = ORIENTED_EDGE('',*,*,#6026,.F.);
#6076 = ADVANCED_FACE('',(#6077),#4954,.F.);
#6077 = FACE_BOUND('',#6078,.T.);
#6078 = EDGE_LOOP('',(#6079,#6107,#6128,#6129));
#6079 = ORIENTED_EDGE('',*,*,#6080,.T.);
#6080 = EDGE_CURVE('',#6081,#6081,#6083,.T.);
#6081 = VERTEX_POINT('',#6082);
#6082 = CARTESIAN_POINT('',(-19.8,-23.,1.24));
#6083 = SURFACE_CURVE('',#6084,(#6089,#6096),.PCURVE_S1.);
#6084 = CIRCLE('',#6085,1.2);
#6085 = AXIS2_PLACEMENT_3D('',#6086,#6087,#6088);
#6086 = CARTESIAN_POINT('',(-21.,-23.,1.24));
#6087 = DIRECTION('',(0.,0.,-1.));
#6088 = DIRECTION('',(1.,0.,0.));
#6089 = PCURVE('',#4954,#6090);
#6090 = DEFINITIONAL_REPRESENTATION('',(#6091),#6095);
#6091 = LINE('',#6092,#6093);
#6092 = CARTESIAN_POINT('',(-6.28318530718,-1.24));
#6093 = VECTOR('',#6094,1.);
#6094 = DIRECTION('',(1.,-0.));
#6095 = ( GEOMETRIC_REPRESENTATION_CONTEXT(2) 
PARAMETRIC_REPRESENTATION_CONTEXT() REPRESENTATION_CONTEXT('2D SPACE',''
  ) );
#6096 = PCURVE('',#5679,#6097);
#6097 = DEFINITIONAL_REPRESENTATION('',(#6098),#6106);
#6098 = ( BOUNDED_CURVE() B_SPLINE_CURVE(2,(#6099,#6100,#6101,#6102,
#6103,#6104,#6105),.UNSPECIFIED.,.T.,.F.) B_SPLINE_CURVE_WITH_KNOTS((1,2
    ,2,2,2,1),(-2.094395102393,0.,2.094395102393,4.188790204786,
6.28318530718,8.377580409573),.UNSPECIFIED.) CURVE() 
GEOMETRIC_REPRESENTATION_ITEM() RATIONAL_B_SPLINE_CURVE((1.,0.5,1.,0.5,
1.,0.5,1.)) REPRESENTATION_ITEM('') );
#6099 = CARTESIAN_POINT('',(1.2,0.));
#6100 = CARTESIAN_POINT('',(1.2,-2.078460969083));
#6101 = CARTESIAN_POINT('',(-0.6,-1.039230484541));
#6102 = CARTESIAN_POINT('',(-2.4,-2.939152317954E-16));
#6103 = CARTESIAN_POINT('',(-0.6,1.039230484541));
#6104 = CARTESIAN_POINT('',(1.2,2.078460969083));
#6105 = CARTESIAN_POINT('',(1.2,0.));
#6106 = ( GEOMETRIC_REPRESENTATION_CONTEXT(2) 
PARAMETRIC_REPRESENTATION_CONTEXT() REPRESENTATION_CONTEXT('2D SPACE',''
  ) );
#6107 = ORIENTED_EDGE('',*,*,#6108,.T.);
#6108 = EDGE_CURVE('',#6081,#4934,#6109,.T.);
#6109 = SEAM_CURVE('',#6110,(#6114,#6121),.PCURVE_S1.);
#6110 = LINE('',#6111,#6112);
#6111 = CARTESIAN_POINT('',(-19.8,-23.,0.));
#6112 = VECTOR('',#6113,1.);
#6113 = DIRECTION('',(0.,0.,1.));
#6114 = PCURVE('',#4954,#6115);
#6115 = DEFINITIONAL_REPRESENTATION('',(#6116),#6120);
#6116 = LINE('',#6117,#6118);
#6117 = CARTESIAN_POINT('',(-6.28318530718,0.));
#6118 = VECTOR('',#6119,1.);
#6119 = DIRECTION('',(-0.,-1.));
#6120 = ( GEOMETRIC_REPRESENTATION_CONTEXT(2) 
PARAMETRIC_REPRESENTATION_CONTEXT() REPRESENTATION_CONTEXT('2D SPACE',''
  ) );
#6121 = PCURVE('',#4954,#6122);
#6122 = DEFINITIONAL_REPRESENTATION('',(#6123),#6127);
#6123 = LINE('',#6124,#6125);
#6124 = CARTESIAN_POINT('',(-0.,0.));
#6125 = VECTOR('',#6126,1.);
#6126 = DIRECTION('',(-0.,-1.));
#6127 = ( GEOMETRIC_REPRESENTATION_CONTEXT(2) 
PARAMETRIC_REPRESENTATION_CONTEXT() REPRESENTATION_CONTEXT('2D SPACE',''
  ) );
#6128 = ORIENTED_EDGE('',*,*,#4933,.F.);
#6129 = ORIENTED_EDGE('',*,*,#6108,.F.);
#6130 = ADVANCED_FACE('',(#6131),#4986,.F.);
#6131 = FACE_BOUND('',#6132,.F.);
#6132 = EDGE_LOOP('',(#6133,#6163,#6184,#6185));
#6133 = ORIENTED_EDGE('',*,*,#6134,.F.);
#6134 = EDGE_CURVE('',#6135,#6137,#6139,.T.);
#6135 = VERTEX_POINT('',#6136);
#6136 = CARTESIAN_POINT('',(-15.,-26.75,4.2));
#6137 = VERTEX_POINT('',#6138);
#6138 = CARTESIAN_POINT('',(-15.,-7.5,4.2));
#6139 = SURFACE_CURVE('',#6140,(#6144,#6151),.PCURVE_S1.);
#6140 = LINE('',#6141,#6142);
#6141 = CARTESIAN_POINT('',(-15.,-26.75,4.2));
#6142 = VECTOR('',#6143,1.);
#6143 = DIRECTION('',(0.,1.,0.));
#6144 = PCURVE('',#4986,#6145);
#6145 = DEFINITIONAL_REPRESENTATION('',(#6146),#6150);
#6146 = LINE('',#6147,#6148);
#6147 = CARTESIAN_POINT('',(1.8,0.));
#6148 = VECTOR('',#6149,1.);
#6149 = DIRECTION('',(0.,-1.));
#6150 = ( GEOMETRIC_REPRESENTATION_CONTEXT(2) 
PARAMETRIC_REPRESENTATION_CONTEXT() REPRESENTATION_CONTEXT('2D SPACE',''
  ) );
#6151 = PCURVE('',#6152,#6157);
#6152 = PLANE('',#6153);
#6153 = AXIS2_PLACEMENT_3D('',#6154,#6155,#6156);
#6154 = CARTESIAN_POINT('',(-15.,-26.75,4.2));
#6155 = DIRECTION('',(0.,0.,1.));
#6156 = DIRECTION('',(1.,0.,0.));
#6157 = DEFINITIONAL_REPRESENTATION('',(#6158),#6162);
#6158 = LINE('',#6159,#6160);
#6159 = CARTESIAN_POINT('',(0.,0.));
#6160 = VECTOR('',#6161,1.);
#6161 = DIRECTION('',(0.,1.));
#6162 = ( GEOMETRIC_REPRESENTATION_CONTEXT(2) 
PARAMETRIC_REPRESENTATION_CONTEXT() REPRESENTATION_CONTEXT('2D SPACE',''
  ) );
#6163 = ORIENTED_EDGE('',*,*,#6164,.F.);
#6164 = EDGE_CURVE('',#4969,#6135,#6165,.T.);
#6165 = SURFACE_CURVE('',#6166,(#6170,#6177),.PCURVE_S1.);
#6166 = LINE('',#6167,#6168);
#6167 = CARTESIAN_POINT('',(-15.,-26.75,2.4));
#6168 = VECTOR('',#6169,1.);
#6169 = DIRECTION('',(0.,0.,1.));
#6170 = PCURVE('',#4986,#6171);
#6171 = DEFINITIONAL_REPRESENTATION('',(#6172),#6176);
#6172 = LINE('',#6173,#6174);
#6173 = CARTESIAN_POINT('',(0.,0.));
#6174 = VECTOR('',#6175,1.);
#6175 = DIRECTION('',(1.,0.));
#6176 = ( GEOMETRIC_REPRESENTATION_CONTEXT(2) 
PARAMETRIC_REPRESENTATION_CONTEXT() REPRESENTATION_CONTEXT('2D SPACE',''
  ) );
#6177 = PCURVE('',#5180,#6178);
#6178 = DEFINITIONAL_REPRESENTATION('',(#6179),#6183);
#6179 = LINE('',#6180,#6181);
#6180 = CARTESIAN_POINT('',(0.,0.));
#6181 = VECTOR('',#6182,1.);
#6182 = DIRECTION('',(1.,0.));
#6183 = ( GEOMETRIC_REPRESENTATION_CONTEXT(2) 
PARAMETRIC_REPRESENTATION_CONTEXT() REPRESENTATION_CONTEXT('2D SPACE',''
  ) );
#6184 = ORIENTED_EDGE('',*,*,#4968,.T.);
#6185 = ORIENTED_EDGE('',*,*,#6186,.T.);
#6186 = EDGE_CURVE('',#4971,#6137,#6187,.T.);
#6187 = SURFACE_CURVE('',#6188,(#6192,#6199),.PCURVE_S1.);
#6188 = LINE('',#6189,#6190);
#6189 = CARTESIAN_POINT('',(-15.,-7.5,2.4));
#6190 = VECTOR('',#6191,1.);
#6191 = DIRECTION('',(0.,0.,1.));
#6192 = PCURVE('',#4986,#6193);
#6193 = DEFINITIONAL_REPRESENTATION('',(#6194),#6198);
#6194 = LINE('',#6195,#6196);
#6195 = CARTESIAN_POINT('',(0.,-19.25));
#6196 = VECTOR('',#6197,1.);
#6197 = DIRECTION('',(1.,0.));
#6198 = ( GEOMETRIC_REPRESENTATION_CONTEXT(2) 
PARAMETRIC_REPRESENTATION_CONTEXT() REPRESENTATION_CONTEXT('2D SPACE',''
  ) );
#6199 = PCURVE('',#5014,#6200);
#6200 = DEFINITIONAL_REPRESENTATION('',(#6201),#6205);
#6201 = LINE('',#6202,#6203);
#6202 = CARTESIAN_POINT('',(0.,0.));
#6203 = VECTOR('',#6204,1.);
#6204 = DIRECTION('',(1.,0.));
#6205 = ( GEOMETRIC_REPRESENTATION_CONTEXT(2) 
PARAMETRIC_REPRESENTATION_CONTEXT() REPRESENTATION_CONTEXT('2D SPACE',''
  ) );
#6206 = ADVANCED_FACE('',(#6207),#5014,.T.);
#6207 = FACE_BOUND('',#6208,.T.);
#6208 = EDGE_LOOP('',(#6209,#6210,#6211,#6234));
#6209 = ORIENTED_EDGE('',*,*,#4998,.F.);
#6210 = ORIENTED_EDGE('',*,*,#6186,.T.);
#6211 = ORIENTED_EDGE('',*,*,#6212,.T.);
#6212 = EDGE_CURVE('',#6137,#6213,#6215,.T.);
#6213 = VERTEX_POINT('',#6214);
#6214 = CARTESIAN_POINT('',(-13.5,-7.5,4.2));
#6215 = SURFACE_CURVE('',#6216,(#6220,#6227),.PCURVE_S1.);
#6216 = LINE('',#6217,#6218);
#6217 = CARTESIAN_POINT('',(-15.,-7.5,4.2));
#6218 = VECTOR('',#6219,1.);
#6219 = DIRECTION('',(1.,0.,0.));
#6220 = PCURVE('',#5014,#6221);
#6221 = DEFINITIONAL_REPRESENTATION('',(#6222),#6226);
#6222 = LINE('',#6223,#6224);
#6223 = CARTESIAN_POINT('',(1.8,0.));
#6224 = VECTOR('',#6225,1.);
#6225 = DIRECTION('',(0.,1.));
#6226 = ( GEOMETRIC_REPRESENTATION_CONTEXT(2) 
PARAMETRIC_REPRESENTATION_CONTEXT() REPRESENTATION_CONTEXT('2D SPACE',''
  ) );
#6227 = PCURVE('',#6152,#6228);
#6228 = DEFINITIONAL_REPRESENTATION('',(#6229),#6233);
#6229 = LINE('',#6230,#6231);
#6230 = CARTESIAN_POINT('',(0.,19.25));
#6231 = VECTOR('',#6232,1.);
#6232 = DIRECTION('',(1.,0.));
#6233 = ( GEOMETRIC_REPRESENTATION_CONTEXT(2) 
PARAMETRIC_REPRESENTATION_CONTEXT() REPRESENTATION_CONTEXT('2D SPACE',''
  ) );
#6234 = ORIENTED_EDGE('',*,*,#6235,.F.);
#6235 = EDGE_CURVE('',#4999,#6213,#6236,.T.);
#6236 = SURFACE_CURVE('',#6237,(#6241,#6248),.PCURVE_S1.);
#6237 = LINE('',#6238,#6239);
#6238 = CARTESIAN_POINT('',(-13.5,-7.5,2.4));
#6239 = VECTOR('',#6240,1.);
#6240 = DIRECTION('',(0.,0.,1.));
#6241 = PCURVE('',#5014,#6242);
#6242 = DEFINITIONAL_REPRESENTATION('',(#6243),#6247);
#6243 = LINE('',#6244,#6245);
#6244 = CARTESIAN_POINT('',(0.,1.5));
#6245 = VECTOR('',#6246,1.);
#6246 = DIRECTION('',(1.,0.));
#6247 = ( GEOMETRIC_REPRESENTATION_CONTEXT(2) 
PARAMETRIC_REPRESENTATION_CONTEXT() REPRESENTATION_CONTEXT('2D SPACE',''
  ) );
#6248 = PCURVE('',#5042,#6249);
#6249 = DEFINITIONAL_REPRESENTATION('',(#6250),#6254);
#6250 = LINE('',#6251,#6252);
#6251 = CARTESIAN_POINT('',(0.,-19.));
#6252 = VECTOR('',#6253,1.);
#6253 = DIRECTION('',(1.,0.));
#6254 = ( GEOMETRIC_REPRESENTATION_CONTEXT(2) 
PARAMETRIC_REPRESENTATION_CONTEXT() REPRESENTATION_CONTEXT('2D SPACE',''
  ) );
#6255 = ADVANCED_FACE('',(#6256),#5042,.T.);
#6256 = FACE_BOUND('',#6257,.T.);
#6257 = EDGE_LOOP('',(#6258,#6281,#6300,#6301));
#6258 = ORIENTED_EDGE('',*,*,#6259,.F.);
#6259 = EDGE_CURVE('',#6260,#6213,#6262,.T.);
#6260 = VERTEX_POINT('',#6261);
#6261 = CARTESIAN_POINT('',(-13.5,-25.25,4.2));
#6262 = SURFACE_CURVE('',#6263,(#6267,#6274),.PCURVE_S1.);
#6263 = LINE('',#6264,#6265);
#6264 = CARTESIAN_POINT('',(-13.5,-26.5,4.2));
#6265 = VECTOR('',#6266,1.);
#6266 = DIRECTION('',(0.,1.,0.));
#6267 = PCURVE('',#5042,#6268);
#6268 = DEFINITIONAL_REPRESENTATION('',(#6269),#6273);
#6269 = LINE('',#6270,#6271);
#6270 = CARTESIAN_POINT('',(1.8,0.));
#6271 = VECTOR('',#6272,1.);
#6272 = DIRECTION('',(0.,-1.));
#6273 = ( GEOMETRIC_REPRESENTATION_CONTEXT(2) 
PARAMETRIC_REPRESENTATION_CONTEXT() REPRESENTATION_CONTEXT('2D SPACE',''
  ) );
#6274 = PCURVE('',#6152,#6275);
#6275 = DEFINITIONAL_REPRESENTATION('',(#6276),#6280);
#6276 = LINE('',#6277,#6278);
#6277 = CARTESIAN_POINT('',(1.5,0.25));
#6278 = VECTOR('',#6279,1.);
#6279 = DIRECTION('',(0.,1.));
#6280 = ( GEOMETRIC_REPRESENTATION_CONTEXT(2) 
PARAMETRIC_REPRESENTATION_CONTEXT() REPRESENTATION_CONTEXT('2D SPACE',''
  ) );
#6281 = ORIENTED_EDGE('',*,*,#6282,.F.);
#6282 = EDGE_CURVE('',#5027,#6260,#6283,.T.);
#6283 = SURFACE_CURVE('',#6284,(#6288,#6294),.PCURVE_S1.);
#6284 = LINE('',#6285,#6286);
#6285 = CARTESIAN_POINT('',(-13.5,-25.25,2.4));
#6286 = VECTOR('',#6287,1.);
#6287 = DIRECTION('',(0.,0.,1.));
#6288 = PCURVE('',#5042,#6289);
#6289 = DEFINITIONAL_REPRESENTATION('',(#6290),#6293);
#6290 = B_SPLINE_CURVE_WITH_KNOTS('',1,(#6291,#6292),.UNSPECIFIED.,.F.,
  .F.,(2,2),(0.,1.8),.PIECEWISE_BEZIER_KNOTS.);
#6291 = CARTESIAN_POINT('',(0.,-1.25));
#6292 = CARTESIAN_POINT('',(1.8,-1.25));
#6293 = ( GEOMETRIC_REPRESENTATION_CONTEXT(2) 
PARAMETRIC_REPRESENTATION_CONTEXT() REPRESENTATION_CONTEXT('2D SPACE',''
  ) );
#6294 = PCURVE('',#5070,#6295);
#6295 = DEFINITIONAL_REPRESENTATION('',(#6296),#6299);
#6296 = B_SPLINE_CURVE_WITH_KNOTS('',1,(#6297,#6298),.UNSPECIFIED.,.F.,
  .F.,(2,2),(0.,1.8),.PIECEWISE_BEZIER_KNOTS.);
#6297 = CARTESIAN_POINT('',(0.,1.5));
#6298 = CARTESIAN_POINT('',(1.8,1.5));
#6299 = ( GEOMETRIC_REPRESENTATION_CONTEXT(2) 
PARAMETRIC_REPRESENTATION_CONTEXT() REPRESENTATION_CONTEXT('2D SPACE',''
  ) );
#6300 = ORIENTED_EDGE('',*,*,#5026,.T.);
#6301 = ORIENTED_EDGE('',*,*,#6235,.T.);
#6302 = ADVANCED_FACE('',(#6303),#5070,.T.);
#6303 = FACE_BOUND('',#6304,.T.);
#6304 = EDGE_LOOP('',(#6305,#6306,#6307,#6330));
#6305 = ORIENTED_EDGE('',*,*,#5054,.F.);
#6306 = ORIENTED_EDGE('',*,*,#6282,.T.);
#6307 = ORIENTED_EDGE('',*,*,#6308,.T.);
#6308 = EDGE_CURVE('',#6260,#6309,#6311,.T.);
#6309 = VERTEX_POINT('',#6310);
#6310 = CARTESIAN_POINT('',(13.5,-25.25,4.2));
#6311 = SURFACE_CURVE('',#6312,(#6316,#6323),.PCURVE_S1.);
#6312 = LINE('',#6313,#6314);
#6313 = CARTESIAN_POINT('',(-15.,-25.25,4.2));
#6314 = VECTOR('',#6315,1.);
#6315 = DIRECTION('',(1.,0.,0.));
#6316 = PCURVE('',#5070,#6317);
#6317 = DEFINITIONAL_REPRESENTATION('',(#6318),#6322);
#6318 = LINE('',#6319,#6320);
#6319 = CARTESIAN_POINT('',(1.8,0.));
#6320 = VECTOR('',#6321,1.);
#6321 = DIRECTION('',(0.,1.));
#6322 = ( GEOMETRIC_REPRESENTATION_CONTEXT(2) 
PARAMETRIC_REPRESENTATION_CONTEXT() REPRESENTATION_CONTEXT('2D SPACE',''
  ) );
#6323 = PCURVE('',#6152,#6324);
#6324 = DEFINITIONAL_REPRESENTATION('',(#6325),#6329);
#6325 = LINE('',#6326,#6327);
#6326 = CARTESIAN_POINT('',(0.,1.5));
#6327 = VECTOR('',#6328,1.);
#6328 = DIRECTION('',(1.,0.));
#6329 = ( GEOMETRIC_REPRESENTATION_CONTEXT(2) 
PARAMETRIC_REPRESENTATION_CONTEXT() REPRESENTATION_CONTEXT('2D SPACE',''
  ) );
#6330 = ORIENTED_EDGE('',*,*,#6331,.F.);
#6331 = EDGE_CURVE('',#5055,#6309,#6332,.T.);
#6332 = SURFACE_CURVE('',#6333,(#6337,#6343),.PCURVE_S1.);
#6333 = LINE('',#6334,#6335);
#6334 = CARTESIAN_POINT('',(13.5,-25.25,2.4));
#6335 = VECTOR('',#6336,1.);
#6336 = DIRECTION('',(0.,0.,1.));
#6337 = PCURVE('',#5070,#6338);
#6338 = DEFINITIONAL_REPRESENTATION('',(#6339),#6342);
#6339 = B_SPLINE_CURVE_WITH_KNOTS('',1,(#6340,#6341),.UNSPECIFIED.,.F.,
  .F.,(2,2),(0.,1.8),.PIECEWISE_BEZIER_KNOTS.);
#6340 = CARTESIAN_POINT('',(0.,28.5));
#6341 = CARTESIAN_POINT('',(1.8,28.5));
#6342 = ( GEOMETRIC_REPRESENTATION_CONTEXT(2) 
PARAMETRIC_REPRESENTATION_CONTEXT() REPRESENTATION_CONTEXT('2D SPACE',''
  ) );
#6343 = PCURVE('',#5098,#6344);
#6344 = DEFINITIONAL_REPRESENTATION('',(#6345),#6348);
#6345 = B_SPLINE_CURVE_WITH_KNOTS('',1,(#6346,#6347),.UNSPECIFIED.,.F.,
  .F.,(2,2),(0.,1.8),.PIECEWISE_BEZIER_KNOTS.);
#6346 = CARTESIAN_POINT('',(0.,-1.25));
#6347 = CARTESIAN_POINT('',(1.8,-1.25));
#6348 = ( GEOMETRIC_REPRESENTATION_CONTEXT(2) 
PARAMETRIC_REPRESENTATION_CONTEXT() REPRESENTATION_CONTEXT('2D SPACE',''
  ) );
#6349 = ADVANCED_FACE('',(#6350),#5098,.F.);
#6350 = FACE_BOUND('',#6351,.F.);
#6351 = EDGE_LOOP('',(#6352,#6375,#6376,#6377));
#6352 = ORIENTED_EDGE('',*,*,#6353,.F.);
#6353 = EDGE_CURVE('',#6309,#6354,#6356,.T.);
#6354 = VERTEX_POINT('',#6355);
#6355 = CARTESIAN_POINT('',(13.5,-7.5,4.2));
#6356 = SURFACE_CURVE('',#6357,(#6361,#6368),.PCURVE_S1.);
#6357 = LINE('',#6358,#6359);
#6358 = CARTESIAN_POINT('',(13.5,-26.5,4.2));
#6359 = VECTOR('',#6360,1.);
#6360 = DIRECTION('',(0.,1.,0.));
#6361 = PCURVE('',#5098,#6362);
#6362 = DEFINITIONAL_REPRESENTATION('',(#6363),#6367);
#6363 = LINE('',#6364,#6365);
#6364 = CARTESIAN_POINT('',(1.8,0.));
#6365 = VECTOR('',#6366,1.);
#6366 = DIRECTION('',(0.,-1.));
#6367 = ( GEOMETRIC_REPRESENTATION_CONTEXT(2) 
PARAMETRIC_REPRESENTATION_CONTEXT() REPRESENTATION_CONTEXT('2D SPACE',''
  ) );
#6368 = PCURVE('',#6152,#6369);
#6369 = DEFINITIONAL_REPRESENTATION('',(#6370),#6374);
#6370 = LINE('',#6371,#6372);
#6371 = CARTESIAN_POINT('',(28.5,0.25));
#6372 = VECTOR('',#6373,1.);
#6373 = DIRECTION('',(0.,1.));
#6374 = ( GEOMETRIC_REPRESENTATION_CONTEXT(2) 
PARAMETRIC_REPRESENTATION_CONTEXT() REPRESENTATION_CONTEXT('2D SPACE',''
  ) );
#6375 = ORIENTED_EDGE('',*,*,#6331,.F.);
#6376 = ORIENTED_EDGE('',*,*,#5082,.T.);
#6377 = ORIENTED_EDGE('',*,*,#6378,.T.);
#6378 = EDGE_CURVE('',#5083,#6354,#6379,.T.);
#6379 = SURFACE_CURVE('',#6380,(#6384,#6391),.PCURVE_S1.);
#6380 = LINE('',#6381,#6382);
#6381 = CARTESIAN_POINT('',(13.5,-7.5,2.4));
#6382 = VECTOR('',#6383,1.);
#6383 = DIRECTION('',(0.,0.,1.));
#6384 = PCURVE('',#5098,#6385);
#6385 = DEFINITIONAL_REPRESENTATION('',(#6386),#6390);
#6386 = LINE('',#6387,#6388);
#6387 = CARTESIAN_POINT('',(0.,-19.));
#6388 = VECTOR('',#6389,1.);
#6389 = DIRECTION('',(1.,0.));
#6390 = ( GEOMETRIC_REPRESENTATION_CONTEXT(2) 
PARAMETRIC_REPRESENTATION_CONTEXT() REPRESENTATION_CONTEXT('2D SPACE',''
  ) );
#6391 = PCURVE('',#5126,#6392);
#6392 = DEFINITIONAL_REPRESENTATION('',(#6393),#6397);
#6393 = LINE('',#6394,#6395);
#6394 = CARTESIAN_POINT('',(0.,0.));
#6395 = VECTOR('',#6396,1.);
#6396 = DIRECTION('',(1.,0.));
#6397 = ( GEOMETRIC_REPRESENTATION_CONTEXT(2) 
PARAMETRIC_REPRESENTATION_CONTEXT() REPRESENTATION_CONTEXT('2D SPACE',''
  ) );
#6398 = ADVANCED_FACE('',(#6399),#5126,.T.);
#6399 = FACE_BOUND('',#6400,.T.);
#6400 = EDGE_LOOP('',(#6401,#6402,#6403,#6426));
#6401 = ORIENTED_EDGE('',*,*,#5110,.F.);
#6402 = ORIENTED_EDGE('',*,*,#6378,.T.);
#6403 = ORIENTED_EDGE('',*,*,#6404,.T.);
#6404 = EDGE_CURVE('',#6354,#6405,#6407,.T.);
#6405 = VERTEX_POINT('',#6406);
#6406 = CARTESIAN_POINT('',(15.,-7.5,4.2));
#6407 = SURFACE_CURVE('',#6408,(#6412,#6419),.PCURVE_S1.);
#6408 = LINE('',#6409,#6410);
#6409 = CARTESIAN_POINT('',(13.5,-7.5,4.2));
#6410 = VECTOR('',#6411,1.);
#6411 = DIRECTION('',(1.,0.,0.));
#6412 = PCURVE('',#5126,#6413);
#6413 = DEFINITIONAL_REPRESENTATION('',(#6414),#6418);
#6414 = LINE('',#6415,#6416);
#6415 = CARTESIAN_POINT('',(1.8,0.));
#6416 = VECTOR('',#6417,1.);
#6417 = DIRECTION('',(0.,1.));
#6418 = ( GEOMETRIC_REPRESENTATION_CONTEXT(2) 
PARAMETRIC_REPRESENTATION_CONTEXT() REPRESENTATION_CONTEXT('2D SPACE',''
  ) );
#6419 = PCURVE('',#6152,#6420);
#6420 = DEFINITIONAL_REPRESENTATION('',(#6421),#6425);
#6421 = LINE('',#6422,#6423);
#6422 = CARTESIAN_POINT('',(28.5,19.25));
#6423 = VECTOR('',#6424,1.);
#6424 = DIRECTION('',(1.,0.));
#6425 = ( GEOMETRIC_REPRESENTATION_CONTEXT(2) 
PARAMETRIC_REPRESENTATION_CONTEXT() REPRESENTATION_CONTEXT('2D SPACE',''
  ) );
#6426 = ORIENTED_EDGE('',*,*,#6427,.F.);
#6427 = EDGE_CURVE('',#5111,#6405,#6428,.T.);
#6428 = SURFACE_CURVE('',#6429,(#6433,#6440),.PCURVE_S1.);
#6429 = LINE('',#6430,#6431);
#6430 = CARTESIAN_POINT('',(15.,-7.5,2.4));
#6431 = VECTOR('',#6432,1.);
#6432 = DIRECTION('',(0.,0.,1.));
#6433 = PCURVE('',#5126,#6434);
#6434 = DEFINITIONAL_REPRESENTATION('',(#6435),#6439);
#6435 = LINE('',#6436,#6437);
#6436 = CARTESIAN_POINT('',(0.,1.5));
#6437 = VECTOR('',#6438,1.);
#6438 = DIRECTION('',(1.,0.));
#6439 = ( GEOMETRIC_REPRESENTATION_CONTEXT(2) 
PARAMETRIC_REPRESENTATION_CONTEXT() REPRESENTATION_CONTEXT('2D SPACE',''
  ) );
#6440 = PCURVE('',#5154,#6441);
#6441 = DEFINITIONAL_REPRESENTATION('',(#6442),#6446);
#6442 = LINE('',#6443,#6444);
#6443 = CARTESIAN_POINT('',(0.,-19.25));
#6444 = VECTOR('',#6445,1.);
#6445 = DIRECTION('',(1.,0.));
#6446 = ( GEOMETRIC_REPRESENTATION_CONTEXT(2) 
PARAMETRIC_REPRESENTATION_CONTEXT() REPRESENTATION_CONTEXT('2D SPACE',''
  ) );
#6447 = ADVANCED_FACE('',(#6448),#5154,.T.);
#6448 = FACE_BOUND('',#6449,.T.);
#6449 = EDGE_LOOP('',(#6450,#6473,#6474,#6475));
#6450 = ORIENTED_EDGE('',*,*,#6451,.F.);
#6451 = EDGE_CURVE('',#5139,#6452,#6454,.T.);
#6452 = VERTEX_POINT('',#6453);
#6453 = CARTESIAN_POINT('',(15.,-26.75,4.2));
#6454 = SURFACE_CURVE('',#6455,(#6459,#6466),.PCURVE_S1.);
#6455 = LINE('',#6456,#6457);
#6456 = CARTESIAN_POINT('',(15.,-26.75,2.4));
#6457 = VECTOR('',#6458,1.);
#6458 = DIRECTION('',(0.,0.,1.));
#6459 = PCURVE('',#5154,#6460);
#6460 = DEFINITIONAL_REPRESENTATION('',(#6461),#6465);
#6461 = LINE('',#6462,#6463);
#6462 = CARTESIAN_POINT('',(0.,0.));
#6463 = VECTOR('',#6464,1.);
#6464 = DIRECTION('',(1.,0.));
#6465 = ( GEOMETRIC_REPRESENTATION_CONTEXT(2) 
PARAMETRIC_REPRESENTATION_CONTEXT() REPRESENTATION_CONTEXT('2D SPACE',''
  ) );
#6466 = PCURVE('',#5180,#6467);
#6467 = DEFINITIONAL_REPRESENTATION('',(#6468),#6472);
#6468 = LINE('',#6469,#6470);
#6469 = CARTESIAN_POINT('',(0.,30.));
#6470 = VECTOR('',#6471,1.);
#6471 = DIRECTION('',(1.,0.));
#6472 = ( GEOMETRIC_REPRESENTATION_CONTEXT(2) 
PARAMETRIC_REPRESENTATION_CONTEXT() REPRESENTATION_CONTEXT('2D SPACE',''
  ) );
#6473 = ORIENTED_EDGE('',*,*,#5138,.F.);
#6474 = ORIENTED_EDGE('',*,*,#6427,.T.);
#6475 = ORIENTED_EDGE('',*,*,#6476,.T.);
#6476 = EDGE_CURVE('',#6405,#6452,#6477,.T.);
#6477 = SURFACE_CURVE('',#6478,(#6482,#6489),.PCURVE_S1.);
#6478 = LINE('',#6479,#6480);
#6479 = CARTESIAN_POINT('',(15.,-7.5,4.2));
#6480 = VECTOR('',#6481,1.);
#6481 = DIRECTION('',(0.,-1.,0.));
#6482 = PCURVE('',#5154,#6483);
#6483 = DEFINITIONAL_REPRESENTATION('',(#6484),#6488);
#6484 = LINE('',#6485,#6486);
#6485 = CARTESIAN_POINT('',(1.8,-19.25));
#6486 = VECTOR('',#6487,1.);
#6487 = DIRECTION('',(0.,1.));
#6488 = ( GEOMETRIC_REPRESENTATION_CONTEXT(2) 
PARAMETRIC_REPRESENTATION_CONTEXT() REPRESENTATION_CONTEXT('2D SPACE',''
  ) );
#6489 = PCURVE('',#6152,#6490);
#6490 = DEFINITIONAL_REPRESENTATION('',(#6491),#6495);
#6491 = LINE('',#6492,#6493);
#6492 = CARTESIAN_POINT('',(30.,19.25));
#6493 = VECTOR('',#6494,1.);
#6494 = DIRECTION('',(0.,-1.));
#6495 = ( GEOMETRIC_REPRESENTATION_CONTEXT(2) 
PARAMETRIC_REPRESENTATION_CONTEXT() REPRESENTATION_CONTEXT('2D SPACE',''
  ) );
#6496 = ADVANCED_FACE('',(#6497),#5180,.F.);
#6497 = FACE_BOUND('',#6498,.F.);
#6498 = EDGE_LOOP('',(#6499,#6500,#6501,#6522));
#6499 = ORIENTED_EDGE('',*,*,#5166,.F.);
#6500 = ORIENTED_EDGE('',*,*,#6164,.T.);
#6501 = ORIENTED_EDGE('',*,*,#6502,.T.);
#6502 = EDGE_CURVE('',#6135,#6452,#6503,.T.);
#6503 = SURFACE_CURVE('',#6504,(#6508,#6515),.PCURVE_S1.);
#6504 = LINE('',#6505,#6506);
#6505 = CARTESIAN_POINT('',(-15.,-26.75,4.2));
#6506 = VECTOR('',#6507,1.);
#6507 = DIRECTION('',(1.,0.,0.));
#6508 = PCURVE('',#5180,#6509);
#6509 = DEFINITIONAL_REPRESENTATION('',(#6510),#6514);
#6510 = LINE('',#6511,#6512);
#6511 = CARTESIAN_POINT('',(1.8,0.));
#6512 = VECTOR('',#6513,1.);
#6513 = DIRECTION('',(0.,1.));
#6514 = ( GEOMETRIC_REPRESENTATION_CONTEXT(2) 
PARAMETRIC_REPRESENTATION_CONTEXT() REPRESENTATION_CONTEXT('2D SPACE',''
  ) );
#6515 = PCURVE('',#6152,#6516);
#6516 = DEFINITIONAL_REPRESENTATION('',(#6517),#6521);
#6517 = LINE('',#6518,#6519);
#6518 = CARTESIAN_POINT('',(0.,0.));
#6519 = VECTOR('',#6520,1.);
#6520 = DIRECTION('',(1.,0.));
#6521 = ( GEOMETRIC_REPRESENTATION_CONTEXT(2) 
PARAMETRIC_REPRESENTATION_CONTEXT() REPRESENTATION_CONTEXT('2D SPACE',''
  ) );
#6522 = ORIENTED_EDGE('',*,*,#6451,.F.);
#6523 = ADVANCED_FACE('',(#6524),#5215,.F.);
#6524 = FACE_BOUND('',#6525,.T.);
#6525 = EDGE_LOOP('',(#6526,#6554,#6575,#6576));
#6526 = ORIENTED_EDGE('',*,*,#6527,.T.);
#6527 = EDGE_CURVE('',#6528,#6528,#6530,.T.);
#6528 = VERTEX_POINT('',#6529);
#6529 = CARTESIAN_POINT('',(22.2,-23.,1.24));
#6530 = SURFACE_CURVE('',#6531,(#6536,#6543),.PCURVE_S1.);
#6531 = CIRCLE('',#6532,1.2);
#6532 = AXIS2_PLACEMENT_3D('',#6533,#6534,#6535);
#6533 = CARTESIAN_POINT('',(21.,-23.,1.24));
#6534 = DIRECTION('',(0.,0.,-1.));
#6535 = DIRECTION('',(1.,0.,0.));
#6536 = PCURVE('',#5215,#6537);
#6537 = DEFINITIONAL_REPRESENTATION('',(#6538),#6542);
#6538 = LINE('',#6539,#6540);
#6539 = CARTESIAN_POINT('',(-6.28318530718,-1.24));
#6540 = VECTOR('',#6541,1.);
#6541 = DIRECTION('',(1.,-0.));
#6542 = ( GEOMETRIC_REPRESENTATION_CONTEXT(2) 
PARAMETRIC_REPRESENTATION_CONTEXT() REPRESENTATION_CONTEXT('2D SPACE',''
  ) );
#6543 = PCURVE('',#5789,#6544);
#6544 = DEFINITIONAL_REPRESENTATION('',(#6545),#6553);
#6545 = ( BOUNDED_CURVE() B_SPLINE_CURVE(2,(#6546,#6547,#6548,#6549,
#6550,#6551,#6552),.UNSPECIFIED.,.T.,.F.) B_SPLINE_CURVE_WITH_KNOTS((1,2
    ,2,2,2,1),(-2.094395102393,0.,2.094395102393,4.188790204786,
6.28318530718,8.377580409573),.UNSPECIFIED.) CURVE() 
GEOMETRIC_REPRESENTATION_ITEM() RATIONAL_B_SPLINE_CURVE((1.,0.5,1.,0.5,
1.,0.5,1.)) REPRESENTATION_ITEM('') );
#6546 = CARTESIAN_POINT('',(1.2,0.));
#6547 = CARTESIAN_POINT('',(1.2,-2.078460969083));
#6548 = CARTESIAN_POINT('',(-0.6,-1.039230484541));
#6549 = CARTESIAN_POINT('',(-2.4,-2.939152317954E-16));
#6550 = CARTESIAN_POINT('',(-0.6,1.039230484541));
#6551 = CARTESIAN_POINT('',(1.2,2.078460969083));
#6552 = CARTESIAN_POINT('',(1.2,0.));
#6553 = ( GEOMETRIC_REPRESENTATION_CONTEXT(2) 
PARAMETRIC_REPRESENTATION_CONTEXT() REPRESENTATION_CONTEXT('2D SPACE',''
  ) );
#6554 = ORIENTED_EDGE('',*,*,#6555,.T.);
#6555 = EDGE_CURVE('',#6528,#5195,#6556,.T.);
#6556 = SEAM_CURVE('',#6557,(#6561,#6568),.PCURVE_S1.);
#6557 = LINE('',#6558,#6559);
#6558 = CARTESIAN_POINT('',(22.2,-23.,0.));
#6559 = VECTOR('',#6560,1.);
#6560 = DIRECTION('',(0.,0.,1.));
#6561 = PCURVE('',#5215,#6562);
#6562 = DEFINITIONAL_REPRESENTATION('',(#6563),#6567);
#6563 = LINE('',#6564,#6565);
#6564 = CARTESIAN_POINT('',(-6.28318530718,0.));
#6565 = VECTOR('',#6566,1.);
#6566 = DIRECTION('',(-0.,-1.));
#6567 = ( GEOMETRIC_REPRESENTATION_CONTEXT(2) 
PARAMETRIC_REPRESENTATION_CONTEXT() REPRESENTATION_CONTEXT('2D SPACE',''
  ) );
#6568 = PCURVE('',#5215,#6569);
#6569 = DEFINITIONAL_REPRESENTATION('',(#6570),#6574);
#6570 = LINE('',#6571,#6572);
#6571 = CARTESIAN_POINT('',(-0.,0.));
#6572 = VECTOR('',#6573,1.);
#6573 = DIRECTION('',(-0.,-1.));
#6574 = ( GEOMETRIC_REPRESENTATION_CONTEXT(2) 
PARAMETRIC_REPRESENTATION_CONTEXT() REPRESENTATION_CONTEXT('2D SPACE',''
  ) );
#6575 = ORIENTED_EDGE('',*,*,#5194,.F.);
#6576 = ORIENTED_EDGE('',*,*,#6555,.F.);
#6577 = ADVANCED_FACE('',(#6578),#5250,.F.);
#6578 = FACE_BOUND('',#6579,.T.);
#6579 = EDGE_LOOP('',(#6580,#6608,#6629,#6630));
#6580 = ORIENTED_EDGE('',*,*,#6581,.T.);
#6581 = EDGE_CURVE('',#6582,#6582,#6584,.T.);
#6582 = VERTEX_POINT('',#6583);
#6583 = CARTESIAN_POINT('',(-19.8,23.,1.24));
#6584 = SURFACE_CURVE('',#6585,(#6590,#6597),.PCURVE_S1.);
#6585 = CIRCLE('',#6586,1.2);
#6586 = AXIS2_PLACEMENT_3D('',#6587,#6588,#6589);
#6587 = CARTESIAN_POINT('',(-21.,23.,1.24));
#6588 = DIRECTION('',(0.,0.,-1.));
#6589 = DIRECTION('',(1.,0.,0.));
#6590 = PCURVE('',#5250,#6591);
#6591 = DEFINITIONAL_REPRESENTATION('',(#6592),#6596);
#6592 = LINE('',#6593,#6594);
#6593 = CARTESIAN_POINT('',(-6.28318530718,-1.24));
#6594 = VECTOR('',#6595,1.);
#6595 = DIRECTION('',(1.,-0.));
#6596 = ( GEOMETRIC_REPRESENTATION_CONTEXT(2) 
PARAMETRIC_REPRESENTATION_CONTEXT() REPRESENTATION_CONTEXT('2D SPACE',''
  ) );
#6597 = PCURVE('',#5954,#6598);
#6598 = DEFINITIONAL_REPRESENTATION('',(#6599),#6607);
#6599 = ( BOUNDED_CURVE() B_SPLINE_CURVE(2,(#6600,#6601,#6602,#6603,
#6604,#6605,#6606),.UNSPECIFIED.,.T.,.F.) B_SPLINE_CURVE_WITH_KNOTS((1,2
    ,2,2,2,1),(-2.094395102393,0.,2.094395102393,4.188790204786,
6.28318530718,8.377580409573),.UNSPECIFIED.) CURVE() 
GEOMETRIC_REPRESENTATION_ITEM() RATIONAL_B_SPLINE_CURVE((1.,0.5,1.,0.5,
1.,0.5,1.)) REPRESENTATION_ITEM('') );
#6600 = CARTESIAN_POINT('',(1.2,0.));
#6601 = CARTESIAN_POINT('',(1.2,-2.078460969083));
#6602 = CARTESIAN_POINT('',(-0.6,-1.039230484541));
#6603 = CARTESIAN_POINT('',(-2.4,-2.939152317954E-16));
#6604 = CARTESIAN_POINT('',(-0.6,1.039230484541));
#6605 = CARTESIAN_POINT('',(1.2,2.078460969083));
#6606 = CARTESIAN_POINT('',(1.2,0.));
#6607 = ( GEOMETRIC_REPRESENTATION_CONTEXT(2) 
PARAMETRIC_REPRESENTATION_CONTEXT() REPRESENTATION_CONTEXT('2D SPACE',''
  ) );
#6608 = ORIENTED_EDGE('',*,*,#6609,.T.);
#6609 = EDGE_CURVE('',#6582,#5230,#6610,.T.);
#6610 = SEAM_CURVE('',#6611,(#6615,#6622),.PCURVE_S1.);
#6611 = LINE('',#6612,#6613);
#6612 = CARTESIAN_POINT('',(-19.8,23.,0.));
#6613 = VECTOR('',#6614,1.);
#6614 = DIRECTION('',(0.,0.,1.));
#6615 = PCURVE('',#5250,#6616);
#6616 = DEFINITIONAL_REPRESENTATION('',(#6617),#6621);
#6617 = LINE('',#6618,#6619);
#6618 = CARTESIAN_POINT('',(-6.28318530718,0.));
#6619 = VECTOR('',#6620,1.);
#6620 = DIRECTION('',(-0.,-1.));
#6621 = ( GEOMETRIC_REPRESENTATION_CONTEXT(2) 
PARAMETRIC_REPRESENTATION_CONTEXT() REPRESENTATION_CONTEXT('2D SPACE',''
  ) );
#6622 = PCURVE('',#5250,#6623);
#6623 = DEFINITIONAL_REPRESENTATION('',(#6624),#6628);
#6624 = LINE('',#6625,#6626);
#6625 = CARTESIAN_POINT('',(-0.,0.));
#6626 = VECTOR('',#6627,1.);
#6627 = DIRECTION('',(-0.,-1.));
#6628 = ( GEOMETRIC_REPRESENTATION_CONTEXT(2) 
PARAMETRIC_REPRESENTATION_CONTEXT() REPRESENTATION_CONTEXT('2D SPACE',''
  ) );
#6629 = ORIENTED_EDGE('',*,*,#5229,.F.);
#6630 = ORIENTED_EDGE('',*,*,#6609,.F.);
#6631 = ADVANCED_FACE('',(#6632),#5282,.F.);
#6632 = FACE_BOUND('',#6633,.F.);
#6633 = EDGE_LOOP('',(#6634,#6664,#6685,#6686));
#6634 = ORIENTED_EDGE('',*,*,#6635,.F.);
#6635 = EDGE_CURVE('',#6636,#6638,#6640,.T.);
#6636 = VERTEX_POINT('',#6637);
#6637 = CARTESIAN_POINT('',(-19.05,7.2,4.4));
#6638 = VERTEX_POINT('',#6639);
#6639 = CARTESIAN_POINT('',(-19.05,27.5,4.4));
#6640 = SURFACE_CURVE('',#6641,(#6645,#6652),.PCURVE_S1.);
#6641 = LINE('',#6642,#6643);
#6642 = CARTESIAN_POINT('',(-19.05,7.2,4.4));
#6643 = VECTOR('',#6644,1.);
#6644 = DIRECTION('',(0.,1.,0.));
#6645 = PCURVE('',#5282,#6646);
#6646 = DEFINITIONAL_REPRESENTATION('',(#6647),#6651);
#6647 = LINE('',#6648,#6649);
#6648 = CARTESIAN_POINT('',(2.,0.));
#6649 = VECTOR('',#6650,1.);
#6650 = DIRECTION('',(0.,-1.));
#6651 = ( GEOMETRIC_REPRESENTATION_CONTEXT(2) 
PARAMETRIC_REPRESENTATION_CONTEXT() REPRESENTATION_CONTEXT('2D SPACE',''
  ) );
#6652 = PCURVE('',#6653,#6658);
#6653 = PLANE('',#6654);
#6654 = AXIS2_PLACEMENT_3D('',#6655,#6656,#6657);
#6655 = CARTESIAN_POINT('',(-19.05,7.2,4.4));
#6656 = DIRECTION('',(0.,0.,1.));
#6657 = DIRECTION('',(1.,0.,0.));
#6658 = DEFINITIONAL_REPRESENTATION('',(#6659),#6663);
#6659 = LINE('',#6660,#6661);
#6660 = CARTESIAN_POINT('',(0.,0.));
#6661 = VECTOR('',#6662,1.);
#6662 = DIRECTION('',(0.,1.));
#6663 = ( GEOMETRIC_REPRESENTATION_CONTEXT(2) 
PARAMETRIC_REPRESENTATION_CONTEXT() REPRESENTATION_CONTEXT('2D SPACE',''
  ) );
#6664 = ORIENTED_EDGE('',*,*,#6665,.F.);
#6665 = EDGE_CURVE('',#5265,#6636,#6666,.T.);
#6666 = SURFACE_CURVE('',#6667,(#6671,#6678),.PCURVE_S1.);
#6667 = LINE('',#6668,#6669);
#6668 = CARTESIAN_POINT('',(-19.05,7.2,2.4));
#6669 = VECTOR('',#6670,1.);
#6670 = DIRECTION('',(0.,0.,1.));
#6671 = PCURVE('',#5282,#6672);
#6672 = DEFINITIONAL_REPRESENTATION('',(#6673),#6677);
#6673 = LINE('',#6674,#6675);
#6674 = CARTESIAN_POINT('',(0.,0.));
#6675 = VECTOR('',#6676,1.);
#6676 = DIRECTION('',(1.,0.));
#6677 = ( GEOMETRIC_REPRESENTATION_CONTEXT(2) 
PARAMETRIC_REPRESENTATION_CONTEXT() REPRESENTATION_CONTEXT('2D SPACE',''
  ) );
#6678 = PCURVE('',#5476,#6679);
#6679 = DEFINITIONAL_REPRESENTATION('',(#6680),#6684);
#6680 = LINE('',#6681,#6682);
#6681 = CARTESIAN_POINT('',(0.,0.));
#6682 = VECTOR('',#6683,1.);
#6683 = DIRECTION('',(1.,0.));
#6684 = ( GEOMETRIC_REPRESENTATION_CONTEXT(2) 
PARAMETRIC_REPRESENTATION_CONTEXT() REPRESENTATION_CONTEXT('2D SPACE',''
  ) );
#6685 = ORIENTED_EDGE('',*,*,#5264,.T.);
#6686 = ORIENTED_EDGE('',*,*,#6687,.T.);
#6687 = EDGE_CURVE('',#5267,#6638,#6688,.T.);
#6688 = SURFACE_CURVE('',#6689,(#6693,#6700),.PCURVE_S1.);
#6689 = LINE('',#6690,#6691);
#6690 = CARTESIAN_POINT('',(-19.05,27.5,2.4));
#6691 = VECTOR('',#6692,1.);
#6692 = DIRECTION('',(0.,0.,1.));
#6693 = PCURVE('',#5282,#6694);
#6694 = DEFINITIONAL_REPRESENTATION('',(#6695),#6699);
#6695 = LINE('',#6696,#6697);
#6696 = CARTESIAN_POINT('',(0.,-20.3));
#6697 = VECTOR('',#6698,1.);
#6698 = DIRECTION('',(1.,0.));
#6699 = ( GEOMETRIC_REPRESENTATION_CONTEXT(2) 
PARAMETRIC_REPRESENTATION_CONTEXT() REPRESENTATION_CONTEXT('2D SPACE',''
  ) );
#6700 = PCURVE('',#5310,#6701);
#6701 = DEFINITIONAL_REPRESENTATION('',(#6702),#6706);
#6702 = LINE('',#6703,#6704);
#6703 = CARTESIAN_POINT('',(0.,0.));
#6704 = VECTOR('',#6705,1.);
#6705 = DIRECTION('',(1.,0.));
#6706 = ( GEOMETRIC_REPRESENTATION_CONTEXT(2) 
PARAMETRIC_REPRESENTATION_CONTEXT() REPRESENTATION_CONTEXT('2D SPACE',''
  ) );
#6707 = ADVANCED_FACE('',(#6708),#5310,.T.);
#6708 = FACE_BOUND('',#6709,.T.);
#6709 = EDGE_LOOP('',(#6710,#6711,#6712,#6735));
#6710 = ORIENTED_EDGE('',*,*,#5294,.F.);
#6711 = ORIENTED_EDGE('',*,*,#6687,.T.);
#6712 = ORIENTED_EDGE('',*,*,#6713,.T.);
#6713 = EDGE_CURVE('',#6638,#6714,#6716,.T.);
#6714 = VERTEX_POINT('',#6715);
#6715 = CARTESIAN_POINT('',(-17.45,27.5,4.4));
#6716 = SURFACE_CURVE('',#6717,(#6721,#6728),.PCURVE_S1.);
#6717 = LINE('',#6718,#6719);
#6718 = CARTESIAN_POINT('',(-19.05,27.5,4.4));
#6719 = VECTOR('',#6720,1.);
#6720 = DIRECTION('',(1.,0.,0.));
#6721 = PCURVE('',#5310,#6722);
#6722 = DEFINITIONAL_REPRESENTATION('',(#6723),#6727);
#6723 = LINE('',#6724,#6725);
#6724 = CARTESIAN_POINT('',(2.,0.));
#6725 = VECTOR('',#6726,1.);
#6726 = DIRECTION('',(0.,1.));
#6727 = ( GEOMETRIC_REPRESENTATION_CONTEXT(2) 
PARAMETRIC_REPRESENTATION_CONTEXT() REPRESENTATION_CONTEXT('2D SPACE',''
  ) );
#6728 = PCURVE('',#6653,#6729);
#6729 = DEFINITIONAL_REPRESENTATION('',(#6730),#6734);
#6730 = LINE('',#6731,#6732);
#6731 = CARTESIAN_POINT('',(0.,20.3));
#6732 = VECTOR('',#6733,1.);
#6733 = DIRECTION('',(1.,0.));
#6734 = ( GEOMETRIC_REPRESENTATION_CONTEXT(2) 
PARAMETRIC_REPRESENTATION_CONTEXT() REPRESENTATION_CONTEXT('2D SPACE',''
  ) );
#6735 = ORIENTED_EDGE('',*,*,#6736,.F.);
#6736 = EDGE_CURVE('',#5295,#6714,#6737,.T.);
#6737 = SURFACE_CURVE('',#6738,(#6742,#6749),.PCURVE_S1.);
#6738 = LINE('',#6739,#6740);
#6739 = CARTESIAN_POINT('',(-17.45,27.5,2.4));
#6740 = VECTOR('',#6741,1.);
#6741 = DIRECTION('',(0.,0.,1.));
#6742 = PCURVE('',#5310,#6743);
#6743 = DEFINITIONAL_REPRESENTATION('',(#6744),#6748);
#6744 = LINE('',#6745,#6746);
#6745 = CARTESIAN_POINT('',(0.,1.6));
#6746 = VECTOR('',#6747,1.);
#6747 = DIRECTION('',(1.,0.));
#6748 = ( GEOMETRIC_REPRESENTATION_CONTEXT(2) 
PARAMETRIC_REPRESENTATION_CONTEXT() REPRESENTATION_CONTEXT('2D SPACE',''
  ) );
#6749 = PCURVE('',#5338,#6750);
#6750 = DEFINITIONAL_REPRESENTATION('',(#6751),#6755);
#6751 = LINE('',#6752,#6753);
#6752 = CARTESIAN_POINT('',(0.,-19.));
#6753 = VECTOR('',#6754,1.);
#6754 = DIRECTION('',(1.,0.));
#6755 = ( GEOMETRIC_REPRESENTATION_CONTEXT(2) 
PARAMETRIC_REPRESENTATION_CONTEXT() REPRESENTATION_CONTEXT('2D SPACE',''
  ) );
#6756 = ADVANCED_FACE('',(#6757),#5338,.T.);
#6757 = FACE_BOUND('',#6758,.T.);
#6758 = EDGE_LOOP('',(#6759,#6782,#6801,#6802));
#6759 = ORIENTED_EDGE('',*,*,#6760,.F.);
#6760 = EDGE_CURVE('',#6761,#6714,#6763,.T.);
#6761 = VERTEX_POINT('',#6762);
#6762 = CARTESIAN_POINT('',(-17.45,8.8,4.4));
#6763 = SURFACE_CURVE('',#6764,(#6768,#6775),.PCURVE_S1.);
#6764 = LINE('',#6765,#6766);
#6765 = CARTESIAN_POINT('',(-17.45,8.5,4.4));
#6766 = VECTOR('',#6767,1.);
#6767 = DIRECTION('',(0.,1.,0.));
#6768 = PCURVE('',#5338,#6769);
#6769 = DEFINITIONAL_REPRESENTATION('',(#6770),#6774);
#6770 = LINE('',#6771,#6772);
#6771 = CARTESIAN_POINT('',(2.,0.));
#6772 = VECTOR('',#6773,1.);
#6773 = DIRECTION('',(0.,-1.));
#6774 = ( GEOMETRIC_REPRESENTATION_CONTEXT(2) 
PARAMETRIC_REPRESENTATION_CONTEXT() REPRESENTATION_CONTEXT('2D SPACE',''
  ) );
#6775 = PCURVE('',#6653,#6776);
#6776 = DEFINITIONAL_REPRESENTATION('',(#6777),#6781);
#6777 = LINE('',#6778,#6779);
#6778 = CARTESIAN_POINT('',(1.6,1.3));
#6779 = VECTOR('',#6780,1.);
#6780 = DIRECTION('',(0.,1.));
#6781 = ( GEOMETRIC_REPRESENTATION_CONTEXT(2) 
PARAMETRIC_REPRESENTATION_CONTEXT() REPRESENTATION_CONTEXT('2D SPACE',''
  ) );
#6782 = ORIENTED_EDGE('',*,*,#6783,.F.);
#6783 = EDGE_CURVE('',#5323,#6761,#6784,.T.);
#6784 = SURFACE_CURVE('',#6785,(#6789,#6795),.PCURVE_S1.);
#6785 = LINE('',#6786,#6787);
#6786 = CARTESIAN_POINT('',(-17.45,8.8,2.4));
#6787 = VECTOR('',#6788,1.);
#6788 = DIRECTION('',(0.,0.,1.));
#6789 = PCURVE('',#5338,#6790);
#6790 = DEFINITIONAL_REPRESENTATION('',(#6791),#6794);
#6791 = B_SPLINE_CURVE_WITH_KNOTS('',1,(#6792,#6793),.UNSPECIFIED.,.F.,
  .F.,(2,2),(0.,2.),.PIECEWISE_BEZIER_KNOTS.);
#6792 = CARTESIAN_POINT('',(0.,-0.3));
#6793 = CARTESIAN_POINT('',(2.,-0.3));
#6794 = ( GEOMETRIC_REPRESENTATION_CONTEXT(2) 
PARAMETRIC_REPRESENTATION_CONTEXT() REPRESENTATION_CONTEXT('2D SPACE',''
  ) );
#6795 = PCURVE('',#5366,#6796);
#6796 = DEFINITIONAL_REPRESENTATION('',(#6797),#6800);
#6797 = B_SPLINE_CURVE_WITH_KNOTS('',1,(#6798,#6799),.UNSPECIFIED.,.F.,
  .F.,(2,2),(0.,2.),.PIECEWISE_BEZIER_KNOTS.);
#6798 = CARTESIAN_POINT('',(0.,1.6));
#6799 = CARTESIAN_POINT('',(2.,1.6));
#6800 = ( GEOMETRIC_REPRESENTATION_CONTEXT(2) 
PARAMETRIC_REPRESENTATION_CONTEXT() REPRESENTATION_CONTEXT('2D SPACE',''
  ) );
#6801 = ORIENTED_EDGE('',*,*,#5322,.T.);
#6802 = ORIENTED_EDGE('',*,*,#6736,.T.);
#6803 = ADVANCED_FACE('',(#6804),#5366,.T.);
#6804 = FACE_BOUND('',#6805,.T.);
#6805 = EDGE_LOOP('',(#6806,#6807,#6808,#6831));
#6806 = ORIENTED_EDGE('',*,*,#5350,.F.);
#6807 = ORIENTED_EDGE('',*,*,#6783,.T.);
#6808 = ORIENTED_EDGE('',*,*,#6809,.T.);
#6809 = EDGE_CURVE('',#6761,#6810,#6812,.T.);
#6810 = VERTEX_POINT('',#6811);
#6811 = CARTESIAN_POINT('',(17.45,8.8,4.4));
#6812 = SURFACE_CURVE('',#6813,(#6817,#6824),.PCURVE_S1.);
#6813 = LINE('',#6814,#6815);
#6814 = CARTESIAN_POINT('',(-19.05,8.8,4.4));
#6815 = VECTOR('',#6816,1.);
#6816 = DIRECTION('',(1.,0.,0.));
#6817 = PCURVE('',#5366,#6818);
#6818 = DEFINITIONAL_REPRESENTATION('',(#6819),#6823);
#6819 = LINE('',#6820,#6821);
#6820 = CARTESIAN_POINT('',(2.,0.));
#6821 = VECTOR('',#6822,1.);
#6822 = DIRECTION('',(0.,1.));
#6823 = ( GEOMETRIC_REPRESENTATION_CONTEXT(2) 
PARAMETRIC_REPRESENTATION_CONTEXT() REPRESENTATION_CONTEXT('2D SPACE',''
  ) );
#6824 = PCURVE('',#6653,#6825);
#6825 = DEFINITIONAL_REPRESENTATION('',(#6826),#6830);
#6826 = LINE('',#6827,#6828);
#6827 = CARTESIAN_POINT('',(0.,1.6));
#6828 = VECTOR('',#6829,1.);
#6829 = DIRECTION('',(1.,0.));
#6830 = ( GEOMETRIC_REPRESENTATION_CONTEXT(2) 
PARAMETRIC_REPRESENTATION_CONTEXT() REPRESENTATION_CONTEXT('2D SPACE',''
  ) );
#6831 = ORIENTED_EDGE('',*,*,#6832,.F.);
#6832 = EDGE_CURVE('',#5351,#6810,#6833,.T.);
#6833 = SURFACE_CURVE('',#6834,(#6838,#6844),.PCURVE_S1.);
#6834 = LINE('',#6835,#6836);
#6835 = CARTESIAN_POINT('',(17.45,8.8,2.4));
#6836 = VECTOR('',#6837,1.);
#6837 = DIRECTION('',(0.,0.,1.));
#6838 = PCURVE('',#5366,#6839);
#6839 = DEFINITIONAL_REPRESENTATION('',(#6840),#6843);
#6840 = B_SPLINE_CURVE_WITH_KNOTS('',1,(#6841,#6842),.UNSPECIFIED.,.F.,
  .F.,(2,2),(0.,2.),.PIECEWISE_BEZIER_KNOTS.);
#6841 = CARTESIAN_POINT('',(0.,36.5));
#6842 = CARTESIAN_POINT('',(2.,36.5));
#6843 = ( GEOMETRIC_REPRESENTATION_CONTEXT(2) 
PARAMETRIC_REPRESENTATION_CONTEXT() REPRESENTATION_CONTEXT('2D SPACE',''
  ) );
#6844 = PCURVE('',#5394,#6845);
#6845 = DEFINITIONAL_REPRESENTATION('',(#6846),#6849);
#6846 = B_SPLINE_CURVE_WITH_KNOTS('',1,(#6847,#6848),.UNSPECIFIED.,.F.,
  .F.,(2,2),(0.,2.),.PIECEWISE_BEZIER_KNOTS.);
#6847 = CARTESIAN_POINT('',(0.,-0.3));
#6848 = CARTESIAN_POINT('',(2.,-0.3));
#6849 = ( GEOMETRIC_REPRESENTATION_CONTEXT(2) 
PARAMETRIC_REPRESENTATION_CONTEXT() REPRESENTATION_CONTEXT('2D SPACE',''
  ) );
#6850 = ADVANCED_FACE('',(#6851),#5394,.F.);
#6851 = FACE_BOUND('',#6852,.F.);
#6852 = EDGE_LOOP('',(#6853,#6876,#6877,#6878));
#6853 = ORIENTED_EDGE('',*,*,#6854,.F.);
#6854 = EDGE_CURVE('',#6810,#6855,#6857,.T.);
#6855 = VERTEX_POINT('',#6856);
#6856 = CARTESIAN_POINT('',(17.45,27.5,4.4));
#6857 = SURFACE_CURVE('',#6858,(#6862,#6869),.PCURVE_S1.);
#6858 = LINE('',#6859,#6860);
#6859 = CARTESIAN_POINT('',(17.45,8.5,4.4));
#6860 = VECTOR('',#6861,1.);
#6861 = DIRECTION('',(0.,1.,0.));
#6862 = PCURVE('',#5394,#6863);
#6863 = DEFINITIONAL_REPRESENTATION('',(#6864),#6868);
#6864 = LINE('',#6865,#6866);
#6865 = CARTESIAN_POINT('',(2.,0.));
#6866 = VECTOR('',#6867,1.);
#6867 = DIRECTION('',(0.,-1.));
#6868 = ( GEOMETRIC_REPRESENTATION_CONTEXT(2) 
PARAMETRIC_REPRESENTATION_CONTEXT() REPRESENTATION_CONTEXT('2D SPACE',''
  ) );
#6869 = PCURVE('',#6653,#6870);
#6870 = DEFINITIONAL_REPRESENTATION('',(#6871),#6875);
#6871 = LINE('',#6872,#6873);
#6872 = CARTESIAN_POINT('',(36.5,1.3));
#6873 = VECTOR('',#6874,1.);
#6874 = DIRECTION('',(0.,1.));
#6875 = ( GEOMETRIC_REPRESENTATION_CONTEXT(2) 
PARAMETRIC_REPRESENTATION_CONTEXT() REPRESENTATION_CONTEXT('2D SPACE',''
  ) );
#6876 = ORIENTED_EDGE('',*,*,#6832,.F.);
#6877 = ORIENTED_EDGE('',*,*,#5378,.T.);
#6878 = ORIENTED_EDGE('',*,*,#6879,.T.);
#6879 = EDGE_CURVE('',#5379,#6855,#6880,.T.);
#6880 = SURFACE_CURVE('',#6881,(#6885,#6892),.PCURVE_S1.);
#6881 = LINE('',#6882,#6883);
#6882 = CARTESIAN_POINT('',(17.45,27.5,2.4));
#6883 = VECTOR('',#6884,1.);
#6884 = DIRECTION('',(0.,0.,1.));
#6885 = PCURVE('',#5394,#6886);
#6886 = DEFINITIONAL_REPRESENTATION('',(#6887),#6891);
#6887 = LINE('',#6888,#6889);
#6888 = CARTESIAN_POINT('',(0.,-19.));
#6889 = VECTOR('',#6890,1.);
#6890 = DIRECTION('',(1.,0.));
#6891 = ( GEOMETRIC_REPRESENTATION_CONTEXT(2) 
PARAMETRIC_REPRESENTATION_CONTEXT() REPRESENTATION_CONTEXT('2D SPACE',''
  ) );
#6892 = PCURVE('',#5422,#6893);
#6893 = DEFINITIONAL_REPRESENTATION('',(#6894),#6898);
#6894 = LINE('',#6895,#6896);
#6895 = CARTESIAN_POINT('',(0.,0.));
#6896 = VECTOR('',#6897,1.);
#6897 = DIRECTION('',(1.,0.));
#6898 = ( GEOMETRIC_REPRESENTATION_CONTEXT(2) 
PARAMETRIC_REPRESENTATION_CONTEXT() REPRESENTATION_CONTEXT('2D SPACE',''
  ) );
#6899 = ADVANCED_FACE('',(#6900),#5422,.T.);
#6900 = FACE_BOUND('',#6901,.T.);
#6901 = EDGE_LOOP('',(#6902,#6903,#6904,#6927));
#6902 = ORIENTED_EDGE('',*,*,#5406,.F.);
#6903 = ORIENTED_EDGE('',*,*,#6879,.T.);
#6904 = ORIENTED_EDGE('',*,*,#6905,.T.);
#6905 = EDGE_CURVE('',#6855,#6906,#6908,.T.);
#6906 = VERTEX_POINT('',#6907);
#6907 = CARTESIAN_POINT('',(19.05,27.5,4.4));
#6908 = SURFACE_CURVE('',#6909,(#6913,#6920),.PCURVE_S1.);
#6909 = LINE('',#6910,#6911);
#6910 = CARTESIAN_POINT('',(17.45,27.5,4.4));
#6911 = VECTOR('',#6912,1.);
#6912 = DIRECTION('',(1.,0.,0.));
#6913 = PCURVE('',#5422,#6914);
#6914 = DEFINITIONAL_REPRESENTATION('',(#6915),#6919);
#6915 = LINE('',#6916,#6917);
#6916 = CARTESIAN_POINT('',(2.,0.));
#6917 = VECTOR('',#6918,1.);
#6918 = DIRECTION('',(0.,1.));
#6919 = ( GEOMETRIC_REPRESENTATION_CONTEXT(2) 
PARAMETRIC_REPRESENTATION_CONTEXT() REPRESENTATION_CONTEXT('2D SPACE',''
  ) );
#6920 = PCURVE('',#6653,#6921);
#6921 = DEFINITIONAL_REPRESENTATION('',(#6922),#6926);
#6922 = LINE('',#6923,#6924);
#6923 = CARTESIAN_POINT('',(36.5,20.3));
#6924 = VECTOR('',#6925,1.);
#6925 = DIRECTION('',(1.,0.));
#6926 = ( GEOMETRIC_REPRESENTATION_CONTEXT(2) 
PARAMETRIC_REPRESENTATION_CONTEXT() REPRESENTATION_CONTEXT('2D SPACE',''
  ) );
#6927 = ORIENTED_EDGE('',*,*,#6928,.F.);
#6928 = EDGE_CURVE('',#5407,#6906,#6929,.T.);
#6929 = SURFACE_CURVE('',#6930,(#6934,#6941),.PCURVE_S1.);
#6930 = LINE('',#6931,#6932);
#6931 = CARTESIAN_POINT('',(19.05,27.5,2.4));
#6932 = VECTOR('',#6933,1.);
#6933 = DIRECTION('',(0.,0.,1.));
#6934 = PCURVE('',#5422,#6935);
#6935 = DEFINITIONAL_REPRESENTATION('',(#6936),#6940);
#6936 = LINE('',#6937,#6938);
#6937 = CARTESIAN_POINT('',(0.,1.6));
#6938 = VECTOR('',#6939,1.);
#6939 = DIRECTION('',(1.,0.));
#6940 = ( GEOMETRIC_REPRESENTATION_CONTEXT(2) 
PARAMETRIC_REPRESENTATION_CONTEXT() REPRESENTATION_CONTEXT('2D SPACE',''
  ) );
#6941 = PCURVE('',#5450,#6942);
#6942 = DEFINITIONAL_REPRESENTATION('',(#6943),#6947);
#6943 = LINE('',#6944,#6945);
#6944 = CARTESIAN_POINT('',(0.,-20.3));
#6945 = VECTOR('',#6946,1.);
#6946 = DIRECTION('',(1.,0.));
#6947 = ( GEOMETRIC_REPRESENTATION_CONTEXT(2) 
PARAMETRIC_REPRESENTATION_CONTEXT() REPRESENTATION_CONTEXT('2D SPACE',''
  ) );
#6948 = ADVANCED_FACE('',(#6949),#5450,.T.);
#6949 = FACE_BOUND('',#6950,.T.);
#6950 = EDGE_LOOP('',(#6951,#6974,#6975,#6976));
#6951 = ORIENTED_EDGE('',*,*,#6952,.F.);
#6952 = EDGE_CURVE('',#5435,#6953,#6955,.T.);
#6953 = VERTEX_POINT('',#6954);
#6954 = CARTESIAN_POINT('',(19.05,7.2,4.4));
#6955 = SURFACE_CURVE('',#6956,(#6960,#6967),.PCURVE_S1.);
#6956 = LINE('',#6957,#6958);
#6957 = CARTESIAN_POINT('',(19.05,7.2,2.4));
#6958 = VECTOR('',#6959,1.);
#6959 = DIRECTION('',(0.,0.,1.));
#6960 = PCURVE('',#5450,#6961);
#6961 = DEFINITIONAL_REPRESENTATION('',(#6962),#6966);
#6962 = LINE('',#6963,#6964);
#6963 = CARTESIAN_POINT('',(0.,0.));
#6964 = VECTOR('',#6965,1.);
#6965 = DIRECTION('',(1.,0.));
#6966 = ( GEOMETRIC_REPRESENTATION_CONTEXT(2) 
PARAMETRIC_REPRESENTATION_CONTEXT() REPRESENTATION_CONTEXT('2D SPACE',''
  ) );
#6967 = PCURVE('',#5476,#6968);
#6968 = DEFINITIONAL_REPRESENTATION('',(#6969),#6973);
#6969 = LINE('',#6970,#6971);
#6970 = CARTESIAN_POINT('',(0.,38.1));
#6971 = VECTOR('',#6972,1.);
#6972 = DIRECTION('',(1.,0.));
#6973 = ( GEOMETRIC_REPRESENTATION_CONTEXT(2) 
PARAMETRIC_REPRESENTATION_CONTEXT() REPRESENTATION_CONTEXT('2D SPACE',''
  ) );
#6974 = ORIENTED_EDGE('',*,*,#5434,.F.);
#6975 = ORIENTED_EDGE('',*,*,#6928,.T.);
#6976 = ORIENTED_EDGE('',*,*,#6977,.T.);
#6977 = EDGE_CURVE('',#6906,#6953,#6978,.T.);
#6978 = SURFACE_CURVE('',#6979,(#6983,#6990),.PCURVE_S1.);
#6979 = LINE('',#6980,#6981);
#6980 = CARTESIAN_POINT('',(19.05,27.5,4.4));
#6981 = VECTOR('',#6982,1.);
#6982 = DIRECTION('',(0.,-1.,0.));
#6983 = PCURVE('',#5450,#6984);
#6984 = DEFINITIONAL_REPRESENTATION('',(#6985),#6989);
#6985 = LINE('',#6986,#6987);
#6986 = CARTESIAN_POINT('',(2.,-20.3));
#6987 = VECTOR('',#6988,1.);
#6988 = DIRECTION('',(0.,1.));
#6989 = ( GEOMETRIC_REPRESENTATION_CONTEXT(2) 
PARAMETRIC_REPRESENTATION_CONTEXT() REPRESENTATION_CONTEXT('2D SPACE',''
  ) );
#6990 = PCURVE('',#6653,#6991);
#6991 = DEFINITIONAL_REPRESENTATION('',(#6992),#6996);
#6992 = LINE('',#6993,#6994);
#6993 = CARTESIAN_POINT('',(38.1,20.3));
#6994 = VECTOR('',#6995,1.);
#6995 = DIRECTION('',(0.,-1.));
#6996 = ( GEOMETRIC_REPRESENTATION_CONTEXT(2) 
PARAMETRIC_REPRESENTATION_CONTEXT() REPRESENTATION_CONTEXT('2D SPACE',''
  ) );
#6997 = ADVANCED_FACE('',(#6998),#5476,.F.);
#6998 = FACE_BOUND('',#6999,.F.);
#6999 = EDGE_LOOP('',(#7000,#7001,#7002,#7023));
#7000 = ORIENTED_EDGE('',*,*,#5462,.F.);
#7001 = ORIENTED_EDGE('',*,*,#6665,.T.);
#7002 = ORIENTED_EDGE('',*,*,#7003,.T.);
#7003 = EDGE_CURVE('',#6636,#6953,#7004,.T.);
#7004 = SURFACE_CURVE('',#7005,(#7009,#7016),.PCURVE_S1.);
#7005 = LINE('',#7006,#7007);
#7006 = CARTESIAN_POINT('',(-19.05,7.2,4.4));
#7007 = VECTOR('',#7008,1.);
#7008 = DIRECTION('',(1.,0.,0.));
#7009 = PCURVE('',#5476,#7010);
#7010 = DEFINITIONAL_REPRESENTATION('',(#7011),#7015);
#7011 = LINE('',#7012,#7013);
#7012 = CARTESIAN_POINT('',(2.,0.));
#7013 = VECTOR('',#7014,1.);
#7014 = DIRECTION('',(0.,1.));
#7015 = ( GEOMETRIC_REPRESENTATION_CONTEXT(2) 
PARAMETRIC_REPRESENTATION_CONTEXT() REPRESENTATION_CONTEXT('2D SPACE',''
  ) );
#7016 = PCURVE('',#6653,#7017);
#7017 = DEFINITIONAL_REPRESENTATION('',(#7018),#7022);
#7018 = LINE('',#7019,#7020);
#7019 = CARTESIAN_POINT('',(0.,0.));
#7020 = VECTOR('',#7021,1.);
#7021 = DIRECTION('',(1.,0.));
#7022 = ( GEOMETRIC_REPRESENTATION_CONTEXT(2) 
PARAMETRIC_REPRESENTATION_CONTEXT() REPRESENTATION_CONTEXT('2D SPACE',''
  ) );
#7023 = ORIENTED_EDGE('',*,*,#6952,.F.);
#7024 = ADVANCED_FACE('',(#7025),#5511,.F.);
#7025 = FACE_BOUND('',#7026,.T.);
#7026 = EDGE_LOOP('',(#7027,#7055,#7076,#7077));
#7027 = ORIENTED_EDGE('',*,*,#7028,.T.);
#7028 = EDGE_CURVE('',#7029,#7029,#7031,.T.);
#7029 = VERTEX_POINT('',#7030);
#7030 = CARTESIAN_POINT('',(22.2,23.,1.24));
#7031 = SURFACE_CURVE('',#7032,(#7037,#7044),.PCURVE_S1.);
#7032 = CIRCLE('',#7033,1.2);
#7033 = AXIS2_PLACEMENT_3D('',#7034,#7035,#7036);
#7034 = CARTESIAN_POINT('',(21.,23.,1.24));
#7035 = DIRECTION('',(0.,0.,-1.));
#7036 = DIRECTION('',(1.,0.,0.));
#7037 = PCURVE('',#5511,#7038);
#7038 = DEFINITIONAL_REPRESENTATION('',(#7039),#7043);
#7039 = LINE('',#7040,#7041);
#7040 = CARTESIAN_POINT('',(-6.28318530718,-1.24));
#7041 = VECTOR('',#7042,1.);
#7042 = DIRECTION('',(1.,-0.));
#7043 = ( GEOMETRIC_REPRESENTATION_CONTEXT(2) 
PARAMETRIC_REPRESENTATION_CONTEXT() REPRESENTATION_CONTEXT('2D SPACE',''
  ) );
#7044 = PCURVE('',#6064,#7045);
#7045 = DEFINITIONAL_REPRESENTATION('',(#7046),#7054);
#7046 = ( BOUNDED_CURVE() B_SPLINE_CURVE(2,(#7047,#7048,#7049,#7050,
#7051,#7052,#7053),.UNSPECIFIED.,.T.,.F.) B_SPLINE_CURVE_WITH_KNOTS((1,2
    ,2,2,2,1),(-2.094395102393,0.,2.094395102393,4.188790204786,
6.28318530718,8.377580409573),.UNSPECIFIED.) CURVE() 
GEOMETRIC_REPRESENTATION_ITEM() RATIONAL_B_SPLINE_CURVE((1.,0.5,1.,0.5,
1.,0.5,1.)) REPRESENTATION_ITEM('') );
#7047 = CARTESIAN_POINT('',(1.2,0.));
#7048 = CARTESIAN_POINT('',(1.2,-2.078460969083));
#7049 = CARTESIAN_POINT('',(-0.6,-1.039230484541));
#7050 = CARTESIAN_POINT('',(-2.4,-2.939152317954E-16));
#7051 = CARTESIAN_POINT('',(-0.6,1.039230484541));
#7052 = CARTESIAN_POINT('',(1.2,2.078460969083));
#7053 = CARTESIAN_POINT('',(1.2,0.));
#7054 = ( GEOMETRIC_REPRESENTATION_CONTEXT(2) 
PARAMETRIC_REPRESENTATION_CONTEXT() REPRESENTATION_CONTEXT('2D SPACE',''
  ) );
#7055 = ORIENTED_EDGE('',*,*,#7056,.T.);
#7056 = EDGE_CURVE('',#7029,#5491,#7057,.T.);
#7057 = SEAM_CURVE('',#7058,(#7062,#7069),.PCURVE_S1.);
#7058 = LINE('',#7059,#7060);
#7059 = CARTESIAN_POINT('',(22.2,23.,0.));
#7060 = VECTOR('',#7061,1.);
#7061 = DIRECTION('',(0.,0.,1.));
#7062 = PCURVE('',#5511,#7063);
#7063 = DEFINITIONAL_REPRESENTATION('',(#7064),#7068);
#7064 = LINE('',#7065,#7066);
#7065 = CARTESIAN_POINT('',(-6.28318530718,0.));
#7066 = VECTOR('',#7067,1.);
#7067 = DIRECTION('',(-0.,-1.));
#7068 = ( GEOMETRIC_REPRESENTATION_CONTEXT(2) 
PARAMETRIC_REPRESENTATION_CONTEXT() REPRESENTATION_CONTEXT('2D SPACE',''
  ) );
#7069 = PCURVE('',#5511,#7070);
#7070 = DEFINITIONAL_REPRESENTATION('',(#7071),#7075);
#7071 = LINE('',#7072,#7073);
#7072 = CARTESIAN_POINT('',(-0.,0.));
#7073 = VECTOR('',#7074,1.);
#7074 = DIRECTION('',(-0.,-1.));
#7075 = ( GEOMETRIC_REPRESENTATION_CONTEXT(2) 
PARAMETRIC_REPRESENTATION_CONTEXT() REPRESENTATION_CONTEXT('2D SPACE',''
  ) );
#7076 = ORIENTED_EDGE('',*,*,#5490,.F.);
#7077 = ORIENTED_EDGE('',*,*,#7056,.F.);
#7078 = ADVANCED_FACE('',(#7079,#7082),#5679,.F.);
#7079 = FACE_BOUND('',#7080,.F.);
#7080 = EDGE_LOOP('',(#7081));
#7081 = ORIENTED_EDGE('',*,*,#5664,.T.);
#7082 = FACE_BOUND('',#7083,.F.);
#7083 = EDGE_LOOP('',(#7084));
#7084 = ORIENTED_EDGE('',*,*,#6080,.T.);
#7085 = ADVANCED_FACE('',(#7086),#5734,.F.);
#7086 = FACE_BOUND('',#7087,.F.);
#7087 = EDGE_LOOP('',(#7088));
#7088 = ORIENTED_EDGE('',*,*,#5719,.T.);
#7089 = ADVANCED_FACE('',(#7090,#7093),#5789,.F.);
#7090 = FACE_BOUND('',#7091,.F.);
#7091 = EDGE_LOOP('',(#7092));
#7092 = ORIENTED_EDGE('',*,*,#5774,.T.);
#7093 = FACE_BOUND('',#7094,.F.);
#7094 = EDGE_LOOP('',(#7095));
#7095 = ORIENTED_EDGE('',*,*,#6527,.T.);
#7096 = ADVANCED_FACE('',(#7097),#5844,.F.);
#7097 = FACE_BOUND('',#7098,.F.);
#7098 = EDGE_LOOP('',(#7099));
#7099 = ORIENTED_EDGE('',*,*,#5829,.T.);
#7100 = ADVANCED_FACE('',(#7101),#5899,.F.);
#7101 = FACE_BOUND('',#7102,.F.);
#7102 = EDGE_LOOP('',(#7103));
#7103 = ORIENTED_EDGE('',*,*,#5884,.T.);
#7104 = ADVANCED_FACE('',(#7105,#7108),#5954,.F.);
#7105 = FACE_BOUND('',#7106,.F.);
#7106 = EDGE_LOOP('',(#7107));
#7107 = ORIENTED_EDGE('',*,*,#5939,.T.);
#7108 = FACE_BOUND('',#7109,.F.);
#7109 = EDGE_LOOP('',(#7110));
#7110 = ORIENTED_EDGE('',*,*,#6581,.T.);
#7111 = ADVANCED_FACE('',(#7112),#6009,.F.);
#7112 = FACE_BOUND('',#7113,.F.);
#7113 = EDGE_LOOP('',(#7114));
#7114 = ORIENTED_EDGE('',*,*,#5994,.T.);
#7115 = ADVANCED_FACE('',(#7116,#7119),#6064,.F.);
#7116 = FACE_BOUND('',#7117,.F.);
#7117 = EDGE_LOOP('',(#7118));
#7118 = ORIENTED_EDGE('',*,*,#6049,.T.);
#7119 = FACE_BOUND('',#7120,.F.);
#7120 = EDGE_LOOP('',(#7121));
#7121 = ORIENTED_EDGE('',*,*,#7028,.T.);
#7122 = ADVANCED_FACE('',(#7123),#6152,.T.);
#7123 = FACE_BOUND('',#7124,.T.);
#7124 = EDGE_LOOP('',(#7125,#7126,#7127,#7128,#7129,#7130,#7131,#7132));
#7125 = ORIENTED_EDGE('',*,*,#6134,.F.);
#7126 = ORIENTED_EDGE('',*,*,#6502,.T.);
#7127 = ORIENTED_EDGE('',*,*,#6476,.F.);
#7128 = ORIENTED_EDGE('',*,*,#6404,.F.);
#7129 = ORIENTED_EDGE('',*,*,#6353,.F.);
#7130 = ORIENTED_EDGE('',*,*,#6308,.F.);
#7131 = ORIENTED_EDGE('',*,*,#6259,.T.);
#7132 = ORIENTED_EDGE('',*,*,#6212,.F.);
#7133 = ADVANCED_FACE('',(#7134),#6653,.T.);
#7134 = FACE_BOUND('',#7135,.T.);
#7135 = EDGE_LOOP('',(#7136,#7137,#7138,#7139,#7140,#7141,#7142,#7143));
#7136 = ORIENTED_EDGE('',*,*,#6635,.F.);
#7137 = ORIENTED_EDGE('',*,*,#7003,.T.);
#7138 = ORIENTED_EDGE('',*,*,#6977,.F.);
#7139 = ORIENTED_EDGE('',*,*,#6905,.F.);
#7140 = ORIENTED_EDGE('',*,*,#6854,.F.);
#7141 = ORIENTED_EDGE('',*,*,#6809,.F.);
#7142 = ORIENTED_EDGE('',*,*,#6760,.T.);
#7143 = ORIENTED_EDGE('',*,*,#6713,.F.);
#7144 = ( GEOMETRIC_REPRESENTATION_CONTEXT(3) 
GLOBAL_UNCERTAINTY_ASSIGNED_CONTEXT((#7148)) 
GLOBAL_UNIT_ASSIGNED_CONTEXT((#7145,#7146,#7147)) REPRESENTATION_CONTEXT
('Context #1','3D Context with UNIT and UNCERTAINTY') );
#7145 = ( LENGTH_UNIT() NAMED_UNIT(*) SI_UNIT(.MILLI.,.METRE.) );
#7146 = ( NAMED_UNIT(*) PLANE_ANGLE_UNIT() SI_UNIT($,.RADIAN.) );
#7147 = ( NAMED_UNIT(*) SI_UNIT($,.STERADIAN.) SOLID_ANGLE_UNIT() );
#7148 = UNCERTAINTY_MEASURE_WITH_UNIT(LENGTH_MEASURE(1.E-07),#7145,
  'distance_accuracy_value','confusion accuracy');
#7149 = CONTEXT_DEPENDENT_SHAPE_REPRESENTATION(#7150,#7152);
#7150 = ( REPRESENTATION_RELATIONSHIP('','',#4115,#10) 
REPRESENTATION_RELATIONSHIP_WITH_TRANSFORMATION(#7151) 
SHAPE_REPRESENTATION_RELATIONSHIP() );
#7151 = ITEM_DEFINED_TRANSFORMATION('','',#11,#19);
#7152 = PRODUCT_DEFINITION_SHAPE('Placement','Placement of an item',
  #7153);
#7153 = NEXT_ASSEMBLY_USAGE_OCCURRENCE('2','bottom_plate','',#5,#4110,$
  );
#7154 = PRODUCT_RELATED_PRODUCT_CATEGORY('part',$,(#4112));
#7155 = MECHANICAL_DESIGN_GEOMETRIC_PRESENTATION_REPRESENTATION('',(
    #7156),#4097);
#7156 = STYLED_ITEM('color',(#7157),#37);
#7157 = PRESENTATION_STYLE_ASSIGNMENT((#7158));
#7158 = SURFACE_STYLE_USAGE(.BOTH.,#7159);
#7159 = SURFACE_SIDE_STYLE('',(#7160));
#7160 = SURFACE_STYLE_FILL_AREA(#7161);
#7161 = FILL_AREA_STYLE('',(#7162));
#7162 = FILL_AREA_STYLE_COLOUR('',#7163);
#7163 = COLOUR_RGB('',0.199999998682,0.420000006308,0.720000003324);
#7164 = MECHANICAL_DESIGN_GEOMETRIC_PRESENTATION_REPRESENTATION('',(
    #7165),#7144);
#7165 = STYLED_ITEM('color',(#7166),#4116);
#7166 = PRESENTATION_STYLE_ASSIGNMENT((#7167));
#7167 = SURFACE_STYLE_USAGE(.BOTH.,#7168);
#7168 = SURFACE_SIDE_STYLE('',(#7169));
#7169 = SURFACE_STYLE_FILL_AREA(#7170);
#7170 = FILL_AREA_STYLE('',(#7171));
#7171 = FILL_AREA_STYLE_COLOUR('',#7172);
#7172 = COLOUR_RGB('',0.180000002302,0.180000002302,0.199999998682);
ENDSEC;
END-ISO-10303-21;
