ISO-10303-21;
HEADER;
FILE_DESCRIPTION(('Open CASCADE Model'),'2;1');
FILE_NAME('Open CASCADE Shape Model','2026-09-09T11:39:49',('Author'),(
    'Open CASCADE'),'Open CASCADE STEP processor 7.9','Open CASCADE 7.9'
  ,'Unknown');
FILE_SCHEMA(('AUTOMOTIVE_DESIGN { 1 0 10303 214 1 1 1 1 }'));
ENDSEC;
DATA;
#1 = APPLICATION_PROTOCOL_DEFINITION('international standard',
  'automotive_design',2000,#2);
#2 = APPLICATION_CONTEXT(
  'core data for automotive mechanical design processes');
#3 = SHAPE_DEFINITION_REPRESENTATION(#4,#10);
#4 = PRODUCT_DEFINITION_SHAPE('','',#5);
#5 = PRODUCT_DEFINITION('design','',#6,#9);
#6 = PRODUCT_DEFINITION_FORMATION('','',#7);
#7 = PRODUCT('Open CASCADE STEP translator 7.9 1',
  'Open CASCADE STEP translator 7.9 1','',(#8));
#8 = PRODUCT_CONTEXT('',#2,'mechanical');
#9 = PRODUCT_DEFINITION_CONTEXT('part definition',#2,'design');
#10 = ADVANCED_BREP_SHAPE_REPRESENTATION('',(#11,#15),#7559);
#11 = AXIS2_PLACEMENT_3D('',#12,#13,#14);
#12 = CARTESIAN_POINT('',(0.,0.,0.));
#13 = DIRECTION('',(0.,0.,1.));
#14 = DIRECTION('',(1.,0.,-0.));
#15 = MANIFOLD_SOLID_BREP('',#16);
#16 = CLOSED_SHELL('',(#17,#260,#406,#622,#703,#789,#865,#943,#1019,
    #1105,#1181,#1259,#1335,#1551,#1658,#1836,#1912,#2080,#2289,#2360,
    #2391,#2529,#2611,#2693,#2775,#2967,#3020,#3069,#3155,#3311,#3365,
    #3427,#3457,#3589,#3665,#3741,#3817,#3939,#3987,#4051,#4105,#4132,
    #4183,#4213,#4240,#4346,#4423,#4610,#4669,#4838,#4909,#4980,#5029,
    #5078,#5156,#5204,#5280,#5351,#5378,#5405,#5412,#5483,#5512,#5543,
    #5573,#5600,#5632,#5668,#5715,#5742,#5769,#5909,#5968,#6142,#6213,
    #6262,#6311,#6360,#6409,#6436,#6495,#6669,#6740,#6789,#6838,#6887,
    #6936,#6963,#7022,#7196,#7267,#7316,#7365,#7414,#7463,#7490,#7518));
#17 = ADVANCED_FACE('',(#18),#33,.T.);
#18 = FACE_BOUND('',#19,.F.);
#19 = EDGE_LOOP('',(#20,#56,#84,#117,#145,#178,#206,#234));
#20 = ORIENTED_EDGE('',*,*,#21,.F.);
#21 = EDGE_CURVE('',#22,#24,#26,.T.);
#22 = VERTEX_POINT('',#23);
#23 = CARTESIAN_POINT('',(42.58275606962,27.39608752543,51.423294758403)
  );
#24 = VERTEX_POINT('',#25);
#25 = CARTESIAN_POINT('',(6.896710399704,17.834040407116,32.190990336424
    ));
#26 = SURFACE_CURVE('',#27,(#32,#44),.PCURVE_S1.);
#27 = CIRCLE('',#28,26.);
#28 = AXIS2_PLACEMENT_3D('',#29,#30,#31);
#29 = CARTESIAN_POINT('',(31.682367102281,24.475337104447,28.));
#30 = DIRECTION('',(0.258819045103,-0.965925826289,9.71445146547E-17));
#31 = DIRECTION('',(0.419245729513,0.112336554653,0.900895952246));
#32 = PCURVE('',#33,#38);
#33 = CYLINDRICAL_SURFACE('',#34,26.);
#34 = AXIS2_PLACEMENT_3D('',#35,#36,#37);
#35 = CARTESIAN_POINT('',(31.682367102281,24.475337104447,28.));
#36 = DIRECTION('',(-0.258819045103,0.965925826289,-1.072393092426E-16)
  );
#37 = DIRECTION('',(0.965925826289,0.258819045103,-2.873468630843E-17));
#38 = DEFINITIONAL_REPRESENTATION('',(#39),#43);
#39 = LINE('',#40,#41);
#40 = CARTESIAN_POINT('',(-1.121829352151,0.));
#41 = VECTOR('',#42,1.);
#42 = DIRECTION('',(-1.,0.));
#43 = ( GEOMETRIC_REPRESENTATION_CONTEXT(2) 
PARAMETRIC_REPRESENTATION_CONTEXT() REPRESENTATION_CONTEXT('2D SPACE',''
  ) );
#44 = PCURVE('',#45,#50);
#45 = PLANE('',#46);
#46 = AXIS2_PLACEMENT_3D('',#47,#48,#49);
#47 = CARTESIAN_POINT('',(31.682367102281,24.475337104447,28.));
#48 = DIRECTION('',(0.258819045103,-0.965925826289,1.072393092426E-16));
#49 = DIRECTION('',(0.965925826289,0.258819045103,-2.873468630843E-17));
#50 = DEFINITIONAL_REPRESENTATION('',(#51),#55);
#51 = CIRCLE('',#52,26.);
#52 = AXIS2_PLACEMENT_2D('',#53,#54);
#53 = CARTESIAN_POINT('',(1.02086113104E-31,-3.552713678801E-15));
#54 = DIRECTION('',(0.434035117503,0.900895952246));
#55 = ( GEOMETRIC_REPRESENTATION_CONTEXT(2) 
PARAMETRIC_REPRESENTATION_CONTEXT() REPRESENTATION_CONTEXT('2D SPACE',''
  ) );
#56 = ORIENTED_EDGE('',*,*,#57,.F.);
#57 = EDGE_CURVE('',#58,#22,#60,.T.);
#58 = VERTEX_POINT('',#59);
#59 = CARTESIAN_POINT('',(46.866211266067,11.410015100346,
    51.423294758403));
#60 = SURFACE_CURVE('',#61,(#65,#72),.PCURVE_S1.);
#61 = LINE('',#62,#63);
#62 = CARTESIAN_POINT('',(42.58275606962,27.39608752543,51.423294758403)
  );
#63 = VECTOR('',#64,1.);
#64 = DIRECTION('',(-0.258819045103,0.965925826289,-1.072393092426E-16)
  );
#65 = PCURVE('',#33,#66);
#66 = DEFINITIONAL_REPRESENTATION('',(#67),#71);
#67 = LINE('',#68,#69);
#68 = CARTESIAN_POINT('',(-1.121829352151,0.));
#69 = VECTOR('',#70,1.);
#70 = DIRECTION('',(-0.,1.));
#71 = ( GEOMETRIC_REPRESENTATION_CONTEXT(2) 
PARAMETRIC_REPRESENTATION_CONTEXT() REPRESENTATION_CONTEXT('2D SPACE',''
  ) );
#72 = PCURVE('',#73,#78);
#73 = CYLINDRICAL_SURFACE('',#74,4.8);
#74 = AXIS2_PLACEMENT_3D('',#75,#76,#77);
#75 = CARTESIAN_POINT('',(47.195271312506,28.632007259838,
    50.936257240092));
#76 = DIRECTION('',(-0.258819045103,0.965925826289,-1.072393092426E-16)
  );
#77 = DIRECTION('',(0.965925826289,0.258819045103,-2.873468630843E-17));
#78 = DEFINITIONAL_REPRESENTATION('',(#79),#83);
#79 = LINE('',#80,#81);
#80 = CARTESIAN_POINT('',(-9.323136894107,0.));
#81 = VECTOR('',#82,1.);
#82 = DIRECTION('',(-0.,1.));
#83 = ( GEOMETRIC_REPRESENTATION_CONTEXT(2) 
PARAMETRIC_REPRESENTATION_CONTEXT() REPRESENTATION_CONTEXT('2D SPACE',''
  ) );
#84 = ORIENTED_EDGE('',*,*,#85,.F.);
#85 = EDGE_CURVE('',#86,#58,#88,.T.);
#86 = VERTEX_POINT('',#87);
#87 = CARTESIAN_POINT('',(45.335302813732,10.999809416857,
    52.122810781499));
#88 = SURFACE_CURVE('',#89,(#94,#101),.PCURVE_S1.);
#89 = CIRCLE('',#90,26.);
#90 = AXIS2_PLACEMENT_3D('',#91,#92,#93);
#91 = CARTESIAN_POINT('',(35.965822298728,8.489264679363,28.));
#92 = DIRECTION('',(-0.258819045103,0.965925826289,-1.249000902703E-16)
  );
#93 = DIRECTION('',(0.67432878157,0.180685852455,0.715984159789));
#94 = PCURVE('',#33,#95);
#95 = DEFINITIONAL_REPRESENTATION('',(#96),#100);
#96 = LINE('',#97,#98);
#97 = CARTESIAN_POINT('',(-7.081218132223,-16.55));
#98 = VECTOR('',#99,1.);
#99 = DIRECTION('',(1.,-0.));
#100 = ( GEOMETRIC_REPRESENTATION_CONTEXT(2) 
PARAMETRIC_REPRESENTATION_CONTEXT() REPRESENTATION_CONTEXT('2D SPACE',''
  ) );
#101 = PCURVE('',#102,#107);
#102 = PLANE('',#103);
#103 = AXIS2_PLACEMENT_3D('',#104,#105,#106);
#104 = CARTESIAN_POINT('',(35.965822298728,8.489264679363,28.));
#105 = DIRECTION('',(0.258819045103,-0.965925826289,1.072393092426E-16)
  );
#106 = DIRECTION('',(0.965925826289,0.258819045103,-2.873468630843E-17)
  );
#107 = DEFINITIONAL_REPRESENTATION('',(#108),#116);
#108 = ( BOUNDED_CURVE() B_SPLINE_CURVE(2,(#109,#110,#111,#112,#113,#114
,#115),.UNSPECIFIED.,.T.,.F.) B_SPLINE_CURVE_WITH_KNOTS((1,2,2,2,2,1),(
    -2.094395102393,0.,2.094395102393,4.188790204786,6.28318530718,
8.377580409573),.UNSPECIFIED.) CURVE() GEOMETRIC_REPRESENTATION_ITEM() 
RATIONAL_B_SPLINE_CURVE((1.,0.5,1.,0.5,1.,0.5,1.)) REPRESENTATION_ITEM(
  '') );
#109 = CARTESIAN_POINT('',(18.151029658445,18.615588154507));
#110 = CARTESIAN_POINT('',(50.39417415483,-12.8229174236));
#111 = CARTESIAN_POINT('',(7.046057418969,-25.02704686631));
#112 = CARTESIAN_POINT('',(-36.30205931689,-37.23117630901));
#113 = CARTESIAN_POINT('',(-25.19708707741,6.411458711805));
#114 = CARTESIAN_POINT('',(-14.09211483793,50.054093732624));
#115 = CARTESIAN_POINT('',(18.151029658445,18.615588154507));
#116 = ( GEOMETRIC_REPRESENTATION_CONTEXT(2) 
PARAMETRIC_REPRESENTATION_CONTEXT() REPRESENTATION_CONTEXT('2D SPACE',''
  ) );
#117 = ORIENTED_EDGE('',*,*,#118,.T.);
#118 = EDGE_CURVE('',#86,#119,#121,.T.);
#119 = VERTEX_POINT('',#120);
#120 = CARTESIAN_POINT('',(42.397706651819,21.963067545238,
    52.122810781499));
#121 = SURFACE_CURVE('',#122,(#126,#133),.PCURVE_S1.);
#122 = LINE('',#123,#124);
#123 = CARTESIAN_POINT('',(41.051847617285,26.985881841941,
    52.122810781499));
#124 = VECTOR('',#125,1.);
#125 = DIRECTION('',(-0.258819045103,0.965925826289,-1.072393092426E-16)
  );
#126 = PCURVE('',#33,#127);
#127 = DEFINITIONAL_REPRESENTATION('',(#128),#132);
#128 = LINE('',#129,#130);
#129 = CARTESIAN_POINT('',(-1.188473145226,4.440892098501E-16));
#130 = VECTOR('',#131,1.);
#131 = DIRECTION('',(-0.,1.));
#132 = ( GEOMETRIC_REPRESENTATION_CONTEXT(2) 
PARAMETRIC_REPRESENTATION_CONTEXT() REPRESENTATION_CONTEXT('2D SPACE',''
  ) );
#133 = PCURVE('',#134,#139);
#134 = PLANE('',#135);
#135 = AXIS2_PLACEMENT_3D('',#136,#137,#138);
#136 = CARTESIAN_POINT('',(42.397706651819,21.963067545238,45.));
#137 = DIRECTION('',(0.965925826289,0.258819045103,-2.873468630843E-17)
  );
#138 = DIRECTION('',(0.258819045103,-0.965925826289,1.072393092426E-16)
  );
#139 = DEFINITIONAL_REPRESENTATION('',(#140),#144);
#140 = LINE('',#141,#142);
#141 = CARTESIAN_POINT('',(-5.2,-7.122810781499));
#142 = VECTOR('',#143,1.);
#143 = DIRECTION('',(-1.,0.));
#144 = ( GEOMETRIC_REPRESENTATION_CONTEXT(2) 
PARAMETRIC_REPRESENTATION_CONTEXT() REPRESENTATION_CONTEXT('2D SPACE',''
  ) );
#145 = ORIENTED_EDGE('',*,*,#146,.F.);
#146 = EDGE_CURVE('',#147,#119,#149,.T.);
#147 = VERTEX_POINT('',#148);
#148 = CARTESIAN_POINT('',(26.942893431193,17.821962823598,
    53.225185826868));
#149 = SURFACE_CURVE('',#150,(#155,#162),.PCURVE_S1.);
#150 = CIRCLE('',#151,26.);
#151 = AXIS2_PLACEMENT_3D('',#152,#153,#154);
#152 = CARTESIAN_POINT('',(33.028226136815,19.452522807744,28.));
#153 = DIRECTION('',(-0.258819045103,0.965925826289,-1.072393092426E-16)
  );
#154 = DIRECTION('',(0.965925826289,0.258819045103,-2.873468630843E-17)
  );
#155 = PCURVE('',#33,#156);
#156 = DEFINITIONAL_REPRESENTATION('',(#157),#161);
#157 = LINE('',#158,#159);
#158 = CARTESIAN_POINT('',(-6.28318530718,-5.2));
#159 = VECTOR('',#160,1.);
#160 = DIRECTION('',(1.,-0.));
#161 = ( GEOMETRIC_REPRESENTATION_CONTEXT(2) 
PARAMETRIC_REPRESENTATION_CONTEXT() REPRESENTATION_CONTEXT('2D SPACE',''
  ) );
#162 = PCURVE('',#163,#168);
#163 = PLANE('',#164);
#164 = AXIS2_PLACEMENT_3D('',#165,#166,#167);
#165 = CARTESIAN_POINT('',(26.942893431193,17.821962823598,45.));
#166 = DIRECTION('',(0.258819045103,-0.965925826289,1.072393092426E-16)
  );
#167 = DIRECTION('',(0.965925826289,0.258819045103,-2.873468630843E-17)
  );
#168 = DEFINITIONAL_REPRESENTATION('',(#169),#177);
#169 = ( BOUNDED_CURVE() B_SPLINE_CURVE(2,(#170,#171,#172,#173,#174,#175
,#176),.UNSPECIFIED.,.T.,.F.) B_SPLINE_CURVE_WITH_KNOTS((1,2,2,2,2,1),(
    -2.094395102393,0.,2.094395102393,4.188790204786,6.28318530718,
8.377580409573),.UNSPECIFIED.) CURVE() GEOMETRIC_REPRESENTATION_ITEM() 
RATIONAL_B_SPLINE_CURVE((1.,0.5,1.,0.5,1.,0.5,1.)) REPRESENTATION_ITEM(
  '') );
#170 = CARTESIAN_POINT('',(32.3,-17.));
#171 = CARTESIAN_POINT('',(32.3,-62.03332099679));
#172 = CARTESIAN_POINT('',(-6.7,-39.51666049839));
#173 = CARTESIAN_POINT('',(-45.7,-17.));
#174 = CARTESIAN_POINT('',(-6.7,5.516660498395));
#175 = CARTESIAN_POINT('',(32.3,28.033320996791));
#176 = CARTESIAN_POINT('',(32.3,-17.));
#177 = ( GEOMETRIC_REPRESENTATION_CONTEXT(2) 
PARAMETRIC_REPRESENTATION_CONTEXT() REPRESENTATION_CONTEXT('2D SPACE',''
  ) );
#178 = ORIENTED_EDGE('',*,*,#179,.F.);
#179 = EDGE_CURVE('',#180,#147,#182,.T.);
#180 = VERTEX_POINT('',#181);
#181 = CARTESIAN_POINT('',(29.880489593107,6.858704695217,
    53.225185826868));
#182 = SURFACE_CURVE('',#183,(#187,#194),.PCURVE_S1.);
#183 = LINE('',#184,#185);
#184 = CARTESIAN_POINT('',(25.59703439666,22.844777120301,
    53.225185826868));
#185 = VECTOR('',#186,1.);
#186 = DIRECTION('',(-0.258819045103,0.965925826289,-1.072393092426E-16)
  );
#187 = PCURVE('',#33,#188);
#188 = DEFINITIONAL_REPRESENTATION('',(#189),#193);
#189 = LINE('',#190,#191);
#190 = CARTESIAN_POINT('',(-1.81554004914,-4.440892098501E-16));
#191 = VECTOR('',#192,1.);
#192 = DIRECTION('',(-0.,1.));
#193 = ( GEOMETRIC_REPRESENTATION_CONTEXT(2) 
PARAMETRIC_REPRESENTATION_CONTEXT() REPRESENTATION_CONTEXT('2D SPACE',''
  ) );
#194 = PCURVE('',#195,#200);
#195 = PLANE('',#196);
#196 = AXIS2_PLACEMENT_3D('',#197,#198,#199);
#197 = CARTESIAN_POINT('',(26.942893431193,17.821962823598,45.));
#198 = DIRECTION('',(0.965925826289,0.258819045103,-2.873468630843E-17)
  );
#199 = DIRECTION('',(0.258819045103,-0.965925826289,1.072393092426E-16)
  );
#200 = DEFINITIONAL_REPRESENTATION('',(#201),#205);
#201 = LINE('',#202,#203);
#202 = CARTESIAN_POINT('',(-5.2,-8.225185826868));
#203 = VECTOR('',#204,1.);
#204 = DIRECTION('',(-1.,0.));
#205 = ( GEOMETRIC_REPRESENTATION_CONTEXT(2) 
PARAMETRIC_REPRESENTATION_CONTEXT() REPRESENTATION_CONTEXT('2D SPACE',''
  ) );
#206 = ORIENTED_EDGE('',*,*,#207,.F.);
#207 = EDGE_CURVE('',#208,#180,#210,.T.);
#208 = VERTEX_POINT('',#209);
#209 = CARTESIAN_POINT('',(11.180165596151,1.847967982032,
    32.190990336424));
#210 = SURFACE_CURVE('',#211,(#216,#223),.PCURVE_S1.);
#211 = CIRCLE('',#212,26.);
#212 = AXIS2_PLACEMENT_3D('',#213,#214,#215);
#213 = CARTESIAN_POINT('',(35.965822298728,8.489264679363,28.));
#214 = DIRECTION('',(-0.258819045103,0.965925826289,-1.249000902703E-16)
  );
#215 = DIRECTION('',(0.67432878157,0.180685852455,0.715984159789));
#216 = PCURVE('',#33,#217);
#217 = DEFINITIONAL_REPRESENTATION('',(#218),#222);
#218 = LINE('',#219,#220);
#219 = CARTESIAN_POINT('',(-7.081218132223,-16.55));
#220 = VECTOR('',#221,1.);
#221 = DIRECTION('',(1.,-0.));
#222 = ( GEOMETRIC_REPRESENTATION_CONTEXT(2) 
PARAMETRIC_REPRESENTATION_CONTEXT() REPRESENTATION_CONTEXT('2D SPACE',''
  ) );
#223 = PCURVE('',#102,#224);
#224 = DEFINITIONAL_REPRESENTATION('',(#225),#233);
#225 = ( BOUNDED_CURVE() B_SPLINE_CURVE(2,(#226,#227,#228,#229,#230,#231
,#232),.UNSPECIFIED.,.T.,.F.) B_SPLINE_CURVE_WITH_KNOTS((1,2,2,2,2,1),(
    -2.094395102393,0.,2.094395102393,4.188790204786,6.28318530718,
8.377580409573),.UNSPECIFIED.) CURVE() GEOMETRIC_REPRESENTATION_ITEM() 
RATIONAL_B_SPLINE_CURVE((1.,0.5,1.,0.5,1.,0.5,1.)) REPRESENTATION_ITEM(
  '') );
#226 = CARTESIAN_POINT('',(18.151029658445,18.615588154507));
#227 = CARTESIAN_POINT('',(50.39417415483,-12.8229174236));
#228 = CARTESIAN_POINT('',(7.046057418969,-25.02704686631));
#229 = CARTESIAN_POINT('',(-36.30205931689,-37.23117630901));
#230 = CARTESIAN_POINT('',(-25.19708707741,6.411458711805));
#231 = CARTESIAN_POINT('',(-14.09211483793,50.054093732624));
#232 = CARTESIAN_POINT('',(18.151029658445,18.615588154507));
#233 = ( GEOMETRIC_REPRESENTATION_CONTEXT(2) 
PARAMETRIC_REPRESENTATION_CONTEXT() REPRESENTATION_CONTEXT('2D SPACE',''
  ) );
#234 = ORIENTED_EDGE('',*,*,#235,.T.);
#235 = EDGE_CURVE('',#208,#24,#236,.T.);
#236 = SURFACE_CURVE('',#237,(#241,#248),.PCURVE_S1.);
#237 = LINE('',#238,#239);
#238 = CARTESIAN_POINT('',(6.896710399704,17.834040407116,
    32.190990336424));
#239 = VECTOR('',#240,1.);
#240 = DIRECTION('',(-0.258819045103,0.965925826289,-1.072393092426E-16)
  );
#241 = PCURVE('',#33,#242);
#242 = DEFINITIONAL_REPRESENTATION('',(#243),#247);
#243 = LINE('',#244,#245);
#244 = CARTESIAN_POINT('',(-2.979694390036,0.));
#245 = VECTOR('',#246,1.);
#246 = DIRECTION('',(-0.,1.));
#247 = ( GEOMETRIC_REPRESENTATION_CONTEXT(2) 
PARAMETRIC_REPRESENTATION_CONTEXT() REPRESENTATION_CONTEXT('2D SPACE',''
  ) );
#248 = PCURVE('',#249,#254);
#249 = CYLINDRICAL_SURFACE('',#250,4.8);
#250 = AXIS2_PLACEMENT_3D('',#251,#252,#253);
#251 = CARTESIAN_POINT('',(4.636443966188,17.228403841576,28.));
#252 = DIRECTION('',(-0.258819045103,0.965925826289,-1.072393092426E-16)
  );
#253 = DIRECTION('',(0.965925826289,0.258819045103,-2.873468630843E-17)
  );
#254 = DEFINITIONAL_REPRESENTATION('',(#255),#259);
#255 = LINE('',#256,#257);
#256 = CARTESIAN_POINT('',(-1.06157215526,0.));
#257 = VECTOR('',#258,1.);
#258 = DIRECTION('',(-0.,1.));
#259 = ( GEOMETRIC_REPRESENTATION_CONTEXT(2) 
PARAMETRIC_REPRESENTATION_CONTEXT() REPRESENTATION_CONTEXT('2D SPACE',''
  ) );
#260 = ADVANCED_FACE('',(#261),#73,.T.);
#261 = FACE_BOUND('',#262,.F.);
#262 = EDGE_LOOP('',(#263,#291,#292,#320,#348,#380));
#263 = ORIENTED_EDGE('',*,*,#264,.F.);
#264 = EDGE_CURVE('',#58,#265,#267,.T.);
#265 = VERTEX_POINT('',#266);
#266 = CARTESIAN_POINT('',(53.498370619559,13.187096843189,
    46.615588154508));
#267 = SURFACE_CURVE('',#268,(#273,#280),.PCURVE_S1.);
#268 = CIRCLE('',#269,4.8);
#269 = AXIS2_PLACEMENT_3D('',#270,#271,#272);
#270 = CARTESIAN_POINT('',(51.478726508953,12.645934834754,
    50.936257240092));
#271 = DIRECTION('',(-0.258819045103,0.965925826289,-1.110223024625E-16)
  );
#272 = DIRECTION('',(-0.960940675601,-0.257483278002,0.101466149648));
#273 = PCURVE('',#73,#274);
#274 = DEFINITIONAL_REPRESENTATION('',(#275),#279);
#275 = LINE('',#276,#277);
#276 = CARTESIAN_POINT('',(-9.323136894107,-16.55));
#277 = VECTOR('',#278,1.);
#278 = DIRECTION('',(1.,-0.));
#279 = ( GEOMETRIC_REPRESENTATION_CONTEXT(2) 
PARAMETRIC_REPRESENTATION_CONTEXT() REPRESENTATION_CONTEXT('2D SPACE',''
  ) );
#280 = PCURVE('',#102,#281);
#281 = DEFINITIONAL_REPRESENTATION('',(#282),#290);
#282 = ( BOUNDED_CURVE() B_SPLINE_CURVE(2,(#283,#284,#285,#286,#287,#288
,#289),.UNSPECIFIED.,.T.,.F.) B_SPLINE_CURVE_WITH_KNOTS((1,2,2,2,2,1),(
    -2.094395102393,0.,2.094395102393,4.188790204786,6.28318530718,
8.377580409573),.UNSPECIFIED.) CURVE() GEOMETRIC_REPRESENTATION_ITEM() 
RATIONAL_B_SPLINE_CURVE((1.,0.5,1.,0.5,1.,0.5,1.)) REPRESENTATION_ITEM(
  '') );
#283 = CARTESIAN_POINT('',(11.284913055091,23.423294758403));
#284 = CARTESIAN_POINT('',(12.128486781998,31.694230821949));
#285 = CARTESIAN_POINT('',(18.869540662652,26.828206512709));
#286 = CARTESIAN_POINT('',(25.610594543307,21.962182203469));
#287 = CARTESIAN_POINT('',(18.025966935745,18.557270449163));
#288 = CARTESIAN_POINT('',(10.441339328183,15.152358694857));
#289 = CARTESIAN_POINT('',(11.284913055091,23.423294758403));
#290 = ( GEOMETRIC_REPRESENTATION_CONTEXT(2) 
PARAMETRIC_REPRESENTATION_CONTEXT() REPRESENTATION_CONTEXT('2D SPACE',''
  ) );
#291 = ORIENTED_EDGE('',*,*,#57,.T.);
#292 = ORIENTED_EDGE('',*,*,#293,.T.);
#293 = EDGE_CURVE('',#22,#294,#296,.T.);
#294 = VERTEX_POINT('',#295);
#295 = CARTESIAN_POINT('',(50.863042325226,29.614783540718,48.));
#296 = SURFACE_CURVE('',#297,(#302,#309),.PCURVE_S1.);
#297 = CIRCLE('',#298,4.8);
#298 = AXIS2_PLACEMENT_3D('',#299,#300,#301);
#299 = CARTESIAN_POINT('',(47.195271312506,28.632007259838,
    50.936257240092));
#300 = DIRECTION('',(-0.258819045103,0.965925826289,-1.110223024625E-16)
  );
#301 = DIRECTION('',(-0.960940675601,-0.257483278002,0.101466149648));
#302 = PCURVE('',#73,#303);
#303 = DEFINITIONAL_REPRESENTATION('',(#304),#308);
#304 = LINE('',#305,#306);
#305 = CARTESIAN_POINT('',(-9.323136894107,0.));
#306 = VECTOR('',#307,1.);
#307 = DIRECTION('',(1.,-0.));
#308 = ( GEOMETRIC_REPRESENTATION_CONTEXT(2) 
PARAMETRIC_REPRESENTATION_CONTEXT() REPRESENTATION_CONTEXT('2D SPACE',''
  ) );
#309 = PCURVE('',#45,#310);
#310 = DEFINITIONAL_REPRESENTATION('',(#311),#319);
#311 = ( BOUNDED_CURVE() B_SPLINE_CURVE(2,(#312,#313,#314,#315,#316,#317
,#318),.UNSPECIFIED.,.T.,.F.) B_SPLINE_CURVE_WITH_KNOTS((1,2,2,2,2,1),(
    -2.094395102393,0.,2.094395102393,4.188790204786,6.28318530718,
8.377580409573),.UNSPECIFIED.) CURVE() GEOMETRIC_REPRESENTATION_ITEM() 
RATIONAL_B_SPLINE_CURVE((1.,0.5,1.,0.5,1.,0.5,1.)) REPRESENTATION_ITEM(
  '') );
#312 = CARTESIAN_POINT('',(11.284913055091,23.423294758403));
#313 = CARTESIAN_POINT('',(12.128486781998,31.694230821949));
#314 = CARTESIAN_POINT('',(18.869540662652,26.828206512709));
#315 = CARTESIAN_POINT('',(25.610594543307,21.962182203469));
#316 = CARTESIAN_POINT('',(18.025966935745,18.557270449163));
#317 = CARTESIAN_POINT('',(10.441339328183,15.152358694857));
#318 = CARTESIAN_POINT('',(11.284913055091,23.423294758403));
#319 = ( GEOMETRIC_REPRESENTATION_CONTEXT(2) 
PARAMETRIC_REPRESENTATION_CONTEXT() REPRESENTATION_CONTEXT('2D SPACE',''
  ) );
#320 = ORIENTED_EDGE('',*,*,#321,.F.);
#321 = EDGE_CURVE('',#322,#294,#324,.T.);
#322 = VERTEX_POINT('',#323);
#323 = CARTESIAN_POINT('',(52.071336645789,25.10536774588,48.));
#324 = SURFACE_CURVE('',#325,(#329,#336),.PCURVE_S1.);
#325 = LINE('',#326,#327);
#326 = CARTESIAN_POINT('',(50.863042325226,29.614783540718,48.));
#327 = VECTOR('',#328,1.);
#328 = DIRECTION('',(-0.258819045103,0.965925826289,-1.072393092426E-16)
  );
#329 = PCURVE('',#73,#330);
#330 = DEFINITIONAL_REPRESENTATION('',(#331),#335);
#331 = LINE('',#332,#333);
#332 = CARTESIAN_POINT('',(-5.624951954382,-4.440892098501E-16));
#333 = VECTOR('',#334,1.);
#334 = DIRECTION('',(-0.,1.));
#335 = ( GEOMETRIC_REPRESENTATION_CONTEXT(2) 
PARAMETRIC_REPRESENTATION_CONTEXT() REPRESENTATION_CONTEXT('2D SPACE',''
  ) );
#336 = PCURVE('',#337,#342);
#337 = PLANE('',#338);
#338 = AXIS2_PLACEMENT_3D('',#339,#340,#341);
#339 = CARTESIAN_POINT('',(63.260533367383,30.380699583557,48.));
#340 = DIRECTION('',(0.,1.110223024625E-16,1.));
#341 = DIRECTION('',(0.,-1.,1.110223024625E-16));
#342 = DEFINITIONAL_REPRESENTATION('',(#343),#347);
#343 = LINE('',#344,#345);
#344 = CARTESIAN_POINT('',(0.765916042839,-12.39749104215));
#345 = VECTOR('',#346,1.);
#346 = DIRECTION('',(-0.965925826289,-0.258819045103));
#347 = ( GEOMETRIC_REPRESENTATION_CONTEXT(2) 
PARAMETRIC_REPRESENTATION_CONTEXT() REPRESENTATION_CONTEXT('2D SPACE',''
  ) );
#348 = ORIENTED_EDGE('',*,*,#349,.F.);
#349 = EDGE_CURVE('',#350,#322,#352,.T.);
#350 = VERTEX_POINT('',#351);
#351 = CARTESIAN_POINT('',(50.406823542697,24.72490760803,
    46.615588154508));
#352 = SURFACE_CURVE('',#353,(#358,#368),.PCURVE_S1.);
#353 = ELLIPSE('',#354,4.803303179599,4.8);
#354 = AXIS2_PLACEMENT_3D('',#355,#356,#357);
#355 = CARTESIAN_POINT('',(48.36709948906,24.258684967199,
    50.936257240092));
#356 = DIRECTION('',(0.222824801502,-0.974858506572,1.082310359748E-16)
  );
#357 = DIRECTION('',(-0.974858506572,-0.222824801502,2.473852250852E-17)
  );
#358 = PCURVE('',#73,#359);
#359 = DEFINITIONAL_REPRESENTATION('',(#360),#367);
#360 = B_SPLINE_CURVE_WITH_KNOTS('',5,(#361,#362,#363,#364,#365,#366),
  .UNSPECIFIED.,.F.,.F.,(6,6),(2.021503243857,2.633261308678),
  .PIECEWISE_BEZIER_KNOTS.);
#361 = CARTESIAN_POINT('',(-5.163095897446,-4.605179341081));
#362 = CARTESIAN_POINT('',(-5.285447510411,-4.624794682918));
#363 = CARTESIAN_POINT('',(-5.407799123375,-4.642958448749));
#364 = CARTESIAN_POINT('',(-5.530150736339,-4.659057685926));
#365 = CARTESIAN_POINT('',(-5.652502349304,-4.672575195557));
#366 = CARTESIAN_POINT('',(-5.774853962268,-4.683181535333));
#367 = ( GEOMETRIC_REPRESENTATION_CONTEXT(2) 
PARAMETRIC_REPRESENTATION_CONTEXT() REPRESENTATION_CONTEXT('2D SPACE',''
  ) );
#368 = PCURVE('',#369,#374);
#369 = PLANE('',#370);
#370 = AXIS2_PLACEMENT_3D('',#371,#372,#373);
#371 = CARTESIAN_POINT('',(41.682367102281,22.730746135935,45.));
#372 = DIRECTION('',(0.222824801502,-0.974858506572,1.082310359748E-16)
  );
#373 = DIRECTION('',(0.974858506572,0.222824801502,-2.473852250852E-17)
  );
#374 = DEFINITIONAL_REPRESENTATION('',(#375),#379);
#375 = ELLIPSE('',#376,4.803303179599,4.8);
#376 = AXIS2_PLACEMENT_2D('',#377,#378);
#377 = CARTESIAN_POINT('',(6.857130898192,5.936257240092));
#378 = DIRECTION('',(-1.,0.));
#379 = ( GEOMETRIC_REPRESENTATION_CONTEXT(2) 
PARAMETRIC_REPRESENTATION_CONTEXT() REPRESENTATION_CONTEXT('2D SPACE',''
  ) );
#380 = ORIENTED_EDGE('',*,*,#381,.F.);
#381 = EDGE_CURVE('',#265,#350,#382,.T.);
#382 = SURFACE_CURVE('',#383,(#387,#394),.PCURVE_S1.);
#383 = LINE('',#384,#385);
#384 = CARTESIAN_POINT('',(49.214915423112,29.173169268273,
    46.615588154508));
#385 = VECTOR('',#386,1.);
#386 = DIRECTION('',(-0.258819045103,0.965925826289,-1.072393092426E-16)
  );
#387 = PCURVE('',#73,#388);
#388 = DEFINITIONAL_REPRESENTATION('',(#389),#393);
#389 = LINE('',#390,#391);
#390 = CARTESIAN_POINT('',(-5.163095897446,0.));
#391 = VECTOR('',#392,1.);
#392 = DIRECTION('',(-0.,1.));
#393 = ( GEOMETRIC_REPRESENTATION_CONTEXT(2) 
PARAMETRIC_REPRESENTATION_CONTEXT() REPRESENTATION_CONTEXT('2D SPACE',''
  ) );
#394 = PCURVE('',#395,#400);
#395 = CYLINDRICAL_SURFACE('',#396,26.);
#396 = AXIS2_PLACEMENT_3D('',#397,#398,#399);
#397 = CARTESIAN_POINT('',(31.682367102281,24.475337104447,28.));
#398 = DIRECTION('',(-0.258819045103,0.965925826289,-1.072393092426E-16)
  );
#399 = DIRECTION('',(0.965925826289,0.258819045103,-2.873468630843E-17)
  );
#400 = DEFINITIONAL_REPRESENTATION('',(#401),#405);
#401 = LINE('',#402,#403);
#402 = CARTESIAN_POINT('',(-7.081218132223,0.));
#403 = VECTOR('',#404,1.);
#404 = DIRECTION('',(-0.,1.));
#405 = ( GEOMETRIC_REPRESENTATION_CONTEXT(2) 
PARAMETRIC_REPRESENTATION_CONTEXT() REPRESENTATION_CONTEXT('2D SPACE',''
  ) );
#406 = ADVANCED_FACE('',(#407),#337,.T.);
#407 = FACE_BOUND('',#408,.T.);
#408 = EDGE_LOOP('',(#409,#410,#433,#461,#489,#517,#545,#573,#601));
#409 = ORIENTED_EDGE('',*,*,#321,.F.);
#410 = ORIENTED_EDGE('',*,*,#411,.T.);
#411 = EDGE_CURVE('',#322,#412,#414,.T.);
#412 = VERTEX_POINT('',#413);
#413 = CARTESIAN_POINT('',(62.682367102281,27.530746135935,48.));
#414 = SURFACE_CURVE('',#415,(#419,#426),.PCURVE_S1.);
#415 = LINE('',#416,#417);
#416 = CARTESIAN_POINT('',(41.682367102281,22.730746135935,48.));
#417 = VECTOR('',#418,1.);
#418 = DIRECTION('',(0.974858506572,0.222824801502,-2.473852250852E-17)
  );
#419 = PCURVE('',#337,#420);
#420 = DEFINITIONAL_REPRESENTATION('',(#421),#425);
#421 = LINE('',#422,#423);
#422 = CARTESIAN_POINT('',(7.649953447622,-21.5781662651));
#423 = VECTOR('',#424,1.);
#424 = DIRECTION('',(-0.222824801502,0.974858506572));
#425 = ( GEOMETRIC_REPRESENTATION_CONTEXT(2) 
PARAMETRIC_REPRESENTATION_CONTEXT() REPRESENTATION_CONTEXT('2D SPACE',''
  ) );
#426 = PCURVE('',#369,#427);
#427 = DEFINITIONAL_REPRESENTATION('',(#428),#432);
#428 = LINE('',#429,#430);
#429 = CARTESIAN_POINT('',(-7.421556752556E-17,3.));
#430 = VECTOR('',#431,1.);
#431 = DIRECTION('',(1.,0.));
#432 = ( GEOMETRIC_REPRESENTATION_CONTEXT(2) 
PARAMETRIC_REPRESENTATION_CONTEXT() REPRESENTATION_CONTEXT('2D SPACE',''
  ) );
#433 = ORIENTED_EDGE('',*,*,#434,.F.);
#434 = EDGE_CURVE('',#435,#412,#437,.T.);
#435 = VERTEX_POINT('',#436);
#436 = CARTESIAN_POINT('',(62.682367102281,32.530746135935,48.));
#437 = SURFACE_CURVE('',#438,(#442,#449),.PCURVE_S1.);
#438 = LINE('',#439,#440);
#439 = CARTESIAN_POINT('',(62.682367102281,31.455722859746,48.));
#440 = VECTOR('',#441,1.);
#441 = DIRECTION('',(0.,-1.,1.110223024625E-16));
#442 = PCURVE('',#337,#443);
#443 = DEFINITIONAL_REPRESENTATION('',(#444),#448);
#444 = LINE('',#445,#446);
#445 = CARTESIAN_POINT('',(-1.075023276189,-0.578166265102));
#446 = VECTOR('',#447,1.);
#447 = DIRECTION('',(1.,0.));
#448 = ( GEOMETRIC_REPRESENTATION_CONTEXT(2) 
PARAMETRIC_REPRESENTATION_CONTEXT() REPRESENTATION_CONTEXT('2D SPACE',''
  ) );
#449 = PCURVE('',#450,#455);
#450 = PLANE('',#451);
#451 = AXIS2_PLACEMENT_3D('',#452,#453,#454);
#452 = CARTESIAN_POINT('',(62.682367102281,32.530746135935,0.));
#453 = DIRECTION('',(1.,0.,0.));
#454 = DIRECTION('',(0.,-1.,1.110223024625E-16));
#455 = DEFINITIONAL_REPRESENTATION('',(#456),#460);
#456 = LINE('',#457,#458);
#457 = CARTESIAN_POINT('',(1.075023276189,-48.));
#458 = VECTOR('',#459,1.);
#459 = DIRECTION('',(1.,0.));
#460 = ( GEOMETRIC_REPRESENTATION_CONTEXT(2) 
PARAMETRIC_REPRESENTATION_CONTEXT() REPRESENTATION_CONTEXT('2D SPACE',''
  ) );
#461 = ORIENTED_EDGE('',*,*,#462,.F.);
#462 = EDGE_CURVE('',#463,#435,#465,.T.);
#463 = VERTEX_POINT('',#464);
#464 = CARTESIAN_POINT('',(67.488436079361,32.530746135935,48.));
#465 = SURFACE_CURVE('',#466,(#470,#477),.PCURVE_S1.);
#466 = LINE('',#467,#468);
#467 = CARTESIAN_POINT('',(62.971450234832,32.530746135935,48.));
#468 = VECTOR('',#469,1.);
#469 = DIRECTION('',(-1.,0.,0.));
#470 = PCURVE('',#337,#471);
#471 = DEFINITIONAL_REPRESENTATION('',(#472),#476);
#472 = LINE('',#473,#474);
#473 = CARTESIAN_POINT('',(-2.150046552378,-0.289083132551));
#474 = VECTOR('',#475,1.);
#475 = DIRECTION('',(0.,-1.));
#476 = ( GEOMETRIC_REPRESENTATION_CONTEXT(2) 
PARAMETRIC_REPRESENTATION_CONTEXT() REPRESENTATION_CONTEXT('2D SPACE',''
  ) );
#477 = PCURVE('',#478,#483);
#478 = PLANE('',#479);
#479 = AXIS2_PLACEMENT_3D('',#480,#481,#482);
#480 = CARTESIAN_POINT('',(62.682367102281,32.530746135935,0.));
#481 = DIRECTION('',(0.,-1.,1.110223024625E-16));
#482 = DIRECTION('',(1.,0.,0.));
#483 = DEFINITIONAL_REPRESENTATION('',(#484),#488);
#484 = LINE('',#485,#486);
#485 = CARTESIAN_POINT('',(0.289083132551,48.));
#486 = VECTOR('',#487,1.);
#487 = DIRECTION('',(-1.,0.));
#488 = ( GEOMETRIC_REPRESENTATION_CONTEXT(2) 
PARAMETRIC_REPRESENTATION_CONTEXT() REPRESENTATION_CONTEXT('2D SPACE',''
  ) );
#489 = ORIENTED_EDGE('',*,*,#490,.T.);
#490 = EDGE_CURVE('',#463,#491,#493,.T.);
#491 = VERTEX_POINT('',#492);
#492 = CARTESIAN_POINT('',(67.488436079361,34.821981922197,48.));
#493 = SURFACE_CURVE('',#494,(#498,#505),.PCURVE_S1.);
#494 = LINE('',#495,#496);
#495 = CARTESIAN_POINT('',(67.488436079361,38.955722859746,48.));
#496 = VECTOR('',#497,1.);
#497 = DIRECTION('',(0.,1.,-1.110223024625E-16));
#498 = PCURVE('',#337,#499);
#499 = DEFINITIONAL_REPRESENTATION('',(#500),#504);
#500 = LINE('',#501,#502);
#501 = CARTESIAN_POINT('',(-8.575023276189,4.227902711977));
#502 = VECTOR('',#503,1.);
#503 = DIRECTION('',(-1.,0.));
#504 = ( GEOMETRIC_REPRESENTATION_CONTEXT(2) 
PARAMETRIC_REPRESENTATION_CONTEXT() REPRESENTATION_CONTEXT('2D SPACE',''
  ) );
#505 = PCURVE('',#506,#511);
#506 = PLANE('',#507);
#507 = AXIS2_PLACEMENT_3D('',#508,#509,#510);
#508 = CARTESIAN_POINT('',(66.333735540982,47.530746135935,50.));
#509 = DIRECTION('',(0.866025403784,5.551115123126E-17,0.5));
#510 = DIRECTION('',(0.5,-9.614813431918E-17,-0.866025403784));
#511 = DEFINITIONAL_REPRESENTATION('',(#512),#516);
#512 = LINE('',#513,#514);
#513 = CARTESIAN_POINT('',(2.309401076759,-8.575023276189));
#514 = VECTOR('',#515,1.);
#515 = DIRECTION('',(0.,1.));
#516 = ( GEOMETRIC_REPRESENTATION_CONTEXT(2) 
PARAMETRIC_REPRESENTATION_CONTEXT() REPRESENTATION_CONTEXT('2D SPACE',''
  ) );
#517 = ORIENTED_EDGE('',*,*,#518,.T.);
#518 = EDGE_CURVE('',#491,#519,#521,.T.);
#519 = VERTEX_POINT('',#520);
#520 = CARTESIAN_POINT('',(51.682367102281,36.530746135935,48.));
#521 = SURFACE_CURVE('',#522,(#526,#533),.PCURVE_S1.);
#522 = LINE('',#523,#524);
#523 = CARTESIAN_POINT('',(88.682367102281,32.530746135935,48.));
#524 = VECTOR('',#525,1.);
#525 = DIRECTION('',(-0.994207047566,0.10748184298,-1.193288168056E-17)
  );
#526 = PCURVE('',#337,#527);
#527 = DEFINITIONAL_REPRESENTATION('',(#528),#532);
#528 = LINE('',#529,#530);
#529 = CARTESIAN_POINT('',(-2.150046552378,25.421833734898));
#530 = VECTOR('',#531,1.);
#531 = DIRECTION('',(-0.10748184298,-0.994207047566));
#532 = ( GEOMETRIC_REPRESENTATION_CONTEXT(2) 
PARAMETRIC_REPRESENTATION_CONTEXT() REPRESENTATION_CONTEXT('2D SPACE',''
  ) );
#533 = PCURVE('',#534,#539);
#534 = PLANE('',#535);
#535 = AXIS2_PLACEMENT_3D('',#536,#537,#538);
#536 = CARTESIAN_POINT('',(88.682367102281,32.530746135935,45.));
#537 = DIRECTION('',(0.10748184298,0.994207047566,-1.103791555452E-16));
#538 = DIRECTION('',(-0.994207047566,0.10748184298,-1.193288168056E-17)
  );
#539 = DEFINITIONAL_REPRESENTATION('',(#540),#544);
#540 = LINE('',#541,#542);
#541 = CARTESIAN_POINT('',(-3.579864504169E-17,3.));
#542 = VECTOR('',#543,1.);
#543 = DIRECTION('',(1.,0.));
#544 = ( GEOMETRIC_REPRESENTATION_CONTEXT(2) 
PARAMETRIC_REPRESENTATION_CONTEXT() REPRESENTATION_CONTEXT('2D SPACE',''
  ) );
#545 = ORIENTED_EDGE('',*,*,#546,.T.);
#546 = EDGE_CURVE('',#519,#547,#549,.T.);
#547 = VERTEX_POINT('',#548);
#548 = CARTESIAN_POINT('',(39.682367102281,33.730746135935,48.));
#549 = SURFACE_CURVE('',#550,(#554,#561),.PCURVE_S1.);
#550 = LINE('',#551,#552);
#551 = CARTESIAN_POINT('',(51.682367102281,36.530746135935,48.));
#552 = VECTOR('',#553,1.);
#553 = DIRECTION('',(-0.973841209742,-0.227229615606,2.52275551123E-17)
  );
#554 = PCURVE('',#337,#555);
#555 = DEFINITIONAL_REPRESENTATION('',(#556),#560);
#556 = LINE('',#557,#558);
#557 = CARTESIAN_POINT('',(-6.150046552378,-11.5781662651));
#558 = VECTOR('',#559,1.);
#559 = DIRECTION('',(0.227229615606,-0.973841209742));
#560 = ( GEOMETRIC_REPRESENTATION_CONTEXT(2) 
PARAMETRIC_REPRESENTATION_CONTEXT() REPRESENTATION_CONTEXT('2D SPACE',''
  ) );
#561 = PCURVE('',#562,#567);
#562 = PLANE('',#563);
#563 = AXIS2_PLACEMENT_3D('',#564,#565,#566);
#564 = CARTESIAN_POINT('',(51.682367102281,36.530746135935,45.));
#565 = DIRECTION('',(-0.227229615606,0.973841209742,-1.081180933384E-16)
  );
#566 = DIRECTION('',(-0.973841209742,-0.227229615606,2.52275551123E-17)
  );
#567 = DEFINITIONAL_REPRESENTATION('',(#568),#572);
#568 = LINE('',#569,#570);
#569 = CARTESIAN_POINT('',(7.568266533689E-17,3.));
#570 = VECTOR('',#571,1.);
#571 = DIRECTION('',(1.,0.));
#572 = ( GEOMETRIC_REPRESENTATION_CONTEXT(2) 
PARAMETRIC_REPRESENTATION_CONTEXT() REPRESENTATION_CONTEXT('2D SPACE',''
  ) );
#573 = ORIENTED_EDGE('',*,*,#574,.T.);
#574 = EDGE_CURVE('',#547,#575,#577,.T.);
#575 = VERTEX_POINT('',#576);
#576 = CARTESIAN_POINT('',(40.915355683625,26.949308938544,48.));
#577 = SURFACE_CURVE('',#578,(#582,#589),.PCURVE_S1.);
#578 = LINE('',#579,#580);
#579 = CARTESIAN_POINT('',(39.682367102281,33.730746135935,48.));
#580 = VECTOR('',#581,1.);
#581 = DIRECTION('',(0.1788854382,-0.9838699101,1.092315027429E-16));
#582 = PCURVE('',#337,#583);
#583 = DEFINITIONAL_REPRESENTATION('',(#584),#588);
#584 = LINE('',#585,#586);
#585 = CARTESIAN_POINT('',(-3.350046552378,-23.5781662651));
#586 = VECTOR('',#587,1.);
#587 = DIRECTION('',(0.9838699101,0.1788854382));
#588 = ( GEOMETRIC_REPRESENTATION_CONTEXT(2) 
PARAMETRIC_REPRESENTATION_CONTEXT() REPRESENTATION_CONTEXT('2D SPACE',''
  ) );
#589 = PCURVE('',#590,#595);
#590 = PLANE('',#591);
#591 = AXIS2_PLACEMENT_3D('',#592,#593,#594);
#592 = CARTESIAN_POINT('',(39.682367102281,33.730746135935,45.));
#593 = DIRECTION('',(-0.9838699101,-0.1788854382,1.986027322598E-17));
#594 = DIRECTION('',(0.1788854382,-0.9838699101,1.092315027429E-16));
#595 = DEFINITIONAL_REPRESENTATION('',(#596),#600);
#596 = LINE('',#597,#598);
#597 = CARTESIAN_POINT('',(3.276945082286E-16,3.));
#598 = VECTOR('',#599,1.);
#599 = DIRECTION('',(1.,0.));
#600 = ( GEOMETRIC_REPRESENTATION_CONTEXT(2) 
PARAMETRIC_REPRESENTATION_CONTEXT() REPRESENTATION_CONTEXT('2D SPACE',''
  ) );
#601 = ORIENTED_EDGE('',*,*,#602,.F.);
#602 = EDGE_CURVE('',#294,#575,#603,.T.);
#603 = SURFACE_CURVE('',#604,(#608,#615),.PCURVE_S1.);
#604 = LINE('',#605,#606);
#605 = CARTESIAN_POINT('',(47.151952526073,28.620400025996,48.));
#606 = VECTOR('',#607,1.);
#607 = DIRECTION('',(-0.965925826289,-0.258819045103,2.873468630843E-17)
  );
#608 = PCURVE('',#337,#609);
#609 = DEFINITIONAL_REPRESENTATION('',(#610),#614);
#610 = LINE('',#611,#612);
#611 = CARTESIAN_POINT('',(1.760299557561,-16.10858084131));
#612 = VECTOR('',#613,1.);
#613 = DIRECTION('',(0.258819045103,-0.965925826289));
#614 = ( GEOMETRIC_REPRESENTATION_CONTEXT(2) 
PARAMETRIC_REPRESENTATION_CONTEXT() REPRESENTATION_CONTEXT('2D SPACE',''
  ) );
#615 = PCURVE('',#45,#616);
#616 = DEFINITIONAL_REPRESENTATION('',(#617),#621);
#617 = LINE('',#618,#619);
#618 = CARTESIAN_POINT('',(16.01529331007,20.));
#619 = VECTOR('',#620,1.);
#620 = DIRECTION('',(-1.,0.));
#621 = ( GEOMETRIC_REPRESENTATION_CONTEXT(2) 
PARAMETRIC_REPRESENTATION_CONTEXT() REPRESENTATION_CONTEXT('2D SPACE',''
  ) );
#622 = ADVANCED_FACE('',(#623),#450,.F.);
#623 = FACE_BOUND('',#624,.F.);
#624 = EDGE_LOOP('',(#625,#653,#654,#677));
#625 = ORIENTED_EDGE('',*,*,#626,.F.);
#626 = EDGE_CURVE('',#412,#627,#629,.T.);
#627 = VERTEX_POINT('',#628);
#628 = CARTESIAN_POINT('',(62.682367102281,27.530746135935,54.));
#629 = SURFACE_CURVE('',#630,(#634,#641),.PCURVE_S1.);
#630 = LINE('',#631,#632);
#631 = CARTESIAN_POINT('',(62.682367102281,27.530746135935,0.));
#632 = VECTOR('',#633,1.);
#633 = DIRECTION('',(0.,1.110223024625E-16,1.));
#634 = PCURVE('',#450,#635);
#635 = DEFINITIONAL_REPRESENTATION('',(#636),#640);
#636 = LINE('',#637,#638);
#637 = CARTESIAN_POINT('',(5.,5.551115123126E-16));
#638 = VECTOR('',#639,1.);
#639 = DIRECTION('',(0.,-1.));
#640 = ( GEOMETRIC_REPRESENTATION_CONTEXT(2) 
PARAMETRIC_REPRESENTATION_CONTEXT() REPRESENTATION_CONTEXT('2D SPACE',''
  ) );
#641 = PCURVE('',#642,#647);
#642 = PLANE('',#643);
#643 = AXIS2_PLACEMENT_3D('',#644,#645,#646);
#644 = CARTESIAN_POINT('',(62.682367102281,27.530746135935,0.));
#645 = DIRECTION('',(0.,-1.,1.110223024625E-16));
#646 = DIRECTION('',(1.,0.,0.));
#647 = DEFINITIONAL_REPRESENTATION('',(#648),#652);
#648 = LINE('',#649,#650);
#649 = CARTESIAN_POINT('',(0.,0.));
#650 = VECTOR('',#651,1.);
#651 = DIRECTION('',(0.,1.));
#652 = ( GEOMETRIC_REPRESENTATION_CONTEXT(2) 
PARAMETRIC_REPRESENTATION_CONTEXT() REPRESENTATION_CONTEXT('2D SPACE',''
  ) );
#653 = ORIENTED_EDGE('',*,*,#434,.F.);
#654 = ORIENTED_EDGE('',*,*,#655,.T.);
#655 = EDGE_CURVE('',#435,#656,#658,.T.);
#656 = VERTEX_POINT('',#657);
#657 = CARTESIAN_POINT('',(62.682367102281,32.530746135935,54.));
#658 = SURFACE_CURVE('',#659,(#663,#670),.PCURVE_S1.);
#659 = LINE('',#660,#661);
#660 = CARTESIAN_POINT('',(62.682367102281,32.530746135935,0.));
#661 = VECTOR('',#662,1.);
#662 = DIRECTION('',(0.,1.110223024625E-16,1.));
#663 = PCURVE('',#450,#664);
#664 = DEFINITIONAL_REPRESENTATION('',(#665),#669);
#665 = LINE('',#666,#667);
#666 = CARTESIAN_POINT('',(0.,0.));
#667 = VECTOR('',#668,1.);
#668 = DIRECTION('',(0.,-1.));
#669 = ( GEOMETRIC_REPRESENTATION_CONTEXT(2) 
PARAMETRIC_REPRESENTATION_CONTEXT() REPRESENTATION_CONTEXT('2D SPACE',''
  ) );
#670 = PCURVE('',#478,#671);
#671 = DEFINITIONAL_REPRESENTATION('',(#672),#676);
#672 = LINE('',#673,#674);
#673 = CARTESIAN_POINT('',(0.,0.));
#674 = VECTOR('',#675,1.);
#675 = DIRECTION('',(0.,1.));
#676 = ( GEOMETRIC_REPRESENTATION_CONTEXT(2) 
PARAMETRIC_REPRESENTATION_CONTEXT() REPRESENTATION_CONTEXT('2D SPACE',''
  ) );
#677 = ORIENTED_EDGE('',*,*,#678,.T.);
#678 = EDGE_CURVE('',#656,#627,#679,.T.);
#679 = SURFACE_CURVE('',#680,(#684,#691),.PCURVE_S1.);
#680 = LINE('',#681,#682);
#681 = CARTESIAN_POINT('',(62.682367102281,32.530746135935,54.));
#682 = VECTOR('',#683,1.);
#683 = DIRECTION('',(0.,-1.,1.110223024625E-16));
#684 = PCURVE('',#450,#685);
#685 = DEFINITIONAL_REPRESENTATION('',(#686),#690);
#686 = LINE('',#687,#688);
#687 = CARTESIAN_POINT('',(-1.110223024625E-15,-54.));
#688 = VECTOR('',#689,1.);
#689 = DIRECTION('',(1.,0.));
#690 = ( GEOMETRIC_REPRESENTATION_CONTEXT(2) 
PARAMETRIC_REPRESENTATION_CONTEXT() REPRESENTATION_CONTEXT('2D SPACE',''
  ) );
#691 = PCURVE('',#692,#697);
#692 = CYLINDRICAL_SURFACE('',#693,2.);
#693 = AXIS2_PLACEMENT_3D('',#694,#695,#696);
#694 = CARTESIAN_POINT('',(64.682367102281,32.530746135935,54.));
#695 = DIRECTION('',(0.,-1.,1.110223024625E-16));
#696 = DIRECTION('',(-1.,-0.,0.));
#697 = DEFINITIONAL_REPRESENTATION('',(#698),#702);
#698 = LINE('',#699,#700);
#699 = CARTESIAN_POINT('',(-0.,0.));
#700 = VECTOR('',#701,1.);
#701 = DIRECTION('',(-0.,1.));
#702 = ( GEOMETRIC_REPRESENTATION_CONTEXT(2) 
PARAMETRIC_REPRESENTATION_CONTEXT() REPRESENTATION_CONTEXT('2D SPACE',''
  ) );
#703 = ADVANCED_FACE('',(#704),#692,.T.);
#704 = FACE_BOUND('',#705,.F.);
#705 = EDGE_LOOP('',(#706,#734,#762,#788));
#706 = ORIENTED_EDGE('',*,*,#707,.T.);
#707 = EDGE_CURVE('',#656,#708,#710,.T.);
#708 = VERTEX_POINT('',#709);
#709 = CARTESIAN_POINT('',(64.682367102281,32.530746135935,56.));
#710 = SURFACE_CURVE('',#711,(#716,#723),.PCURVE_S1.);
#711 = CIRCLE('',#712,2.);
#712 = AXIS2_PLACEMENT_3D('',#713,#714,#715);
#713 = CARTESIAN_POINT('',(64.682367102281,32.530746135935,54.));
#714 = DIRECTION('',(0.,1.,-1.110223024625E-16));
#715 = DIRECTION('',(0.,-1.110223024625E-16,-1.));
#716 = PCURVE('',#692,#717);
#717 = DEFINITIONAL_REPRESENTATION('',(#718),#722);
#718 = LINE('',#719,#720);
#719 = CARTESIAN_POINT('',(1.570796326795,-0.));
#720 = VECTOR('',#721,1.);
#721 = DIRECTION('',(-1.,0.));
#722 = ( GEOMETRIC_REPRESENTATION_CONTEXT(2) 
PARAMETRIC_REPRESENTATION_CONTEXT() REPRESENTATION_CONTEXT('2D SPACE',''
  ) );
#723 = PCURVE('',#478,#724);
#724 = DEFINITIONAL_REPRESENTATION('',(#725),#733);
#725 = ( BOUNDED_CURVE() B_SPLINE_CURVE(2,(#726,#727,#728,#729,#730,#731
,#732),.UNSPECIFIED.,.T.,.F.) B_SPLINE_CURVE_WITH_KNOTS((1,2,2,2,2,1),(
    -2.094395102393,0.,2.094395102393,4.188790204786,6.28318530718,
8.377580409573),.UNSPECIFIED.) CURVE() GEOMETRIC_REPRESENTATION_ITEM() 
RATIONAL_B_SPLINE_CURVE((1.,0.5,1.,0.5,1.,0.5,1.)) REPRESENTATION_ITEM(
  '') );
#726 = CARTESIAN_POINT('',(2.,52.));
#727 = CARTESIAN_POINT('',(-1.464101615138,52.));
#728 = CARTESIAN_POINT('',(0.267949192431,55.));
#729 = CARTESIAN_POINT('',(2.,58.));
#730 = CARTESIAN_POINT('',(3.732050807569,55.));
#731 = CARTESIAN_POINT('',(5.464101615138,52.));
#732 = CARTESIAN_POINT('',(2.,52.));
#733 = ( GEOMETRIC_REPRESENTATION_CONTEXT(2) 
PARAMETRIC_REPRESENTATION_CONTEXT() REPRESENTATION_CONTEXT('2D SPACE',''
  ) );
#734 = ORIENTED_EDGE('',*,*,#735,.T.);
#735 = EDGE_CURVE('',#708,#736,#738,.T.);
#736 = VERTEX_POINT('',#737);
#737 = CARTESIAN_POINT('',(64.682367102281,27.530746135935,56.));
#738 = SURFACE_CURVE('',#739,(#743,#750),.PCURVE_S1.);
#739 = LINE('',#740,#741);
#740 = CARTESIAN_POINT('',(64.682367102281,32.530746135935,56.));
#741 = VECTOR('',#742,1.);
#742 = DIRECTION('',(0.,-1.,1.110223024625E-16));
#743 = PCURVE('',#692,#744);
#744 = DEFINITIONAL_REPRESENTATION('',(#745),#749);
#745 = LINE('',#746,#747);
#746 = CARTESIAN_POINT('',(-1.570796326795,0.));
#747 = VECTOR('',#748,1.);
#748 = DIRECTION('',(-0.,1.));
#749 = ( GEOMETRIC_REPRESENTATION_CONTEXT(2) 
PARAMETRIC_REPRESENTATION_CONTEXT() REPRESENTATION_CONTEXT('2D SPACE',''
  ) );
#750 = PCURVE('',#751,#756);
#751 = PLANE('',#752);
#752 = AXIS2_PLACEMENT_3D('',#753,#754,#755);
#753 = CARTESIAN_POINT('',(62.682367102281,32.530746135935,56.));
#754 = DIRECTION('',(0.,1.110223024625E-16,1.));
#755 = DIRECTION('',(0.,-1.,1.110223024625E-16));
#756 = DEFINITIONAL_REPRESENTATION('',(#757),#761);
#757 = LINE('',#758,#759);
#758 = CARTESIAN_POINT('',(0.,2.));
#759 = VECTOR('',#760,1.);
#760 = DIRECTION('',(1.,0.));
#761 = ( GEOMETRIC_REPRESENTATION_CONTEXT(2) 
PARAMETRIC_REPRESENTATION_CONTEXT() REPRESENTATION_CONTEXT('2D SPACE',''
  ) );
#762 = ORIENTED_EDGE('',*,*,#763,.F.);
#763 = EDGE_CURVE('',#627,#736,#764,.T.);
#764 = SURFACE_CURVE('',#765,(#770,#777),.PCURVE_S1.);
#765 = CIRCLE('',#766,2.);
#766 = AXIS2_PLACEMENT_3D('',#767,#768,#769);
#767 = CARTESIAN_POINT('',(64.682367102281,27.530746135935,54.));
#768 = DIRECTION('',(0.,1.,-1.110223024625E-16));
#769 = DIRECTION('',(0.,-1.110223024625E-16,-1.));
#770 = PCURVE('',#692,#771);
#771 = DEFINITIONAL_REPRESENTATION('',(#772),#776);
#772 = LINE('',#773,#774);
#773 = CARTESIAN_POINT('',(1.570796326795,5.));
#774 = VECTOR('',#775,1.);
#775 = DIRECTION('',(-1.,0.));
#776 = ( GEOMETRIC_REPRESENTATION_CONTEXT(2) 
PARAMETRIC_REPRESENTATION_CONTEXT() REPRESENTATION_CONTEXT('2D SPACE',''
  ) );
#777 = PCURVE('',#642,#778);
#778 = DEFINITIONAL_REPRESENTATION('',(#779),#787);
#779 = ( BOUNDED_CURVE() B_SPLINE_CURVE(2,(#780,#781,#782,#783,#784,#785
,#786),.UNSPECIFIED.,.T.,.F.) B_SPLINE_CURVE_WITH_KNOTS((1,2,2,2,2,1),(
    -2.094395102393,0.,2.094395102393,4.188790204786,6.28318530718,
8.377580409573),.UNSPECIFIED.) CURVE() GEOMETRIC_REPRESENTATION_ITEM() 
RATIONAL_B_SPLINE_CURVE((1.,0.5,1.,0.5,1.,0.5,1.)) REPRESENTATION_ITEM(
  '') );
#780 = CARTESIAN_POINT('',(2.,52.));
#781 = CARTESIAN_POINT('',(-1.464101615138,52.));
#782 = CARTESIAN_POINT('',(0.267949192431,55.));
#783 = CARTESIAN_POINT('',(2.,58.));
#784 = CARTESIAN_POINT('',(3.732050807569,55.));
#785 = CARTESIAN_POINT('',(5.464101615138,52.));
#786 = CARTESIAN_POINT('',(2.,52.));
#787 = ( GEOMETRIC_REPRESENTATION_CONTEXT(2) 
PARAMETRIC_REPRESENTATION_CONTEXT() REPRESENTATION_CONTEXT('2D SPACE',''
  ) );
#788 = ORIENTED_EDGE('',*,*,#678,.F.);
#789 = ADVANCED_FACE('',(#790),#751,.T.);
#790 = FACE_BOUND('',#791,.T.);
#791 = EDGE_LOOP('',(#792,#815,#816,#839));
#792 = ORIENTED_EDGE('',*,*,#793,.F.);
#793 = EDGE_CURVE('',#708,#794,#796,.T.);
#794 = VERTEX_POINT('',#795);
#795 = CARTESIAN_POINT('',(88.682367102281,32.530746135935,56.));
#796 = SURFACE_CURVE('',#797,(#801,#808),.PCURVE_S1.);
#797 = LINE('',#798,#799);
#798 = CARTESIAN_POINT('',(62.682367102281,32.530746135935,56.));
#799 = VECTOR('',#800,1.);
#800 = DIRECTION('',(1.,0.,0.));
#801 = PCURVE('',#751,#802);
#802 = DEFINITIONAL_REPRESENTATION('',(#803),#807);
#803 = LINE('',#804,#805);
#804 = CARTESIAN_POINT('',(0.,0.));
#805 = VECTOR('',#806,1.);
#806 = DIRECTION('',(0.,1.));
#807 = ( GEOMETRIC_REPRESENTATION_CONTEXT(2) 
PARAMETRIC_REPRESENTATION_CONTEXT() REPRESENTATION_CONTEXT('2D SPACE',''
  ) );
#808 = PCURVE('',#478,#809);
#809 = DEFINITIONAL_REPRESENTATION('',(#810),#814);
#810 = LINE('',#811,#812);
#811 = CARTESIAN_POINT('',(0.,56.));
#812 = VECTOR('',#813,1.);
#813 = DIRECTION('',(1.,0.));
#814 = ( GEOMETRIC_REPRESENTATION_CONTEXT(2) 
PARAMETRIC_REPRESENTATION_CONTEXT() REPRESENTATION_CONTEXT('2D SPACE',''
  ) );
#815 = ORIENTED_EDGE('',*,*,#735,.T.);
#816 = ORIENTED_EDGE('',*,*,#817,.T.);
#817 = EDGE_CURVE('',#736,#818,#820,.T.);
#818 = VERTEX_POINT('',#819);
#819 = CARTESIAN_POINT('',(88.682367102281,27.530746135935,56.));
#820 = SURFACE_CURVE('',#821,(#825,#832),.PCURVE_S1.);
#821 = LINE('',#822,#823);
#822 = CARTESIAN_POINT('',(62.682367102281,27.530746135935,56.));
#823 = VECTOR('',#824,1.);
#824 = DIRECTION('',(1.,0.,0.));
#825 = PCURVE('',#751,#826);
#826 = DEFINITIONAL_REPRESENTATION('',(#827),#831);
#827 = LINE('',#828,#829);
#828 = CARTESIAN_POINT('',(5.,0.));
#829 = VECTOR('',#830,1.);
#830 = DIRECTION('',(0.,1.));
#831 = ( GEOMETRIC_REPRESENTATION_CONTEXT(2) 
PARAMETRIC_REPRESENTATION_CONTEXT() REPRESENTATION_CONTEXT('2D SPACE',''
  ) );
#832 = PCURVE('',#642,#833);
#833 = DEFINITIONAL_REPRESENTATION('',(#834),#838);
#834 = LINE('',#835,#836);
#835 = CARTESIAN_POINT('',(0.,56.));
#836 = VECTOR('',#837,1.);
#837 = DIRECTION('',(1.,0.));
#838 = ( GEOMETRIC_REPRESENTATION_CONTEXT(2) 
PARAMETRIC_REPRESENTATION_CONTEXT() REPRESENTATION_CONTEXT('2D SPACE',''
  ) );
#839 = ORIENTED_EDGE('',*,*,#840,.F.);
#840 = EDGE_CURVE('',#794,#818,#841,.T.);
#841 = SURFACE_CURVE('',#842,(#846,#853),.PCURVE_S1.);
#842 = LINE('',#843,#844);
#843 = CARTESIAN_POINT('',(88.682367102281,32.530746135935,56.));
#844 = VECTOR('',#845,1.);
#845 = DIRECTION('',(0.,-1.,1.110223024625E-16));
#846 = PCURVE('',#751,#847);
#847 = DEFINITIONAL_REPRESENTATION('',(#848),#852);
#848 = LINE('',#849,#850);
#849 = CARTESIAN_POINT('',(0.,26.));
#850 = VECTOR('',#851,1.);
#851 = DIRECTION('',(1.,0.));
#852 = ( GEOMETRIC_REPRESENTATION_CONTEXT(2) 
PARAMETRIC_REPRESENTATION_CONTEXT() REPRESENTATION_CONTEXT('2D SPACE',''
  ) );
#853 = PCURVE('',#854,#859);
#854 = CYLINDRICAL_SURFACE('',#855,2.);
#855 = AXIS2_PLACEMENT_3D('',#856,#857,#858);
#856 = CARTESIAN_POINT('',(88.682367102281,32.530746135935,54.));
#857 = DIRECTION('',(0.,-1.,1.110223024625E-16));
#858 = DIRECTION('',(1.,0.,0.));
#859 = DEFINITIONAL_REPRESENTATION('',(#860),#864);
#860 = LINE('',#861,#862);
#861 = CARTESIAN_POINT('',(1.570796326795,0.));
#862 = VECTOR('',#863,1.);
#863 = DIRECTION('',(0.,1.));
#864 = ( GEOMETRIC_REPRESENTATION_CONTEXT(2) 
PARAMETRIC_REPRESENTATION_CONTEXT() REPRESENTATION_CONTEXT('2D SPACE',''
  ) );
#865 = ADVANCED_FACE('',(#866),#854,.T.);
#866 = FACE_BOUND('',#867,.T.);
#867 = EDGE_LOOP('',(#868,#892,#893,#917));
#868 = ORIENTED_EDGE('',*,*,#869,.T.);
#869 = EDGE_CURVE('',#870,#794,#872,.T.);
#870 = VERTEX_POINT('',#871);
#871 = CARTESIAN_POINT('',(90.682367102281,32.530746135935,54.));
#872 = SURFACE_CURVE('',#873,(#878,#885),.PCURVE_S1.);
#873 = CIRCLE('',#874,2.);
#874 = AXIS2_PLACEMENT_3D('',#875,#876,#877);
#875 = CARTESIAN_POINT('',(88.682367102281,32.530746135935,54.));
#876 = DIRECTION('',(0.,-1.,1.110223024625E-16));
#877 = DIRECTION('',(0.,-1.110223024625E-16,-1.));
#878 = PCURVE('',#854,#879);
#879 = DEFINITIONAL_REPRESENTATION('',(#880),#884);
#880 = LINE('',#881,#882);
#881 = CARTESIAN_POINT('',(-1.570796326795,0.));
#882 = VECTOR('',#883,1.);
#883 = DIRECTION('',(1.,0.));
#884 = ( GEOMETRIC_REPRESENTATION_CONTEXT(2) 
PARAMETRIC_REPRESENTATION_CONTEXT() REPRESENTATION_CONTEXT('2D SPACE',''
  ) );
#885 = PCURVE('',#478,#886);
#886 = DEFINITIONAL_REPRESENTATION('',(#887),#891);
#887 = CIRCLE('',#888,2.);
#888 = AXIS2_PLACEMENT_2D('',#889,#890);
#889 = CARTESIAN_POINT('',(26.,54.));
#890 = DIRECTION('',(0.,-1.));
#891 = ( GEOMETRIC_REPRESENTATION_CONTEXT(2) 
PARAMETRIC_REPRESENTATION_CONTEXT() REPRESENTATION_CONTEXT('2D SPACE',''
  ) );
#892 = ORIENTED_EDGE('',*,*,#840,.T.);
#893 = ORIENTED_EDGE('',*,*,#894,.F.);
#894 = EDGE_CURVE('',#895,#818,#897,.T.);
#895 = VERTEX_POINT('',#896);
#896 = CARTESIAN_POINT('',(90.682367102281,27.530746135935,54.));
#897 = SURFACE_CURVE('',#898,(#903,#910),.PCURVE_S1.);
#898 = CIRCLE('',#899,2.);
#899 = AXIS2_PLACEMENT_3D('',#900,#901,#902);
#900 = CARTESIAN_POINT('',(88.682367102281,27.530746135935,54.));
#901 = DIRECTION('',(0.,-1.,1.110223024625E-16));
#902 = DIRECTION('',(0.,-1.110223024625E-16,-1.));
#903 = PCURVE('',#854,#904);
#904 = DEFINITIONAL_REPRESENTATION('',(#905),#909);
#905 = LINE('',#906,#907);
#906 = CARTESIAN_POINT('',(-1.570796326795,5.));
#907 = VECTOR('',#908,1.);
#908 = DIRECTION('',(1.,0.));
#909 = ( GEOMETRIC_REPRESENTATION_CONTEXT(2) 
PARAMETRIC_REPRESENTATION_CONTEXT() REPRESENTATION_CONTEXT('2D SPACE',''
  ) );
#910 = PCURVE('',#642,#911);
#911 = DEFINITIONAL_REPRESENTATION('',(#912),#916);
#912 = CIRCLE('',#913,2.);
#913 = AXIS2_PLACEMENT_2D('',#914,#915);
#914 = CARTESIAN_POINT('',(26.,54.));
#915 = DIRECTION('',(0.,-1.));
#916 = ( GEOMETRIC_REPRESENTATION_CONTEXT(2) 
PARAMETRIC_REPRESENTATION_CONTEXT() REPRESENTATION_CONTEXT('2D SPACE',''
  ) );
#917 = ORIENTED_EDGE('',*,*,#918,.F.);
#918 = EDGE_CURVE('',#870,#895,#919,.T.);
#919 = SURFACE_CURVE('',#920,(#924,#931),.PCURVE_S1.);
#920 = LINE('',#921,#922);
#921 = CARTESIAN_POINT('',(90.682367102281,32.530746135935,54.));
#922 = VECTOR('',#923,1.);
#923 = DIRECTION('',(0.,-1.,1.110223024625E-16));
#924 = PCURVE('',#854,#925);
#925 = DEFINITIONAL_REPRESENTATION('',(#926),#930);
#926 = LINE('',#927,#928);
#927 = CARTESIAN_POINT('',(0.,0.));
#928 = VECTOR('',#929,1.);
#929 = DIRECTION('',(0.,1.));
#930 = ( GEOMETRIC_REPRESENTATION_CONTEXT(2) 
PARAMETRIC_REPRESENTATION_CONTEXT() REPRESENTATION_CONTEXT('2D SPACE',''
  ) );
#931 = PCURVE('',#932,#937);
#932 = PLANE('',#933);
#933 = AXIS2_PLACEMENT_3D('',#934,#935,#936);
#934 = CARTESIAN_POINT('',(90.682367102281,32.530746135935,0.));
#935 = DIRECTION('',(1.,0.,0.));
#936 = DIRECTION('',(0.,-1.,1.110223024625E-16));
#937 = DEFINITIONAL_REPRESENTATION('',(#938),#942);
#938 = LINE('',#939,#940);
#939 = CARTESIAN_POINT('',(-1.110223024625E-15,-54.));
#940 = VECTOR('',#941,1.);
#941 = DIRECTION('',(1.,0.));
#942 = ( GEOMETRIC_REPRESENTATION_CONTEXT(2) 
PARAMETRIC_REPRESENTATION_CONTEXT() REPRESENTATION_CONTEXT('2D SPACE',''
  ) );
#943 = ADVANCED_FACE('',(#944),#932,.T.);
#944 = FACE_BOUND('',#945,.T.);
#945 = EDGE_LOOP('',(#946,#969,#997,#1018));
#946 = ORIENTED_EDGE('',*,*,#947,.F.);
#947 = EDGE_CURVE('',#948,#895,#950,.T.);
#948 = VERTEX_POINT('',#949);
#949 = CARTESIAN_POINT('',(90.682367102281,27.530746135935,2.));
#950 = SURFACE_CURVE('',#951,(#955,#962),.PCURVE_S1.);
#951 = LINE('',#952,#953);
#952 = CARTESIAN_POINT('',(90.682367102281,27.530746135935,0.));
#953 = VECTOR('',#954,1.);
#954 = DIRECTION('',(0.,1.110223024625E-16,1.));
#955 = PCURVE('',#932,#956);
#956 = DEFINITIONAL_REPRESENTATION('',(#957),#961);
#957 = LINE('',#958,#959);
#958 = CARTESIAN_POINT('',(5.,5.551115123126E-16));
#959 = VECTOR('',#960,1.);
#960 = DIRECTION('',(0.,-1.));
#961 = ( GEOMETRIC_REPRESENTATION_CONTEXT(2) 
PARAMETRIC_REPRESENTATION_CONTEXT() REPRESENTATION_CONTEXT('2D SPACE',''
  ) );
#962 = PCURVE('',#642,#963);
#963 = DEFINITIONAL_REPRESENTATION('',(#964),#968);
#964 = LINE('',#965,#966);
#965 = CARTESIAN_POINT('',(28.,0.));
#966 = VECTOR('',#967,1.);
#967 = DIRECTION('',(0.,1.));
#968 = ( GEOMETRIC_REPRESENTATION_CONTEXT(2) 
PARAMETRIC_REPRESENTATION_CONTEXT() REPRESENTATION_CONTEXT('2D SPACE',''
  ) );
#969 = ORIENTED_EDGE('',*,*,#970,.F.);
#970 = EDGE_CURVE('',#971,#948,#973,.T.);
#971 = VERTEX_POINT('',#972);
#972 = CARTESIAN_POINT('',(90.682367102281,32.530746135935,2.));
#973 = SURFACE_CURVE('',#974,(#978,#985),.PCURVE_S1.);
#974 = LINE('',#975,#976);
#975 = CARTESIAN_POINT('',(90.682367102281,32.530746135935,2.));
#976 = VECTOR('',#977,1.);
#977 = DIRECTION('',(0.,-1.,1.110223024625E-16));
#978 = PCURVE('',#932,#979);
#979 = DEFINITIONAL_REPRESENTATION('',(#980),#984);
#980 = LINE('',#981,#982);
#981 = CARTESIAN_POINT('',(2.22044604925E-16,-2.));
#982 = VECTOR('',#983,1.);
#983 = DIRECTION('',(1.,0.));
#984 = ( GEOMETRIC_REPRESENTATION_CONTEXT(2) 
PARAMETRIC_REPRESENTATION_CONTEXT() REPRESENTATION_CONTEXT('2D SPACE',''
  ) );
#985 = PCURVE('',#986,#991);
#986 = CYLINDRICAL_SURFACE('',#987,2.);
#987 = AXIS2_PLACEMENT_3D('',#988,#989,#990);
#988 = CARTESIAN_POINT('',(88.682367102281,32.530746135935,2.));
#989 = DIRECTION('',(0.,-1.,1.110223024625E-16));
#990 = DIRECTION('',(1.,0.,0.));
#991 = DEFINITIONAL_REPRESENTATION('',(#992),#996);
#992 = LINE('',#993,#994);
#993 = CARTESIAN_POINT('',(-0.,0.));
#994 = VECTOR('',#995,1.);
#995 = DIRECTION('',(-0.,1.));
#996 = ( GEOMETRIC_REPRESENTATION_CONTEXT(2) 
PARAMETRIC_REPRESENTATION_CONTEXT() REPRESENTATION_CONTEXT('2D SPACE',''
  ) );
#997 = ORIENTED_EDGE('',*,*,#998,.T.);
#998 = EDGE_CURVE('',#971,#870,#999,.T.);
#999 = SURFACE_CURVE('',#1000,(#1004,#1011),.PCURVE_S1.);
#1000 = LINE('',#1001,#1002);
#1001 = CARTESIAN_POINT('',(90.682367102281,32.530746135935,0.));
#1002 = VECTOR('',#1003,1.);
#1003 = DIRECTION('',(0.,1.110223024625E-16,1.));
#1004 = PCURVE('',#932,#1005);
#1005 = DEFINITIONAL_REPRESENTATION('',(#1006),#1010);
#1006 = LINE('',#1007,#1008);
#1007 = CARTESIAN_POINT('',(0.,0.));
#1008 = VECTOR('',#1009,1.);
#1009 = DIRECTION('',(0.,-1.));
#1010 = ( GEOMETRIC_REPRESENTATION_CONTEXT(2) 
PARAMETRIC_REPRESENTATION_CONTEXT() REPRESENTATION_CONTEXT('2D SPACE',''
  ) );
#1011 = PCURVE('',#478,#1012);
#1012 = DEFINITIONAL_REPRESENTATION('',(#1013),#1017);
#1013 = LINE('',#1014,#1015);
#1014 = CARTESIAN_POINT('',(28.,0.));
#1015 = VECTOR('',#1016,1.);
#1016 = DIRECTION('',(0.,1.));
#1017 = ( GEOMETRIC_REPRESENTATION_CONTEXT(2) 
PARAMETRIC_REPRESENTATION_CONTEXT() REPRESENTATION_CONTEXT('2D SPACE',''
  ) );
#1018 = ORIENTED_EDGE('',*,*,#918,.T.);
#1019 = ADVANCED_FACE('',(#1020),#986,.T.);
#1020 = FACE_BOUND('',#1021,.F.);
#1021 = EDGE_LOOP('',(#1022,#1050,#1078,#1104));
#1022 = ORIENTED_EDGE('',*,*,#1023,.T.);
#1023 = EDGE_CURVE('',#971,#1024,#1026,.T.);
#1024 = VERTEX_POINT('',#1025);
#1025 = CARTESIAN_POINT('',(88.682367102281,32.530746135935,0.));
#1026 = SURFACE_CURVE('',#1027,(#1032,#1039),.PCURVE_S1.);
#1027 = CIRCLE('',#1028,2.);
#1028 = AXIS2_PLACEMENT_3D('',#1029,#1030,#1031);
#1029 = CARTESIAN_POINT('',(88.682367102281,32.530746135935,2.));
#1030 = DIRECTION('',(0.,1.,-1.110223024625E-16));
#1031 = DIRECTION('',(0.,-1.110223024625E-16,-1.));
#1032 = PCURVE('',#986,#1033);
#1033 = DEFINITIONAL_REPRESENTATION('',(#1034),#1038);
#1034 = LINE('',#1035,#1036);
#1035 = CARTESIAN_POINT('',(4.712388980385,-0.));
#1036 = VECTOR('',#1037,1.);
#1037 = DIRECTION('',(-1.,0.));
#1038 = ( GEOMETRIC_REPRESENTATION_CONTEXT(2) 
PARAMETRIC_REPRESENTATION_CONTEXT() REPRESENTATION_CONTEXT('2D SPACE',''
  ) );
#1039 = PCURVE('',#478,#1040);
#1040 = DEFINITIONAL_REPRESENTATION('',(#1041),#1049);
#1041 = ( BOUNDED_CURVE() B_SPLINE_CURVE(2,(#1042,#1043,#1044,#1045,
#1046,#1047,#1048),.UNSPECIFIED.,.T.,.F.) B_SPLINE_CURVE_WITH_KNOTS((1,2
    ,2,2,2,1),(-2.094395102393,0.,2.094395102393,4.188790204786,
6.28318530718,8.377580409573),.UNSPECIFIED.) CURVE() 
GEOMETRIC_REPRESENTATION_ITEM() RATIONAL_B_SPLINE_CURVE((1.,0.5,1.,0.5,
1.,0.5,1.)) REPRESENTATION_ITEM('') );
#1042 = CARTESIAN_POINT('',(26.,0.));
#1043 = CARTESIAN_POINT('',(22.535898384862,0.));
#1044 = CARTESIAN_POINT('',(24.267949192431,3.));
#1045 = CARTESIAN_POINT('',(26.,6.));
#1046 = CARTESIAN_POINT('',(27.732050807569,3.));
#1047 = CARTESIAN_POINT('',(29.464101615138,3.10862446895E-15));
#1048 = CARTESIAN_POINT('',(26.,0.));
#1049 = ( GEOMETRIC_REPRESENTATION_CONTEXT(2) 
PARAMETRIC_REPRESENTATION_CONTEXT() REPRESENTATION_CONTEXT('2D SPACE',''
  ) );
#1050 = ORIENTED_EDGE('',*,*,#1051,.T.);
#1051 = EDGE_CURVE('',#1024,#1052,#1054,.T.);
#1052 = VERTEX_POINT('',#1053);
#1053 = CARTESIAN_POINT('',(88.682367102281,27.530746135935,0.));
#1054 = SURFACE_CURVE('',#1055,(#1059,#1066),.PCURVE_S1.);
#1055 = LINE('',#1056,#1057);
#1056 = CARTESIAN_POINT('',(88.682367102281,32.530746135935,0.));
#1057 = VECTOR('',#1058,1.);
#1058 = DIRECTION('',(0.,-1.,1.110223024625E-16));
#1059 = PCURVE('',#986,#1060);
#1060 = DEFINITIONAL_REPRESENTATION('',(#1061),#1065);
#1061 = LINE('',#1062,#1063);
#1062 = CARTESIAN_POINT('',(-1.570796326795,0.));
#1063 = VECTOR('',#1064,1.);
#1064 = DIRECTION('',(-0.,1.));
#1065 = ( GEOMETRIC_REPRESENTATION_CONTEXT(2) 
PARAMETRIC_REPRESENTATION_CONTEXT() REPRESENTATION_CONTEXT('2D SPACE',''
  ) );
#1066 = PCURVE('',#1067,#1072);
#1067 = PLANE('',#1068);
#1068 = AXIS2_PLACEMENT_3D('',#1069,#1070,#1071);
#1069 = CARTESIAN_POINT('',(62.682367102281,32.530746135935,0.));
#1070 = DIRECTION('',(0.,1.110223024625E-16,1.));
#1071 = DIRECTION('',(0.,-1.,1.110223024625E-16));
#1072 = DEFINITIONAL_REPRESENTATION('',(#1073),#1077);
#1073 = LINE('',#1074,#1075);
#1074 = CARTESIAN_POINT('',(0.,26.));
#1075 = VECTOR('',#1076,1.);
#1076 = DIRECTION('',(1.,0.));
#1077 = ( GEOMETRIC_REPRESENTATION_CONTEXT(2) 
PARAMETRIC_REPRESENTATION_CONTEXT() REPRESENTATION_CONTEXT('2D SPACE',''
  ) );
#1078 = ORIENTED_EDGE('',*,*,#1079,.F.);
#1079 = EDGE_CURVE('',#948,#1052,#1080,.T.);
#1080 = SURFACE_CURVE('',#1081,(#1086,#1093),.PCURVE_S1.);
#1081 = CIRCLE('',#1082,2.);
#1082 = AXIS2_PLACEMENT_3D('',#1083,#1084,#1085);
#1083 = CARTESIAN_POINT('',(88.682367102281,27.530746135935,2.));
#1084 = DIRECTION('',(0.,1.,-1.110223024625E-16));
#1085 = DIRECTION('',(0.,-1.110223024625E-16,-1.));
#1086 = PCURVE('',#986,#1087);
#1087 = DEFINITIONAL_REPRESENTATION('',(#1088),#1092);
#1088 = LINE('',#1089,#1090);
#1089 = CARTESIAN_POINT('',(4.712388980385,5.));
#1090 = VECTOR('',#1091,1.);
#1091 = DIRECTION('',(-1.,0.));
#1092 = ( GEOMETRIC_REPRESENTATION_CONTEXT(2) 
PARAMETRIC_REPRESENTATION_CONTEXT() REPRESENTATION_CONTEXT('2D SPACE',''
  ) );
#1093 = PCURVE('',#642,#1094);
#1094 = DEFINITIONAL_REPRESENTATION('',(#1095),#1103);
#1095 = ( BOUNDED_CURVE() B_SPLINE_CURVE(2,(#1096,#1097,#1098,#1099,
#1100,#1101,#1102),.UNSPECIFIED.,.T.,.F.) B_SPLINE_CURVE_WITH_KNOTS((1,2
    ,2,2,2,1),(-2.094395102393,0.,2.094395102393,4.188790204786,
6.28318530718,8.377580409573),.UNSPECIFIED.) CURVE() 
GEOMETRIC_REPRESENTATION_ITEM() RATIONAL_B_SPLINE_CURVE((1.,0.5,1.,0.5,
1.,0.5,1.)) REPRESENTATION_ITEM('') );
#1096 = CARTESIAN_POINT('',(26.,0.));
#1097 = CARTESIAN_POINT('',(22.535898384862,0.));
#1098 = CARTESIAN_POINT('',(24.267949192431,3.));
#1099 = CARTESIAN_POINT('',(26.,6.));
#1100 = CARTESIAN_POINT('',(27.732050807569,3.));
#1101 = CARTESIAN_POINT('',(29.464101615138,3.10862446895E-15));
#1102 = CARTESIAN_POINT('',(26.,0.));
#1103 = ( GEOMETRIC_REPRESENTATION_CONTEXT(2) 
PARAMETRIC_REPRESENTATION_CONTEXT() REPRESENTATION_CONTEXT('2D SPACE',''
  ) );
#1104 = ORIENTED_EDGE('',*,*,#970,.F.);
#1105 = ADVANCED_FACE('',(#1106),#1067,.F.);
#1106 = FACE_BOUND('',#1107,.F.);
#1107 = EDGE_LOOP('',(#1108,#1131,#1159,#1180));
#1108 = ORIENTED_EDGE('',*,*,#1109,.F.);
#1109 = EDGE_CURVE('',#1110,#1024,#1112,.T.);
#1110 = VERTEX_POINT('',#1111);
#1111 = CARTESIAN_POINT('',(64.682367102281,32.530746135935,0.));
#1112 = SURFACE_CURVE('',#1113,(#1117,#1124),.PCURVE_S1.);
#1113 = LINE('',#1114,#1115);
#1114 = CARTESIAN_POINT('',(62.682367102281,32.530746135935,0.));
#1115 = VECTOR('',#1116,1.);
#1116 = DIRECTION('',(1.,0.,0.));
#1117 = PCURVE('',#1067,#1118);
#1118 = DEFINITIONAL_REPRESENTATION('',(#1119),#1123);
#1119 = LINE('',#1120,#1121);
#1120 = CARTESIAN_POINT('',(0.,0.));
#1121 = VECTOR('',#1122,1.);
#1122 = DIRECTION('',(0.,1.));
#1123 = ( GEOMETRIC_REPRESENTATION_CONTEXT(2) 
PARAMETRIC_REPRESENTATION_CONTEXT() REPRESENTATION_CONTEXT('2D SPACE',''
  ) );
#1124 = PCURVE('',#478,#1125);
#1125 = DEFINITIONAL_REPRESENTATION('',(#1126),#1130);
#1126 = LINE('',#1127,#1128);
#1127 = CARTESIAN_POINT('',(0.,0.));
#1128 = VECTOR('',#1129,1.);
#1129 = DIRECTION('',(1.,0.));
#1130 = ( GEOMETRIC_REPRESENTATION_CONTEXT(2) 
PARAMETRIC_REPRESENTATION_CONTEXT() REPRESENTATION_CONTEXT('2D SPACE',''
  ) );
#1131 = ORIENTED_EDGE('',*,*,#1132,.T.);
#1132 = EDGE_CURVE('',#1110,#1133,#1135,.T.);
#1133 = VERTEX_POINT('',#1134);
#1134 = CARTESIAN_POINT('',(64.682367102281,27.530746135935,0.));
#1135 = SURFACE_CURVE('',#1136,(#1140,#1147),.PCURVE_S1.);
#1136 = LINE('',#1137,#1138);
#1137 = CARTESIAN_POINT('',(64.682367102281,32.530746135935,0.));
#1138 = VECTOR('',#1139,1.);
#1139 = DIRECTION('',(0.,-1.,1.110223024625E-16));
#1140 = PCURVE('',#1067,#1141);
#1141 = DEFINITIONAL_REPRESENTATION('',(#1142),#1146);
#1142 = LINE('',#1143,#1144);
#1143 = CARTESIAN_POINT('',(0.,2.));
#1144 = VECTOR('',#1145,1.);
#1145 = DIRECTION('',(1.,0.));
#1146 = ( GEOMETRIC_REPRESENTATION_CONTEXT(2) 
PARAMETRIC_REPRESENTATION_CONTEXT() REPRESENTATION_CONTEXT('2D SPACE',''
  ) );
#1147 = PCURVE('',#1148,#1153);
#1148 = CYLINDRICAL_SURFACE('',#1149,2.);
#1149 = AXIS2_PLACEMENT_3D('',#1150,#1151,#1152);
#1150 = CARTESIAN_POINT('',(64.682367102281,32.530746135935,2.));
#1151 = DIRECTION('',(0.,-1.,1.110223024625E-16));
#1152 = DIRECTION('',(-1.,-0.,0.));
#1153 = DEFINITIONAL_REPRESENTATION('',(#1154),#1158);
#1154 = LINE('',#1155,#1156);
#1155 = CARTESIAN_POINT('',(1.570796326795,0.));
#1156 = VECTOR('',#1157,1.);
#1157 = DIRECTION('',(0.,1.));
#1158 = ( GEOMETRIC_REPRESENTATION_CONTEXT(2) 
PARAMETRIC_REPRESENTATION_CONTEXT() REPRESENTATION_CONTEXT('2D SPACE',''
  ) );
#1159 = ORIENTED_EDGE('',*,*,#1160,.T.);
#1160 = EDGE_CURVE('',#1133,#1052,#1161,.T.);
#1161 = SURFACE_CURVE('',#1162,(#1166,#1173),.PCURVE_S1.);
#1162 = LINE('',#1163,#1164);
#1163 = CARTESIAN_POINT('',(62.682367102281,27.530746135935,0.));
#1164 = VECTOR('',#1165,1.);
#1165 = DIRECTION('',(1.,0.,0.));
#1166 = PCURVE('',#1067,#1167);
#1167 = DEFINITIONAL_REPRESENTATION('',(#1168),#1172);
#1168 = LINE('',#1169,#1170);
#1169 = CARTESIAN_POINT('',(5.,0.));
#1170 = VECTOR('',#1171,1.);
#1171 = DIRECTION('',(0.,1.));
#1172 = ( GEOMETRIC_REPRESENTATION_CONTEXT(2) 
PARAMETRIC_REPRESENTATION_CONTEXT() REPRESENTATION_CONTEXT('2D SPACE',''
  ) );
#1173 = PCURVE('',#642,#1174);
#1174 = DEFINITIONAL_REPRESENTATION('',(#1175),#1179);
#1175 = LINE('',#1176,#1177);
#1176 = CARTESIAN_POINT('',(0.,0.));
#1177 = VECTOR('',#1178,1.);
#1178 = DIRECTION('',(1.,0.));
#1179 = ( GEOMETRIC_REPRESENTATION_CONTEXT(2) 
PARAMETRIC_REPRESENTATION_CONTEXT() REPRESENTATION_CONTEXT('2D SPACE',''
  ) );
#1180 = ORIENTED_EDGE('',*,*,#1051,.F.);
#1181 = ADVANCED_FACE('',(#1182),#1148,.T.);
#1182 = FACE_BOUND('',#1183,.T.);
#1183 = EDGE_LOOP('',(#1184,#1208,#1209,#1233));
#1184 = ORIENTED_EDGE('',*,*,#1185,.T.);
#1185 = EDGE_CURVE('',#1186,#1110,#1188,.T.);
#1186 = VERTEX_POINT('',#1187);
#1187 = CARTESIAN_POINT('',(62.682367102281,32.530746135935,2.));
#1188 = SURFACE_CURVE('',#1189,(#1194,#1201),.PCURVE_S1.);
#1189 = CIRCLE('',#1190,2.);
#1190 = AXIS2_PLACEMENT_3D('',#1191,#1192,#1193);
#1191 = CARTESIAN_POINT('',(64.682367102281,32.530746135935,2.));
#1192 = DIRECTION('',(0.,-1.,1.110223024625E-16));
#1193 = DIRECTION('',(0.,-1.110223024625E-16,-1.));
#1194 = PCURVE('',#1148,#1195);
#1195 = DEFINITIONAL_REPRESENTATION('',(#1196),#1200);
#1196 = LINE('',#1197,#1198);
#1197 = CARTESIAN_POINT('',(-4.712388980385,0.));
#1198 = VECTOR('',#1199,1.);
#1199 = DIRECTION('',(1.,0.));
#1200 = ( GEOMETRIC_REPRESENTATION_CONTEXT(2) 
PARAMETRIC_REPRESENTATION_CONTEXT() REPRESENTATION_CONTEXT('2D SPACE',''
  ) );
#1201 = PCURVE('',#478,#1202);
#1202 = DEFINITIONAL_REPRESENTATION('',(#1203),#1207);
#1203 = CIRCLE('',#1204,2.);
#1204 = AXIS2_PLACEMENT_2D('',#1205,#1206);
#1205 = CARTESIAN_POINT('',(2.,2.));
#1206 = DIRECTION('',(0.,-1.));
#1207 = ( GEOMETRIC_REPRESENTATION_CONTEXT(2) 
PARAMETRIC_REPRESENTATION_CONTEXT() REPRESENTATION_CONTEXT('2D SPACE',''
  ) );
#1208 = ORIENTED_EDGE('',*,*,#1132,.T.);
#1209 = ORIENTED_EDGE('',*,*,#1210,.F.);
#1210 = EDGE_CURVE('',#1211,#1133,#1213,.T.);
#1211 = VERTEX_POINT('',#1212);
#1212 = CARTESIAN_POINT('',(62.682367102281,27.530746135935,2.));
#1213 = SURFACE_CURVE('',#1214,(#1219,#1226),.PCURVE_S1.);
#1214 = CIRCLE('',#1215,2.);
#1215 = AXIS2_PLACEMENT_3D('',#1216,#1217,#1218);
#1216 = CARTESIAN_POINT('',(64.682367102281,27.530746135935,2.));
#1217 = DIRECTION('',(0.,-1.,1.110223024625E-16));
#1218 = DIRECTION('',(0.,-1.110223024625E-16,-1.));
#1219 = PCURVE('',#1148,#1220);
#1220 = DEFINITIONAL_REPRESENTATION('',(#1221),#1225);
#1221 = LINE('',#1222,#1223);
#1222 = CARTESIAN_POINT('',(-4.712388980385,5.));
#1223 = VECTOR('',#1224,1.);
#1224 = DIRECTION('',(1.,0.));
#1225 = ( GEOMETRIC_REPRESENTATION_CONTEXT(2) 
PARAMETRIC_REPRESENTATION_CONTEXT() REPRESENTATION_CONTEXT('2D SPACE',''
  ) );
#1226 = PCURVE('',#642,#1227);
#1227 = DEFINITIONAL_REPRESENTATION('',(#1228),#1232);
#1228 = CIRCLE('',#1229,2.);
#1229 = AXIS2_PLACEMENT_2D('',#1230,#1231);
#1230 = CARTESIAN_POINT('',(2.,2.));
#1231 = DIRECTION('',(0.,-1.));
#1232 = ( GEOMETRIC_REPRESENTATION_CONTEXT(2) 
PARAMETRIC_REPRESENTATION_CONTEXT() REPRESENTATION_CONTEXT('2D SPACE',''
  ) );
#1233 = ORIENTED_EDGE('',*,*,#1234,.F.);
#1234 = EDGE_CURVE('',#1186,#1211,#1235,.T.);
#1235 = SURFACE_CURVE('',#1236,(#1240,#1247),.PCURVE_S1.);
#1236 = LINE('',#1237,#1238);
#1237 = CARTESIAN_POINT('',(62.682367102281,32.530746135935,2.));
#1238 = VECTOR('',#1239,1.);
#1239 = DIRECTION('',(0.,-1.,1.110223024625E-16));
#1240 = PCURVE('',#1148,#1241);
#1241 = DEFINITIONAL_REPRESENTATION('',(#1242),#1246);
#1242 = LINE('',#1243,#1244);
#1243 = CARTESIAN_POINT('',(0.,0.));
#1244 = VECTOR('',#1245,1.);
#1245 = DIRECTION('',(0.,1.));
#1246 = ( GEOMETRIC_REPRESENTATION_CONTEXT(2) 
PARAMETRIC_REPRESENTATION_CONTEXT() REPRESENTATION_CONTEXT('2D SPACE',''
  ) );
#1247 = PCURVE('',#1248,#1253);
#1248 = PLANE('',#1249);
#1249 = AXIS2_PLACEMENT_3D('',#1250,#1251,#1252);
#1250 = CARTESIAN_POINT('',(62.682367102281,32.530746135935,0.));
#1251 = DIRECTION('',(1.,0.,0.));
#1252 = DIRECTION('',(0.,-1.,1.110223024625E-16));
#1253 = DEFINITIONAL_REPRESENTATION('',(#1254),#1258);
#1254 = LINE('',#1255,#1256);
#1255 = CARTESIAN_POINT('',(2.22044604925E-16,-2.));
#1256 = VECTOR('',#1257,1.);
#1257 = DIRECTION('',(1.,0.));
#1258 = ( GEOMETRIC_REPRESENTATION_CONTEXT(2) 
PARAMETRIC_REPRESENTATION_CONTEXT() REPRESENTATION_CONTEXT('2D SPACE',''
  ) );
#1259 = ADVANCED_FACE('',(#1260),#1248,.F.);
#1260 = FACE_BOUND('',#1261,.F.);
#1261 = EDGE_LOOP('',(#1262,#1285,#1286,#1309));
#1262 = ORIENTED_EDGE('',*,*,#1263,.F.);
#1263 = EDGE_CURVE('',#1211,#1264,#1266,.T.);
#1264 = VERTEX_POINT('',#1265);
#1265 = CARTESIAN_POINT('',(62.682367102281,27.530746135935,8.));
#1266 = SURFACE_CURVE('',#1267,(#1271,#1278),.PCURVE_S1.);
#1267 = LINE('',#1268,#1269);
#1268 = CARTESIAN_POINT('',(62.682367102281,27.530746135935,0.));
#1269 = VECTOR('',#1270,1.);
#1270 = DIRECTION('',(0.,1.110223024625E-16,1.));
#1271 = PCURVE('',#1248,#1272);
#1272 = DEFINITIONAL_REPRESENTATION('',(#1273),#1277);
#1273 = LINE('',#1274,#1275);
#1274 = CARTESIAN_POINT('',(5.,5.551115123126E-16));
#1275 = VECTOR('',#1276,1.);
#1276 = DIRECTION('',(0.,-1.));
#1277 = ( GEOMETRIC_REPRESENTATION_CONTEXT(2) 
PARAMETRIC_REPRESENTATION_CONTEXT() REPRESENTATION_CONTEXT('2D SPACE',''
  ) );
#1278 = PCURVE('',#642,#1279);
#1279 = DEFINITIONAL_REPRESENTATION('',(#1280),#1284);
#1280 = LINE('',#1281,#1282);
#1281 = CARTESIAN_POINT('',(0.,0.));
#1282 = VECTOR('',#1283,1.);
#1283 = DIRECTION('',(0.,1.));
#1284 = ( GEOMETRIC_REPRESENTATION_CONTEXT(2) 
PARAMETRIC_REPRESENTATION_CONTEXT() REPRESENTATION_CONTEXT('2D SPACE',''
  ) );
#1285 = ORIENTED_EDGE('',*,*,#1234,.F.);
#1286 = ORIENTED_EDGE('',*,*,#1287,.T.);
#1287 = EDGE_CURVE('',#1186,#1288,#1290,.T.);
#1288 = VERTEX_POINT('',#1289);
#1289 = CARTESIAN_POINT('',(62.682367102281,32.530746135935,8.));
#1290 = SURFACE_CURVE('',#1291,(#1295,#1302),.PCURVE_S1.);
#1291 = LINE('',#1292,#1293);
#1292 = CARTESIAN_POINT('',(62.682367102281,32.530746135935,0.));
#1293 = VECTOR('',#1294,1.);
#1294 = DIRECTION('',(0.,1.110223024625E-16,1.));
#1295 = PCURVE('',#1248,#1296);
#1296 = DEFINITIONAL_REPRESENTATION('',(#1297),#1301);
#1297 = LINE('',#1298,#1299);
#1298 = CARTESIAN_POINT('',(0.,0.));
#1299 = VECTOR('',#1300,1.);
#1300 = DIRECTION('',(0.,-1.));
#1301 = ( GEOMETRIC_REPRESENTATION_CONTEXT(2) 
PARAMETRIC_REPRESENTATION_CONTEXT() REPRESENTATION_CONTEXT('2D SPACE',''
  ) );
#1302 = PCURVE('',#478,#1303);
#1303 = DEFINITIONAL_REPRESENTATION('',(#1304),#1308);
#1304 = LINE('',#1305,#1306);
#1305 = CARTESIAN_POINT('',(0.,0.));
#1306 = VECTOR('',#1307,1.);
#1307 = DIRECTION('',(0.,1.));
#1308 = ( GEOMETRIC_REPRESENTATION_CONTEXT(2) 
PARAMETRIC_REPRESENTATION_CONTEXT() REPRESENTATION_CONTEXT('2D SPACE',''
  ) );
#1309 = ORIENTED_EDGE('',*,*,#1310,.T.);
#1310 = EDGE_CURVE('',#1288,#1264,#1311,.T.);
#1311 = SURFACE_CURVE('',#1312,(#1316,#1323),.PCURVE_S1.);
#1312 = LINE('',#1313,#1314);
#1313 = CARTESIAN_POINT('',(62.682367102281,31.455722859746,8.));
#1314 = VECTOR('',#1315,1.);
#1315 = DIRECTION('',(0.,-1.,1.110223024625E-16));
#1316 = PCURVE('',#1248,#1317);
#1317 = DEFINITIONAL_REPRESENTATION('',(#1318),#1322);
#1318 = LINE('',#1319,#1320);
#1319 = CARTESIAN_POINT('',(1.075023276189,-8.));
#1320 = VECTOR('',#1321,1.);
#1321 = DIRECTION('',(1.,0.));
#1322 = ( GEOMETRIC_REPRESENTATION_CONTEXT(2) 
PARAMETRIC_REPRESENTATION_CONTEXT() REPRESENTATION_CONTEXT('2D SPACE',''
  ) );
#1323 = PCURVE('',#1324,#1329);
#1324 = PLANE('',#1325);
#1325 = AXIS2_PLACEMENT_3D('',#1326,#1327,#1328);
#1326 = CARTESIAN_POINT('',(63.260533367383,30.380699583557,8.));
#1327 = DIRECTION('',(0.,1.110223024625E-16,1.));
#1328 = DIRECTION('',(0.,-1.,1.110223024625E-16));
#1329 = DEFINITIONAL_REPRESENTATION('',(#1330),#1334);
#1330 = LINE('',#1331,#1332);
#1331 = CARTESIAN_POINT('',(-1.075023276189,-0.578166265102));
#1332 = VECTOR('',#1333,1.);
#1333 = DIRECTION('',(1.,0.));
#1334 = ( GEOMETRIC_REPRESENTATION_CONTEXT(2) 
PARAMETRIC_REPRESENTATION_CONTEXT() REPRESENTATION_CONTEXT('2D SPACE',''
  ) );
#1335 = ADVANCED_FACE('',(#1336),#1324,.F.);
#1336 = FACE_BOUND('',#1337,.F.);
#1337 = EDGE_LOOP('',(#1338,#1368,#1394,#1395,#1418,#1446,#1474,#1502,
    #1530));
#1338 = ORIENTED_EDGE('',*,*,#1339,.F.);
#1339 = EDGE_CURVE('',#1340,#1342,#1344,.T.);
#1340 = VERTEX_POINT('',#1341);
#1341 = CARTESIAN_POINT('',(52.071336645789,25.10536774588,8.));
#1342 = VERTEX_POINT('',#1343);
#1343 = CARTESIAN_POINT('',(50.863042325226,29.614783540718,8.));
#1344 = SURFACE_CURVE('',#1345,(#1349,#1356),.PCURVE_S1.);
#1345 = LINE('',#1346,#1347);
#1346 = CARTESIAN_POINT('',(50.863042325226,29.614783540718,8.));
#1347 = VECTOR('',#1348,1.);
#1348 = DIRECTION('',(-0.258819045103,0.965925826289,-1.072393092426E-16
    ));
#1349 = PCURVE('',#1324,#1350);
#1350 = DEFINITIONAL_REPRESENTATION('',(#1351),#1355);
#1351 = LINE('',#1352,#1353);
#1352 = CARTESIAN_POINT('',(0.765916042839,-12.39749104215));
#1353 = VECTOR('',#1354,1.);
#1354 = DIRECTION('',(-0.965925826289,-0.258819045103));
#1355 = ( GEOMETRIC_REPRESENTATION_CONTEXT(2) 
PARAMETRIC_REPRESENTATION_CONTEXT() REPRESENTATION_CONTEXT('2D SPACE',''
  ) );
#1356 = PCURVE('',#1357,#1362);
#1357 = CYLINDRICAL_SURFACE('',#1358,4.8);
#1358 = AXIS2_PLACEMENT_3D('',#1359,#1360,#1361);
#1359 = CARTESIAN_POINT('',(47.195271312506,28.632007259838,
    5.063742759908));
#1360 = DIRECTION('',(-0.258819045103,0.965925826289,-1.072393092426E-16
    ));
#1361 = DIRECTION('',(0.965925826289,0.258819045103,-2.873468630843E-17)
  );
#1362 = DEFINITIONAL_REPRESENTATION('',(#1363),#1367);
#1363 = LINE('',#1364,#1365);
#1364 = CARTESIAN_POINT('',(-6.941418659978,-4.440892098501E-16));
#1365 = VECTOR('',#1366,1.);
#1366 = DIRECTION('',(-0.,1.));
#1367 = ( GEOMETRIC_REPRESENTATION_CONTEXT(2) 
PARAMETRIC_REPRESENTATION_CONTEXT() REPRESENTATION_CONTEXT('2D SPACE',''
  ) );
#1368 = ORIENTED_EDGE('',*,*,#1369,.T.);
#1369 = EDGE_CURVE('',#1340,#1264,#1370,.T.);
#1370 = SURFACE_CURVE('',#1371,(#1375,#1382),.PCURVE_S1.);
#1371 = LINE('',#1372,#1373);
#1372 = CARTESIAN_POINT('',(41.682367102281,22.730746135935,8.));
#1373 = VECTOR('',#1374,1.);
#1374 = DIRECTION('',(0.974858506572,0.222824801502,-2.473852250852E-17)
  );
#1375 = PCURVE('',#1324,#1376);
#1376 = DEFINITIONAL_REPRESENTATION('',(#1377),#1381);
#1377 = LINE('',#1378,#1379);
#1378 = CARTESIAN_POINT('',(7.649953447622,-21.5781662651));
#1379 = VECTOR('',#1380,1.);
#1380 = DIRECTION('',(-0.222824801502,0.974858506572));
#1381 = ( GEOMETRIC_REPRESENTATION_CONTEXT(2) 
PARAMETRIC_REPRESENTATION_CONTEXT() REPRESENTATION_CONTEXT('2D SPACE',''
  ) );
#1382 = PCURVE('',#1383,#1388);
#1383 = PLANE('',#1384);
#1384 = AXIS2_PLACEMENT_3D('',#1385,#1386,#1387);
#1385 = CARTESIAN_POINT('',(41.682367102281,22.730746135935,11.));
#1386 = DIRECTION('',(0.222824801502,-0.974858506572,1.082310359748E-16)
  );
#1387 = DIRECTION('',(0.974858506572,0.222824801502,-2.473852250852E-17)
  );
#1388 = DEFINITIONAL_REPRESENTATION('',(#1389),#1393);
#1389 = LINE('',#1390,#1391);
#1390 = CARTESIAN_POINT('',(7.421556752556E-17,-3.));
#1391 = VECTOR('',#1392,1.);
#1392 = DIRECTION('',(1.,0.));
#1393 = ( GEOMETRIC_REPRESENTATION_CONTEXT(2) 
PARAMETRIC_REPRESENTATION_CONTEXT() REPRESENTATION_CONTEXT('2D SPACE',''
  ) );
#1394 = ORIENTED_EDGE('',*,*,#1310,.F.);
#1395 = ORIENTED_EDGE('',*,*,#1396,.F.);
#1396 = EDGE_CURVE('',#1397,#1288,#1399,.T.);
#1397 = VERTEX_POINT('',#1398);
#1398 = CARTESIAN_POINT('',(67.488436079361,32.530746135935,8.));
#1399 = SURFACE_CURVE('',#1400,(#1404,#1411),.PCURVE_S1.);
#1400 = LINE('',#1401,#1402);
#1401 = CARTESIAN_POINT('',(62.971450234832,32.530746135935,8.));
#1402 = VECTOR('',#1403,1.);
#1403 = DIRECTION('',(-1.,0.,0.));
#1404 = PCURVE('',#1324,#1405);
#1405 = DEFINITIONAL_REPRESENTATION('',(#1406),#1410);
#1406 = LINE('',#1407,#1408);
#1407 = CARTESIAN_POINT('',(-2.150046552378,-0.289083132551));
#1408 = VECTOR('',#1409,1.);
#1409 = DIRECTION('',(0.,-1.));
#1410 = ( GEOMETRIC_REPRESENTATION_CONTEXT(2) 
PARAMETRIC_REPRESENTATION_CONTEXT() REPRESENTATION_CONTEXT('2D SPACE',''
  ) );
#1411 = PCURVE('',#478,#1412);
#1412 = DEFINITIONAL_REPRESENTATION('',(#1413),#1417);
#1413 = LINE('',#1414,#1415);
#1414 = CARTESIAN_POINT('',(0.289083132551,8.));
#1415 = VECTOR('',#1416,1.);
#1416 = DIRECTION('',(-1.,0.));
#1417 = ( GEOMETRIC_REPRESENTATION_CONTEXT(2) 
PARAMETRIC_REPRESENTATION_CONTEXT() REPRESENTATION_CONTEXT('2D SPACE',''
  ) );
#1418 = ORIENTED_EDGE('',*,*,#1419,.T.);
#1419 = EDGE_CURVE('',#1397,#1420,#1422,.T.);
#1420 = VERTEX_POINT('',#1421);
#1421 = CARTESIAN_POINT('',(67.488436079361,34.821981922197,8.));
#1422 = SURFACE_CURVE('',#1423,(#1427,#1434),.PCURVE_S1.);
#1423 = LINE('',#1424,#1425);
#1424 = CARTESIAN_POINT('',(67.488436079361,38.955722859746,8.));
#1425 = VECTOR('',#1426,1.);
#1426 = DIRECTION('',(0.,1.,-1.110223024625E-16));
#1427 = PCURVE('',#1324,#1428);
#1428 = DEFINITIONAL_REPRESENTATION('',(#1429),#1433);
#1429 = LINE('',#1430,#1431);
#1430 = CARTESIAN_POINT('',(-8.575023276189,4.227902711977));
#1431 = VECTOR('',#1432,1.);
#1432 = DIRECTION('',(-1.,0.));
#1433 = ( GEOMETRIC_REPRESENTATION_CONTEXT(2) 
PARAMETRIC_REPRESENTATION_CONTEXT() REPRESENTATION_CONTEXT('2D SPACE',''
  ) );
#1434 = PCURVE('',#1435,#1440);
#1435 = PLANE('',#1436);
#1436 = AXIS2_PLACEMENT_3D('',#1437,#1438,#1439);
#1437 = CARTESIAN_POINT('',(68.008051321632,47.530746135935,8.9));
#1438 = DIRECTION('',(0.866025403784,-5.551115123126E-17,-0.5));
#1439 = DIRECTION('',(-0.5,-9.614813431918E-17,-0.866025403784));
#1440 = DEFINITIONAL_REPRESENTATION('',(#1441),#1445);
#1441 = LINE('',#1442,#1443);
#1442 = CARTESIAN_POINT('',(1.039230484541,-8.575023276189));
#1443 = VECTOR('',#1444,1.);
#1444 = DIRECTION('',(0.,1.));
#1445 = ( GEOMETRIC_REPRESENTATION_CONTEXT(2) 
PARAMETRIC_REPRESENTATION_CONTEXT() REPRESENTATION_CONTEXT('2D SPACE',''
  ) );
#1446 = ORIENTED_EDGE('',*,*,#1447,.T.);
#1447 = EDGE_CURVE('',#1420,#1448,#1450,.T.);
#1448 = VERTEX_POINT('',#1449);
#1449 = CARTESIAN_POINT('',(51.682367102281,36.530746135935,8.));
#1450 = SURFACE_CURVE('',#1451,(#1455,#1462),.PCURVE_S1.);
#1451 = LINE('',#1452,#1453);
#1452 = CARTESIAN_POINT('',(88.682367102281,32.530746135935,8.));
#1453 = VECTOR('',#1454,1.);
#1454 = DIRECTION('',(-0.994207047566,0.10748184298,-1.193288168056E-17)
  );
#1455 = PCURVE('',#1324,#1456);
#1456 = DEFINITIONAL_REPRESENTATION('',(#1457),#1461);
#1457 = LINE('',#1458,#1459);
#1458 = CARTESIAN_POINT('',(-2.150046552378,25.421833734898));
#1459 = VECTOR('',#1460,1.);
#1460 = DIRECTION('',(-0.10748184298,-0.994207047566));
#1461 = ( GEOMETRIC_REPRESENTATION_CONTEXT(2) 
PARAMETRIC_REPRESENTATION_CONTEXT() REPRESENTATION_CONTEXT('2D SPACE',''
  ) );
#1462 = PCURVE('',#1463,#1468);
#1463 = PLANE('',#1464);
#1464 = AXIS2_PLACEMENT_3D('',#1465,#1466,#1467);
#1465 = CARTESIAN_POINT('',(88.682367102281,32.530746135935,11.));
#1466 = DIRECTION('',(0.10748184298,0.994207047566,-1.103791555452E-16)
  );
#1467 = DIRECTION('',(-0.994207047566,0.10748184298,-1.193288168056E-17)
  );
#1468 = DEFINITIONAL_REPRESENTATION('',(#1469),#1473);
#1469 = LINE('',#1470,#1471);
#1470 = CARTESIAN_POINT('',(3.579864504169E-17,-3.));
#1471 = VECTOR('',#1472,1.);
#1472 = DIRECTION('',(1.,0.));
#1473 = ( GEOMETRIC_REPRESENTATION_CONTEXT(2) 
PARAMETRIC_REPRESENTATION_CONTEXT() REPRESENTATION_CONTEXT('2D SPACE',''
  ) );
#1474 = ORIENTED_EDGE('',*,*,#1475,.T.);
#1475 = EDGE_CURVE('',#1448,#1476,#1478,.T.);
#1476 = VERTEX_POINT('',#1477);
#1477 = CARTESIAN_POINT('',(39.682367102281,33.730746135935,8.));
#1478 = SURFACE_CURVE('',#1479,(#1483,#1490),.PCURVE_S1.);
#1479 = LINE('',#1480,#1481);
#1480 = CARTESIAN_POINT('',(51.682367102281,36.530746135935,8.));
#1481 = VECTOR('',#1482,1.);
#1482 = DIRECTION('',(-0.973841209742,-0.227229615606,2.52275551123E-17)
  );
#1483 = PCURVE('',#1324,#1484);
#1484 = DEFINITIONAL_REPRESENTATION('',(#1485),#1489);
#1485 = LINE('',#1486,#1487);
#1486 = CARTESIAN_POINT('',(-6.150046552378,-11.5781662651));
#1487 = VECTOR('',#1488,1.);
#1488 = DIRECTION('',(0.227229615606,-0.973841209742));
#1489 = ( GEOMETRIC_REPRESENTATION_CONTEXT(2) 
PARAMETRIC_REPRESENTATION_CONTEXT() REPRESENTATION_CONTEXT('2D SPACE',''
  ) );
#1490 = PCURVE('',#1491,#1496);
#1491 = PLANE('',#1492);
#1492 = AXIS2_PLACEMENT_3D('',#1493,#1494,#1495);
#1493 = CARTESIAN_POINT('',(51.682367102281,36.530746135935,11.));
#1494 = DIRECTION('',(-0.227229615606,0.973841209742,-1.081180933384E-16
    ));
#1495 = DIRECTION('',(-0.973841209742,-0.227229615606,2.52275551123E-17)
  );
#1496 = DEFINITIONAL_REPRESENTATION('',(#1497),#1501);
#1497 = LINE('',#1498,#1499);
#1498 = CARTESIAN_POINT('',(-7.568266533689E-17,-3.));
#1499 = VECTOR('',#1500,1.);
#1500 = DIRECTION('',(1.,0.));
#1501 = ( GEOMETRIC_REPRESENTATION_CONTEXT(2) 
PARAMETRIC_REPRESENTATION_CONTEXT() REPRESENTATION_CONTEXT('2D SPACE',''
  ) );
#1502 = ORIENTED_EDGE('',*,*,#1503,.T.);
#1503 = EDGE_CURVE('',#1476,#1504,#1506,.T.);
#1504 = VERTEX_POINT('',#1505);
#1505 = CARTESIAN_POINT('',(40.915355683625,26.949308938544,8.));
#1506 = SURFACE_CURVE('',#1507,(#1511,#1518),.PCURVE_S1.);
#1507 = LINE('',#1508,#1509);
#1508 = CARTESIAN_POINT('',(39.682367102281,33.730746135935,8.));
#1509 = VECTOR('',#1510,1.);
#1510 = DIRECTION('',(0.1788854382,-0.9838699101,1.092315027429E-16));
#1511 = PCURVE('',#1324,#1512);
#1512 = DEFINITIONAL_REPRESENTATION('',(#1513),#1517);
#1513 = LINE('',#1514,#1515);
#1514 = CARTESIAN_POINT('',(-3.350046552378,-23.5781662651));
#1515 = VECTOR('',#1516,1.);
#1516 = DIRECTION('',(0.9838699101,0.1788854382));
#1517 = ( GEOMETRIC_REPRESENTATION_CONTEXT(2) 
PARAMETRIC_REPRESENTATION_CONTEXT() REPRESENTATION_CONTEXT('2D SPACE',''
  ) );
#1518 = PCURVE('',#1519,#1524);
#1519 = PLANE('',#1520);
#1520 = AXIS2_PLACEMENT_3D('',#1521,#1522,#1523);
#1521 = CARTESIAN_POINT('',(39.682367102281,33.730746135935,11.));
#1522 = DIRECTION('',(-0.9838699101,-0.1788854382,1.986027322598E-17));
#1523 = DIRECTION('',(0.1788854382,-0.9838699101,1.092315027429E-16));
#1524 = DEFINITIONAL_REPRESENTATION('',(#1525),#1529);
#1525 = LINE('',#1526,#1527);
#1526 = CARTESIAN_POINT('',(-3.276945082286E-16,-3.));
#1527 = VECTOR('',#1528,1.);
#1528 = DIRECTION('',(1.,0.));
#1529 = ( GEOMETRIC_REPRESENTATION_CONTEXT(2) 
PARAMETRIC_REPRESENTATION_CONTEXT() REPRESENTATION_CONTEXT('2D SPACE',''
  ) );
#1530 = ORIENTED_EDGE('',*,*,#1531,.F.);
#1531 = EDGE_CURVE('',#1342,#1504,#1532,.T.);
#1532 = SURFACE_CURVE('',#1533,(#1537,#1544),.PCURVE_S1.);
#1533 = LINE('',#1534,#1535);
#1534 = CARTESIAN_POINT('',(47.151952526073,28.620400025996,8.));
#1535 = VECTOR('',#1536,1.);
#1536 = DIRECTION('',(-0.965925826289,-0.258819045103,2.873468630843E-17
    ));
#1537 = PCURVE('',#1324,#1538);
#1538 = DEFINITIONAL_REPRESENTATION('',(#1539),#1543);
#1539 = LINE('',#1540,#1541);
#1540 = CARTESIAN_POINT('',(1.760299557561,-16.10858084131));
#1541 = VECTOR('',#1542,1.);
#1542 = DIRECTION('',(0.258819045103,-0.965925826289));
#1543 = ( GEOMETRIC_REPRESENTATION_CONTEXT(2) 
PARAMETRIC_REPRESENTATION_CONTEXT() REPRESENTATION_CONTEXT('2D SPACE',''
  ) );
#1544 = PCURVE('',#45,#1545);
#1545 = DEFINITIONAL_REPRESENTATION('',(#1546),#1550);
#1546 = LINE('',#1547,#1548);
#1547 = CARTESIAN_POINT('',(16.01529331007,-20.));
#1548 = VECTOR('',#1549,1.);
#1549 = DIRECTION('',(-1.,0.));
#1550 = ( GEOMETRIC_REPRESENTATION_CONTEXT(2) 
PARAMETRIC_REPRESENTATION_CONTEXT() REPRESENTATION_CONTEXT('2D SPACE',''
  ) );
#1551 = ADVANCED_FACE('',(#1552),#1383,.T.);
#1552 = FACE_BOUND('',#1553,.T.);
#1553 = EDGE_LOOP('',(#1554,#1581,#1582,#1605,#1633));
#1554 = ORIENTED_EDGE('',*,*,#1555,.F.);
#1555 = EDGE_CURVE('',#1340,#1556,#1558,.T.);
#1556 = VERTEX_POINT('',#1557);
#1557 = CARTESIAN_POINT('',(50.406823542697,24.72490760803,
    9.384411845492));
#1558 = SURFACE_CURVE('',#1559,(#1564,#1571),.PCURVE_S1.);
#1559 = ELLIPSE('',#1560,4.803303179599,4.8);
#1560 = AXIS2_PLACEMENT_3D('',#1561,#1562,#1563);
#1561 = CARTESIAN_POINT('',(48.36709948906,24.258684967199,
    5.063742759908));
#1562 = DIRECTION('',(0.222824801502,-0.974858506572,1.082310359748E-16)
  );
#1563 = DIRECTION('',(-0.974858506572,-0.222824801502,2.473852250852E-17
    ));
#1564 = PCURVE('',#1383,#1565);
#1565 = DEFINITIONAL_REPRESENTATION('',(#1566),#1570);
#1566 = ELLIPSE('',#1567,4.803303179599,4.8);
#1567 = AXIS2_PLACEMENT_2D('',#1568,#1569);
#1568 = CARTESIAN_POINT('',(6.857130898191,-5.936257240092));
#1569 = DIRECTION('',(-1.,0.));
#1570 = ( GEOMETRIC_REPRESENTATION_CONTEXT(2) 
PARAMETRIC_REPRESENTATION_CONTEXT() REPRESENTATION_CONTEXT('2D SPACE',''
  ) );
#1571 = PCURVE('',#1357,#1572);
#1572 = DEFINITIONAL_REPRESENTATION('',(#1573),#1580);
#1573 = B_SPLINE_CURVE_WITH_KNOTS('',5,(#1574,#1575,#1576,#1577,#1578,
    #1579),.UNSPECIFIED.,.F.,.F.,(6,6),(3.649923998501,4.261682063323),
  .PIECEWISE_BEZIER_KNOTS.);
#1574 = CARTESIAN_POINT('',(-6.791516652091,-4.683181535333));
#1575 = CARTESIAN_POINT('',(-6.913868265055,-4.672575195557));
#1576 = CARTESIAN_POINT('',(-7.03621987802,-4.659057685926));
#1577 = CARTESIAN_POINT('',(-7.158571490984,-4.642958448749));
#1578 = CARTESIAN_POINT('',(-7.280923103949,-4.624794682918));
#1579 = CARTESIAN_POINT('',(-7.403274716913,-4.605179341081));
#1580 = ( GEOMETRIC_REPRESENTATION_CONTEXT(2) 
PARAMETRIC_REPRESENTATION_CONTEXT() REPRESENTATION_CONTEXT('2D SPACE',''
  ) );
#1581 = ORIENTED_EDGE('',*,*,#1369,.T.);
#1582 = ORIENTED_EDGE('',*,*,#1583,.T.);
#1583 = EDGE_CURVE('',#1264,#1584,#1586,.T.);
#1584 = VERTEX_POINT('',#1585);
#1585 = CARTESIAN_POINT('',(62.682367102281,27.530746135935,14.));
#1586 = SURFACE_CURVE('',#1587,(#1591,#1598),.PCURVE_S1.);
#1587 = LINE('',#1588,#1589);
#1588 = CARTESIAN_POINT('',(62.682367102281,27.530746135935,8.));
#1589 = VECTOR('',#1590,1.);
#1590 = DIRECTION('',(0.,1.110223024625E-16,1.));
#1591 = PCURVE('',#1383,#1592);
#1592 = DEFINITIONAL_REPRESENTATION('',(#1593),#1597);
#1593 = LINE('',#1594,#1595);
#1594 = CARTESIAN_POINT('',(21.541587685219,-3.));
#1595 = VECTOR('',#1596,1.);
#1596 = DIRECTION('',(0.,1.));
#1597 = ( GEOMETRIC_REPRESENTATION_CONTEXT(2) 
PARAMETRIC_REPRESENTATION_CONTEXT() REPRESENTATION_CONTEXT('2D SPACE',''
  ) );
#1598 = PCURVE('',#642,#1599);
#1599 = DEFINITIONAL_REPRESENTATION('',(#1600),#1604);
#1600 = LINE('',#1601,#1602);
#1601 = CARTESIAN_POINT('',(0.,8.));
#1602 = VECTOR('',#1603,1.);
#1603 = DIRECTION('',(0.,1.));
#1604 = ( GEOMETRIC_REPRESENTATION_CONTEXT(2) 
PARAMETRIC_REPRESENTATION_CONTEXT() REPRESENTATION_CONTEXT('2D SPACE',''
  ) );
#1605 = ORIENTED_EDGE('',*,*,#1606,.F.);
#1606 = EDGE_CURVE('',#1607,#1584,#1609,.T.);
#1607 = VERTEX_POINT('',#1608);
#1608 = CARTESIAN_POINT('',(54.072738664276,25.562831064391,14.));
#1609 = SURFACE_CURVE('',#1610,(#1614,#1621),.PCURVE_S1.);
#1610 = LINE('',#1611,#1612);
#1611 = CARTESIAN_POINT('',(41.682367102281,22.730746135935,14.));
#1612 = VECTOR('',#1613,1.);
#1613 = DIRECTION('',(0.974858506572,0.222824801502,-2.473852250852E-17)
  );
#1614 = PCURVE('',#1383,#1615);
#1615 = DEFINITIONAL_REPRESENTATION('',(#1616),#1620);
#1616 = LINE('',#1617,#1618);
#1617 = CARTESIAN_POINT('',(-7.421556752556E-17,3.));
#1618 = VECTOR('',#1619,1.);
#1619 = DIRECTION('',(1.,0.));
#1620 = ( GEOMETRIC_REPRESENTATION_CONTEXT(2) 
PARAMETRIC_REPRESENTATION_CONTEXT() REPRESENTATION_CONTEXT('2D SPACE',''
  ) );
#1621 = PCURVE('',#1622,#1627);
#1622 = PLANE('',#1623);
#1623 = AXIS2_PLACEMENT_3D('',#1624,#1625,#1626);
#1624 = CARTESIAN_POINT('',(63.260533367383,30.380699583557,14.));
#1625 = DIRECTION('',(0.,1.110223024625E-16,1.));
#1626 = DIRECTION('',(0.,-1.,1.110223024625E-16));
#1627 = DEFINITIONAL_REPRESENTATION('',(#1628),#1632);
#1628 = LINE('',#1629,#1630);
#1629 = CARTESIAN_POINT('',(7.649953447622,-21.5781662651));
#1630 = VECTOR('',#1631,1.);
#1631 = DIRECTION('',(-0.222824801502,0.974858506572));
#1632 = ( GEOMETRIC_REPRESENTATION_CONTEXT(2) 
PARAMETRIC_REPRESENTATION_CONTEXT() REPRESENTATION_CONTEXT('2D SPACE',''
  ) );
#1633 = ORIENTED_EDGE('',*,*,#1634,.F.);
#1634 = EDGE_CURVE('',#1556,#1607,#1635,.T.);
#1635 = SURFACE_CURVE('',#1636,(#1641,#1648),.PCURVE_S1.);
#1636 = ELLIPSE('',#1637,26.01789222283,26.);
#1637 = AXIS2_PLACEMENT_3D('',#1638,#1639,#1640);
#1638 = CARTESIAN_POINT('',(32.699961059476,20.677624754722,28.));
#1639 = DIRECTION('',(0.222824801502,-0.974858506572,1.082310359748E-16)
  );
#1640 = DIRECTION('',(-0.974858506572,-0.222824801502,2.473852250852E-17
    ));
#1641 = PCURVE('',#1383,#1642);
#1642 = DEFINITIONAL_REPRESENTATION('',(#1643),#1647);
#1643 = ELLIPSE('',#1644,26.01789222283,26.);
#1644 = AXIS2_PLACEMENT_2D('',#1645,#1646);
#1645 = CARTESIAN_POINT('',(-9.21406130454,17.));
#1646 = DIRECTION('',(-1.,0.));
#1647 = ( GEOMETRIC_REPRESENTATION_CONTEXT(2) 
PARAMETRIC_REPRESENTATION_CONTEXT() REPRESENTATION_CONTEXT('2D SPACE',''
  ) );
#1648 = PCURVE('',#395,#1649);
#1649 = DEFINITIONAL_REPRESENTATION('',(#1650),#1657);
#1650 = B_SPLINE_CURVE_WITH_KNOTS('',5,(#1651,#1652,#1653,#1654,#1655,
    #1656),.UNSPECIFIED.,.F.,.F.,(6,6),(2.343559828547,2.600136250653),
  .PIECEWISE_BEZIER_KNOTS.);
#1651 = CARTESIAN_POINT('',(-5.485152482137,-4.605179341081));
#1652 = CARTESIAN_POINT('',(-5.536467766558,-4.640624642918));
#1653 = CARTESIAN_POINT('',(-5.587783050979,-4.673853082714));
#1654 = CARTESIAN_POINT('',(-5.6390983354,-4.704670166827));
#1655 = CARTESIAN_POINT('',(-5.690413619822,-4.732905912449));
#1656 = CARTESIAN_POINT('',(-5.741728904243,-4.758420392071));
#1657 = ( GEOMETRIC_REPRESENTATION_CONTEXT(2) 
PARAMETRIC_REPRESENTATION_CONTEXT() REPRESENTATION_CONTEXT('2D SPACE',''
  ) );
#1658 = ADVANCED_FACE('',(#1659),#1622,.T.);
#1659 = FACE_BOUND('',#1660,.T.);
#1660 = EDGE_LOOP('',(#1661,#1684,#1685,#1713,#1736,#1759,#1782,#1810));
#1661 = ORIENTED_EDGE('',*,*,#1662,.F.);
#1662 = EDGE_CURVE('',#1607,#1663,#1665,.T.);
#1663 = VERTEX_POINT('',#1664);
#1664 = CARTESIAN_POINT('',(52.844741659695,30.145778277031,14.));
#1665 = SURFACE_CURVE('',#1666,(#1670,#1677),.PCURVE_S1.);
#1666 = LINE('',#1667,#1668);
#1667 = CARTESIAN_POINT('',(52.844741659695,30.145778277031,14.));
#1668 = VECTOR('',#1669,1.);
#1669 = DIRECTION('',(-0.258819045103,0.965925826289,-1.072393092426E-16
    ));
#1670 = PCURVE('',#1622,#1671);
#1671 = DEFINITIONAL_REPRESENTATION('',(#1672),#1676);
#1672 = LINE('',#1673,#1674);
#1673 = CARTESIAN_POINT('',(0.234921306526,-10.41579170768));
#1674 = VECTOR('',#1675,1.);
#1675 = DIRECTION('',(-0.965925826289,-0.258819045103));
#1676 = ( GEOMETRIC_REPRESENTATION_CONTEXT(2) 
PARAMETRIC_REPRESENTATION_CONTEXT() REPRESENTATION_CONTEXT('2D SPACE',''
  ) );
#1677 = PCURVE('',#395,#1678);
#1678 = DEFINITIONAL_REPRESENTATION('',(#1679),#1683);
#1679 = LINE('',#1680,#1681);
#1680 = CARTESIAN_POINT('',(-5.714575006915,8.881784197001E-16));
#1681 = VECTOR('',#1682,1.);
#1682 = DIRECTION('',(-0.,1.));
#1683 = ( GEOMETRIC_REPRESENTATION_CONTEXT(2) 
PARAMETRIC_REPRESENTATION_CONTEXT() REPRESENTATION_CONTEXT('2D SPACE',''
  ) );
#1684 = ORIENTED_EDGE('',*,*,#1606,.T.);
#1685 = ORIENTED_EDGE('',*,*,#1686,.F.);
#1686 = EDGE_CURVE('',#1687,#1584,#1689,.T.);
#1687 = VERTEX_POINT('',#1688);
#1688 = CARTESIAN_POINT('',(62.682367102281,32.530746135935,14.));
#1689 = SURFACE_CURVE('',#1690,(#1694,#1701),.PCURVE_S1.);
#1690 = LINE('',#1691,#1692);
#1691 = CARTESIAN_POINT('',(62.682367102281,31.455722859746,14.));
#1692 = VECTOR('',#1693,1.);
#1693 = DIRECTION('',(0.,-1.,1.110223024625E-16));
#1694 = PCURVE('',#1622,#1695);
#1695 = DEFINITIONAL_REPRESENTATION('',(#1696),#1700);
#1696 = LINE('',#1697,#1698);
#1697 = CARTESIAN_POINT('',(-1.075023276189,-0.578166265102));
#1698 = VECTOR('',#1699,1.);
#1699 = DIRECTION('',(1.,0.));
#1700 = ( GEOMETRIC_REPRESENTATION_CONTEXT(2) 
PARAMETRIC_REPRESENTATION_CONTEXT() REPRESENTATION_CONTEXT('2D SPACE',''
  ) );
#1701 = PCURVE('',#1702,#1707);
#1702 = PLANE('',#1703);
#1703 = AXIS2_PLACEMENT_3D('',#1704,#1705,#1706);
#1704 = CARTESIAN_POINT('',(62.682367102281,32.530746135935,0.));
#1705 = DIRECTION('',(1.,0.,0.));
#1706 = DIRECTION('',(0.,-1.,1.110223024625E-16));
#1707 = DEFINITIONAL_REPRESENTATION('',(#1708),#1712);
#1708 = LINE('',#1709,#1710);
#1709 = CARTESIAN_POINT('',(1.075023276189,-14.));
#1710 = VECTOR('',#1711,1.);
#1711 = DIRECTION('',(1.,0.));
#1712 = ( GEOMETRIC_REPRESENTATION_CONTEXT(2) 
PARAMETRIC_REPRESENTATION_CONTEXT() REPRESENTATION_CONTEXT('2D SPACE',''
  ) );
#1713 = ORIENTED_EDGE('',*,*,#1714,.F.);
#1714 = EDGE_CURVE('',#1715,#1687,#1717,.T.);
#1715 = VERTEX_POINT('',#1716);
#1716 = CARTESIAN_POINT('',(88.682367102281,32.530746135935,14.));
#1717 = SURFACE_CURVE('',#1718,(#1722,#1729),.PCURVE_S1.);
#1718 = LINE('',#1719,#1720);
#1719 = CARTESIAN_POINT('',(62.971450234832,32.530746135935,14.));
#1720 = VECTOR('',#1721,1.);
#1721 = DIRECTION('',(-1.,0.,0.));
#1722 = PCURVE('',#1622,#1723);
#1723 = DEFINITIONAL_REPRESENTATION('',(#1724),#1728);
#1724 = LINE('',#1725,#1726);
#1725 = CARTESIAN_POINT('',(-2.150046552378,-0.289083132551));
#1726 = VECTOR('',#1727,1.);
#1727 = DIRECTION('',(0.,-1.));
#1728 = ( GEOMETRIC_REPRESENTATION_CONTEXT(2) 
PARAMETRIC_REPRESENTATION_CONTEXT() REPRESENTATION_CONTEXT('2D SPACE',''
  ) );
#1729 = PCURVE('',#478,#1730);
#1730 = DEFINITIONAL_REPRESENTATION('',(#1731),#1735);
#1731 = LINE('',#1732,#1733);
#1732 = CARTESIAN_POINT('',(0.289083132551,14.));
#1733 = VECTOR('',#1734,1.);
#1734 = DIRECTION('',(-1.,0.));
#1735 = ( GEOMETRIC_REPRESENTATION_CONTEXT(2) 
PARAMETRIC_REPRESENTATION_CONTEXT() REPRESENTATION_CONTEXT('2D SPACE',''
  ) );
#1736 = ORIENTED_EDGE('',*,*,#1737,.T.);
#1737 = EDGE_CURVE('',#1715,#1738,#1740,.T.);
#1738 = VERTEX_POINT('',#1739);
#1739 = CARTESIAN_POINT('',(51.682367102281,36.530746135935,14.));
#1740 = SURFACE_CURVE('',#1741,(#1745,#1752),.PCURVE_S1.);
#1741 = LINE('',#1742,#1743);
#1742 = CARTESIAN_POINT('',(88.682367102281,32.530746135935,14.));
#1743 = VECTOR('',#1744,1.);
#1744 = DIRECTION('',(-0.994207047566,0.10748184298,-1.193288168056E-17)
  );
#1745 = PCURVE('',#1622,#1746);
#1746 = DEFINITIONAL_REPRESENTATION('',(#1747),#1751);
#1747 = LINE('',#1748,#1749);
#1748 = CARTESIAN_POINT('',(-2.150046552378,25.421833734898));
#1749 = VECTOR('',#1750,1.);
#1750 = DIRECTION('',(-0.10748184298,-0.994207047566));
#1751 = ( GEOMETRIC_REPRESENTATION_CONTEXT(2) 
PARAMETRIC_REPRESENTATION_CONTEXT() REPRESENTATION_CONTEXT('2D SPACE',''
  ) );
#1752 = PCURVE('',#1463,#1753);
#1753 = DEFINITIONAL_REPRESENTATION('',(#1754),#1758);
#1754 = LINE('',#1755,#1756);
#1755 = CARTESIAN_POINT('',(-3.579864504169E-17,3.));
#1756 = VECTOR('',#1757,1.);
#1757 = DIRECTION('',(1.,0.));
#1758 = ( GEOMETRIC_REPRESENTATION_CONTEXT(2) 
PARAMETRIC_REPRESENTATION_CONTEXT() REPRESENTATION_CONTEXT('2D SPACE',''
  ) );
#1759 = ORIENTED_EDGE('',*,*,#1760,.T.);
#1760 = EDGE_CURVE('',#1738,#1761,#1763,.T.);
#1761 = VERTEX_POINT('',#1762);
#1762 = CARTESIAN_POINT('',(46.465576303952,35.313494949658,14.));
#1763 = SURFACE_CURVE('',#1764,(#1768,#1775),.PCURVE_S1.);
#1764 = LINE('',#1765,#1766);
#1765 = CARTESIAN_POINT('',(51.682367102281,36.530746135935,14.));
#1766 = VECTOR('',#1767,1.);
#1767 = DIRECTION('',(-0.973841209742,-0.227229615606,2.52275551123E-17)
  );
#1768 = PCURVE('',#1622,#1769);
#1769 = DEFINITIONAL_REPRESENTATION('',(#1770),#1774);
#1770 = LINE('',#1771,#1772);
#1771 = CARTESIAN_POINT('',(-6.150046552378,-11.5781662651));
#1772 = VECTOR('',#1773,1.);
#1773 = DIRECTION('',(0.227229615606,-0.973841209742));
#1774 = ( GEOMETRIC_REPRESENTATION_CONTEXT(2) 
PARAMETRIC_REPRESENTATION_CONTEXT() REPRESENTATION_CONTEXT('2D SPACE',''
  ) );
#1775 = PCURVE('',#1491,#1776);
#1776 = DEFINITIONAL_REPRESENTATION('',(#1777),#1781);
#1777 = LINE('',#1778,#1779);
#1778 = CARTESIAN_POINT('',(7.568266533689E-17,3.));
#1779 = VECTOR('',#1780,1.);
#1780 = DIRECTION('',(1.,0.));
#1781 = ( GEOMETRIC_REPRESENTATION_CONTEXT(2) 
PARAMETRIC_REPRESENTATION_CONTEXT() REPRESENTATION_CONTEXT('2D SPACE',''
  ) );
#1782 = ORIENTED_EDGE('',*,*,#1783,.F.);
#1783 = EDGE_CURVE('',#1784,#1761,#1786,.T.);
#1784 = VERTEX_POINT('',#1785);
#1785 = CARTESIAN_POINT('',(48.184828523472,28.897158315381,14.));
#1786 = SURFACE_CURVE('',#1787,(#1791,#1798),.PCURVE_S1.);
#1787 = LINE('',#1788,#1789);
#1788 = CARTESIAN_POINT('',(39.126161944884,62.704562235498,14.));
#1789 = VECTOR('',#1790,1.);
#1790 = DIRECTION('',(-0.258819045103,0.965925826289,-1.072393092426E-16
    ));
#1791 = PCURVE('',#1622,#1792);
#1792 = DEFINITIONAL_REPRESENTATION('',(#1793),#1797);
#1793 = LINE('',#1794,#1795);
#1794 = CARTESIAN_POINT('',(-32.32386265194,-24.13437142249));
#1795 = VECTOR('',#1796,1.);
#1796 = DIRECTION('',(-0.965925826289,-0.258819045103));
#1797 = ( GEOMETRIC_REPRESENTATION_CONTEXT(2) 
PARAMETRIC_REPRESENTATION_CONTEXT() REPRESENTATION_CONTEXT('2D SPACE',''
  ) );
#1798 = PCURVE('',#1799,#1804);
#1799 = CYLINDRICAL_SURFACE('',#1800,2.65);
#1800 = AXIS2_PLACEMENT_3D('',#1801,#1802,#1803);
#1801 = CARTESIAN_POINT('',(37.0159953354,62.139144796592,15.5));
#1802 = DIRECTION('',(-0.258819045103,0.965925826289,-1.072393092426E-16
    ));
#1803 = DIRECTION('',(0.965925826289,0.258819045103,-2.873468630843E-17)
  );
#1804 = DEFINITIONAL_REPRESENTATION('',(#1805),#1809);
#1805 = LINE('',#1806,#1807);
#1806 = CARTESIAN_POINT('',(-5.681493788139,1.7763568394E-15));
#1807 = VECTOR('',#1808,1.);
#1808 = DIRECTION('',(-0.,1.));
#1809 = ( GEOMETRIC_REPRESENTATION_CONTEXT(2) 
PARAMETRIC_REPRESENTATION_CONTEXT() REPRESENTATION_CONTEXT('2D SPACE',''
  ) );
#1810 = ORIENTED_EDGE('',*,*,#1811,.F.);
#1811 = EDGE_CURVE('',#1663,#1784,#1812,.T.);
#1812 = SURFACE_CURVE('',#1813,(#1817,#1824),.PCURVE_S1.);
#1813 = LINE('',#1814,#1815);
#1814 = CARTESIAN_POINT('',(47.151952526073,28.620400025996,14.));
#1815 = VECTOR('',#1816,1.);
#1816 = DIRECTION('',(-0.965925826289,-0.258819045103,2.873468630843E-17
    ));
#1817 = PCURVE('',#1622,#1818);
#1818 = DEFINITIONAL_REPRESENTATION('',(#1819),#1823);
#1819 = LINE('',#1820,#1821);
#1820 = CARTESIAN_POINT('',(1.760299557561,-16.10858084131));
#1821 = VECTOR('',#1822,1.);
#1822 = DIRECTION('',(0.258819045103,-0.965925826289));
#1823 = ( GEOMETRIC_REPRESENTATION_CONTEXT(2) 
PARAMETRIC_REPRESENTATION_CONTEXT() REPRESENTATION_CONTEXT('2D SPACE',''
  ) );
#1824 = PCURVE('',#1825,#1830);
#1825 = PLANE('',#1826);
#1826 = AXIS2_PLACEMENT_3D('',#1827,#1828,#1829);
#1827 = CARTESIAN_POINT('',(31.682367102281,24.475337104447,28.));
#1828 = DIRECTION('',(0.258819045103,-0.965925826289,1.072393092426E-16)
  );
#1829 = DIRECTION('',(0.965925826289,0.258819045103,-2.873468630843E-17)
  );
#1830 = DEFINITIONAL_REPRESENTATION('',(#1831),#1835);
#1831 = LINE('',#1832,#1833);
#1832 = CARTESIAN_POINT('',(16.01529331007,-14.));
#1833 = VECTOR('',#1834,1.);
#1834 = DIRECTION('',(-1.,0.));
#1835 = ( GEOMETRIC_REPRESENTATION_CONTEXT(2) 
PARAMETRIC_REPRESENTATION_CONTEXT() REPRESENTATION_CONTEXT('2D SPACE',''
  ) );
#1836 = ADVANCED_FACE('',(#1837),#1702,.F.);
#1837 = FACE_BOUND('',#1838,.F.);
#1838 = EDGE_LOOP('',(#1839,#1862,#1863,#1886));
#1839 = ORIENTED_EDGE('',*,*,#1840,.F.);
#1840 = EDGE_CURVE('',#1584,#1841,#1843,.T.);
#1841 = VERTEX_POINT('',#1842);
#1842 = CARTESIAN_POINT('',(62.682367102281,27.530746135935,42.));
#1843 = SURFACE_CURVE('',#1844,(#1848,#1855),.PCURVE_S1.);
#1844 = LINE('',#1845,#1846);
#1845 = CARTESIAN_POINT('',(62.682367102281,27.530746135935,0.));
#1846 = VECTOR('',#1847,1.);
#1847 = DIRECTION('',(0.,1.110223024625E-16,1.));
#1848 = PCURVE('',#1702,#1849);
#1849 = DEFINITIONAL_REPRESENTATION('',(#1850),#1854);
#1850 = LINE('',#1851,#1852);
#1851 = CARTESIAN_POINT('',(5.,5.551115123126E-16));
#1852 = VECTOR('',#1853,1.);
#1853 = DIRECTION('',(0.,-1.));
#1854 = ( GEOMETRIC_REPRESENTATION_CONTEXT(2) 
PARAMETRIC_REPRESENTATION_CONTEXT() REPRESENTATION_CONTEXT('2D SPACE',''
  ) );
#1855 = PCURVE('',#642,#1856);
#1856 = DEFINITIONAL_REPRESENTATION('',(#1857),#1861);
#1857 = LINE('',#1858,#1859);
#1858 = CARTESIAN_POINT('',(0.,0.));
#1859 = VECTOR('',#1860,1.);
#1860 = DIRECTION('',(0.,1.));
#1861 = ( GEOMETRIC_REPRESENTATION_CONTEXT(2) 
PARAMETRIC_REPRESENTATION_CONTEXT() REPRESENTATION_CONTEXT('2D SPACE',''
  ) );
#1862 = ORIENTED_EDGE('',*,*,#1686,.F.);
#1863 = ORIENTED_EDGE('',*,*,#1864,.T.);
#1864 = EDGE_CURVE('',#1687,#1865,#1867,.T.);
#1865 = VERTEX_POINT('',#1866);
#1866 = CARTESIAN_POINT('',(62.682367102281,32.530746135935,42.));
#1867 = SURFACE_CURVE('',#1868,(#1872,#1879),.PCURVE_S1.);
#1868 = LINE('',#1869,#1870);
#1869 = CARTESIAN_POINT('',(62.682367102281,32.530746135935,0.));
#1870 = VECTOR('',#1871,1.);
#1871 = DIRECTION('',(0.,1.110223024625E-16,1.));
#1872 = PCURVE('',#1702,#1873);
#1873 = DEFINITIONAL_REPRESENTATION('',(#1874),#1878);
#1874 = LINE('',#1875,#1876);
#1875 = CARTESIAN_POINT('',(0.,0.));
#1876 = VECTOR('',#1877,1.);
#1877 = DIRECTION('',(0.,-1.));
#1878 = ( GEOMETRIC_REPRESENTATION_CONTEXT(2) 
PARAMETRIC_REPRESENTATION_CONTEXT() REPRESENTATION_CONTEXT('2D SPACE',''
  ) );
#1879 = PCURVE('',#478,#1880);
#1880 = DEFINITIONAL_REPRESENTATION('',(#1881),#1885);
#1881 = LINE('',#1882,#1883);
#1882 = CARTESIAN_POINT('',(0.,0.));
#1883 = VECTOR('',#1884,1.);
#1884 = DIRECTION('',(0.,1.));
#1885 = ( GEOMETRIC_REPRESENTATION_CONTEXT(2) 
PARAMETRIC_REPRESENTATION_CONTEXT() REPRESENTATION_CONTEXT('2D SPACE',''
  ) );
#1886 = ORIENTED_EDGE('',*,*,#1887,.T.);
#1887 = EDGE_CURVE('',#1865,#1841,#1888,.T.);
#1888 = SURFACE_CURVE('',#1889,(#1893,#1900),.PCURVE_S1.);
#1889 = LINE('',#1890,#1891);
#1890 = CARTESIAN_POINT('',(62.682367102281,31.455722859746,42.));
#1891 = VECTOR('',#1892,1.);
#1892 = DIRECTION('',(0.,-1.,1.110223024625E-16));
#1893 = PCURVE('',#1702,#1894);
#1894 = DEFINITIONAL_REPRESENTATION('',(#1895),#1899);
#1895 = LINE('',#1896,#1897);
#1896 = CARTESIAN_POINT('',(1.075023276189,-42.));
#1897 = VECTOR('',#1898,1.);
#1898 = DIRECTION('',(1.,0.));
#1899 = ( GEOMETRIC_REPRESENTATION_CONTEXT(2) 
PARAMETRIC_REPRESENTATION_CONTEXT() REPRESENTATION_CONTEXT('2D SPACE',''
  ) );
#1900 = PCURVE('',#1901,#1906);
#1901 = PLANE('',#1902);
#1902 = AXIS2_PLACEMENT_3D('',#1903,#1904,#1905);
#1903 = CARTESIAN_POINT('',(63.260533367383,30.380699583557,42.));
#1904 = DIRECTION('',(0.,1.110223024625E-16,1.));
#1905 = DIRECTION('',(0.,-1.,1.110223024625E-16));
#1906 = DEFINITIONAL_REPRESENTATION('',(#1907),#1911);
#1907 = LINE('',#1908,#1909);
#1908 = CARTESIAN_POINT('',(-1.075023276189,-0.578166265102));
#1909 = VECTOR('',#1910,1.);
#1910 = DIRECTION('',(1.,0.));
#1911 = ( GEOMETRIC_REPRESENTATION_CONTEXT(2) 
PARAMETRIC_REPRESENTATION_CONTEXT() REPRESENTATION_CONTEXT('2D SPACE',''
  ) );
#1912 = ADVANCED_FACE('',(#1913),#1901,.F.);
#1913 = FACE_BOUND('',#1914,.F.);
#1914 = EDGE_LOOP('',(#1915,#1940,#1961,#1962,#1985,#2008,#2031,#2059));
#1915 = ORIENTED_EDGE('',*,*,#1916,.F.);
#1916 = EDGE_CURVE('',#1917,#1919,#1921,.T.);
#1917 = VERTEX_POINT('',#1918);
#1918 = CARTESIAN_POINT('',(54.072738664276,25.562831064391,42.));
#1919 = VERTEX_POINT('',#1920);
#1920 = CARTESIAN_POINT('',(52.844741659695,30.145778277031,42.));
#1921 = SURFACE_CURVE('',#1922,(#1926,#1933),.PCURVE_S1.);
#1922 = LINE('',#1923,#1924);
#1923 = CARTESIAN_POINT('',(52.844741659695,30.145778277031,42.));
#1924 = VECTOR('',#1925,1.);
#1925 = DIRECTION('',(-0.258819045103,0.965925826289,-1.072393092426E-16
    ));
#1926 = PCURVE('',#1901,#1927);
#1927 = DEFINITIONAL_REPRESENTATION('',(#1928),#1932);
#1928 = LINE('',#1929,#1930);
#1929 = CARTESIAN_POINT('',(0.234921306526,-10.41579170768));
#1930 = VECTOR('',#1931,1.);
#1931 = DIRECTION('',(-0.965925826289,-0.258819045103));
#1932 = ( GEOMETRIC_REPRESENTATION_CONTEXT(2) 
PARAMETRIC_REPRESENTATION_CONTEXT() REPRESENTATION_CONTEXT('2D SPACE',''
  ) );
#1933 = PCURVE('',#395,#1934);
#1934 = DEFINITIONAL_REPRESENTATION('',(#1935),#1939);
#1935 = LINE('',#1936,#1937);
#1936 = CARTESIAN_POINT('',(-6.851795607444,8.881784197001E-16));
#1937 = VECTOR('',#1938,1.);
#1938 = DIRECTION('',(-0.,1.));
#1939 = ( GEOMETRIC_REPRESENTATION_CONTEXT(2) 
PARAMETRIC_REPRESENTATION_CONTEXT() REPRESENTATION_CONTEXT('2D SPACE',''
  ) );
#1940 = ORIENTED_EDGE('',*,*,#1941,.T.);
#1941 = EDGE_CURVE('',#1917,#1841,#1942,.T.);
#1942 = SURFACE_CURVE('',#1943,(#1947,#1954),.PCURVE_S1.);
#1943 = LINE('',#1944,#1945);
#1944 = CARTESIAN_POINT('',(41.682367102281,22.730746135935,42.));
#1945 = VECTOR('',#1946,1.);
#1946 = DIRECTION('',(0.974858506572,0.222824801502,-2.473852250852E-17)
  );
#1947 = PCURVE('',#1901,#1948);
#1948 = DEFINITIONAL_REPRESENTATION('',(#1949),#1953);
#1949 = LINE('',#1950,#1951);
#1950 = CARTESIAN_POINT('',(7.649953447622,-21.5781662651));
#1951 = VECTOR('',#1952,1.);
#1952 = DIRECTION('',(-0.222824801502,0.974858506572));
#1953 = ( GEOMETRIC_REPRESENTATION_CONTEXT(2) 
PARAMETRIC_REPRESENTATION_CONTEXT() REPRESENTATION_CONTEXT('2D SPACE',''
  ) );
#1954 = PCURVE('',#369,#1955);
#1955 = DEFINITIONAL_REPRESENTATION('',(#1956),#1960);
#1956 = LINE('',#1957,#1958);
#1957 = CARTESIAN_POINT('',(7.421556752556E-17,-3.));
#1958 = VECTOR('',#1959,1.);
#1959 = DIRECTION('',(1.,0.));
#1960 = ( GEOMETRIC_REPRESENTATION_CONTEXT(2) 
PARAMETRIC_REPRESENTATION_CONTEXT() REPRESENTATION_CONTEXT('2D SPACE',''
  ) );
#1961 = ORIENTED_EDGE('',*,*,#1887,.F.);
#1962 = ORIENTED_EDGE('',*,*,#1963,.F.);
#1963 = EDGE_CURVE('',#1964,#1865,#1966,.T.);
#1964 = VERTEX_POINT('',#1965);
#1965 = CARTESIAN_POINT('',(88.682367102281,32.530746135935,42.));
#1966 = SURFACE_CURVE('',#1967,(#1971,#1978),.PCURVE_S1.);
#1967 = LINE('',#1968,#1969);
#1968 = CARTESIAN_POINT('',(62.971450234832,32.530746135935,42.));
#1969 = VECTOR('',#1970,1.);
#1970 = DIRECTION('',(-1.,0.,0.));
#1971 = PCURVE('',#1901,#1972);
#1972 = DEFINITIONAL_REPRESENTATION('',(#1973),#1977);
#1973 = LINE('',#1974,#1975);
#1974 = CARTESIAN_POINT('',(-2.150046552378,-0.289083132551));
#1975 = VECTOR('',#1976,1.);
#1976 = DIRECTION('',(0.,-1.));
#1977 = ( GEOMETRIC_REPRESENTATION_CONTEXT(2) 
PARAMETRIC_REPRESENTATION_CONTEXT() REPRESENTATION_CONTEXT('2D SPACE',''
  ) );
#1978 = PCURVE('',#478,#1979);
#1979 = DEFINITIONAL_REPRESENTATION('',(#1980),#1984);
#1980 = LINE('',#1981,#1982);
#1981 = CARTESIAN_POINT('',(0.289083132551,42.));
#1982 = VECTOR('',#1983,1.);
#1983 = DIRECTION('',(-1.,0.));
#1984 = ( GEOMETRIC_REPRESENTATION_CONTEXT(2) 
PARAMETRIC_REPRESENTATION_CONTEXT() REPRESENTATION_CONTEXT('2D SPACE',''
  ) );
#1985 = ORIENTED_EDGE('',*,*,#1986,.T.);
#1986 = EDGE_CURVE('',#1964,#1987,#1989,.T.);
#1987 = VERTEX_POINT('',#1988);
#1988 = CARTESIAN_POINT('',(51.682367102281,36.530746135935,42.));
#1989 = SURFACE_CURVE('',#1990,(#1994,#2001),.PCURVE_S1.);
#1990 = LINE('',#1991,#1992);
#1991 = CARTESIAN_POINT('',(88.682367102281,32.530746135935,42.));
#1992 = VECTOR('',#1993,1.);
#1993 = DIRECTION('',(-0.994207047566,0.10748184298,-1.193288168056E-17)
  );
#1994 = PCURVE('',#1901,#1995);
#1995 = DEFINITIONAL_REPRESENTATION('',(#1996),#2000);
#1996 = LINE('',#1997,#1998);
#1997 = CARTESIAN_POINT('',(-2.150046552378,25.421833734898));
#1998 = VECTOR('',#1999,1.);
#1999 = DIRECTION('',(-0.10748184298,-0.994207047566));
#2000 = ( GEOMETRIC_REPRESENTATION_CONTEXT(2) 
PARAMETRIC_REPRESENTATION_CONTEXT() REPRESENTATION_CONTEXT('2D SPACE',''
  ) );
#2001 = PCURVE('',#534,#2002);
#2002 = DEFINITIONAL_REPRESENTATION('',(#2003),#2007);
#2003 = LINE('',#2004,#2005);
#2004 = CARTESIAN_POINT('',(3.579864504169E-17,-3.));
#2005 = VECTOR('',#2006,1.);
#2006 = DIRECTION('',(1.,0.));
#2007 = ( GEOMETRIC_REPRESENTATION_CONTEXT(2) 
PARAMETRIC_REPRESENTATION_CONTEXT() REPRESENTATION_CONTEXT('2D SPACE',''
  ) );
#2008 = ORIENTED_EDGE('',*,*,#2009,.T.);
#2009 = EDGE_CURVE('',#1987,#2010,#2012,.T.);
#2010 = VERTEX_POINT('',#2011);
#2011 = CARTESIAN_POINT('',(46.465576303952,35.313494949658,42.));
#2012 = SURFACE_CURVE('',#2013,(#2017,#2024),.PCURVE_S1.);
#2013 = LINE('',#2014,#2015);
#2014 = CARTESIAN_POINT('',(51.682367102281,36.530746135935,42.));
#2015 = VECTOR('',#2016,1.);
#2016 = DIRECTION('',(-0.973841209742,-0.227229615606,2.52275551123E-17)
  );
#2017 = PCURVE('',#1901,#2018);
#2018 = DEFINITIONAL_REPRESENTATION('',(#2019),#2023);
#2019 = LINE('',#2020,#2021);
#2020 = CARTESIAN_POINT('',(-6.150046552378,-11.5781662651));
#2021 = VECTOR('',#2022,1.);
#2022 = DIRECTION('',(0.227229615606,-0.973841209742));
#2023 = ( GEOMETRIC_REPRESENTATION_CONTEXT(2) 
PARAMETRIC_REPRESENTATION_CONTEXT() REPRESENTATION_CONTEXT('2D SPACE',''
  ) );
#2024 = PCURVE('',#562,#2025);
#2025 = DEFINITIONAL_REPRESENTATION('',(#2026),#2030);
#2026 = LINE('',#2027,#2028);
#2027 = CARTESIAN_POINT('',(-7.568266533689E-17,-3.));
#2028 = VECTOR('',#2029,1.);
#2029 = DIRECTION('',(1.,0.));
#2030 = ( GEOMETRIC_REPRESENTATION_CONTEXT(2) 
PARAMETRIC_REPRESENTATION_CONTEXT() REPRESENTATION_CONTEXT('2D SPACE',''
  ) );
#2031 = ORIENTED_EDGE('',*,*,#2032,.F.);
#2032 = EDGE_CURVE('',#2033,#2010,#2035,.T.);
#2033 = VERTEX_POINT('',#2034);
#2034 = CARTESIAN_POINT('',(48.184828523472,28.897158315381,42.));
#2035 = SURFACE_CURVE('',#2036,(#2040,#2047),.PCURVE_S1.);
#2036 = LINE('',#2037,#2038);
#2037 = CARTESIAN_POINT('',(39.126161944884,62.704562235498,42.));
#2038 = VECTOR('',#2039,1.);
#2039 = DIRECTION('',(-0.258819045103,0.965925826289,-1.072393092426E-16
    ));
#2040 = PCURVE('',#1901,#2041);
#2041 = DEFINITIONAL_REPRESENTATION('',(#2042),#2046);
#2042 = LINE('',#2043,#2044);
#2043 = CARTESIAN_POINT('',(-32.32386265194,-24.13437142249));
#2044 = VECTOR('',#2045,1.);
#2045 = DIRECTION('',(-0.965925826289,-0.258819045103));
#2046 = ( GEOMETRIC_REPRESENTATION_CONTEXT(2) 
PARAMETRIC_REPRESENTATION_CONTEXT() REPRESENTATION_CONTEXT('2D SPACE',''
  ) );
#2047 = PCURVE('',#2048,#2053);
#2048 = CYLINDRICAL_SURFACE('',#2049,2.65);
#2049 = AXIS2_PLACEMENT_3D('',#2050,#2051,#2052);
#2050 = CARTESIAN_POINT('',(37.0159953354,62.139144796592,40.5));
#2051 = DIRECTION('',(-0.258819045103,0.965925826289,-1.072393092426E-16
    ));
#2052 = DIRECTION('',(0.965925826289,0.258819045103,-2.873468630843E-17)
  );
#2053 = DEFINITIONAL_REPRESENTATION('',(#2054),#2058);
#2054 = LINE('',#2055,#2056);
#2055 = CARTESIAN_POINT('',(-6.88487682622,1.7763568394E-15));
#2056 = VECTOR('',#2057,1.);
#2057 = DIRECTION('',(-0.,1.));
#2058 = ( GEOMETRIC_REPRESENTATION_CONTEXT(2) 
PARAMETRIC_REPRESENTATION_CONTEXT() REPRESENTATION_CONTEXT('2D SPACE',''
  ) );
#2059 = ORIENTED_EDGE('',*,*,#2060,.F.);
#2060 = EDGE_CURVE('',#1919,#2033,#2061,.T.);
#2061 = SURFACE_CURVE('',#2062,(#2066,#2073),.PCURVE_S1.);
#2062 = LINE('',#2063,#2064);
#2063 = CARTESIAN_POINT('',(47.151952526073,28.620400025996,42.));
#2064 = VECTOR('',#2065,1.);
#2065 = DIRECTION('',(-0.965925826289,-0.258819045103,2.873468630843E-17
    ));
#2066 = PCURVE('',#1901,#2067);
#2067 = DEFINITIONAL_REPRESENTATION('',(#2068),#2072);
#2068 = LINE('',#2069,#2070);
#2069 = CARTESIAN_POINT('',(1.760299557561,-16.10858084131));
#2070 = VECTOR('',#2071,1.);
#2071 = DIRECTION('',(0.258819045103,-0.965925826289));
#2072 = ( GEOMETRIC_REPRESENTATION_CONTEXT(2) 
PARAMETRIC_REPRESENTATION_CONTEXT() REPRESENTATION_CONTEXT('2D SPACE',''
  ) );
#2073 = PCURVE('',#1825,#2074);
#2074 = DEFINITIONAL_REPRESENTATION('',(#2075),#2079);
#2075 = LINE('',#2076,#2077);
#2076 = CARTESIAN_POINT('',(16.01529331007,14.));
#2077 = VECTOR('',#2078,1.);
#2078 = DIRECTION('',(-1.,0.));
#2079 = ( GEOMETRIC_REPRESENTATION_CONTEXT(2) 
PARAMETRIC_REPRESENTATION_CONTEXT() REPRESENTATION_CONTEXT('2D SPACE',''
  ) );
#2080 = ADVANCED_FACE('',(#2081),#2048,.F.);
#2081 = FACE_BOUND('',#2082,.T.);
#2082 = EDGE_LOOP('',(#2083,#2111,#2139,#2172,#2200,#2233,#2261,#2288));
#2083 = ORIENTED_EDGE('',*,*,#2084,.T.);
#2084 = EDGE_CURVE('',#2033,#2085,#2087,.T.);
#2085 = VERTEX_POINT('',#2086);
#2086 = CARTESIAN_POINT('',(46.231634875895,28.373801654851,
    37.854987640832));
#2087 = SURFACE_CURVE('',#2088,(#2093,#2100),.PCURVE_S1.);
#2088 = CIRCLE('',#2089,2.65);
#2089 = AXIS2_PLACEMENT_3D('',#2090,#2091,#2092);
#2090 = CARTESIAN_POINT('',(46.074661913989,28.331740876474,40.5));
#2091 = DIRECTION('',(-0.258819045103,0.965925826289,2.553512956638E-15)
  );
#2092 = DIRECTION('',(0.796289286598,0.213365071285,0.566037735849));
#2093 = PCURVE('',#2048,#2094);
#2094 = DEFINITIONAL_REPRESENTATION('',(#2095),#2099);
#2095 = LINE('',#2096,#2097);
#2096 = CARTESIAN_POINT('',(-6.88487682622,-35.));
#2097 = VECTOR('',#2098,1.);
#2098 = DIRECTION('',(1.,-0.));
#2099 = ( GEOMETRIC_REPRESENTATION_CONTEXT(2) 
PARAMETRIC_REPRESENTATION_CONTEXT() REPRESENTATION_CONTEXT('2D SPACE',''
  ) );
#2100 = PCURVE('',#1825,#2101);
#2101 = DEFINITIONAL_REPRESENTATION('',(#2102),#2110);
#2102 = ( BOUNDED_CURVE() B_SPLINE_CURVE(2,(#2103,#2104,#2105,#2106,
#2107,#2108,#2109),.UNSPECIFIED.,.T.,.F.) B_SPLINE_CURVE_WITH_KNOTS((1,2
    ,2,2,2,1),(-2.094395102393,0.,2.094395102393,4.188790204786,
6.28318530718,8.377580409573),.UNSPECIFIED.) CURVE() 
GEOMETRIC_REPRESENTATION_ITEM() RATIONAL_B_SPLINE_CURVE((1.,0.5,1.,0.5,
1.,0.5,1.)) REPRESENTATION_ITEM('') );
#2103 = CARTESIAN_POINT('',(17.084605227495,14.));
#2104 = CARTESIAN_POINT('',(19.682681438849,10.216152751497));
#2105 = CARTESIAN_POINT('',(15.106735491929,9.858076375749));
#2106 = CARTESIAN_POINT('',(10.530789545009,9.5));
#2107 = CARTESIAN_POINT('',(12.508659280576,13.641923624251));
#2108 = CARTESIAN_POINT('',(14.486529016142,17.783847248503));
#2109 = CARTESIAN_POINT('',(17.084605227495,14.));
#2110 = ( GEOMETRIC_REPRESENTATION_CONTEXT(2) 
PARAMETRIC_REPRESENTATION_CONTEXT() REPRESENTATION_CONTEXT('2D SPACE',''
  ) );
#2111 = ORIENTED_EDGE('',*,*,#2112,.F.);
#2112 = EDGE_CURVE('',#2113,#2085,#2115,.T.);
#2113 = VERTEX_POINT('',#2114);
#2114 = CARTESIAN_POINT('',(46.956328202182,25.669209341241,
    37.854987640832));
#2115 = SURFACE_CURVE('',#2116,(#2120,#2127),.PCURVE_S1.);
#2116 = LINE('',#2117,#2118);
#2117 = CARTESIAN_POINT('',(37.172968297306,62.181205574968,
    37.854987640832));
#2118 = VECTOR('',#2119,1.);
#2119 = DIRECTION('',(-0.258819045103,0.965925826289,-1.072393092426E-16
    ));
#2120 = PCURVE('',#2048,#2121);
#2121 = DEFINITIONAL_REPRESENTATION('',(#2122),#2126);
#2122 = LINE('',#2123,#2124);
#2123 = CARTESIAN_POINT('',(-4.773752150342,-9.992007221626E-16));
#2124 = VECTOR('',#2125,1.);
#2125 = DIRECTION('',(-0.,1.));
#2126 = ( GEOMETRIC_REPRESENTATION_CONTEXT(2) 
PARAMETRIC_REPRESENTATION_CONTEXT() REPRESENTATION_CONTEXT('2D SPACE',''
  ) );
#2127 = PCURVE('',#2128,#2133);
#2128 = CYLINDRICAL_SURFACE('',#2129,18.);
#2129 = AXIS2_PLACEMENT_3D('',#2130,#2131,#2132);
#2130 = CARTESIAN_POINT('',(22.623700523693,58.282741024564,28.));
#2131 = DIRECTION('',(-0.258819045103,0.965925826289,-1.072393092426E-16
    ));
#2132 = DIRECTION('',(0.965925826289,0.258819045103,-2.873468630843E-17)
  );
#2133 = DEFINITIONAL_REPRESENTATION('',(#2134),#2138);
#2134 = LINE('',#2135,#2136);
#2135 = CARTESIAN_POINT('',(-6.862558243075,4.440892098501E-16));
#2136 = VECTOR('',#2137,1.);
#2137 = DIRECTION('',(-0.,1.));
#2138 = ( GEOMETRIC_REPRESENTATION_CONTEXT(2) 
PARAMETRIC_REPRESENTATION_CONTEXT() REPRESENTATION_CONTEXT('2D SPACE',''
  ) );
#2139 = ORIENTED_EDGE('',*,*,#2140,.F.);
#2140 = EDGE_CURVE('',#2141,#2113,#2143,.T.);
#2141 = VERTEX_POINT('',#2142);
#2142 = CARTESIAN_POINT('',(44.310663865642,24.960305718821,
    41.119867617456));
#2143 = SURFACE_CURVE('',#2144,(#2149,#2156),.PCURVE_S1.);
#2144 = CIRCLE('',#2145,2.65);
#2145 = AXIS2_PLACEMENT_3D('',#2146,#2147,#2148);
#2146 = CARTESIAN_POINT('',(46.799355240276,25.627148562865,40.5));
#2147 = DIRECTION('',(-0.258819045103,0.965925826289,6.938893903907E-18)
  );
#2148 = DIRECTION('',(-0.939128820617,-0.251638809073,0.233912308474));
#2149 = PCURVE('',#2048,#2150);
#2150 = DEFINITIONAL_REPRESENTATION('',(#2151),#2155);
#2151 = LINE('',#2152,#2153);
#2152 = CARTESIAN_POINT('',(-9.188678271107,-37.8));
#2153 = VECTOR('',#2154,1.);
#2154 = DIRECTION('',(1.,-0.));
#2155 = ( GEOMETRIC_REPRESENTATION_CONTEXT(2) 
PARAMETRIC_REPRESENTATION_CONTEXT() REPRESENTATION_CONTEXT('2D SPACE',''
  ) );
#2156 = PCURVE('',#2157,#2162);
#2157 = PLANE('',#2158);
#2158 = AXIS2_PLACEMENT_3D('',#2159,#2160,#2161);
#2159 = CARTESIAN_POINT('',(32.407060428568,21.770744790837,28.));
#2160 = DIRECTION('',(0.258819045103,-0.965925826289,1.072393092426E-16)
  );
#2161 = DIRECTION('',(0.965925826289,0.258819045103,-2.873468630843E-17)
  );
#2162 = DEFINITIONAL_REPRESENTATION('',(#2163),#2171);
#2163 = ( BOUNDED_CURVE() B_SPLINE_CURVE(2,(#2164,#2165,#2166,#2167,
#2168,#2169,#2170),.UNSPECIFIED.,.T.,.F.) B_SPLINE_CURVE_WITH_KNOTS((1,2
    ,2,2,2,1),(-2.094395102393,0.,2.094395102393,4.188790204786,
6.28318530718,8.377580409573),.UNSPECIFIED.) CURVE() 
GEOMETRIC_REPRESENTATION_ITEM() RATIONAL_B_SPLINE_CURVE((1.,0.5,1.,0.5,
1.,0.5,1.)) REPRESENTATION_ITEM('') );
#2164 = CARTESIAN_POINT('',(12.32351709945,13.119867617456));
#2165 = CARTESIAN_POINT('',(13.39715930685,17.582466906042));
#2166 = CARTESIAN_POINT('',(16.725062553976,14.421365835565));
#2167 = CARTESIAN_POINT('',(20.052965801101,11.260264765087));
#2168 = CARTESIAN_POINT('',(15.651420346575,9.958766546979));
#2169 = CARTESIAN_POINT('',(11.249874892049,8.65726832887));
#2170 = CARTESIAN_POINT('',(12.32351709945,13.119867617456));
#2171 = ( GEOMETRIC_REPRESENTATION_CONTEXT(2) 
PARAMETRIC_REPRESENTATION_CONTEXT() REPRESENTATION_CONTEXT('2D SPACE',''
  ) );
#2172 = ORIENTED_EDGE('',*,*,#2173,.T.);
#2173 = EDGE_CURVE('',#2141,#2174,#2176,.T.);
#2174 = VERTEX_POINT('',#2175);
#2175 = CARTESIAN_POINT('',(43.585970539355,27.664898032431,
    41.119867617456));
#2176 = SURFACE_CURVE('',#2177,(#2181,#2188),.PCURVE_S1.);
#2177 = LINE('',#2178,#2179);
#2178 = CARTESIAN_POINT('',(34.527303960766,61.472301952548,
    41.119867617456));
#2179 = VECTOR('',#2180,1.);
#2180 = DIRECTION('',(-0.258819045103,0.965925826289,-1.072393092426E-16
    ));
#2181 = PCURVE('',#2048,#2182);
#2182 = DEFINITIONAL_REPRESENTATION('',(#2183),#2187);
#2183 = LINE('',#2184,#2185);
#2184 = CARTESIAN_POINT('',(-9.188678271107,2.22044604925E-16));
#2185 = VECTOR('',#2186,1.);
#2186 = DIRECTION('',(-0.,1.));
#2187 = ( GEOMETRIC_REPRESENTATION_CONTEXT(2) 
PARAMETRIC_REPRESENTATION_CONTEXT() REPRESENTATION_CONTEXT('2D SPACE',''
  ) );
#2188 = PCURVE('',#2189,#2194);
#2189 = CYLINDRICAL_SURFACE('',#2190,18.);
#2190 = AXIS2_PLACEMENT_3D('',#2191,#2192,#2193);
#2191 = CARTESIAN_POINT('',(22.623700523693,58.282741024564,28.));
#2192 = DIRECTION('',(-0.258819045103,0.965925826289,-1.072393092426E-16
    ));
#2193 = DIRECTION('',(0.965925826289,0.258819045103,-2.873468630843E-17)
  );
#2194 = DEFINITIONAL_REPRESENTATION('',(#2195),#2199);
#2195 = LINE('',#2196,#2197);
#2196 = CARTESIAN_POINT('',(-7.099872178374,1.7763568394E-15));
#2197 = VECTOR('',#2198,1.);
#2198 = DIRECTION('',(-0.,1.));
#2199 = ( GEOMETRIC_REPRESENTATION_CONTEXT(2) 
PARAMETRIC_REPRESENTATION_CONTEXT() REPRESENTATION_CONTEXT('2D SPACE',''
  ) );
#2200 = ORIENTED_EDGE('',*,*,#2201,.T.);
#2201 = EDGE_CURVE('',#2174,#2202,#2204,.T.);
#2202 = VERTEX_POINT('',#2203);
#2203 = CARTESIAN_POINT('',(43.964495304505,27.766323437568,42.));
#2204 = SURFACE_CURVE('',#2205,(#2210,#2217),.PCURVE_S1.);
#2205 = CIRCLE('',#2206,2.65);
#2206 = AXIS2_PLACEMENT_3D('',#2207,#2208,#2209);
#2207 = CARTESIAN_POINT('',(46.074661913989,28.331740876474,40.5));
#2208 = DIRECTION('',(-0.258819045103,0.965925826289,-1.072393092426E-16
    ));
#2209 = DIRECTION('',(0.965925826289,0.258819045103,-2.873468630843E-17)
  );
#2210 = PCURVE('',#2048,#2211);
#2211 = DEFINITIONAL_REPRESENTATION('',(#2212),#2216);
#2212 = LINE('',#2213,#2214);
#2213 = CARTESIAN_POINT('',(-12.56637061435,-35.));
#2214 = VECTOR('',#2215,1.);
#2215 = DIRECTION('',(1.,-0.));
#2216 = ( GEOMETRIC_REPRESENTATION_CONTEXT(2) 
PARAMETRIC_REPRESENTATION_CONTEXT() REPRESENTATION_CONTEXT('2D SPACE',''
  ) );
#2217 = PCURVE('',#2218,#2223);
#2218 = PLANE('',#2219);
#2219 = AXIS2_PLACEMENT_3D('',#2220,#2221,#2222);
#2220 = CARTESIAN_POINT('',(31.682367102281,24.475337104447,28.));
#2221 = DIRECTION('',(0.258819045103,-0.965925826289,1.072393092426E-16)
  );
#2222 = DIRECTION('',(0.965925826289,0.258819045103,-2.873468630843E-17)
  );
#2223 = DEFINITIONAL_REPRESENTATION('',(#2224),#2232);
#2224 = ( BOUNDED_CURVE() B_SPLINE_CURVE(2,(#2225,#2226,#2227,#2228,
#2229,#2230,#2231),.UNSPECIFIED.,.T.,.F.) B_SPLINE_CURVE_WITH_KNOTS((1,2
    ,2,2,2,1),(-2.094395102393,0.,2.094395102393,4.188790204786,
6.28318530718,8.377580409573),.UNSPECIFIED.) CURVE() 
GEOMETRIC_REPRESENTATION_ITEM() RATIONAL_B_SPLINE_CURVE((1.,0.5,1.,0.5,
1.,0.5,1.)) REPRESENTATION_ITEM('') );
#2225 = CARTESIAN_POINT('',(17.55,12.5));
#2226 = CARTESIAN_POINT('',(17.55,7.910065359942));
#2227 = CARTESIAN_POINT('',(13.575,10.205032679971));
#2228 = CARTESIAN_POINT('',(9.6,12.5));
#2229 = CARTESIAN_POINT('',(13.575,14.794967320029));
#2230 = CARTESIAN_POINT('',(17.55,17.089934640058));
#2231 = CARTESIAN_POINT('',(17.55,12.5));
#2232 = ( GEOMETRIC_REPRESENTATION_CONTEXT(2) 
PARAMETRIC_REPRESENTATION_CONTEXT() REPRESENTATION_CONTEXT('2D SPACE',''
  ) );
#2233 = ORIENTED_EDGE('',*,*,#2234,.T.);
#2234 = EDGE_CURVE('',#2202,#2235,#2237,.T.);
#2235 = VERTEX_POINT('',#2236);
#2236 = CARTESIAN_POINT('',(42.208401645451,34.320154196008,42.));
#2237 = SURFACE_CURVE('',#2238,(#2242,#2249),.PCURVE_S1.);
#2238 = LINE('',#2239,#2240);
#2239 = CARTESIAN_POINT('',(34.905828725916,61.573727357685,42.));
#2240 = VECTOR('',#2241,1.);
#2241 = DIRECTION('',(-0.258819045103,0.965925826289,-1.072393092426E-16
    ));
#2242 = PCURVE('',#2048,#2243);
#2243 = DEFINITIONAL_REPRESENTATION('',(#2244),#2248);
#2244 = LINE('',#2245,#2246);
#2245 = CARTESIAN_POINT('',(-8.823086441729,-1.7763568394E-15));
#2246 = VECTOR('',#2247,1.);
#2247 = DIRECTION('',(-0.,1.));
#2248 = ( GEOMETRIC_REPRESENTATION_CONTEXT(2) 
PARAMETRIC_REPRESENTATION_CONTEXT() REPRESENTATION_CONTEXT('2D SPACE',''
  ) );
#2249 = PCURVE('',#2250,#2255);
#2250 = PLANE('',#2251);
#2251 = AXIS2_PLACEMENT_3D('',#2252,#2253,#2254);
#2252 = CARTESIAN_POINT('',(63.260533367383,30.380699583557,42.));
#2253 = DIRECTION('',(0.,1.110223024625E-16,1.));
#2254 = DIRECTION('',(0.,-1.,1.110223024625E-16));
#2255 = DEFINITIONAL_REPRESENTATION('',(#2256),#2260);
#2256 = LINE('',#2257,#2258);
#2257 = CARTESIAN_POINT('',(-31.19302777412,-28.35470464146));
#2258 = VECTOR('',#2259,1.);
#2259 = DIRECTION('',(-0.965925826289,-0.258819045103));
#2260 = ( GEOMETRIC_REPRESENTATION_CONTEXT(2) 
PARAMETRIC_REPRESENTATION_CONTEXT() REPRESENTATION_CONTEXT('2D SPACE',''
  ) );
#2261 = ORIENTED_EDGE('',*,*,#2262,.T.);
#2262 = EDGE_CURVE('',#2235,#2010,#2263,.T.);
#2263 = SURFACE_CURVE('',#2264,(#2269,#2281),.PCURVE_S1.);
#2264 = ELLIPSE('',#2265,2.651405968137,2.65);
#2265 = AXIS2_PLACEMENT_3D('',#2266,#2267,#2268);
#2266 = CARTESIAN_POINT('',(44.336988974701,34.816824572833,40.5));
#2267 = DIRECTION('',(-0.227229615606,0.973841209742,-1.081180933384E-16
    ));
#2268 = DIRECTION('',(-0.973841209742,-0.227229615606,2.52275551123E-17)
  );
#2269 = PCURVE('',#2048,#2270);
#2270 = DEFINITIONAL_REPRESENTATION('',(#2271),#2280);
#2271 = B_SPLINE_CURVE_WITH_KNOTS('',7,(#2272,#2273,#2274,#2275,#2276,
    #2277,#2278,#2279),.UNSPECIFIED.,.F.,.F.,(8,8),(0.346515663024,
    2.795076990566),.PIECEWISE_BEZIER_KNOTS.);
#2272 = CARTESIAN_POINT('',(-9.078262297745,-28.20494459732));
#2273 = CARTESIAN_POINT('',(-8.728467822382,-28.21520094778));
#2274 = CARTESIAN_POINT('',(-8.378673347019,-28.2370492696));
#2275 = CARTESIAN_POINT('',(-8.028878871656,-28.26843575927));
#2276 = CARTESIAN_POINT('',(-7.679084396294,-28.30385888312));
#2277 = CARTESIAN_POINT('',(-7.32928992093,-28.33524537278));
#2278 = CARTESIAN_POINT('',(-6.979495445567,-28.3570936946));
#2279 = CARTESIAN_POINT('',(-6.629700970203,-28.36735004506));
#2280 = ( GEOMETRIC_REPRESENTATION_CONTEXT(2) 
PARAMETRIC_REPRESENTATION_CONTEXT() REPRESENTATION_CONTEXT('2D SPACE',''
  ) );
#2281 = PCURVE('',#562,#2282);
#2282 = DEFINITIONAL_REPRESENTATION('',(#2283),#2287);
#2283 = ELLIPSE('',#2284,2.651405968137,2.65);
#2284 = AXIS2_PLACEMENT_2D('',#2285,#2286);
#2285 = CARTESIAN_POINT('',(7.542685659737,-4.5));
#2286 = DIRECTION('',(1.,0.));
#2287 = ( GEOMETRIC_REPRESENTATION_CONTEXT(2) 
PARAMETRIC_REPRESENTATION_CONTEXT() REPRESENTATION_CONTEXT('2D SPACE',''
  ) );
#2288 = ORIENTED_EDGE('',*,*,#2032,.F.);
#2289 = ADVANCED_FACE('',(#2290),#2250,.F.);
#2290 = FACE_BOUND('',#2291,.F.);
#2291 = EDGE_LOOP('',(#2292,#2315,#2316,#2339));
#2292 = ORIENTED_EDGE('',*,*,#2293,.F.);
#2293 = EDGE_CURVE('',#2202,#2294,#2296,.T.);
#2294 = VERTEX_POINT('',#2295);
#2295 = CARTESIAN_POINT('',(42.610570332557,27.403540334722,42.));
#2296 = SURFACE_CURVE('',#2297,(#2301,#2308),.PCURVE_S1.);
#2297 = LINE('',#2298,#2299);
#2298 = CARTESIAN_POINT('',(47.151952526073,28.620400025996,42.));
#2299 = VECTOR('',#2300,1.);
#2300 = DIRECTION('',(-0.965925826289,-0.258819045103,2.873468630843E-17
    ));
#2301 = PCURVE('',#2250,#2302);
#2302 = DEFINITIONAL_REPRESENTATION('',(#2303),#2307);
#2303 = LINE('',#2304,#2305);
#2304 = CARTESIAN_POINT('',(1.760299557561,-16.10858084131));
#2305 = VECTOR('',#2306,1.);
#2306 = DIRECTION('',(0.258819045103,-0.965925826289));
#2307 = ( GEOMETRIC_REPRESENTATION_CONTEXT(2) 
PARAMETRIC_REPRESENTATION_CONTEXT() REPRESENTATION_CONTEXT('2D SPACE',''
  ) );
#2308 = PCURVE('',#2218,#2309);
#2309 = DEFINITIONAL_REPRESENTATION('',(#2310),#2314);
#2310 = LINE('',#2311,#2312);
#2311 = CARTESIAN_POINT('',(16.01529331007,14.));
#2312 = VECTOR('',#2313,1.);
#2313 = DIRECTION('',(-1.,0.));
#2314 = ( GEOMETRIC_REPRESENTATION_CONTEXT(2) 
PARAMETRIC_REPRESENTATION_CONTEXT() REPRESENTATION_CONTEXT('2D SPACE',''
  ) );
#2315 = ORIENTED_EDGE('',*,*,#2234,.T.);
#2316 = ORIENTED_EDGE('',*,*,#2317,.T.);
#2317 = EDGE_CURVE('',#2235,#2318,#2320,.T.);
#2318 = VERTEX_POINT('',#2319);
#2319 = CARTESIAN_POINT('',(40.842657572404,34.001480578963,42.));
#2320 = SURFACE_CURVE('',#2321,(#2325,#2332),.PCURVE_S1.);
#2321 = LINE('',#2322,#2323);
#2322 = CARTESIAN_POINT('',(51.682367102281,36.530746135935,42.));
#2323 = VECTOR('',#2324,1.);
#2324 = DIRECTION('',(-0.973841209742,-0.227229615606,2.52275551123E-17)
  );
#2325 = PCURVE('',#2250,#2326);
#2326 = DEFINITIONAL_REPRESENTATION('',(#2327),#2331);
#2327 = LINE('',#2328,#2329);
#2328 = CARTESIAN_POINT('',(-6.150046552378,-11.5781662651));
#2329 = VECTOR('',#2330,1.);
#2330 = DIRECTION('',(0.227229615606,-0.973841209742));
#2331 = ( GEOMETRIC_REPRESENTATION_CONTEXT(2) 
PARAMETRIC_REPRESENTATION_CONTEXT() REPRESENTATION_CONTEXT('2D SPACE',''
  ) );
#2332 = PCURVE('',#562,#2333);
#2333 = DEFINITIONAL_REPRESENTATION('',(#2334),#2338);
#2334 = LINE('',#2335,#2336);
#2335 = CARTESIAN_POINT('',(-7.568266533689E-17,-3.));
#2336 = VECTOR('',#2337,1.);
#2337 = DIRECTION('',(1.,0.));
#2338 = ( GEOMETRIC_REPRESENTATION_CONTEXT(2) 
PARAMETRIC_REPRESENTATION_CONTEXT() REPRESENTATION_CONTEXT('2D SPACE',''
  ) );
#2339 = ORIENTED_EDGE('',*,*,#2340,.F.);
#2340 = EDGE_CURVE('',#2294,#2318,#2341,.T.);
#2341 = SURFACE_CURVE('',#2342,(#2346,#2353),.PCURVE_S1.);
#2342 = LINE('',#2343,#2344);
#2343 = CARTESIAN_POINT('',(33.551903753969,61.21094425484,42.));
#2344 = VECTOR('',#2345,1.);
#2345 = DIRECTION('',(-0.258819045103,0.965925826289,-1.072393092426E-16
    ));
#2346 = PCURVE('',#2250,#2347);
#2347 = DEFINITIONAL_REPRESENTATION('',(#2348),#2352);
#2348 = LINE('',#2349,#2350);
#2349 = CARTESIAN_POINT('',(-30.83024467128,-29.70862961341));
#2350 = VECTOR('',#2351,1.);
#2351 = DIRECTION('',(-0.965925826289,-0.258819045103));
#2352 = ( GEOMETRIC_REPRESENTATION_CONTEXT(2) 
PARAMETRIC_REPRESENTATION_CONTEXT() REPRESENTATION_CONTEXT('2D SPACE',''
  ) );
#2353 = PCURVE('',#2189,#2354);
#2354 = DEFINITIONAL_REPRESENTATION('',(#2355),#2359);
#2355 = LINE('',#2356,#2357);
#2356 = CARTESIAN_POINT('',(-7.174307815066,-3.10862446895E-15));
#2357 = VECTOR('',#2358,1.);
#2358 = DIRECTION('',(-0.,1.));
#2359 = ( GEOMETRIC_REPRESENTATION_CONTEXT(2) 
PARAMETRIC_REPRESENTATION_CONTEXT() REPRESENTATION_CONTEXT('2D SPACE',''
  ) );
#2360 = ADVANCED_FACE('',(#2361),#2218,.F.);
#2361 = FACE_BOUND('',#2362,.F.);
#2362 = EDGE_LOOP('',(#2363,#2364,#2365));
#2363 = ORIENTED_EDGE('',*,*,#2201,.T.);
#2364 = ORIENTED_EDGE('',*,*,#2293,.T.);
#2365 = ORIENTED_EDGE('',*,*,#2366,.T.);
#2366 = EDGE_CURVE('',#2294,#2174,#2367,.T.);
#2367 = SURFACE_CURVE('',#2368,(#2373,#2384),.PCURVE_S1.);
#2368 = CIRCLE('',#2369,18.);
#2369 = AXIS2_PLACEMENT_3D('',#2370,#2371,#2372);
#2370 = CARTESIAN_POINT('',(31.682367102281,24.475337104447,28.));
#2371 = DIRECTION('',(-0.258819045103,0.965925826289,5.551115123126E-17)
  );
#2372 = DIRECTION('',(0.607122401682,0.162677957238,0.777777777778));
#2373 = PCURVE('',#2218,#2374);
#2374 = DEFINITIONAL_REPRESENTATION('',(#2375),#2383);
#2375 = ( BOUNDED_CURVE() B_SPLINE_CURVE(2,(#2376,#2377,#2378,#2379,
#2380,#2381,#2382),.UNSPECIFIED.,.T.,.F.) B_SPLINE_CURVE_WITH_KNOTS((1,2
    ,2,2,2,1),(-2.094395102393,0.,2.094395102393,4.188790204786,
6.28318530718,8.377580409573),.UNSPECIFIED.) CURVE() 
GEOMETRIC_REPRESENTATION_ITEM() RATIONAL_B_SPLINE_CURVE((1.,0.5,1.,0.5,
1.,0.5,1.)) REPRESENTATION_ITEM('') );
#2376 = CARTESIAN_POINT('',(11.313708498985,14.));
#2377 = CARTESIAN_POINT('',(35.562419804949,-5.595917942265));
#2378 = CARTESIAN_POINT('',(6.46750140349,-16.79795897113));
#2379 = CARTESIAN_POINT('',(-22.62741699797,-28.));
#2380 = CARTESIAN_POINT('',(-17.78120990247,2.797958971133));
#2381 = CARTESIAN_POINT('',(-12.93500280698,33.595917942265));
#2382 = CARTESIAN_POINT('',(11.313708498985,14.));
#2383 = ( GEOMETRIC_REPRESENTATION_CONTEXT(2) 
PARAMETRIC_REPRESENTATION_CONTEXT() REPRESENTATION_CONTEXT('2D SPACE',''
  ) );
#2384 = PCURVE('',#2189,#2385);
#2385 = DEFINITIONAL_REPRESENTATION('',(#2386),#2390);
#2386 = LINE('',#2387,#2388);
#2387 = CARTESIAN_POINT('',(-7.174307815066,-35.));
#2388 = VECTOR('',#2389,1.);
#2389 = DIRECTION('',(1.,-0.));
#2390 = ( GEOMETRIC_REPRESENTATION_CONTEXT(2) 
PARAMETRIC_REPRESENTATION_CONTEXT() REPRESENTATION_CONTEXT('2D SPACE',''
  ) );
#2391 = ADVANCED_FACE('',(#2392),#2189,.F.);
#2392 = FACE_BOUND('',#2393,.T.);
#2393 = EDGE_LOOP('',(#2394,#2395,#2396,#2397,#2421,#2449,#2477,#2504));
#2394 = ORIENTED_EDGE('',*,*,#2340,.F.);
#2395 = ORIENTED_EDGE('',*,*,#2366,.T.);
#2396 = ORIENTED_EDGE('',*,*,#2173,.F.);
#2397 = ORIENTED_EDGE('',*,*,#2398,.T.);
#2398 = EDGE_CURVE('',#2141,#2399,#2401,.T.);
#2399 = VERTEX_POINT('',#2400);
#2400 = CARTESIAN_POINT('',(20.503456991495,18.581183862853,
    41.119867617456));
#2401 = SURFACE_CURVE('',#2402,(#2407,#2414),.PCURVE_S1.);
#2402 = CIRCLE('',#2403,18.);
#2403 = AXIS2_PLACEMENT_3D('',#2404,#2405,#2406);
#2404 = CARTESIAN_POINT('',(32.407060428568,21.770744790837,28.));
#2405 = DIRECTION('',(0.258819045103,-0.965925826289,5.551115123126E-17)
  );
#2406 = DIRECTION('',(0.80829265409,0.216581363911,-0.54749931338));
#2407 = PCURVE('',#2189,#2408);
#2408 = DEFINITIONAL_REPRESENTATION('',(#2409),#2413);
#2409 = LINE('',#2410,#2411);
#2410 = CARTESIAN_POINT('',(-5.703812371284,-37.8));
#2411 = VECTOR('',#2412,1.);
#2412 = DIRECTION('',(-1.,0.));
#2413 = ( GEOMETRIC_REPRESENTATION_CONTEXT(2) 
PARAMETRIC_REPRESENTATION_CONTEXT() REPRESENTATION_CONTEXT('2D SPACE',''
  ) );
#2414 = PCURVE('',#2157,#2415);
#2415 = DEFINITIONAL_REPRESENTATION('',(#2416),#2420);
#2416 = CIRCLE('',#2417,18.);
#2417 = AXIS2_PLACEMENT_2D('',#2418,#2419);
#2418 = CARTESIAN_POINT('',(0.,0.));
#2419 = DIRECTION('',(0.836806131579,-0.54749931338));
#2420 = ( GEOMETRIC_REPRESENTATION_CONTEXT(2) 
PARAMETRIC_REPRESENTATION_CONTEXT() REPRESENTATION_CONTEXT('2D SPACE',''
  ) );
#2421 = ORIENTED_EDGE('',*,*,#2422,.T.);
#2422 = EDGE_CURVE('',#2399,#2423,#2425,.T.);
#2423 = VERTEX_POINT('',#2424);
#2424 = CARTESIAN_POINT('',(19.778763665208,21.285776176463,
    41.119867617456));
#2425 = SURFACE_CURVE('',#2426,(#2430,#2437),.PCURVE_S1.);
#2426 = LINE('',#2427,#2428);
#2427 = CARTESIAN_POINT('',(10.72009708662,55.09318009658,
    41.119867617456));
#2428 = VECTOR('',#2429,1.);
#2429 = DIRECTION('',(-0.258819045103,0.965925826289,-1.072393092426E-16
    ));
#2430 = PCURVE('',#2189,#2431);
#2431 = DEFINITIONAL_REPRESENTATION('',(#2432),#2436);
#2432 = LINE('',#2433,#2434);
#2433 = CARTESIAN_POINT('',(-8.608091089575,8.881784197001E-16));
#2434 = VECTOR('',#2435,1.);
#2435 = DIRECTION('',(-0.,1.));
#2436 = ( GEOMETRIC_REPRESENTATION_CONTEXT(2) 
PARAMETRIC_REPRESENTATION_CONTEXT() REPRESENTATION_CONTEXT('2D SPACE',''
  ) );
#2437 = PCURVE('',#2438,#2443);
#2438 = CYLINDRICAL_SURFACE('',#2439,2.65);
#2439 = AXIS2_PLACEMENT_3D('',#2440,#2441,#2442);
#2440 = CARTESIAN_POINT('',(8.231405711986,54.426337252537,40.5));
#2441 = DIRECTION('',(-0.258819045103,0.965925826289,-1.072393092426E-16
    ));
#2442 = DIRECTION('',(0.965925826289,0.258819045103,-2.873468630843E-17)
  );
#2443 = DEFINITIONAL_REPRESENTATION('',(#2444),#2448);
#2444 = LINE('',#2445,#2446);
#2445 = CARTESIAN_POINT('',(-0.236099689662,3.663735981263E-15));
#2446 = VECTOR('',#2447,1.);
#2447 = DIRECTION('',(-0.,1.));
#2448 = ( GEOMETRIC_REPRESENTATION_CONTEXT(2) 
PARAMETRIC_REPRESENTATION_CONTEXT() REPRESENTATION_CONTEXT('2D SPACE',''
  ) );
#2449 = ORIENTED_EDGE('',*,*,#2450,.T.);
#2450 = EDGE_CURVE('',#2423,#2451,#2453,.T.);
#2451 = VERTEX_POINT('',#2452);
#2452 = CARTESIAN_POINT('',(40.915355683625,26.949308938544,
    43.252258364612));
#2453 = SURFACE_CURVE('',#2454,(#2459,#2466),.PCURVE_S1.);
#2454 = CIRCLE('',#2455,18.);
#2455 = AXIS2_PLACEMENT_3D('',#2456,#2457,#2458);
#2456 = CARTESIAN_POINT('',(31.682367102281,24.475337104447,28.));
#2457 = DIRECTION('',(-0.258819045103,0.965925826289,-1.072393092426E-16
    ));
#2458 = DIRECTION('',(0.965925826289,0.258819045103,-2.873468630843E-17)
  );
#2459 = PCURVE('',#2189,#2460);
#2460 = DEFINITIONAL_REPRESENTATION('',(#2461),#2465);
#2461 = LINE('',#2462,#2463);
#2462 = CARTESIAN_POINT('',(-12.56637061435,-35.));
#2463 = VECTOR('',#2464,1.);
#2464 = DIRECTION('',(1.,-0.));
#2465 = ( GEOMETRIC_REPRESENTATION_CONTEXT(2) 
PARAMETRIC_REPRESENTATION_CONTEXT() REPRESENTATION_CONTEXT('2D SPACE',''
  ) );
#2466 = PCURVE('',#45,#2467);
#2467 = DEFINITIONAL_REPRESENTATION('',(#2468),#2476);
#2468 = ( BOUNDED_CURVE() B_SPLINE_CURVE(2,(#2469,#2470,#2471,#2472,
#2473,#2474,#2475),.UNSPECIFIED.,.T.,.F.) B_SPLINE_CURVE_WITH_KNOTS((1,2
    ,2,2,2,1),(-2.094395102393,0.,2.094395102393,4.188790204786,
6.28318530718,8.377580409573),.UNSPECIFIED.) CURVE() 
GEOMETRIC_REPRESENTATION_ITEM() RATIONAL_B_SPLINE_CURVE((1.,0.5,1.,0.5,
1.,0.5,1.)) REPRESENTATION_ITEM('') );
#2469 = CARTESIAN_POINT('',(18.,-3.552713678801E-15));
#2470 = CARTESIAN_POINT('',(18.,-31.17691453624));
#2471 = CARTESIAN_POINT('',(-9.,-15.58845726812));
#2472 = CARTESIAN_POINT('',(-36.,-7.961442155731E-15));
#2473 = CARTESIAN_POINT('',(-9.,15.58845726812));
#2474 = CARTESIAN_POINT('',(18.,31.17691453624));
#2475 = CARTESIAN_POINT('',(18.,-3.552713678801E-15));
#2476 = ( GEOMETRIC_REPRESENTATION_CONTEXT(2) 
PARAMETRIC_REPRESENTATION_CONTEXT() REPRESENTATION_CONTEXT('2D SPACE',''
  ) );
#2477 = ORIENTED_EDGE('',*,*,#2478,.T.);
#2478 = EDGE_CURVE('',#2451,#2479,#2481,.T.);
#2479 = VERTEX_POINT('',#2480);
#2480 = CARTESIAN_POINT('',(39.682367102281,33.730746135935,
    42.883791354195));
#2481 = SURFACE_CURVE('',#2482,(#2487,#2497),.PCURVE_S1.);
#2482 = ELLIPSE('',#2483,219.90317778888,18.);
#2483 = AXIS2_PLACEMENT_3D('',#2484,#2485,#2486);
#2484 = CARTESIAN_POINT('',(61.80507043532,-87.94412219577,28.));
#2485 = DIRECTION('',(-0.9838699101,-0.1788854382,1.986027322598E-17));
#2486 = DIRECTION('',(-0.1788854382,0.9838699101,-1.092315027429E-16));
#2487 = PCURVE('',#2189,#2488);
#2488 = DEFINITIONAL_REPRESENTATION('',(#2489),#2496);
#2489 = B_SPLINE_CURVE_WITH_KNOTS('',5,(#2490,#2491,#2492,#2493,#2494,
    #2495),.UNSPECIFIED.,.F.,.F.,(6,6),(5.268519887954,5.313448676222),
  .PIECEWISE_BEZIER_KNOTS.);
#2490 = CARTESIAN_POINT('',(-7.297850726405,-35.68694862555));
#2491 = CARTESIAN_POINT('',(-7.288864968751,-34.01435839482));
#2492 = CARTESIAN_POINT('',(-7.279879211097,-32.35344556436));
#2493 = CARTESIAN_POINT('',(-7.270893453444,-30.70449149135));
#2494 = CARTESIAN_POINT('',(-7.26190769579,-29.06777360345));
#2495 = CARTESIAN_POINT('',(-7.252921938137,-27.44356511888));
#2496 = ( GEOMETRIC_REPRESENTATION_CONTEXT(2) 
PARAMETRIC_REPRESENTATION_CONTEXT() REPRESENTATION_CONTEXT('2D SPACE',''
  ) );
#2497 = PCURVE('',#590,#2498);
#2498 = DEFINITIONAL_REPRESENTATION('',(#2499),#2503);
#2499 = ELLIPSE('',#2500,219.90317778888,18.);
#2500 = AXIS2_PLACEMENT_2D('',#2501,#2502);
#2501 = CARTESIAN_POINT('',(123.66967124684,-17.));
#2502 = DIRECTION('',(-1.,0.));
#2503 = ( GEOMETRIC_REPRESENTATION_CONTEXT(2) 
PARAMETRIC_REPRESENTATION_CONTEXT() REPRESENTATION_CONTEXT('2D SPACE',''
  ) );
#2504 = ORIENTED_EDGE('',*,*,#2505,.T.);
#2505 = EDGE_CURVE('',#2479,#2318,#2506,.T.);
#2506 = SURFACE_CURVE('',#2507,(#2512,#2522),.PCURVE_S1.);
#2507 = ELLIPSE('',#2508,18.009549972249,18.);
#2508 = AXIS2_PLACEMENT_3D('',#2509,#2510,#2511);
#2509 = CARTESIAN_POINT('',(29.819056486644,31.429306992286,28.));
#2510 = DIRECTION('',(-0.227229615606,0.973841209742,-1.081180933384E-16
    ));
#2511 = DIRECTION('',(-0.973841209742,-0.227229615606,2.52275551123E-17)
  );
#2512 = PCURVE('',#2189,#2513);
#2513 = DEFINITIONAL_REPRESENTATION('',(#2514),#2521);
#2514 = B_SPLINE_CURVE_WITH_KNOTS('',5,(#2515,#2516,#2517,#2518,#2519,
    #2520),.UNSPECIFIED.,.F.,.F.,(6,6),(2.087436072742,2.301890262003),
  .PIECEWISE_BEZIER_KNOTS.);
#2515 = CARTESIAN_POINT('',(-7.337341888027,-28.09039012167));
#2516 = CARTESIAN_POINT('',(-7.294451050175,-28.11225947729));
#2517 = CARTESIAN_POINT('',(-7.251560212323,-28.1334627302));
#2518 = CARTESIAN_POINT('',(-7.208669374471,-28.15391605851));
#2519 = CARTESIAN_POINT('',(-7.165778536618,-28.17354077472));
#2520 = CARTESIAN_POINT('',(-7.122887698766,-28.19226512362));
#2521 = ( GEOMETRIC_REPRESENTATION_CONTEXT(2) 
PARAMETRIC_REPRESENTATION_CONTEXT() REPRESENTATION_CONTEXT('2D SPACE',''
  ) );
#2522 = PCURVE('',#562,#2523);
#2523 = DEFINITIONAL_REPRESENTATION('',(#2524),#2528);
#2524 = ELLIPSE('',#2525,18.009549972249,18.);
#2525 = AXIS2_PLACEMENT_2D('',#2526,#2527);
#2526 = CARTESIAN_POINT('',(22.450590914543,-17.));
#2527 = DIRECTION('',(1.,0.));
#2528 = ( GEOMETRIC_REPRESENTATION_CONTEXT(2) 
PARAMETRIC_REPRESENTATION_CONTEXT() REPRESENTATION_CONTEXT('2D SPACE',''
  ) );
#2529 = ADVANCED_FACE('',(#2530),#2438,.F.);
#2530 = FACE_BOUND('',#2531,.T.);
#2531 = EDGE_LOOP('',(#2532,#2533,#2557,#2585));
#2532 = ORIENTED_EDGE('',*,*,#2422,.F.);
#2533 = ORIENTED_EDGE('',*,*,#2534,.T.);
#2534 = EDGE_CURVE('',#2399,#2535,#2537,.T.);
#2535 = VERTEX_POINT('',#2536);
#2536 = CARTESIAN_POINT('',(17.857792654956,17.872280240434,
    37.854987640832));
#2537 = SURFACE_CURVE('',#2538,(#2543,#2550),.PCURVE_S1.);
#2538 = CIRCLE('',#2539,2.65);
#2539 = AXIS2_PLACEMENT_3D('',#2540,#2541,#2542);
#2540 = CARTESIAN_POINT('',(18.014765616861,17.91434101881,40.5));
#2541 = DIRECTION('',(0.258819045103,-0.965925826289,1.072393092426E-16)
  );
#2542 = DIRECTION('',(0.965925826289,0.258819045103,-2.873468630843E-17)
  );
#2543 = PCURVE('',#2438,#2544);
#2544 = DEFINITIONAL_REPRESENTATION('',(#2545),#2549);
#2545 = LINE('',#2546,#2547);
#2546 = CARTESIAN_POINT('',(-0.,-37.8));
#2547 = VECTOR('',#2548,1.);
#2548 = DIRECTION('',(-1.,0.));
#2549 = ( GEOMETRIC_REPRESENTATION_CONTEXT(2) 
PARAMETRIC_REPRESENTATION_CONTEXT() REPRESENTATION_CONTEXT('2D SPACE',''
  ) );
#2550 = PCURVE('',#2157,#2551);
#2551 = DEFINITIONAL_REPRESENTATION('',(#2552),#2556);
#2552 = CIRCLE('',#2553,2.65);
#2553 = AXIS2_PLACEMENT_2D('',#2554,#2555);
#2554 = CARTESIAN_POINT('',(-14.9,12.5));
#2555 = DIRECTION('',(1.,0.));
#2556 = ( GEOMETRIC_REPRESENTATION_CONTEXT(2) 
PARAMETRIC_REPRESENTATION_CONTEXT() REPRESENTATION_CONTEXT('2D SPACE',''
  ) );
#2557 = ORIENTED_EDGE('',*,*,#2558,.T.);
#2558 = EDGE_CURVE('',#2535,#2559,#2561,.T.);
#2559 = VERTEX_POINT('',#2560);
#2560 = CARTESIAN_POINT('',(17.133099328668,20.576872554043,
    37.854987640832));
#2561 = SURFACE_CURVE('',#2562,(#2566,#2573),.PCURVE_S1.);
#2562 = LINE('',#2563,#2564);
#2563 = CARTESIAN_POINT('',(8.07443275008,54.38427647416,37.854987640832
    ));
#2564 = VECTOR('',#2565,1.);
#2565 = DIRECTION('',(-0.258819045103,0.965925826289,-1.072393092426E-16
    ));
#2566 = PCURVE('',#2438,#2567);
#2567 = DEFINITIONAL_REPRESENTATION('',(#2568),#2572);
#2568 = LINE('',#2569,#2570);
#2569 = CARTESIAN_POINT('',(-4.651025810427,4.19109191796E-15));
#2570 = VECTOR('',#2571,1.);
#2571 = DIRECTION('',(-0.,1.));
#2572 = ( GEOMETRIC_REPRESENTATION_CONTEXT(2) 
PARAMETRIC_REPRESENTATION_CONTEXT() REPRESENTATION_CONTEXT('2D SPACE',''
  ) );
#2573 = PCURVE('',#2574,#2579);
#2574 = CYLINDRICAL_SURFACE('',#2575,18.);
#2575 = AXIS2_PLACEMENT_3D('',#2576,#2577,#2578);
#2576 = CARTESIAN_POINT('',(22.623700523693,58.282741024564,28.));
#2577 = DIRECTION('',(-0.258819045103,0.965925826289,-1.072393092426E-16
    ));
#2578 = DIRECTION('',(0.965925826289,0.258819045103,-2.873468630843E-17)
  );
#2579 = DEFINITIONAL_REPRESENTATION('',(#2580),#2584);
#2580 = LINE('',#2581,#2582);
#2581 = CARTESIAN_POINT('',(-8.845405024874,8.881784197001E-16));
#2582 = VECTOR('',#2583,1.);
#2583 = DIRECTION('',(-0.,1.));
#2584 = ( GEOMETRIC_REPRESENTATION_CONTEXT(2) 
PARAMETRIC_REPRESENTATION_CONTEXT() REPRESENTATION_CONTEXT('2D SPACE',''
  ) );
#2585 = ORIENTED_EDGE('',*,*,#2586,.T.);
#2586 = EDGE_CURVE('',#2559,#2423,#2587,.T.);
#2587 = SURFACE_CURVE('',#2588,(#2593,#2600),.PCURVE_S1.);
#2588 = CIRCLE('',#2589,2.65);
#2589 = AXIS2_PLACEMENT_3D('',#2590,#2591,#2592);
#2590 = CARTESIAN_POINT('',(17.290072290574,20.618933332419,40.5));
#2591 = DIRECTION('',(-0.258819045103,0.965925826289,-1.072393092426E-16
    ));
#2592 = DIRECTION('',(0.965925826289,0.258819045103,-2.873468630843E-17)
  );
#2593 = PCURVE('',#2438,#2594);
#2594 = DEFINITIONAL_REPRESENTATION('',(#2595),#2599);
#2595 = LINE('',#2596,#2597);
#2596 = CARTESIAN_POINT('',(-6.28318530718,-35.));
#2597 = VECTOR('',#2598,1.);
#2598 = DIRECTION('',(1.,-0.));
#2599 = ( GEOMETRIC_REPRESENTATION_CONTEXT(2) 
PARAMETRIC_REPRESENTATION_CONTEXT() REPRESENTATION_CONTEXT('2D SPACE',''
  ) );
#2600 = PCURVE('',#45,#2601);
#2601 = DEFINITIONAL_REPRESENTATION('',(#2602),#2610);
#2602 = ( BOUNDED_CURVE() B_SPLINE_CURVE(2,(#2603,#2604,#2605,#2606,
#2607,#2608,#2609),.UNSPECIFIED.,.T.,.F.) B_SPLINE_CURVE_WITH_KNOTS((1,2
    ,2,2,2,1),(-2.094395102393,0.,2.094395102393,4.188790204786,
6.28318530718,8.377580409573),.UNSPECIFIED.) CURVE() 
GEOMETRIC_REPRESENTATION_ITEM() RATIONAL_B_SPLINE_CURVE((1.,0.5,1.,0.5,
1.,0.5,1.)) REPRESENTATION_ITEM('') );
#2603 = CARTESIAN_POINT('',(-12.25,12.5));
#2604 = CARTESIAN_POINT('',(-12.25,7.910065359942));
#2605 = CARTESIAN_POINT('',(-16.225,10.205032679971));
#2606 = CARTESIAN_POINT('',(-20.2,12.5));
#2607 = CARTESIAN_POINT('',(-16.225,14.794967320029));
#2608 = CARTESIAN_POINT('',(-12.25,17.089934640058));
#2609 = CARTESIAN_POINT('',(-12.25,12.5));
#2610 = ( GEOMETRIC_REPRESENTATION_CONTEXT(2) 
PARAMETRIC_REPRESENTATION_CONTEXT() REPRESENTATION_CONTEXT('2D SPACE',''
  ) );
#2611 = ADVANCED_FACE('',(#2612),#2574,.F.);
#2612 = FACE_BOUND('',#2613,.T.);
#2613 = EDGE_LOOP('',(#2614,#2615,#2639,#2667));
#2614 = ORIENTED_EDGE('',*,*,#2558,.F.);
#2615 = ORIENTED_EDGE('',*,*,#2616,.T.);
#2616 = EDGE_CURVE('',#2535,#2617,#2619,.T.);
#2617 = VERTEX_POINT('',#2618);
#2618 = CARTESIAN_POINT('',(17.857792654955,17.872280240434,
    18.145012359168));
#2619 = SURFACE_CURVE('',#2620,(#2625,#2632),.PCURVE_S1.);
#2620 = CIRCLE('',#2621,18.);
#2621 = AXIS2_PLACEMENT_3D('',#2622,#2623,#2624);
#2622 = CARTESIAN_POINT('',(32.407060428568,21.770744790837,28.));
#2623 = DIRECTION('',(0.258819045103,-0.965925826289,5.551115123126E-17)
  );
#2624 = DIRECTION('',(0.80829265409,0.216581363911,-0.54749931338));
#2625 = PCURVE('',#2574,#2626);
#2626 = DEFINITIONAL_REPRESENTATION('',(#2627),#2631);
#2627 = LINE('',#2628,#2629);
#2628 = CARTESIAN_POINT('',(-5.703812371284,-37.8));
#2629 = VECTOR('',#2630,1.);
#2630 = DIRECTION('',(-1.,0.));
#2631 = ( GEOMETRIC_REPRESENTATION_CONTEXT(2) 
PARAMETRIC_REPRESENTATION_CONTEXT() REPRESENTATION_CONTEXT('2D SPACE',''
  ) );
#2632 = PCURVE('',#2157,#2633);
#2633 = DEFINITIONAL_REPRESENTATION('',(#2634),#2638);
#2634 = CIRCLE('',#2635,18.);
#2635 = AXIS2_PLACEMENT_2D('',#2636,#2637);
#2636 = CARTESIAN_POINT('',(0.,0.));
#2637 = DIRECTION('',(0.836806131579,-0.54749931338));
#2638 = ( GEOMETRIC_REPRESENTATION_CONTEXT(2) 
PARAMETRIC_REPRESENTATION_CONTEXT() REPRESENTATION_CONTEXT('2D SPACE',''
  ) );
#2639 = ORIENTED_EDGE('',*,*,#2640,.T.);
#2640 = EDGE_CURVE('',#2617,#2641,#2643,.T.);
#2641 = VERTEX_POINT('',#2642);
#2642 = CARTESIAN_POINT('',(17.133099328668,20.576872554043,
    18.145012359168));
#2643 = SURFACE_CURVE('',#2644,(#2648,#2655),.PCURVE_S1.);
#2644 = LINE('',#2645,#2646);
#2645 = CARTESIAN_POINT('',(8.07443275008,54.38427647416,18.145012359168
    ));
#2646 = VECTOR('',#2647,1.);
#2647 = DIRECTION('',(-0.258819045103,0.965925826289,-1.072393092426E-16
    ));
#2648 = PCURVE('',#2574,#2649);
#2649 = DEFINITIONAL_REPRESENTATION('',(#2650),#2654);
#2650 = LINE('',#2651,#2652);
#2651 = CARTESIAN_POINT('',(-10.00415089666,8.881784197001E-16));
#2652 = VECTOR('',#2653,1.);
#2653 = DIRECTION('',(-0.,1.));
#2654 = ( GEOMETRIC_REPRESENTATION_CONTEXT(2) 
PARAMETRIC_REPRESENTATION_CONTEXT() REPRESENTATION_CONTEXT('2D SPACE',''
  ) );
#2655 = PCURVE('',#2656,#2661);
#2656 = CYLINDRICAL_SURFACE('',#2657,2.65);
#2657 = AXIS2_PLACEMENT_3D('',#2658,#2659,#2660);
#2658 = CARTESIAN_POINT('',(8.231405711986,54.426337252537,15.5));
#2659 = DIRECTION('',(-0.258819045103,0.965925826289,-1.072393092426E-16
    ));
#2660 = DIRECTION('',(0.965925826289,0.258819045103,-2.873468630843E-17)
  );
#2661 = DEFINITIONAL_REPRESENTATION('',(#2662),#2666);
#2662 = LINE('',#2663,#2664);
#2663 = CARTESIAN_POINT('',(-1.632159496752,4.19109191796E-15));
#2664 = VECTOR('',#2665,1.);
#2665 = DIRECTION('',(-0.,1.));
#2666 = ( GEOMETRIC_REPRESENTATION_CONTEXT(2) 
PARAMETRIC_REPRESENTATION_CONTEXT() REPRESENTATION_CONTEXT('2D SPACE',''
  ) );
#2667 = ORIENTED_EDGE('',*,*,#2668,.T.);
#2668 = EDGE_CURVE('',#2641,#2559,#2669,.T.);
#2669 = SURFACE_CURVE('',#2670,(#2675,#2682),.PCURVE_S1.);
#2670 = CIRCLE('',#2671,18.);
#2671 = AXIS2_PLACEMENT_3D('',#2672,#2673,#2674);
#2672 = CARTESIAN_POINT('',(31.682367102281,24.475337104447,28.));
#2673 = DIRECTION('',(-0.258819045103,0.965925826289,-1.072393092426E-16
    ));
#2674 = DIRECTION('',(0.965925826289,0.258819045103,-2.873468630843E-17)
  );
#2675 = PCURVE('',#2574,#2676);
#2676 = DEFINITIONAL_REPRESENTATION('',(#2677),#2681);
#2677 = LINE('',#2678,#2679);
#2678 = CARTESIAN_POINT('',(-12.56637061435,-35.));
#2679 = VECTOR('',#2680,1.);
#2680 = DIRECTION('',(1.,-0.));
#2681 = ( GEOMETRIC_REPRESENTATION_CONTEXT(2) 
PARAMETRIC_REPRESENTATION_CONTEXT() REPRESENTATION_CONTEXT('2D SPACE',''
  ) );
#2682 = PCURVE('',#45,#2683);
#2683 = DEFINITIONAL_REPRESENTATION('',(#2684),#2692);
#2684 = ( BOUNDED_CURVE() B_SPLINE_CURVE(2,(#2685,#2686,#2687,#2688,
#2689,#2690,#2691),.UNSPECIFIED.,.T.,.F.) B_SPLINE_CURVE_WITH_KNOTS((1,2
    ,2,2,2,1),(-2.094395102393,0.,2.094395102393,4.188790204786,
6.28318530718,8.377580409573),.UNSPECIFIED.) CURVE() 
GEOMETRIC_REPRESENTATION_ITEM() RATIONAL_B_SPLINE_CURVE((1.,0.5,1.,0.5,
1.,0.5,1.)) REPRESENTATION_ITEM('') );
#2685 = CARTESIAN_POINT('',(18.,-3.552713678801E-15));
#2686 = CARTESIAN_POINT('',(18.,-31.17691453624));
#2687 = CARTESIAN_POINT('',(-9.,-15.58845726812));
#2688 = CARTESIAN_POINT('',(-36.,-7.961442155731E-15));
#2689 = CARTESIAN_POINT('',(-9.,15.58845726812));
#2690 = CARTESIAN_POINT('',(18.,31.17691453624));
#2691 = CARTESIAN_POINT('',(18.,-3.552713678801E-15));
#2692 = ( GEOMETRIC_REPRESENTATION_CONTEXT(2) 
PARAMETRIC_REPRESENTATION_CONTEXT() REPRESENTATION_CONTEXT('2D SPACE',''
  ) );
#2693 = ADVANCED_FACE('',(#2694),#2656,.F.);
#2694 = FACE_BOUND('',#2695,.T.);
#2695 = EDGE_LOOP('',(#2696,#2697,#2721,#2749));
#2696 = ORIENTED_EDGE('',*,*,#2640,.F.);
#2697 = ORIENTED_EDGE('',*,*,#2698,.T.);
#2698 = EDGE_CURVE('',#2617,#2699,#2701,.T.);
#2699 = VERTEX_POINT('',#2700);
#2700 = CARTESIAN_POINT('',(20.503456991495,18.581183862853,
    14.880132382544));
#2701 = SURFACE_CURVE('',#2702,(#2707,#2714),.PCURVE_S1.);
#2702 = CIRCLE('',#2703,2.65);
#2703 = AXIS2_PLACEMENT_3D('',#2704,#2705,#2706);
#2704 = CARTESIAN_POINT('',(18.014765616861,17.91434101881,15.5));
#2705 = DIRECTION('',(0.258819045103,-0.965925826289,1.072393092426E-16)
  );
#2706 = DIRECTION('',(0.965925826289,0.258819045103,-2.873468630843E-17)
  );
#2707 = PCURVE('',#2656,#2708);
#2708 = DEFINITIONAL_REPRESENTATION('',(#2709),#2713);
#2709 = LINE('',#2710,#2711);
#2710 = CARTESIAN_POINT('',(-0.,-37.8));
#2711 = VECTOR('',#2712,1.);
#2712 = DIRECTION('',(-1.,0.));
#2713 = ( GEOMETRIC_REPRESENTATION_CONTEXT(2) 
PARAMETRIC_REPRESENTATION_CONTEXT() REPRESENTATION_CONTEXT('2D SPACE',''
  ) );
#2714 = PCURVE('',#2157,#2715);
#2715 = DEFINITIONAL_REPRESENTATION('',(#2716),#2720);
#2716 = CIRCLE('',#2717,2.65);
#2717 = AXIS2_PLACEMENT_2D('',#2718,#2719);
#2718 = CARTESIAN_POINT('',(-14.9,-12.5));
#2719 = DIRECTION('',(1.,0.));
#2720 = ( GEOMETRIC_REPRESENTATION_CONTEXT(2) 
PARAMETRIC_REPRESENTATION_CONTEXT() REPRESENTATION_CONTEXT('2D SPACE',''
  ) );
#2721 = ORIENTED_EDGE('',*,*,#2722,.T.);
#2722 = EDGE_CURVE('',#2699,#2723,#2725,.T.);
#2723 = VERTEX_POINT('',#2724);
#2724 = CARTESIAN_POINT('',(19.778763665208,21.285776176463,
    14.880132382544));
#2725 = SURFACE_CURVE('',#2726,(#2730,#2737),.PCURVE_S1.);
#2726 = LINE('',#2727,#2728);
#2727 = CARTESIAN_POINT('',(10.72009708662,55.09318009658,
    14.880132382544));
#2728 = VECTOR('',#2729,1.);
#2729 = DIRECTION('',(-0.258819045103,0.965925826289,-1.072393092426E-16
    ));
#2730 = PCURVE('',#2656,#2731);
#2731 = DEFINITIONAL_REPRESENTATION('',(#2732),#2736);
#2732 = LINE('',#2733,#2734);
#2733 = CARTESIAN_POINT('',(-6.047085617517,3.663735981263E-15));
#2734 = VECTOR('',#2735,1.);
#2735 = DIRECTION('',(-0.,1.));
#2736 = ( GEOMETRIC_REPRESENTATION_CONTEXT(2) 
PARAMETRIC_REPRESENTATION_CONTEXT() REPRESENTATION_CONTEXT('2D SPACE',''
  ) );
#2737 = PCURVE('',#2738,#2743);
#2738 = CYLINDRICAL_SURFACE('',#2739,18.);
#2739 = AXIS2_PLACEMENT_3D('',#2740,#2741,#2742);
#2740 = CARTESIAN_POINT('',(22.623700523693,58.282741024564,28.));
#2741 = DIRECTION('',(-0.258819045103,0.965925826289,-1.072393092426E-16
    ));
#2742 = DIRECTION('',(0.965925826289,0.258819045103,-2.873468630843E-17)
  );
#2743 = DEFINITIONAL_REPRESENTATION('',(#2744),#2748);
#2744 = LINE('',#2745,#2746);
#2745 = CARTESIAN_POINT('',(-10.24146483196,8.881784197001E-16));
#2746 = VECTOR('',#2747,1.);
#2747 = DIRECTION('',(-0.,1.));
#2748 = ( GEOMETRIC_REPRESENTATION_CONTEXT(2) 
PARAMETRIC_REPRESENTATION_CONTEXT() REPRESENTATION_CONTEXT('2D SPACE',''
  ) );
#2749 = ORIENTED_EDGE('',*,*,#2750,.T.);
#2750 = EDGE_CURVE('',#2723,#2641,#2751,.T.);
#2751 = SURFACE_CURVE('',#2752,(#2757,#2764),.PCURVE_S1.);
#2752 = CIRCLE('',#2753,2.65);
#2753 = AXIS2_PLACEMENT_3D('',#2754,#2755,#2756);
#2754 = CARTESIAN_POINT('',(17.290072290574,20.618933332419,15.5));
#2755 = DIRECTION('',(-0.258819045103,0.965925826289,-1.072393092426E-16
    ));
#2756 = DIRECTION('',(0.965925826289,0.258819045103,-2.873468630843E-17)
  );
#2757 = PCURVE('',#2656,#2758);
#2758 = DEFINITIONAL_REPRESENTATION('',(#2759),#2763);
#2759 = LINE('',#2760,#2761);
#2760 = CARTESIAN_POINT('',(-6.28318530718,-35.));
#2761 = VECTOR('',#2762,1.);
#2762 = DIRECTION('',(1.,-0.));
#2763 = ( GEOMETRIC_REPRESENTATION_CONTEXT(2) 
PARAMETRIC_REPRESENTATION_CONTEXT() REPRESENTATION_CONTEXT('2D SPACE',''
  ) );
#2764 = PCURVE('',#45,#2765);
#2765 = DEFINITIONAL_REPRESENTATION('',(#2766),#2774);
#2766 = ( BOUNDED_CURVE() B_SPLINE_CURVE(2,(#2767,#2768,#2769,#2770,
#2771,#2772,#2773),.UNSPECIFIED.,.T.,.F.) B_SPLINE_CURVE_WITH_KNOTS((1,2
    ,2,2,2,1),(-2.094395102393,0.,2.094395102393,4.188790204786,
6.28318530718,8.377580409573),.UNSPECIFIED.) CURVE() 
GEOMETRIC_REPRESENTATION_ITEM() RATIONAL_B_SPLINE_CURVE((1.,0.5,1.,0.5,
1.,0.5,1.)) REPRESENTATION_ITEM('') );
#2767 = CARTESIAN_POINT('',(-12.25,-12.5));
#2768 = CARTESIAN_POINT('',(-12.25,-17.08993464005));
#2769 = CARTESIAN_POINT('',(-16.225,-14.79496732002));
#2770 = CARTESIAN_POINT('',(-20.2,-12.5));
#2771 = CARTESIAN_POINT('',(-16.225,-10.20503267997));
#2772 = CARTESIAN_POINT('',(-12.25,-7.910065359942));
#2773 = CARTESIAN_POINT('',(-12.25,-12.5));
#2774 = ( GEOMETRIC_REPRESENTATION_CONTEXT(2) 
PARAMETRIC_REPRESENTATION_CONTEXT() REPRESENTATION_CONTEXT('2D SPACE',''
  ) );
#2775 = ADVANCED_FACE('',(#2776),#2738,.F.);
#2776 = FACE_BOUND('',#2777,.T.);
#2777 = EDGE_LOOP('',(#2778,#2779,#2803,#2826,#2859,#2887,#2914,#2941));
#2778 = ORIENTED_EDGE('',*,*,#2722,.F.);
#2779 = ORIENTED_EDGE('',*,*,#2780,.T.);
#2780 = EDGE_CURVE('',#2699,#2781,#2783,.T.);
#2781 = VERTEX_POINT('',#2782);
#2782 = CARTESIAN_POINT('',(44.310663865641,24.960305718821,
    14.880132382543));
#2783 = SURFACE_CURVE('',#2784,(#2789,#2796),.PCURVE_S1.);
#2784 = CIRCLE('',#2785,18.);
#2785 = AXIS2_PLACEMENT_3D('',#2786,#2787,#2788);
#2786 = CARTESIAN_POINT('',(32.407060428568,21.770744790837,28.));
#2787 = DIRECTION('',(0.258819045103,-0.965925826289,5.551115123126E-17)
  );
#2788 = DIRECTION('',(0.80829265409,0.216581363911,-0.54749931338));
#2789 = PCURVE('',#2738,#2790);
#2790 = DEFINITIONAL_REPRESENTATION('',(#2791),#2795);
#2791 = LINE('',#2792,#2793);
#2792 = CARTESIAN_POINT('',(-5.703812371284,-37.8));
#2793 = VECTOR('',#2794,1.);
#2794 = DIRECTION('',(-1.,0.));
#2795 = ( GEOMETRIC_REPRESENTATION_CONTEXT(2) 
PARAMETRIC_REPRESENTATION_CONTEXT() REPRESENTATION_CONTEXT('2D SPACE',''
  ) );
#2796 = PCURVE('',#2157,#2797);
#2797 = DEFINITIONAL_REPRESENTATION('',(#2798),#2802);
#2798 = CIRCLE('',#2799,18.);
#2799 = AXIS2_PLACEMENT_2D('',#2800,#2801);
#2800 = CARTESIAN_POINT('',(0.,0.));
#2801 = DIRECTION('',(0.836806131579,-0.54749931338));
#2802 = ( GEOMETRIC_REPRESENTATION_CONTEXT(2) 
PARAMETRIC_REPRESENTATION_CONTEXT() REPRESENTATION_CONTEXT('2D SPACE',''
  ) );
#2803 = ORIENTED_EDGE('',*,*,#2804,.T.);
#2804 = EDGE_CURVE('',#2781,#2805,#2807,.T.);
#2805 = VERTEX_POINT('',#2806);
#2806 = CARTESIAN_POINT('',(43.585970539355,27.664898032431,
    14.880132382544));
#2807 = SURFACE_CURVE('',#2808,(#2812,#2819),.PCURVE_S1.);
#2808 = LINE('',#2809,#2810);
#2809 = CARTESIAN_POINT('',(34.527303960766,61.472301952548,
    14.880132382544));
#2810 = VECTOR('',#2811,1.);
#2811 = DIRECTION('',(-0.258819045103,0.965925826289,-1.072393092426E-16
    ));
#2812 = PCURVE('',#2738,#2813);
#2813 = DEFINITIONAL_REPRESENTATION('',(#2814),#2818);
#2814 = LINE('',#2815,#2816);
#2815 = CARTESIAN_POINT('',(-11.74968374316,1.7763568394E-15));
#2816 = VECTOR('',#2817,1.);
#2817 = DIRECTION('',(-0.,1.));
#2818 = ( GEOMETRIC_REPRESENTATION_CONTEXT(2) 
PARAMETRIC_REPRESENTATION_CONTEXT() REPRESENTATION_CONTEXT('2D SPACE',''
  ) );
#2819 = PCURVE('',#1799,#2820);
#2820 = DEFINITIONAL_REPRESENTATION('',(#2821),#2825);
#2821 = LINE('',#2822,#2823);
#2822 = CARTESIAN_POINT('',(-3.377692343252,2.22044604925E-16));
#2823 = VECTOR('',#2824,1.);
#2824 = DIRECTION('',(-0.,1.));
#2825 = ( GEOMETRIC_REPRESENTATION_CONTEXT(2) 
PARAMETRIC_REPRESENTATION_CONTEXT() REPRESENTATION_CONTEXT('2D SPACE',''
  ) );
#2826 = ORIENTED_EDGE('',*,*,#2827,.T.);
#2827 = EDGE_CURVE('',#2805,#2828,#2830,.T.);
#2828 = VERTEX_POINT('',#2829);
#2829 = CARTESIAN_POINT('',(42.610570332557,27.403540334722,14.));
#2830 = SURFACE_CURVE('',#2831,(#2836,#2843),.PCURVE_S1.);
#2831 = CIRCLE('',#2832,18.);
#2832 = AXIS2_PLACEMENT_3D('',#2833,#2834,#2835);
#2833 = CARTESIAN_POINT('',(31.682367102281,24.475337104447,28.));
#2834 = DIRECTION('',(-0.258819045103,0.965925826289,-1.072393092426E-16
    ));
#2835 = DIRECTION('',(0.965925826289,0.258819045103,-2.873468630843E-17)
  );
#2836 = PCURVE('',#2738,#2837);
#2837 = DEFINITIONAL_REPRESENTATION('',(#2838),#2842);
#2838 = LINE('',#2839,#2840);
#2839 = CARTESIAN_POINT('',(-12.56637061435,-35.));
#2840 = VECTOR('',#2841,1.);
#2841 = DIRECTION('',(1.,-0.));
#2842 = ( GEOMETRIC_REPRESENTATION_CONTEXT(2) 
PARAMETRIC_REPRESENTATION_CONTEXT() REPRESENTATION_CONTEXT('2D SPACE',''
  ) );
#2843 = PCURVE('',#2844,#2849);
#2844 = PLANE('',#2845);
#2845 = AXIS2_PLACEMENT_3D('',#2846,#2847,#2848);
#2846 = CARTESIAN_POINT('',(31.682367102281,24.475337104447,28.));
#2847 = DIRECTION('',(0.258819045103,-0.965925826289,1.072393092426E-16)
  );
#2848 = DIRECTION('',(0.965925826289,0.258819045103,-2.873468630843E-17)
  );
#2849 = DEFINITIONAL_REPRESENTATION('',(#2850),#2858);
#2850 = ( BOUNDED_CURVE() B_SPLINE_CURVE(2,(#2851,#2852,#2853,#2854,
#2855,#2856,#2857),.UNSPECIFIED.,.T.,.F.) B_SPLINE_CURVE_WITH_KNOTS((1,2
    ,2,2,2,1),(-2.094395102393,0.,2.094395102393,4.188790204786,
6.28318530718,8.377580409573),.UNSPECIFIED.) CURVE() 
GEOMETRIC_REPRESENTATION_ITEM() RATIONAL_B_SPLINE_CURVE((1.,0.5,1.,0.5,
1.,0.5,1.)) REPRESENTATION_ITEM('') );
#2851 = CARTESIAN_POINT('',(18.,-3.552713678801E-15));
#2852 = CARTESIAN_POINT('',(18.,-31.17691453624));
#2853 = CARTESIAN_POINT('',(-9.,-15.58845726812));
#2854 = CARTESIAN_POINT('',(-36.,-7.961442155731E-15));
#2855 = CARTESIAN_POINT('',(-9.,15.58845726812));
#2856 = CARTESIAN_POINT('',(18.,31.17691453624));
#2857 = CARTESIAN_POINT('',(18.,-3.552713678801E-15));
#2858 = ( GEOMETRIC_REPRESENTATION_CONTEXT(2) 
PARAMETRIC_REPRESENTATION_CONTEXT() REPRESENTATION_CONTEXT('2D SPACE',''
  ) );
#2859 = ORIENTED_EDGE('',*,*,#2860,.T.);
#2860 = EDGE_CURVE('',#2828,#2861,#2863,.T.);
#2861 = VERTEX_POINT('',#2862);
#2862 = CARTESIAN_POINT('',(40.842657572404,34.001480578963,14.));
#2863 = SURFACE_CURVE('',#2864,(#2868,#2875),.PCURVE_S1.);
#2864 = LINE('',#2865,#2866);
#2865 = CARTESIAN_POINT('',(33.551903753969,61.21094425484,14.));
#2866 = VECTOR('',#2867,1.);
#2867 = DIRECTION('',(-0.258819045103,0.965925826289,-1.072393092426E-16
    ));
#2868 = PCURVE('',#2738,#2869);
#2869 = DEFINITIONAL_REPRESENTATION('',(#2870),#2874);
#2870 = LINE('',#2871,#2872);
#2871 = CARTESIAN_POINT('',(-11.67524810647,-3.10862446895E-15));
#2872 = VECTOR('',#2873,1.);
#2873 = DIRECTION('',(-0.,1.));
#2874 = ( GEOMETRIC_REPRESENTATION_CONTEXT(2) 
PARAMETRIC_REPRESENTATION_CONTEXT() REPRESENTATION_CONTEXT('2D SPACE',''
  ) );
#2875 = PCURVE('',#2876,#2881);
#2876 = PLANE('',#2877);
#2877 = AXIS2_PLACEMENT_3D('',#2878,#2879,#2880);
#2878 = CARTESIAN_POINT('',(63.260533367383,30.380699583557,14.));
#2879 = DIRECTION('',(0.,1.110223024625E-16,1.));
#2880 = DIRECTION('',(0.,-1.,1.110223024625E-16));
#2881 = DEFINITIONAL_REPRESENTATION('',(#2882),#2886);
#2882 = LINE('',#2883,#2884);
#2883 = CARTESIAN_POINT('',(-30.83024467128,-29.70862961341));
#2884 = VECTOR('',#2885,1.);
#2885 = DIRECTION('',(-0.965925826289,-0.258819045103));
#2886 = ( GEOMETRIC_REPRESENTATION_CONTEXT(2) 
PARAMETRIC_REPRESENTATION_CONTEXT() REPRESENTATION_CONTEXT('2D SPACE',''
  ) );
#2887 = ORIENTED_EDGE('',*,*,#2888,.T.);
#2888 = EDGE_CURVE('',#2861,#2889,#2891,.T.);
#2889 = VERTEX_POINT('',#2890);
#2890 = CARTESIAN_POINT('',(39.682367102281,33.730746135935,
    13.116208645805));
#2891 = SURFACE_CURVE('',#2892,(#2897,#2907),.PCURVE_S1.);
#2892 = ELLIPSE('',#2893,18.009549972249,18.);
#2893 = AXIS2_PLACEMENT_3D('',#2894,#2895,#2896);
#2894 = CARTESIAN_POINT('',(29.819056486644,31.429306992286,28.));
#2895 = DIRECTION('',(-0.227229615606,0.973841209742,-1.081180933384E-16
    ));
#2896 = DIRECTION('',(-0.973841209742,-0.227229615606,2.52275551123E-17)
  );
#2897 = PCURVE('',#2738,#2898);
#2898 = DEFINITIONAL_REPRESENTATION('',(#2899),#2906);
#2899 = B_SPLINE_CURVE_WITH_KNOTS('',5,(#2900,#2901,#2902,#2903,#2904,
    #2905),.UNSPECIFIED.,.F.,.F.,(6,6),(3.981295045176,4.195749234437),
  .PIECEWISE_BEZIER_KNOTS.);
#2900 = CARTESIAN_POINT('',(-11.72666822277,-28.19226512362));
#2901 = CARTESIAN_POINT('',(-11.68377738492,-28.17354077472));
#2902 = CARTESIAN_POINT('',(-11.64088654706,-28.15391605851));
#2903 = CARTESIAN_POINT('',(-11.59799570921,-28.1334627302));
#2904 = CARTESIAN_POINT('',(-11.55510487136,-28.11225947729));
#2905 = CARTESIAN_POINT('',(-11.51221403351,-28.09039012167));
#2906 = ( GEOMETRIC_REPRESENTATION_CONTEXT(2) 
PARAMETRIC_REPRESENTATION_CONTEXT() REPRESENTATION_CONTEXT('2D SPACE',''
  ) );
#2907 = PCURVE('',#1491,#2908);
#2908 = DEFINITIONAL_REPRESENTATION('',(#2909),#2913);
#2909 = ELLIPSE('',#2910,18.009549972249,18.);
#2910 = AXIS2_PLACEMENT_2D('',#2911,#2912);
#2911 = CARTESIAN_POINT('',(22.450590914543,17.));
#2912 = DIRECTION('',(1.,0.));
#2913 = ( GEOMETRIC_REPRESENTATION_CONTEXT(2) 
PARAMETRIC_REPRESENTATION_CONTEXT() REPRESENTATION_CONTEXT('2D SPACE',''
  ) );
#2914 = ORIENTED_EDGE('',*,*,#2915,.T.);
#2915 = EDGE_CURVE('',#2889,#2916,#2918,.T.);
#2916 = VERTEX_POINT('',#2917);
#2917 = CARTESIAN_POINT('',(40.915355683625,26.949308938544,
    12.747741635388));
#2918 = SURFACE_CURVE('',#2919,(#2924,#2934),.PCURVE_S1.);
#2919 = ELLIPSE('',#2920,219.90317778888,18.);
#2920 = AXIS2_PLACEMENT_3D('',#2921,#2922,#2923);
#2921 = CARTESIAN_POINT('',(61.80507043532,-87.94412219577,28.));
#2922 = DIRECTION('',(-0.9838699101,-0.1788854382,1.986027322598E-17));
#2923 = DIRECTION('',(-0.1788854382,0.9838699101,-1.092315027429E-16));
#2924 = PCURVE('',#2738,#2925);
#2925 = DEFINITIONAL_REPRESENTATION('',(#2926),#2933);
#2926 = B_SPLINE_CURVE_WITH_KNOTS('',5,(#2927,#2928,#2929,#2930,#2931,
    #2932),.UNSPECIFIED.,.F.,.F.,(6,6),(0.969736630957,1.014665419225),
  .PIECEWISE_BEZIER_KNOTS.);
#2927 = CARTESIAN_POINT('',(-11.5966339834,-27.44356511888));
#2928 = CARTESIAN_POINT('',(-11.58764822574,-29.06777360345));
#2929 = CARTESIAN_POINT('',(-11.57866246809,-30.70449149135));
#2930 = CARTESIAN_POINT('',(-11.56967671044,-32.35344556436));
#2931 = CARTESIAN_POINT('',(-11.56069095278,-34.01435839482));
#2932 = CARTESIAN_POINT('',(-11.55170519513,-35.68694862555));
#2933 = ( GEOMETRIC_REPRESENTATION_CONTEXT(2) 
PARAMETRIC_REPRESENTATION_CONTEXT() REPRESENTATION_CONTEXT('2D SPACE',''
  ) );
#2934 = PCURVE('',#1519,#2935);
#2935 = DEFINITIONAL_REPRESENTATION('',(#2936),#2940);
#2936 = ELLIPSE('',#2937,219.90317778888,18.);
#2937 = AXIS2_PLACEMENT_2D('',#2938,#2939);
#2938 = CARTESIAN_POINT('',(123.66967124684,17.));
#2939 = DIRECTION('',(-1.,0.));
#2940 = ( GEOMETRIC_REPRESENTATION_CONTEXT(2) 
PARAMETRIC_REPRESENTATION_CONTEXT() REPRESENTATION_CONTEXT('2D SPACE',''
  ) );
#2941 = ORIENTED_EDGE('',*,*,#2942,.T.);
#2942 = EDGE_CURVE('',#2916,#2723,#2943,.T.);
#2943 = SURFACE_CURVE('',#2944,(#2949,#2956),.PCURVE_S1.);
#2944 = CIRCLE('',#2945,18.);
#2945 = AXIS2_PLACEMENT_3D('',#2946,#2947,#2948);
#2946 = CARTESIAN_POINT('',(31.682367102281,24.475337104447,28.));
#2947 = DIRECTION('',(-0.258819045103,0.965925826289,-1.072393092426E-16
    ));
#2948 = DIRECTION('',(0.965925826289,0.258819045103,-2.873468630843E-17)
  );
#2949 = PCURVE('',#2738,#2950);
#2950 = DEFINITIONAL_REPRESENTATION('',(#2951),#2955);
#2951 = LINE('',#2952,#2953);
#2952 = CARTESIAN_POINT('',(-12.56637061435,-35.));
#2953 = VECTOR('',#2954,1.);
#2954 = DIRECTION('',(1.,-0.));
#2955 = ( GEOMETRIC_REPRESENTATION_CONTEXT(2) 
PARAMETRIC_REPRESENTATION_CONTEXT() REPRESENTATION_CONTEXT('2D SPACE',''
  ) );
#2956 = PCURVE('',#45,#2957);
#2957 = DEFINITIONAL_REPRESENTATION('',(#2958),#2966);
#2958 = ( BOUNDED_CURVE() B_SPLINE_CURVE(2,(#2959,#2960,#2961,#2962,
#2963,#2964,#2965),.UNSPECIFIED.,.T.,.F.) B_SPLINE_CURVE_WITH_KNOTS((1,2
    ,2,2,2,1),(-2.094395102393,0.,2.094395102393,4.188790204786,
6.28318530718,8.377580409573),.UNSPECIFIED.) CURVE() 
GEOMETRIC_REPRESENTATION_ITEM() RATIONAL_B_SPLINE_CURVE((1.,0.5,1.,0.5,
1.,0.5,1.)) REPRESENTATION_ITEM('') );
#2959 = CARTESIAN_POINT('',(18.,-3.552713678801E-15));
#2960 = CARTESIAN_POINT('',(18.,-31.17691453624));
#2961 = CARTESIAN_POINT('',(-9.,-15.58845726812));
#2962 = CARTESIAN_POINT('',(-36.,-7.961442155731E-15));
#2963 = CARTESIAN_POINT('',(-9.,15.58845726812));
#2964 = CARTESIAN_POINT('',(18.,31.17691453624));
#2965 = CARTESIAN_POINT('',(18.,-3.552713678801E-15));
#2966 = ( GEOMETRIC_REPRESENTATION_CONTEXT(2) 
PARAMETRIC_REPRESENTATION_CONTEXT() REPRESENTATION_CONTEXT('2D SPACE',''
  ) );
#2967 = ADVANCED_FACE('',(#2968),#2844,.F.);
#2968 = FACE_BOUND('',#2969,.F.);
#2969 = EDGE_LOOP('',(#2970,#2993,#3019));
#2970 = ORIENTED_EDGE('',*,*,#2971,.F.);
#2971 = EDGE_CURVE('',#2972,#2828,#2974,.T.);
#2972 = VERTEX_POINT('',#2973);
#2973 = CARTESIAN_POINT('',(43.964495304505,27.766323437568,14.));
#2974 = SURFACE_CURVE('',#2975,(#2979,#2986),.PCURVE_S1.);
#2975 = LINE('',#2976,#2977);
#2976 = CARTESIAN_POINT('',(47.151952526073,28.620400025996,14.));
#2977 = VECTOR('',#2978,1.);
#2978 = DIRECTION('',(-0.965925826289,-0.258819045103,2.873468630843E-17
    ));
#2979 = PCURVE('',#2844,#2980);
#2980 = DEFINITIONAL_REPRESENTATION('',(#2981),#2985);
#2981 = LINE('',#2982,#2983);
#2982 = CARTESIAN_POINT('',(16.01529331007,-14.));
#2983 = VECTOR('',#2984,1.);
#2984 = DIRECTION('',(-1.,0.));
#2985 = ( GEOMETRIC_REPRESENTATION_CONTEXT(2) 
PARAMETRIC_REPRESENTATION_CONTEXT() REPRESENTATION_CONTEXT('2D SPACE',''
  ) );
#2986 = PCURVE('',#2876,#2987);
#2987 = DEFINITIONAL_REPRESENTATION('',(#2988),#2992);
#2988 = LINE('',#2989,#2990);
#2989 = CARTESIAN_POINT('',(1.760299557561,-16.10858084131));
#2990 = VECTOR('',#2991,1.);
#2991 = DIRECTION('',(0.258819045103,-0.965925826289));
#2992 = ( GEOMETRIC_REPRESENTATION_CONTEXT(2) 
PARAMETRIC_REPRESENTATION_CONTEXT() REPRESENTATION_CONTEXT('2D SPACE',''
  ) );
#2993 = ORIENTED_EDGE('',*,*,#2994,.T.);
#2994 = EDGE_CURVE('',#2972,#2805,#2995,.T.);
#2995 = SURFACE_CURVE('',#2996,(#3001,#3012),.PCURVE_S1.);
#2996 = CIRCLE('',#2997,2.65);
#2997 = AXIS2_PLACEMENT_3D('',#2998,#2999,#3000);
#2998 = CARTESIAN_POINT('',(46.074661913989,28.331740876474,15.5));
#2999 = DIRECTION('',(-0.258819045103,0.965925826289,-1.072393092426E-16
    ));
#3000 = DIRECTION('',(0.965925826289,0.258819045103,-2.873468630843E-17)
  );
#3001 = PCURVE('',#2844,#3002);
#3002 = DEFINITIONAL_REPRESENTATION('',(#3003),#3011);
#3003 = ( BOUNDED_CURVE() B_SPLINE_CURVE(2,(#3004,#3005,#3006,#3007,
#3008,#3009,#3010),.UNSPECIFIED.,.T.,.F.) B_SPLINE_CURVE_WITH_KNOTS((1,2
    ,2,2,2,1),(-2.094395102393,0.,2.094395102393,4.188790204786,
6.28318530718,8.377580409573),.UNSPECIFIED.) CURVE() 
GEOMETRIC_REPRESENTATION_ITEM() RATIONAL_B_SPLINE_CURVE((1.,0.5,1.,0.5,
1.,0.5,1.)) REPRESENTATION_ITEM('') );
#3004 = CARTESIAN_POINT('',(17.55,-12.5));
#3005 = CARTESIAN_POINT('',(17.55,-17.08993464005));
#3006 = CARTESIAN_POINT('',(13.575,-14.79496732002));
#3007 = CARTESIAN_POINT('',(9.6,-12.5));
#3008 = CARTESIAN_POINT('',(13.575,-10.20503267997));
#3009 = CARTESIAN_POINT('',(17.55,-7.910065359942));
#3010 = CARTESIAN_POINT('',(17.55,-12.5));
#3011 = ( GEOMETRIC_REPRESENTATION_CONTEXT(2) 
PARAMETRIC_REPRESENTATION_CONTEXT() REPRESENTATION_CONTEXT('2D SPACE',''
  ) );
#3012 = PCURVE('',#1799,#3013);
#3013 = DEFINITIONAL_REPRESENTATION('',(#3014),#3018);
#3014 = LINE('',#3015,#3016);
#3015 = CARTESIAN_POINT('',(-6.28318530718,-35.));
#3016 = VECTOR('',#3017,1.);
#3017 = DIRECTION('',(1.,-0.));
#3018 = ( GEOMETRIC_REPRESENTATION_CONTEXT(2) 
PARAMETRIC_REPRESENTATION_CONTEXT() REPRESENTATION_CONTEXT('2D SPACE',''
  ) );
#3019 = ORIENTED_EDGE('',*,*,#2827,.T.);
#3020 = ADVANCED_FACE('',(#3021),#2876,.T.);
#3021 = FACE_BOUND('',#3022,.T.);
#3022 = EDGE_LOOP('',(#3023,#3024,#3047,#3068));
#3023 = ORIENTED_EDGE('',*,*,#2971,.F.);
#3024 = ORIENTED_EDGE('',*,*,#3025,.T.);
#3025 = EDGE_CURVE('',#2972,#3026,#3028,.T.);
#3026 = VERTEX_POINT('',#3027);
#3027 = CARTESIAN_POINT('',(42.208401645451,34.320154196008,14.));
#3028 = SURFACE_CURVE('',#3029,(#3033,#3040),.PCURVE_S1.);
#3029 = LINE('',#3030,#3031);
#3030 = CARTESIAN_POINT('',(34.905828725916,61.573727357685,14.));
#3031 = VECTOR('',#3032,1.);
#3032 = DIRECTION('',(-0.258819045103,0.965925826289,-1.072393092426E-16
    ));
#3033 = PCURVE('',#2876,#3034);
#3034 = DEFINITIONAL_REPRESENTATION('',(#3035),#3039);
#3035 = LINE('',#3036,#3037);
#3036 = CARTESIAN_POINT('',(-31.19302777412,-28.35470464146));
#3037 = VECTOR('',#3038,1.);
#3038 = DIRECTION('',(-0.965925826289,-0.258819045103));
#3039 = ( GEOMETRIC_REPRESENTATION_CONTEXT(2) 
PARAMETRIC_REPRESENTATION_CONTEXT() REPRESENTATION_CONTEXT('2D SPACE',''
  ) );
#3040 = PCURVE('',#1799,#3041);
#3041 = DEFINITIONAL_REPRESENTATION('',(#3042),#3046);
#3042 = LINE('',#3043,#3044);
#3043 = CARTESIAN_POINT('',(-3.74328417263,-1.7763568394E-15));
#3044 = VECTOR('',#3045,1.);
#3045 = DIRECTION('',(-0.,1.));
#3046 = ( GEOMETRIC_REPRESENTATION_CONTEXT(2) 
PARAMETRIC_REPRESENTATION_CONTEXT() REPRESENTATION_CONTEXT('2D SPACE',''
  ) );
#3047 = ORIENTED_EDGE('',*,*,#3048,.T.);
#3048 = EDGE_CURVE('',#3026,#2861,#3049,.T.);
#3049 = SURFACE_CURVE('',#3050,(#3054,#3061),.PCURVE_S1.);
#3050 = LINE('',#3051,#3052);
#3051 = CARTESIAN_POINT('',(51.682367102281,36.530746135935,14.));
#3052 = VECTOR('',#3053,1.);
#3053 = DIRECTION('',(-0.973841209742,-0.227229615606,2.52275551123E-17)
  );
#3054 = PCURVE('',#2876,#3055);
#3055 = DEFINITIONAL_REPRESENTATION('',(#3056),#3060);
#3056 = LINE('',#3057,#3058);
#3057 = CARTESIAN_POINT('',(-6.150046552378,-11.5781662651));
#3058 = VECTOR('',#3059,1.);
#3059 = DIRECTION('',(0.227229615606,-0.973841209742));
#3060 = ( GEOMETRIC_REPRESENTATION_CONTEXT(2) 
PARAMETRIC_REPRESENTATION_CONTEXT() REPRESENTATION_CONTEXT('2D SPACE',''
  ) );
#3061 = PCURVE('',#1491,#3062);
#3062 = DEFINITIONAL_REPRESENTATION('',(#3063),#3067);
#3063 = LINE('',#3064,#3065);
#3064 = CARTESIAN_POINT('',(7.568266533689E-17,3.));
#3065 = VECTOR('',#3066,1.);
#3066 = DIRECTION('',(1.,0.));
#3067 = ( GEOMETRIC_REPRESENTATION_CONTEXT(2) 
PARAMETRIC_REPRESENTATION_CONTEXT() REPRESENTATION_CONTEXT('2D SPACE',''
  ) );
#3068 = ORIENTED_EDGE('',*,*,#2860,.F.);
#3069 = ADVANCED_FACE('',(#3070,#3101),#2157,.T.);
#3070 = FACE_BOUND('',#3071,.T.);
#3071 = EDGE_LOOP('',(#3072));
#3072 = ORIENTED_EDGE('',*,*,#3073,.T.);
#3073 = EDGE_CURVE('',#3074,#3074,#3076,.T.);
#3074 = VERTEX_POINT('',#3075);
#3075 = CARTESIAN_POINT('',(54.864835889789,27.788287589471,28.));
#3076 = SURFACE_CURVE('',#3077,(#3082,#3089),.PCURVE_S1.);
#3077 = CIRCLE('',#3078,23.25);
#3078 = AXIS2_PLACEMENT_3D('',#3079,#3080,#3081);
#3079 = CARTESIAN_POINT('',(32.407060428568,21.770744790837,28.));
#3080 = DIRECTION('',(0.258819045103,-0.965925826289,1.072393092426E-16)
  );
#3081 = DIRECTION('',(0.965925826289,0.258819045103,-2.873468630843E-17)
  );
#3082 = PCURVE('',#2157,#3083);
#3083 = DEFINITIONAL_REPRESENTATION('',(#3084),#3088);
#3084 = CIRCLE('',#3085,23.25);
#3085 = AXIS2_PLACEMENT_2D('',#3086,#3087);
#3086 = CARTESIAN_POINT('',(0.,0.));
#3087 = DIRECTION('',(1.,0.));
#3088 = ( GEOMETRIC_REPRESENTATION_CONTEXT(2) 
PARAMETRIC_REPRESENTATION_CONTEXT() REPRESENTATION_CONTEXT('2D SPACE',''
  ) );
#3089 = PCURVE('',#3090,#3095);
#3090 = CYLINDRICAL_SURFACE('',#3091,23.25);
#3091 = AXIS2_PLACEMENT_3D('',#3092,#3093,#3094);
#3092 = CARTESIAN_POINT('',(32.407060428568,21.770744790837,28.));
#3093 = DIRECTION('',(-0.258819045103,0.965925826289,-1.072393092426E-16
    ));
#3094 = DIRECTION('',(0.965925826289,0.258819045103,-2.873468630843E-17)
  );
#3095 = DEFINITIONAL_REPRESENTATION('',(#3096),#3100);
#3096 = LINE('',#3097,#3098);
#3097 = CARTESIAN_POINT('',(-0.,0.));
#3098 = VECTOR('',#3099,1.);
#3099 = DIRECTION('',(-1.,0.));
#3100 = ( GEOMETRIC_REPRESENTATION_CONTEXT(2) 
PARAMETRIC_REPRESENTATION_CONTEXT() REPRESENTATION_CONTEXT('2D SPACE',''
  ) );
#3101 = FACE_BOUND('',#3102,.T.);
#3102 = EDGE_LOOP('',(#3103,#3127,#3128,#3129,#3130,#3131,#3132,#3133));
#3103 = ORIENTED_EDGE('',*,*,#3104,.F.);
#3104 = EDGE_CURVE('',#2781,#3105,#3107,.T.);
#3105 = VERTEX_POINT('',#3106);
#3106 = CARTESIAN_POINT('',(46.956328202181,25.669209341241,
    18.145012359168));
#3107 = SURFACE_CURVE('',#3108,(#3113,#3120),.PCURVE_S1.);
#3108 = CIRCLE('',#3109,2.65);
#3109 = AXIS2_PLACEMENT_3D('',#3110,#3111,#3112);
#3110 = CARTESIAN_POINT('',(46.799355240276,25.627148562865,15.5));
#3111 = DIRECTION('',(0.258819045103,-0.965925826289,4.163336342344E-17)
  );
#3112 = DIRECTION('',(-0.939128820617,-0.251638809073,-0.233912308474));
#3113 = PCURVE('',#2157,#3114);
#3114 = DEFINITIONAL_REPRESENTATION('',(#3115),#3119);
#3115 = CIRCLE('',#3116,2.65);
#3116 = AXIS2_PLACEMENT_2D('',#3117,#3118);
#3117 = CARTESIAN_POINT('',(14.9,-12.5));
#3118 = DIRECTION('',(-0.972257698321,-0.233912308474));
#3119 = ( GEOMETRIC_REPRESENTATION_CONTEXT(2) 
PARAMETRIC_REPRESENTATION_CONTEXT() REPRESENTATION_CONTEXT('2D SPACE',''
  ) );
#3120 = PCURVE('',#1799,#3121);
#3121 = DEFINITIONAL_REPRESENTATION('',(#3122),#3126);
#3122 = LINE('',#3123,#3124);
#3123 = CARTESIAN_POINT('',(-3.377692343252,-37.8));
#3124 = VECTOR('',#3125,1.);
#3125 = DIRECTION('',(-1.,0.));
#3126 = ( GEOMETRIC_REPRESENTATION_CONTEXT(2) 
PARAMETRIC_REPRESENTATION_CONTEXT() REPRESENTATION_CONTEXT('2D SPACE',''
  ) );
#3127 = ORIENTED_EDGE('',*,*,#2780,.F.);
#3128 = ORIENTED_EDGE('',*,*,#2698,.F.);
#3129 = ORIENTED_EDGE('',*,*,#2616,.F.);
#3130 = ORIENTED_EDGE('',*,*,#2534,.F.);
#3131 = ORIENTED_EDGE('',*,*,#2398,.F.);
#3132 = ORIENTED_EDGE('',*,*,#2140,.T.);
#3133 = ORIENTED_EDGE('',*,*,#3134,.F.);
#3134 = EDGE_CURVE('',#3105,#2113,#3135,.T.);
#3135 = SURFACE_CURVE('',#3136,(#3141,#3148),.PCURVE_S1.);
#3136 = CIRCLE('',#3137,18.);
#3137 = AXIS2_PLACEMENT_3D('',#3138,#3139,#3140);
#3138 = CARTESIAN_POINT('',(32.407060428568,21.770744790837,28.));
#3139 = DIRECTION('',(0.258819045103,-0.965925826289,5.551115123126E-17)
  );
#3140 = DIRECTION('',(0.80829265409,0.216581363911,-0.54749931338));
#3141 = PCURVE('',#2157,#3142);
#3142 = DEFINITIONAL_REPRESENTATION('',(#3143),#3147);
#3143 = CIRCLE('',#3144,18.);
#3144 = AXIS2_PLACEMENT_2D('',#3145,#3146);
#3145 = CARTESIAN_POINT('',(0.,0.));
#3146 = DIRECTION('',(0.836806131579,-0.54749931338));
#3147 = ( GEOMETRIC_REPRESENTATION_CONTEXT(2) 
PARAMETRIC_REPRESENTATION_CONTEXT() REPRESENTATION_CONTEXT('2D SPACE',''
  ) );
#3148 = PCURVE('',#2128,#3149);
#3149 = DEFINITIONAL_REPRESENTATION('',(#3150),#3154);
#3150 = LINE('',#3151,#3152);
#3151 = CARTESIAN_POINT('',(-5.703812371284,-37.8));
#3152 = VECTOR('',#3153,1.);
#3153 = DIRECTION('',(-1.,0.));
#3154 = ( GEOMETRIC_REPRESENTATION_CONTEXT(2) 
PARAMETRIC_REPRESENTATION_CONTEXT() REPRESENTATION_CONTEXT('2D SPACE',''
  ) );
#3155 = ADVANCED_FACE('',(#3156),#3090,.F.);
#3156 = FACE_BOUND('',#3157,.T.);
#3157 = EDGE_LOOP('',(#3158,#3181,#3182,#3183,#3211,#3234,#3262,#3285));
#3158 = ORIENTED_EDGE('',*,*,#3159,.F.);
#3159 = EDGE_CURVE('',#3074,#3160,#3162,.T.);
#3160 = VERTEX_POINT('',#3161);
#3161 = CARTESIAN_POINT('',(58.423597759949,14.506807477996,28.));
#3162 = SEAM_CURVE('',#3163,(#3167,#3174),.PCURVE_S1.);
#3163 = LINE('',#3164,#3165);
#3164 = CARTESIAN_POINT('',(54.864835889789,27.788287589471,28.));
#3165 = VECTOR('',#3166,1.);
#3166 = DIRECTION('',(0.258819045103,-0.965925826289,1.072393092426E-16)
  );
#3167 = PCURVE('',#3090,#3168);
#3168 = DEFINITIONAL_REPRESENTATION('',(#3169),#3173);
#3169 = LINE('',#3170,#3171);
#3170 = CARTESIAN_POINT('',(-6.28318530718,0.));
#3171 = VECTOR('',#3172,1.);
#3172 = DIRECTION('',(-0.,-1.));
#3173 = ( GEOMETRIC_REPRESENTATION_CONTEXT(2) 
PARAMETRIC_REPRESENTATION_CONTEXT() REPRESENTATION_CONTEXT('2D SPACE',''
  ) );
#3174 = PCURVE('',#3090,#3175);
#3175 = DEFINITIONAL_REPRESENTATION('',(#3176),#3180);
#3176 = LINE('',#3177,#3178);
#3177 = CARTESIAN_POINT('',(-0.,0.));
#3178 = VECTOR('',#3179,1.);
#3179 = DIRECTION('',(-0.,-1.));
#3180 = ( GEOMETRIC_REPRESENTATION_CONTEXT(2) 
PARAMETRIC_REPRESENTATION_CONTEXT() REPRESENTATION_CONTEXT('2D SPACE',''
  ) );
#3181 = ORIENTED_EDGE('',*,*,#3073,.F.);
#3182 = ORIENTED_EDGE('',*,*,#3159,.T.);
#3183 = ORIENTED_EDGE('',*,*,#3184,.F.);
#3184 = EDGE_CURVE('',#3185,#3160,#3187,.T.);
#3185 = VERTEX_POINT('',#3186);
#3186 = CARTESIAN_POINT('',(45.335302813732,10.999809416857,
    49.129895882375));
#3187 = SURFACE_CURVE('',#3188,(#3193,#3200),.PCURVE_S1.);
#3188 = CIRCLE('',#3189,23.25);
#3189 = AXIS2_PLACEMENT_3D('',#3190,#3191,#3192);
#3190 = CARTESIAN_POINT('',(35.965822298728,8.489264679363,28.));
#3191 = DIRECTION('',(-0.258819045103,0.965925826289,-1.072393092426E-16
    ));
#3192 = DIRECTION('',(0.965925826289,0.258819045103,-2.873468630843E-17)
  );
#3193 = PCURVE('',#3090,#3194);
#3194 = DEFINITIONAL_REPRESENTATION('',(#3195),#3199);
#3195 = LINE('',#3196,#3197);
#3196 = CARTESIAN_POINT('',(-6.28318530718,-13.75));
#3197 = VECTOR('',#3198,1.);
#3198 = DIRECTION('',(1.,-0.));
#3199 = ( GEOMETRIC_REPRESENTATION_CONTEXT(2) 
PARAMETRIC_REPRESENTATION_CONTEXT() REPRESENTATION_CONTEXT('2D SPACE',''
  ) );
#3200 = PCURVE('',#102,#3201);
#3201 = DEFINITIONAL_REPRESENTATION('',(#3202),#3210);
#3202 = ( BOUNDED_CURVE() B_SPLINE_CURVE(2,(#3203,#3204,#3205,#3206,
#3207,#3208,#3209),.UNSPECIFIED.,.T.,.F.) B_SPLINE_CURVE_WITH_KNOTS((1,2
    ,2,2,2,1),(-2.094395102393,0.,2.094395102393,4.188790204786,
6.28318530718,8.377580409573),.UNSPECIFIED.) CURVE() 
GEOMETRIC_REPRESENTATION_ITEM() RATIONAL_B_SPLINE_CURVE((1.,0.5,1.,0.5,
1.,0.5,1.)) REPRESENTATION_ITEM('') );
#3203 = CARTESIAN_POINT('',(23.25,0.));
#3204 = CARTESIAN_POINT('',(23.25,-40.27018127597));
#3205 = CARTESIAN_POINT('',(-11.625,-20.13509063798));
#3206 = CARTESIAN_POINT('',(-46.5,-5.694607616035E-15));
#3207 = CARTESIAN_POINT('',(-11.625,20.135090637988));
#3208 = CARTESIAN_POINT('',(23.25,40.270181275976));
#3209 = CARTESIAN_POINT('',(23.25,0.));
#3210 = ( GEOMETRIC_REPRESENTATION_CONTEXT(2) 
PARAMETRIC_REPRESENTATION_CONTEXT() REPRESENTATION_CONTEXT('2D SPACE',''
  ) );
#3211 = ORIENTED_EDGE('',*,*,#3212,.T.);
#3212 = EDGE_CURVE('',#3185,#3213,#3215,.T.);
#3213 = VERTEX_POINT('',#3214);
#3214 = CARTESIAN_POINT('',(42.397706651819,21.963067545238,
    49.129895882375));
#3215 = SURFACE_CURVE('',#3216,(#3220,#3227),.PCURVE_S1.);
#3216 = LINE('',#3217,#3218);
#3217 = CARTESIAN_POINT('',(41.776540943572,24.281289528332,
    49.129895882375));
#3218 = VECTOR('',#3219,1.);
#3219 = DIRECTION('',(-0.258819045103,0.965925826289,-1.072393092426E-16
    ));
#3220 = PCURVE('',#3090,#3221);
#3221 = DEFINITIONAL_REPRESENTATION('',(#3222),#3226);
#3222 = LINE('',#3223,#3224);
#3223 = CARTESIAN_POINT('',(-1.140429396889,4.440892098501E-16));
#3224 = VECTOR('',#3225,1.);
#3225 = DIRECTION('',(-0.,1.));
#3226 = ( GEOMETRIC_REPRESENTATION_CONTEXT(2) 
PARAMETRIC_REPRESENTATION_CONTEXT() REPRESENTATION_CONTEXT('2D SPACE',''
  ) );
#3227 = PCURVE('',#134,#3228);
#3228 = DEFINITIONAL_REPRESENTATION('',(#3229),#3233);
#3229 = LINE('',#3230,#3231);
#3230 = CARTESIAN_POINT('',(-2.4,-4.129895882375));
#3231 = VECTOR('',#3232,1.);
#3232 = DIRECTION('',(-1.,0.));
#3233 = ( GEOMETRIC_REPRESENTATION_CONTEXT(2) 
PARAMETRIC_REPRESENTATION_CONTEXT() REPRESENTATION_CONTEXT('2D SPACE',''
  ) );
#3234 = ORIENTED_EDGE('',*,*,#3235,.F.);
#3235 = EDGE_CURVE('',#3236,#3213,#3238,.T.);
#3236 = VERTEX_POINT('',#3237);
#3237 = CARTESIAN_POINT('',(26.942893431193,17.821962823598,
    50.380180964416));
#3238 = SURFACE_CURVE('',#3239,(#3244,#3251),.PCURVE_S1.);
#3239 = CIRCLE('',#3240,23.25);
#3240 = AXIS2_PLACEMENT_3D('',#3241,#3242,#3243);
#3241 = CARTESIAN_POINT('',(33.028226136815,19.452522807744,28.));
#3242 = DIRECTION('',(-0.258819045103,0.965925826289,-1.072393092426E-16
    ));
#3243 = DIRECTION('',(0.965925826289,0.258819045103,-2.873468630843E-17)
  );
#3244 = PCURVE('',#3090,#3245);
#3245 = DEFINITIONAL_REPRESENTATION('',(#3246),#3250);
#3246 = LINE('',#3247,#3248);
#3247 = CARTESIAN_POINT('',(-6.28318530718,-2.4));
#3248 = VECTOR('',#3249,1.);
#3249 = DIRECTION('',(1.,-0.));
#3250 = ( GEOMETRIC_REPRESENTATION_CONTEXT(2) 
PARAMETRIC_REPRESENTATION_CONTEXT() REPRESENTATION_CONTEXT('2D SPACE',''
  ) );
#3251 = PCURVE('',#163,#3252);
#3252 = DEFINITIONAL_REPRESENTATION('',(#3253),#3261);
#3253 = ( BOUNDED_CURVE() B_SPLINE_CURVE(2,(#3254,#3255,#3256,#3257,
#3258,#3259,#3260),.UNSPECIFIED.,.T.,.F.) B_SPLINE_CURVE_WITH_KNOTS((1,2
    ,2,2,2,1),(-2.094395102393,0.,2.094395102393,4.188790204786,
6.28318530718,8.377580409573),.UNSPECIFIED.) CURVE() 
GEOMETRIC_REPRESENTATION_ITEM() RATIONAL_B_SPLINE_CURVE((1.,0.5,1.,0.5,
1.,0.5,1.)) REPRESENTATION_ITEM('') );
#3254 = CARTESIAN_POINT('',(29.55,-17.));
#3255 = CARTESIAN_POINT('',(29.55,-57.27018127597));
#3256 = CARTESIAN_POINT('',(-5.325,-37.13509063798));
#3257 = CARTESIAN_POINT('',(-40.2,-17.));
#3258 = CARTESIAN_POINT('',(-5.325,3.135090637988));
#3259 = CARTESIAN_POINT('',(29.55,23.270181275976));
#3260 = CARTESIAN_POINT('',(29.55,-17.));
#3261 = ( GEOMETRIC_REPRESENTATION_CONTEXT(2) 
PARAMETRIC_REPRESENTATION_CONTEXT() REPRESENTATION_CONTEXT('2D SPACE',''
  ) );
#3262 = ORIENTED_EDGE('',*,*,#3263,.F.);
#3263 = EDGE_CURVE('',#3264,#3236,#3266,.T.);
#3264 = VERTEX_POINT('',#3265);
#3265 = CARTESIAN_POINT('',(29.880489593107,6.858704695217,
    50.380180964416));
#3266 = SURFACE_CURVE('',#3267,(#3271,#3278),.PCURVE_S1.);
#3267 = LINE('',#3268,#3269);
#3268 = CARTESIAN_POINT('',(26.321727722947,20.140184806691,
    50.380180964416));
#3269 = VECTOR('',#3270,1.);
#3270 = DIRECTION('',(-0.258819045103,0.965925826289,-1.072393092426E-16
    ));
#3271 = PCURVE('',#3090,#3272);
#3272 = DEFINITIONAL_REPRESENTATION('',(#3273),#3277);
#3273 = LINE('',#3274,#3275);
#3274 = CARTESIAN_POINT('',(-1.845194570012,-4.440892098501E-16));
#3275 = VECTOR('',#3276,1.);
#3276 = DIRECTION('',(-0.,1.));
#3277 = ( GEOMETRIC_REPRESENTATION_CONTEXT(2) 
PARAMETRIC_REPRESENTATION_CONTEXT() REPRESENTATION_CONTEXT('2D SPACE',''
  ) );
#3278 = PCURVE('',#195,#3279);
#3279 = DEFINITIONAL_REPRESENTATION('',(#3280),#3284);
#3280 = LINE('',#3281,#3282);
#3281 = CARTESIAN_POINT('',(-2.4,-5.380180964416));
#3282 = VECTOR('',#3283,1.);
#3283 = DIRECTION('',(-1.,0.));
#3284 = ( GEOMETRIC_REPRESENTATION_CONTEXT(2) 
PARAMETRIC_REPRESENTATION_CONTEXT() REPRESENTATION_CONTEXT('2D SPACE',''
  ) );
#3285 = ORIENTED_EDGE('',*,*,#3286,.F.);
#3286 = EDGE_CURVE('',#3160,#3264,#3287,.T.);
#3287 = SURFACE_CURVE('',#3288,(#3293,#3300),.PCURVE_S1.);
#3288 = CIRCLE('',#3289,23.25);
#3289 = AXIS2_PLACEMENT_3D('',#3290,#3291,#3292);
#3290 = CARTESIAN_POINT('',(35.965822298728,8.489264679363,28.));
#3291 = DIRECTION('',(-0.258819045103,0.965925826289,-1.072393092426E-16
    ));
#3292 = DIRECTION('',(0.965925826289,0.258819045103,-2.873468630843E-17)
  );
#3293 = PCURVE('',#3090,#3294);
#3294 = DEFINITIONAL_REPRESENTATION('',(#3295),#3299);
#3295 = LINE('',#3296,#3297);
#3296 = CARTESIAN_POINT('',(-6.28318530718,-13.75));
#3297 = VECTOR('',#3298,1.);
#3298 = DIRECTION('',(1.,-0.));
#3299 = ( GEOMETRIC_REPRESENTATION_CONTEXT(2) 
PARAMETRIC_REPRESENTATION_CONTEXT() REPRESENTATION_CONTEXT('2D SPACE',''
  ) );
#3300 = PCURVE('',#102,#3301);
#3301 = DEFINITIONAL_REPRESENTATION('',(#3302),#3310);
#3302 = ( BOUNDED_CURVE() B_SPLINE_CURVE(2,(#3303,#3304,#3305,#3306,
#3307,#3308,#3309),.UNSPECIFIED.,.T.,.F.) B_SPLINE_CURVE_WITH_KNOTS((1,2
    ,2,2,2,1),(-2.094395102393,0.,2.094395102393,4.188790204786,
6.28318530718,8.377580409573),.UNSPECIFIED.) CURVE() 
GEOMETRIC_REPRESENTATION_ITEM() RATIONAL_B_SPLINE_CURVE((1.,0.5,1.,0.5,
1.,0.5,1.)) REPRESENTATION_ITEM('') );
#3303 = CARTESIAN_POINT('',(23.25,0.));
#3304 = CARTESIAN_POINT('',(23.25,-40.27018127597));
#3305 = CARTESIAN_POINT('',(-11.625,-20.13509063798));
#3306 = CARTESIAN_POINT('',(-46.5,-5.694607616035E-15));
#3307 = CARTESIAN_POINT('',(-11.625,20.135090637988));
#3308 = CARTESIAN_POINT('',(23.25,40.270181275976));
#3309 = CARTESIAN_POINT('',(23.25,0.));
#3310 = ( GEOMETRIC_REPRESENTATION_CONTEXT(2) 
PARAMETRIC_REPRESENTATION_CONTEXT() REPRESENTATION_CONTEXT('2D SPACE',''
  ) );
#3311 = ADVANCED_FACE('',(#3312),#2128,.F.);
#3312 = FACE_BOUND('',#3313,.T.);
#3313 = EDGE_LOOP('',(#3314,#3315,#3343,#3364));
#3314 = ORIENTED_EDGE('',*,*,#2112,.T.);
#3315 = ORIENTED_EDGE('',*,*,#3316,.T.);
#3316 = EDGE_CURVE('',#2085,#3317,#3319,.T.);
#3317 = VERTEX_POINT('',#3318);
#3318 = CARTESIAN_POINT('',(46.231634875895,28.373801654851,
    18.145012359168));
#3319 = SURFACE_CURVE('',#3320,(#3325,#3332),.PCURVE_S1.);
#3320 = CIRCLE('',#3321,18.);
#3321 = AXIS2_PLACEMENT_3D('',#3322,#3323,#3324);
#3322 = CARTESIAN_POINT('',(31.682367102281,24.475337104447,28.));
#3323 = DIRECTION('',(-0.258819045103,0.965925826289,5.551115123126E-17)
  );
#3324 = DIRECTION('',(0.607122401682,0.162677957238,0.777777777778));
#3325 = PCURVE('',#2128,#3326);
#3326 = DEFINITIONAL_REPRESENTATION('',(#3327),#3331);
#3327 = LINE('',#3328,#3329);
#3328 = CARTESIAN_POINT('',(-7.174307815066,-35.));
#3329 = VECTOR('',#3330,1.);
#3330 = DIRECTION('',(1.,-0.));
#3331 = ( GEOMETRIC_REPRESENTATION_CONTEXT(2) 
PARAMETRIC_REPRESENTATION_CONTEXT() REPRESENTATION_CONTEXT('2D SPACE',''
  ) );
#3332 = PCURVE('',#1825,#3333);
#3333 = DEFINITIONAL_REPRESENTATION('',(#3334),#3342);
#3334 = ( BOUNDED_CURVE() B_SPLINE_CURVE(2,(#3335,#3336,#3337,#3338,
#3339,#3340,#3341),.UNSPECIFIED.,.T.,.F.) B_SPLINE_CURVE_WITH_KNOTS((1,2
    ,2,2,2,1),(-2.094395102393,0.,2.094395102393,4.188790204786,
6.28318530718,8.377580409573),.UNSPECIFIED.) CURVE() 
GEOMETRIC_REPRESENTATION_ITEM() RATIONAL_B_SPLINE_CURVE((1.,0.5,1.,0.5,
1.,0.5,1.)) REPRESENTATION_ITEM('') );
#3335 = CARTESIAN_POINT('',(11.313708498985,14.));
#3336 = CARTESIAN_POINT('',(35.562419804949,-5.595917942265));
#3337 = CARTESIAN_POINT('',(6.46750140349,-16.79795897113));
#3338 = CARTESIAN_POINT('',(-22.62741699797,-28.));
#3339 = CARTESIAN_POINT('',(-17.78120990247,2.797958971133));
#3340 = CARTESIAN_POINT('',(-12.93500280698,33.595917942265));
#3341 = CARTESIAN_POINT('',(11.313708498985,14.));
#3342 = ( GEOMETRIC_REPRESENTATION_CONTEXT(2) 
PARAMETRIC_REPRESENTATION_CONTEXT() REPRESENTATION_CONTEXT('2D SPACE',''
  ) );
#3343 = ORIENTED_EDGE('',*,*,#3344,.F.);
#3344 = EDGE_CURVE('',#3105,#3317,#3345,.T.);
#3345 = SURFACE_CURVE('',#3346,(#3350,#3357),.PCURVE_S1.);
#3346 = LINE('',#3347,#3348);
#3347 = CARTESIAN_POINT('',(37.172968297306,62.181205574968,
    18.145012359168));
#3348 = VECTOR('',#3349,1.);
#3349 = DIRECTION('',(-0.258819045103,0.965925826289,-1.072393092426E-16
    ));
#3350 = PCURVE('',#2128,#3351);
#3351 = DEFINITIONAL_REPRESENTATION('',(#3352),#3356);
#3352 = LINE('',#3353,#3354);
#3353 = CARTESIAN_POINT('',(-5.703812371284,4.440892098501E-16));
#3354 = VECTOR('',#3355,1.);
#3355 = DIRECTION('',(-0.,1.));
#3356 = ( GEOMETRIC_REPRESENTATION_CONTEXT(2) 
PARAMETRIC_REPRESENTATION_CONTEXT() REPRESENTATION_CONTEXT('2D SPACE',''
  ) );
#3357 = PCURVE('',#1799,#3358);
#3358 = DEFINITIONAL_REPRESENTATION('',(#3359),#3363);
#3359 = LINE('',#3360,#3361);
#3360 = CARTESIAN_POINT('',(-7.792618464017,-9.992007221626E-16));
#3361 = VECTOR('',#3362,1.);
#3362 = DIRECTION('',(-0.,1.));
#3363 = ( GEOMETRIC_REPRESENTATION_CONTEXT(2) 
PARAMETRIC_REPRESENTATION_CONTEXT() REPRESENTATION_CONTEXT('2D SPACE',''
  ) );
#3364 = ORIENTED_EDGE('',*,*,#3134,.T.);
#3365 = ADVANCED_FACE('',(#3366),#1799,.F.);
#3366 = FACE_BOUND('',#3367,.T.);
#3367 = EDGE_LOOP('',(#3368,#3369,#3370,#3396,#3397,#3424,#3425,#3426));
#3368 = ORIENTED_EDGE('',*,*,#3104,.T.);
#3369 = ORIENTED_EDGE('',*,*,#3344,.T.);
#3370 = ORIENTED_EDGE('',*,*,#3371,.T.);
#3371 = EDGE_CURVE('',#3317,#1784,#3372,.T.);
#3372 = SURFACE_CURVE('',#3373,(#3378,#3385),.PCURVE_S1.);
#3373 = CIRCLE('',#3374,2.65);
#3374 = AXIS2_PLACEMENT_3D('',#3375,#3376,#3377);
#3375 = CARTESIAN_POINT('',(46.074661913989,28.331740876474,15.5));
#3376 = DIRECTION('',(-0.258819045103,0.965925826289,7.095019016745E-16)
  );
#3377 = DIRECTION('',(5.923507996454E-02,1.587199184009E-02,
    0.998117871384));
#3378 = PCURVE('',#1799,#3379);
#3379 = DEFINITIONAL_REPRESENTATION('',(#3380),#3384);
#3380 = LINE('',#3381,#3382);
#3381 = CARTESIAN_POINT('',(-7.792618464017,-35.));
#3382 = VECTOR('',#3383,1.);
#3383 = DIRECTION('',(1.,-0.));
#3384 = ( GEOMETRIC_REPRESENTATION_CONTEXT(2) 
PARAMETRIC_REPRESENTATION_CONTEXT() REPRESENTATION_CONTEXT('2D SPACE',''
  ) );
#3385 = PCURVE('',#1825,#3386);
#3386 = DEFINITIONAL_REPRESENTATION('',(#3387),#3395);
#3387 = ( BOUNDED_CURVE() B_SPLINE_CURVE(2,(#3388,#3389,#3390,#3391,
#3392,#3393,#3394),.UNSPECIFIED.,.T.,.F.) B_SPLINE_CURVE_WITH_KNOTS((1,2
    ,2,2,2,1),(-2.094395102393,0.,2.094395102393,4.188790204786,
6.28318530718,8.377580409573),.UNSPECIFIED.) CURVE() 
GEOMETRIC_REPRESENTATION_ITEM() RATIONAL_B_SPLINE_CURVE((1.,0.5,1.,0.5,
1.,0.5,1.)) REPRESENTATION_ITEM('') );
#3388 = CARTESIAN_POINT('',(15.06251036843,-9.854987640832));
#3389 = CARTESIAN_POINT('',(19.643806161157,-10.1364638557));
#3390 = CARTESIAN_POINT('',(17.109392712149,-13.96324428702));
#3391 = CARTESIAN_POINT('',(14.574979263141,-17.79002471833));
#3392 = CARTESIAN_POINT('',(12.528096919422,-13.68176807214));
#3393 = CARTESIAN_POINT('',(10.481214575703,-9.573511425955));
#3394 = CARTESIAN_POINT('',(15.06251036843,-9.854987640832));
#3395 = ( GEOMETRIC_REPRESENTATION_CONTEXT(2) 
PARAMETRIC_REPRESENTATION_CONTEXT() REPRESENTATION_CONTEXT('2D SPACE',''
  ) );
#3396 = ORIENTED_EDGE('',*,*,#1783,.T.);
#3397 = ORIENTED_EDGE('',*,*,#3398,.T.);
#3398 = EDGE_CURVE('',#1761,#3026,#3399,.T.);
#3399 = SURFACE_CURVE('',#3400,(#3405,#3417),.PCURVE_S1.);
#3400 = ELLIPSE('',#3401,2.651405968137,2.65);
#3401 = AXIS2_PLACEMENT_3D('',#3402,#3403,#3404);
#3402 = CARTESIAN_POINT('',(44.336988974701,34.816824572833,15.5));
#3403 = DIRECTION('',(-0.227229615606,0.973841209742,-1.081180933384E-16
    ));
#3404 = DIRECTION('',(-0.973841209742,-0.227229615606,2.52275551123E-17)
  );
#3405 = PCURVE('',#1799,#3406);
#3406 = DEFINITIONAL_REPRESENTATION('',(#3407),#3416);
#3407 = B_SPLINE_CURVE_WITH_KNOTS('',7,(#3408,#3409,#3410,#3411,#3412,
    #3413,#3414,#3415),.UNSPECIFIED.,.F.,.F.,(8,8),(3.488108316614,
    5.936669644156),.PIECEWISE_BEZIER_KNOTS.);
#3408 = CARTESIAN_POINT('',(-5.936669644156,-28.36735004506));
#3409 = CARTESIAN_POINT('',(-5.586875168793,-28.3570936946));
#3410 = CARTESIAN_POINT('',(-5.23708069343,-28.33524537278));
#3411 = CARTESIAN_POINT('',(-4.887286218065,-28.30385888314));
#3412 = CARTESIAN_POINT('',(-4.537491742704,-28.26843575925));
#3413 = CARTESIAN_POINT('',(-4.187697267339,-28.2370492696));
#3414 = CARTESIAN_POINT('',(-3.837902791977,-28.21520094778));
#3415 = CARTESIAN_POINT('',(-3.488108316614,-28.20494459732));
#3416 = ( GEOMETRIC_REPRESENTATION_CONTEXT(2) 
PARAMETRIC_REPRESENTATION_CONTEXT() REPRESENTATION_CONTEXT('2D SPACE',''
  ) );
#3417 = PCURVE('',#1491,#3418);
#3418 = DEFINITIONAL_REPRESENTATION('',(#3419),#3423);
#3419 = ELLIPSE('',#3420,2.651405968137,2.65);
#3420 = AXIS2_PLACEMENT_2D('',#3421,#3422);
#3421 = CARTESIAN_POINT('',(7.542685659737,4.5));
#3422 = DIRECTION('',(1.,0.));
#3423 = ( GEOMETRIC_REPRESENTATION_CONTEXT(2) 
PARAMETRIC_REPRESENTATION_CONTEXT() REPRESENTATION_CONTEXT('2D SPACE',''
  ) );
#3424 = ORIENTED_EDGE('',*,*,#3025,.F.);
#3425 = ORIENTED_EDGE('',*,*,#2994,.T.);
#3426 = ORIENTED_EDGE('',*,*,#2804,.F.);
#3427 = ADVANCED_FACE('',(#3428),#1825,.F.);
#3428 = FACE_BOUND('',#3429,.F.);
#3429 = EDGE_LOOP('',(#3430,#3431,#3453,#3454,#3455,#3456));
#3430 = ORIENTED_EDGE('',*,*,#1811,.F.);
#3431 = ORIENTED_EDGE('',*,*,#3432,.T.);
#3432 = EDGE_CURVE('',#1663,#1919,#3433,.T.);
#3433 = SURFACE_CURVE('',#3434,(#3439,#3446),.PCURVE_S1.);
#3434 = CIRCLE('',#3435,26.);
#3435 = AXIS2_PLACEMENT_3D('',#3436,#3437,#3438);
#3436 = CARTESIAN_POINT('',(31.682367102281,24.475337104447,28.));
#3437 = DIRECTION('',(0.258819045103,-0.965925826289,9.71445146547E-17)
  );
#3438 = DIRECTION('',(0.419245729513,0.112336554653,0.900895952246));
#3439 = PCURVE('',#1825,#3440);
#3440 = DEFINITIONAL_REPRESENTATION('',(#3441),#3445);
#3441 = CIRCLE('',#3442,26.);
#3442 = AXIS2_PLACEMENT_2D('',#3443,#3444);
#3443 = CARTESIAN_POINT('',(1.02086113104E-31,-3.552713678801E-15));
#3444 = DIRECTION('',(0.434035117503,0.900895952246));
#3445 = ( GEOMETRIC_REPRESENTATION_CONTEXT(2) 
PARAMETRIC_REPRESENTATION_CONTEXT() REPRESENTATION_CONTEXT('2D SPACE',''
  ) );
#3446 = PCURVE('',#395,#3447);
#3447 = DEFINITIONAL_REPRESENTATION('',(#3448),#3452);
#3448 = LINE('',#3449,#3450);
#3449 = CARTESIAN_POINT('',(-1.121829352151,0.));
#3450 = VECTOR('',#3451,1.);
#3451 = DIRECTION('',(-1.,0.));
#3452 = ( GEOMETRIC_REPRESENTATION_CONTEXT(2) 
PARAMETRIC_REPRESENTATION_CONTEXT() REPRESENTATION_CONTEXT('2D SPACE',''
  ) );
#3453 = ORIENTED_EDGE('',*,*,#2060,.T.);
#3454 = ORIENTED_EDGE('',*,*,#2084,.T.);
#3455 = ORIENTED_EDGE('',*,*,#3316,.T.);
#3456 = ORIENTED_EDGE('',*,*,#3371,.T.);
#3457 = ADVANCED_FACE('',(#3458),#1435,.T.);
#3458 = FACE_BOUND('',#3459,.T.);
#3459 = EDGE_LOOP('',(#3460,#3483,#3511,#3539,#3567,#3588));
#3460 = ORIENTED_EDGE('',*,*,#3461,.F.);
#3461 = EDGE_CURVE('',#3462,#1420,#3464,.T.);
#3462 = VERTEX_POINT('',#3463);
#3463 = CARTESIAN_POINT('',(68.008051321632,34.765807301411,8.9));
#3464 = SURFACE_CURVE('',#3465,(#3469,#3476),.PCURVE_S1.);
#3465 = LINE('',#3466,#3467);
#3466 = CARTESIAN_POINT('',(70.896269573213,34.453567490429,
    13.902540755087));
#3467 = VECTOR('',#3468,1.);
#3468 = DIRECTION('',(-0.499271136639,5.3975258015E-02,-0.864762975411)
  );
#3469 = PCURVE('',#1435,#3470);
#3470 = DEFINITIONAL_REPRESENTATION('',(#3471),#3475);
#3471 = LINE('',#3472,#3473);
#3472 = CARTESIAN_POINT('',(-5.776436503163,-13.0771786455));
#3473 = VECTOR('',#3474,1.);
#3474 = DIRECTION('',(0.998542273278,5.3975258015E-02));
#3475 = ( GEOMETRIC_REPRESENTATION_CONTEXT(2) 
PARAMETRIC_REPRESENTATION_CONTEXT() REPRESENTATION_CONTEXT('2D SPACE',''
  ) );
#3476 = PCURVE('',#1463,#3477);
#3477 = DEFINITIONAL_REPRESENTATION('',(#3478),#3482);
#3478 = LINE('',#3479,#3480);
#3479 = CARTESIAN_POINT('',(17.889731894996,2.902540755087));
#3480 = VECTOR('',#3481,1.);
#3481 = DIRECTION('',(0.502180242899,-0.864762975411));
#3482 = ( GEOMETRIC_REPRESENTATION_CONTEXT(2) 
PARAMETRIC_REPRESENTATION_CONTEXT() REPRESENTATION_CONTEXT('2D SPACE',''
  ) );
#3483 = ORIENTED_EDGE('',*,*,#3484,.T.);
#3484 = EDGE_CURVE('',#3462,#3485,#3487,.T.);
#3485 = VERTEX_POINT('',#3486);
#3486 = CARTESIAN_POINT('',(68.008051321632,29.880746135935,8.9));
#3487 = SURFACE_CURVE('',#3488,(#3492,#3499),.PCURVE_S1.);
#3488 = LINE('',#3489,#3490);
#3489 = CARTESIAN_POINT('',(68.008051321632,47.530746135935,8.9));
#3490 = VECTOR('',#3491,1.);
#3491 = DIRECTION('',(0.,-1.,1.110223024625E-16));
#3492 = PCURVE('',#1435,#3493);
#3493 = DEFINITIONAL_REPRESENTATION('',(#3494),#3498);
#3494 = LINE('',#3495,#3496);
#3495 = CARTESIAN_POINT('',(-0.,0.));
#3496 = VECTOR('',#3497,1.);
#3497 = DIRECTION('',(0.,-1.));
#3498 = ( GEOMETRIC_REPRESENTATION_CONTEXT(2) 
PARAMETRIC_REPRESENTATION_CONTEXT() REPRESENTATION_CONTEXT('2D SPACE',''
  ) );
#3499 = PCURVE('',#3500,#3505);
#3500 = PLANE('',#3501);
#3501 = AXIS2_PLACEMENT_3D('',#3502,#3503,#3504);
#3502 = CARTESIAN_POINT('',(71.356682882931,47.530746135935,8.9));
#3503 = DIRECTION('',(-1.326181163023E-16,-1.110223024625E-16,-1.));
#3504 = DIRECTION('',(-1.,1.472356862012E-32,1.326181163023E-16));
#3505 = DEFINITIONAL_REPRESENTATION('',(#3506),#3510);
#3506 = LINE('',#3507,#3508);
#3507 = CARTESIAN_POINT('',(3.3486315613,0.));
#3508 = VECTOR('',#3509,1.);
#3509 = DIRECTION('',(0.,-1.));
#3510 = ( GEOMETRIC_REPRESENTATION_CONTEXT(2) 
PARAMETRIC_REPRESENTATION_CONTEXT() REPRESENTATION_CONTEXT('2D SPACE',''
  ) );
#3511 = ORIENTED_EDGE('',*,*,#3512,.T.);
#3512 = EDGE_CURVE('',#3485,#3513,#3515,.T.);
#3513 = VERTEX_POINT('',#3514);
#3514 = CARTESIAN_POINT('',(66.333735540982,29.880746135935,6.));
#3515 = SURFACE_CURVE('',#3516,(#3520,#3527),.PCURVE_S1.);
#3516 = LINE('',#3517,#3518);
#3517 = CARTESIAN_POINT('',(68.008051321632,29.880746135935,8.9));
#3518 = VECTOR('',#3519,1.);
#3519 = DIRECTION('',(-0.5,-9.614813431918E-17,-0.866025403784));
#3520 = PCURVE('',#1435,#3521);
#3521 = DEFINITIONAL_REPRESENTATION('',(#3522),#3526);
#3522 = LINE('',#3523,#3524);
#3523 = CARTESIAN_POINT('',(-1.37972572748E-15,-17.65));
#3524 = VECTOR('',#3525,1.);
#3525 = DIRECTION('',(1.,0.));
#3526 = ( GEOMETRIC_REPRESENTATION_CONTEXT(2) 
PARAMETRIC_REPRESENTATION_CONTEXT() REPRESENTATION_CONTEXT('2D SPACE',''
  ) );
#3527 = PCURVE('',#3528,#3533);
#3528 = PLANE('',#3529);
#3529 = AXIS2_PLACEMENT_3D('',#3530,#3531,#3532);
#3530 = CARTESIAN_POINT('',(69.682367102281,29.880746135935,6.));
#3531 = DIRECTION('',(0.,-1.,1.110223024625E-16));
#3532 = DIRECTION('',(1.,0.,0.));
#3533 = DEFINITIONAL_REPRESENTATION('',(#3534),#3538);
#3534 = LINE('',#3535,#3536);
#3535 = CARTESIAN_POINT('',(-1.67431578065,2.9));
#3536 = VECTOR('',#3537,1.);
#3537 = DIRECTION('',(-0.5,-0.866025403784));
#3538 = ( GEOMETRIC_REPRESENTATION_CONTEXT(2) 
PARAMETRIC_REPRESENTATION_CONTEXT() REPRESENTATION_CONTEXT('2D SPACE',''
  ) );
#3539 = ORIENTED_EDGE('',*,*,#3540,.F.);
#3540 = EDGE_CURVE('',#3541,#3513,#3543,.T.);
#3541 = VERTEX_POINT('',#3542);
#3542 = CARTESIAN_POINT('',(66.333735540982,32.530746135935,6.));
#3543 = SURFACE_CURVE('',#3544,(#3548,#3555),.PCURVE_S1.);
#3544 = LINE('',#3545,#3546);
#3545 = CARTESIAN_POINT('',(66.333735540982,47.530746135935,6.));
#3546 = VECTOR('',#3547,1.);
#3547 = DIRECTION('',(0.,-1.,1.110223024625E-16));
#3548 = PCURVE('',#1435,#3549);
#3549 = DEFINITIONAL_REPRESENTATION('',(#3550),#3554);
#3550 = LINE('',#3551,#3552);
#3551 = CARTESIAN_POINT('',(3.3486315613,3.219646771413E-16));
#3552 = VECTOR('',#3553,1.);
#3553 = DIRECTION('',(0.,-1.));
#3554 = ( GEOMETRIC_REPRESENTATION_CONTEXT(2) 
PARAMETRIC_REPRESENTATION_CONTEXT() REPRESENTATION_CONTEXT('2D SPACE',''
  ) );
#3555 = PCURVE('',#3556,#3561);
#3556 = PLANE('',#3557);
#3557 = AXIS2_PLACEMENT_3D('',#3558,#3559,#3560);
#3558 = CARTESIAN_POINT('',(66.333735540982,47.530746135935,6.));
#3559 = DIRECTION('',(0.866025403784,5.551115123126E-17,0.5));
#3560 = DIRECTION('',(0.5,-9.614813431918E-17,-0.866025403784));
#3561 = DEFINITIONAL_REPRESENTATION('',(#3562),#3566);
#3562 = LINE('',#3563,#3564);
#3563 = CARTESIAN_POINT('',(0.,0.));
#3564 = VECTOR('',#3565,1.);
#3565 = DIRECTION('',(0.,-1.));
#3566 = ( GEOMETRIC_REPRESENTATION_CONTEXT(2) 
PARAMETRIC_REPRESENTATION_CONTEXT() REPRESENTATION_CONTEXT('2D SPACE',''
  ) );
#3567 = ORIENTED_EDGE('',*,*,#3568,.T.);
#3568 = EDGE_CURVE('',#3541,#1397,#3569,.T.);
#3569 = SURFACE_CURVE('',#3570,(#3574,#3581),.PCURVE_S1.);
#3570 = LINE('',#3571,#3572);
#3571 = CARTESIAN_POINT('',(65.415434270792,32.530746135935,
    4.409455543377));
#3572 = VECTOR('',#3573,1.);
#3573 = DIRECTION('',(0.5,9.614813431918E-17,0.866025403784));
#3574 = PCURVE('',#1435,#3575);
#3575 = DEFINITIONAL_REPRESENTATION('',(#3576),#3580);
#3576 = LINE('',#3577,#3578);
#3577 = CARTESIAN_POINT('',(5.185234101678,-15.));
#3578 = VECTOR('',#3579,1.);
#3579 = DIRECTION('',(-1.,0.));
#3580 = ( GEOMETRIC_REPRESENTATION_CONTEXT(2) 
PARAMETRIC_REPRESENTATION_CONTEXT() REPRESENTATION_CONTEXT('2D SPACE',''
  ) );
#3581 = PCURVE('',#478,#3582);
#3582 = DEFINITIONAL_REPRESENTATION('',(#3583),#3587);
#3583 = LINE('',#3584,#3585);
#3584 = CARTESIAN_POINT('',(2.733067168511,4.409455543377));
#3585 = VECTOR('',#3586,1.);
#3586 = DIRECTION('',(0.5,0.866025403784));
#3587 = ( GEOMETRIC_REPRESENTATION_CONTEXT(2) 
PARAMETRIC_REPRESENTATION_CONTEXT() REPRESENTATION_CONTEXT('2D SPACE',''
  ) );
#3588 = ORIENTED_EDGE('',*,*,#1419,.T.);
#3589 = ADVANCED_FACE('',(#3590),#3556,.T.);
#3590 = FACE_BOUND('',#3591,.T.);
#3591 = EDGE_LOOP('',(#3592,#3615,#3616,#3639));
#3592 = ORIENTED_EDGE('',*,*,#3593,.T.);
#3593 = EDGE_CURVE('',#3594,#3541,#3596,.T.);
#3594 = VERTEX_POINT('',#3595);
#3595 = CARTESIAN_POINT('',(68.008051321632,32.530746135935,3.1));
#3596 = SURFACE_CURVE('',#3597,(#3601,#3608),.PCURVE_S1.);
#3597 = LINE('',#3598,#3599);
#3598 = CARTESIAN_POINT('',(67.176352591821,32.530746135935,
    4.540544456623));
#3599 = VECTOR('',#3600,1.);
#3600 = DIRECTION('',(-0.5,9.614813431918E-17,0.866025403784));
#3601 = PCURVE('',#3556,#3602);
#3602 = DEFINITIONAL_REPRESENTATION('',(#3603),#3607);
#3603 = LINE('',#3604,#3605);
#3604 = CARTESIAN_POINT('',(1.685234101678,-15.));
#3605 = VECTOR('',#3606,1.);
#3606 = DIRECTION('',(-1.,0.));
#3607 = ( GEOMETRIC_REPRESENTATION_CONTEXT(2) 
PARAMETRIC_REPRESENTATION_CONTEXT() REPRESENTATION_CONTEXT('2D SPACE',''
  ) );
#3608 = PCURVE('',#478,#3609);
#3609 = DEFINITIONAL_REPRESENTATION('',(#3610),#3614);
#3610 = LINE('',#3611,#3612);
#3611 = CARTESIAN_POINT('',(4.493985489539,4.540544456623));
#3612 = VECTOR('',#3613,1.);
#3613 = DIRECTION('',(-0.5,0.866025403784));
#3614 = ( GEOMETRIC_REPRESENTATION_CONTEXT(2) 
PARAMETRIC_REPRESENTATION_CONTEXT() REPRESENTATION_CONTEXT('2D SPACE',''
  ) );
#3615 = ORIENTED_EDGE('',*,*,#3540,.T.);
#3616 = ORIENTED_EDGE('',*,*,#3617,.T.);
#3617 = EDGE_CURVE('',#3513,#3618,#3620,.T.);
#3618 = VERTEX_POINT('',#3619);
#3619 = CARTESIAN_POINT('',(68.008051321632,29.880746135935,3.1));
#3620 = SURFACE_CURVE('',#3621,(#3625,#3632),.PCURVE_S1.);
#3621 = LINE('',#3622,#3623);
#3622 = CARTESIAN_POINT('',(66.333735540982,29.880746135935,6.));
#3623 = VECTOR('',#3624,1.);
#3624 = DIRECTION('',(0.5,-9.614813431918E-17,-0.866025403784));
#3625 = PCURVE('',#3556,#3626);
#3626 = DEFINITIONAL_REPRESENTATION('',(#3627),#3631);
#3627 = LINE('',#3628,#3629);
#3628 = CARTESIAN_POINT('',(-1.37972572748E-15,-17.65));
#3629 = VECTOR('',#3630,1.);
#3630 = DIRECTION('',(1.,0.));
#3631 = ( GEOMETRIC_REPRESENTATION_CONTEXT(2) 
PARAMETRIC_REPRESENTATION_CONTEXT() REPRESENTATION_CONTEXT('2D SPACE',''
  ) );
#3632 = PCURVE('',#3528,#3633);
#3633 = DEFINITIONAL_REPRESENTATION('',(#3634),#3638);
#3634 = LINE('',#3635,#3636);
#3635 = CARTESIAN_POINT('',(-3.3486315613,0.));
#3636 = VECTOR('',#3637,1.);
#3637 = DIRECTION('',(0.5,-0.866025403784));
#3638 = ( GEOMETRIC_REPRESENTATION_CONTEXT(2) 
PARAMETRIC_REPRESENTATION_CONTEXT() REPRESENTATION_CONTEXT('2D SPACE',''
  ) );
#3639 = ORIENTED_EDGE('',*,*,#3640,.F.);
#3640 = EDGE_CURVE('',#3594,#3618,#3641,.T.);
#3641 = SURFACE_CURVE('',#3642,(#3646,#3653),.PCURVE_S1.);
#3642 = LINE('',#3643,#3644);
#3643 = CARTESIAN_POINT('',(68.008051321632,47.530746135935,3.1));
#3644 = VECTOR('',#3645,1.);
#3645 = DIRECTION('',(0.,-1.,1.110223024625E-16));
#3646 = PCURVE('',#3556,#3647);
#3647 = DEFINITIONAL_REPRESENTATION('',(#3648),#3652);
#3648 = LINE('',#3649,#3650);
#3649 = CARTESIAN_POINT('',(3.3486315613,3.219646771413E-16));
#3650 = VECTOR('',#3651,1.);
#3651 = DIRECTION('',(0.,-1.));
#3652 = ( GEOMETRIC_REPRESENTATION_CONTEXT(2) 
PARAMETRIC_REPRESENTATION_CONTEXT() REPRESENTATION_CONTEXT('2D SPACE',''
  ) );
#3653 = PCURVE('',#3654,#3659);
#3654 = PLANE('',#3655);
#3655 = AXIS2_PLACEMENT_3D('',#3656,#3657,#3658);
#3656 = CARTESIAN_POINT('',(68.008051321632,47.530746135935,3.1));
#3657 = DIRECTION('',(6.630905815116E-16,1.110223024625E-16,1.));
#3658 = DIRECTION('',(1.,-7.361784310062E-32,-6.630905815116E-16));
#3659 = DEFINITIONAL_REPRESENTATION('',(#3660),#3664);
#3660 = LINE('',#3661,#3662);
#3661 = CARTESIAN_POINT('',(0.,0.));
#3662 = VECTOR('',#3663,1.);
#3663 = DIRECTION('',(0.,-1.));
#3664 = ( GEOMETRIC_REPRESENTATION_CONTEXT(2) 
PARAMETRIC_REPRESENTATION_CONTEXT() REPRESENTATION_CONTEXT('2D SPACE',''
  ) );
#3665 = ADVANCED_FACE('',(#3666),#3654,.T.);
#3666 = FACE_BOUND('',#3667,.T.);
#3667 = EDGE_LOOP('',(#3668,#3691,#3692,#3715));
#3668 = ORIENTED_EDGE('',*,*,#3669,.T.);
#3669 = EDGE_CURVE('',#3670,#3594,#3672,.T.);
#3670 = VERTEX_POINT('',#3671);
#3671 = CARTESIAN_POINT('',(71.356682882931,32.530746135935,3.1));
#3672 = SURFACE_CURVE('',#3673,(#3677,#3684),.PCURVE_S1.);
#3673 = LINE('',#3674,#3675);
#3674 = CARTESIAN_POINT('',(65.345209211956,32.530746135935,3.1));
#3675 = VECTOR('',#3676,1.);
#3676 = DIRECTION('',(-1.,7.361784310062E-32,6.630905815116E-16));
#3677 = PCURVE('',#3654,#3678);
#3678 = DEFINITIONAL_REPRESENTATION('',(#3679),#3683);
#3679 = LINE('',#3680,#3681);
#3680 = CARTESIAN_POINT('',(-2.662842109675,-15.));
#3681 = VECTOR('',#3682,1.);
#3682 = DIRECTION('',(-1.,0.));
#3683 = ( GEOMETRIC_REPRESENTATION_CONTEXT(2) 
PARAMETRIC_REPRESENTATION_CONTEXT() REPRESENTATION_CONTEXT('2D SPACE',''
  ) );
#3684 = PCURVE('',#478,#3685);
#3685 = DEFINITIONAL_REPRESENTATION('',(#3686),#3690);
#3686 = LINE('',#3687,#3688);
#3687 = CARTESIAN_POINT('',(2.662842109675,3.1));
#3688 = VECTOR('',#3689,1.);
#3689 = DIRECTION('',(-1.,6.630905815116E-16));
#3690 = ( GEOMETRIC_REPRESENTATION_CONTEXT(2) 
PARAMETRIC_REPRESENTATION_CONTEXT() REPRESENTATION_CONTEXT('2D SPACE',''
  ) );
#3691 = ORIENTED_EDGE('',*,*,#3640,.T.);
#3692 = ORIENTED_EDGE('',*,*,#3693,.T.);
#3693 = EDGE_CURVE('',#3618,#3694,#3696,.T.);
#3694 = VERTEX_POINT('',#3695);
#3695 = CARTESIAN_POINT('',(71.356682882931,29.880746135935,3.1));
#3696 = SURFACE_CURVE('',#3697,(#3701,#3708),.PCURVE_S1.);
#3697 = LINE('',#3698,#3699);
#3698 = CARTESIAN_POINT('',(68.008051321632,29.880746135935,3.1));
#3699 = VECTOR('',#3700,1.);
#3700 = DIRECTION('',(1.,-7.361784310062E-32,-6.630905815116E-16));
#3701 = PCURVE('',#3654,#3702);
#3702 = DEFINITIONAL_REPRESENTATION('',(#3703),#3707);
#3703 = LINE('',#3704,#3705);
#3704 = CARTESIAN_POINT('',(1.21469441116E-31,-17.65));
#3705 = VECTOR('',#3706,1.);
#3706 = DIRECTION('',(1.,0.));
#3707 = ( GEOMETRIC_REPRESENTATION_CONTEXT(2) 
PARAMETRIC_REPRESENTATION_CONTEXT() REPRESENTATION_CONTEXT('2D SPACE',''
  ) );
#3708 = PCURVE('',#3528,#3709);
#3709 = DEFINITIONAL_REPRESENTATION('',(#3710),#3714);
#3710 = LINE('',#3711,#3712);
#3711 = CARTESIAN_POINT('',(-1.67431578065,-2.9));
#3712 = VECTOR('',#3713,1.);
#3713 = DIRECTION('',(1.,-6.630905815116E-16));
#3714 = ( GEOMETRIC_REPRESENTATION_CONTEXT(2) 
PARAMETRIC_REPRESENTATION_CONTEXT() REPRESENTATION_CONTEXT('2D SPACE',''
  ) );
#3715 = ORIENTED_EDGE('',*,*,#3716,.F.);
#3716 = EDGE_CURVE('',#3670,#3694,#3717,.T.);
#3717 = SURFACE_CURVE('',#3718,(#3722,#3729),.PCURVE_S1.);
#3718 = LINE('',#3719,#3720);
#3719 = CARTESIAN_POINT('',(71.356682882931,47.530746135935,3.1));
#3720 = VECTOR('',#3721,1.);
#3721 = DIRECTION('',(0.,-1.,1.110223024625E-16));
#3722 = PCURVE('',#3654,#3723);
#3723 = DEFINITIONAL_REPRESENTATION('',(#3724),#3728);
#3724 = LINE('',#3725,#3726);
#3725 = CARTESIAN_POINT('',(3.3486315613,2.465190328816E-31));
#3726 = VECTOR('',#3727,1.);
#3727 = DIRECTION('',(0.,-1.));
#3728 = ( GEOMETRIC_REPRESENTATION_CONTEXT(2) 
PARAMETRIC_REPRESENTATION_CONTEXT() REPRESENTATION_CONTEXT('2D SPACE',''
  ) );
#3729 = PCURVE('',#3730,#3735);
#3730 = PLANE('',#3731);
#3731 = AXIS2_PLACEMENT_3D('',#3732,#3733,#3734);
#3732 = CARTESIAN_POINT('',(71.356682882931,47.530746135935,3.1));
#3733 = DIRECTION('',(-0.866025403784,5.551115123126E-17,0.5));
#3734 = DIRECTION('',(0.5,9.614813431918E-17,0.866025403784));
#3735 = DEFINITIONAL_REPRESENTATION('',(#3736),#3740);
#3736 = LINE('',#3737,#3738);
#3737 = CARTESIAN_POINT('',(0.,0.));
#3738 = VECTOR('',#3739,1.);
#3739 = DIRECTION('',(0.,-1.));
#3740 = ( GEOMETRIC_REPRESENTATION_CONTEXT(2) 
PARAMETRIC_REPRESENTATION_CONTEXT() REPRESENTATION_CONTEXT('2D SPACE',''
  ) );
#3741 = ADVANCED_FACE('',(#3742),#3730,.T.);
#3742 = FACE_BOUND('',#3743,.T.);
#3743 = EDGE_LOOP('',(#3744,#3767,#3768,#3791));
#3744 = ORIENTED_EDGE('',*,*,#3745,.T.);
#3745 = EDGE_CURVE('',#3746,#3670,#3748,.T.);
#3746 = VERTEX_POINT('',#3747);
#3747 = CARTESIAN_POINT('',(73.030998663581,32.530746135935,6.));
#3748 = SURFACE_CURVE('',#3749,(#3753,#3760),.PCURVE_S1.);
#3749 = LINE('',#3750,#3751);
#3750 = CARTESIAN_POINT('',(69.601223722417,32.530746135935,
    5.945554337723E-02));
#3751 = VECTOR('',#3752,1.);
#3752 = DIRECTION('',(-0.5,-9.614813431918E-17,-0.866025403784));
#3753 = PCURVE('',#3730,#3754);
#3754 = DEFINITIONAL_REPRESENTATION('',(#3755),#3759);
#3755 = LINE('',#3756,#3757);
#3756 = CARTESIAN_POINT('',(-3.510918321028,-15.));
#3757 = VECTOR('',#3758,1.);
#3758 = DIRECTION('',(-1.,0.));
#3759 = ( GEOMETRIC_REPRESENTATION_CONTEXT(2) 
PARAMETRIC_REPRESENTATION_CONTEXT() REPRESENTATION_CONTEXT('2D SPACE',''
  ) );
#3760 = PCURVE('',#478,#3761);
#3761 = DEFINITIONAL_REPRESENTATION('',(#3762),#3766);
#3762 = LINE('',#3763,#3764);
#3763 = CARTESIAN_POINT('',(6.918856620136,5.945554337723E-02));
#3764 = VECTOR('',#3765,1.);
#3765 = DIRECTION('',(-0.5,-0.866025403784));
#3766 = ( GEOMETRIC_REPRESENTATION_CONTEXT(2) 
PARAMETRIC_REPRESENTATION_CONTEXT() REPRESENTATION_CONTEXT('2D SPACE',''
  ) );
#3767 = ORIENTED_EDGE('',*,*,#3716,.T.);
#3768 = ORIENTED_EDGE('',*,*,#3769,.T.);
#3769 = EDGE_CURVE('',#3694,#3770,#3772,.T.);
#3770 = VERTEX_POINT('',#3771);
#3771 = CARTESIAN_POINT('',(73.030998663581,29.880746135935,6.));
#3772 = SURFACE_CURVE('',#3773,(#3777,#3784),.PCURVE_S1.);
#3773 = LINE('',#3774,#3775);
#3774 = CARTESIAN_POINT('',(71.356682882931,29.880746135935,3.1));
#3775 = VECTOR('',#3776,1.);
#3776 = DIRECTION('',(0.5,9.614813431918E-17,0.866025403784));
#3777 = PCURVE('',#3730,#3778);
#3778 = DEFINITIONAL_REPRESENTATION('',(#3779),#3783);
#3779 = LINE('',#3780,#3781);
#3780 = CARTESIAN_POINT('',(9.951331902035E-16,-17.65));
#3781 = VECTOR('',#3782,1.);
#3782 = DIRECTION('',(1.,0.));
#3783 = ( GEOMETRIC_REPRESENTATION_CONTEXT(2) 
PARAMETRIC_REPRESENTATION_CONTEXT() REPRESENTATION_CONTEXT('2D SPACE',''
  ) );
#3784 = PCURVE('',#3528,#3785);
#3785 = DEFINITIONAL_REPRESENTATION('',(#3786),#3790);
#3786 = LINE('',#3787,#3788);
#3787 = CARTESIAN_POINT('',(1.67431578065,-2.9));
#3788 = VECTOR('',#3789,1.);
#3789 = DIRECTION('',(0.5,0.866025403784));
#3790 = ( GEOMETRIC_REPRESENTATION_CONTEXT(2) 
PARAMETRIC_REPRESENTATION_CONTEXT() REPRESENTATION_CONTEXT('2D SPACE',''
  ) );
#3791 = ORIENTED_EDGE('',*,*,#3792,.F.);
#3792 = EDGE_CURVE('',#3746,#3770,#3793,.T.);
#3793 = SURFACE_CURVE('',#3794,(#3798,#3805),.PCURVE_S1.);
#3794 = LINE('',#3795,#3796);
#3795 = CARTESIAN_POINT('',(73.030998663581,47.530746135935,6.));
#3796 = VECTOR('',#3797,1.);
#3797 = DIRECTION('',(0.,-1.,1.110223024625E-16));
#3798 = PCURVE('',#3730,#3799);
#3799 = DEFINITIONAL_REPRESENTATION('',(#3800),#3804);
#3800 = LINE('',#3801,#3802);
#3801 = CARTESIAN_POINT('',(3.3486315613,-3.219646771413E-16));
#3802 = VECTOR('',#3803,1.);
#3803 = DIRECTION('',(0.,-1.));
#3804 = ( GEOMETRIC_REPRESENTATION_CONTEXT(2) 
PARAMETRIC_REPRESENTATION_CONTEXT() REPRESENTATION_CONTEXT('2D SPACE',''
  ) );
#3805 = PCURVE('',#3806,#3811);
#3806 = PLANE('',#3807);
#3807 = AXIS2_PLACEMENT_3D('',#3808,#3809,#3810);
#3808 = CARTESIAN_POINT('',(73.030998663581,47.530746135935,6.));
#3809 = DIRECTION('',(-0.866025403784,-5.551115123126E-17,-0.5));
#3810 = DIRECTION('',(-0.5,9.614813431918E-17,0.866025403784));
#3811 = DEFINITIONAL_REPRESENTATION('',(#3812),#3816);
#3812 = LINE('',#3813,#3814);
#3813 = CARTESIAN_POINT('',(0.,0.));
#3814 = VECTOR('',#3815,1.);
#3815 = DIRECTION('',(0.,-1.));
#3816 = ( GEOMETRIC_REPRESENTATION_CONTEXT(2) 
PARAMETRIC_REPRESENTATION_CONTEXT() REPRESENTATION_CONTEXT('2D SPACE',''
  ) );
#3817 = ADVANCED_FACE('',(#3818),#3806,.T.);
#3818 = FACE_BOUND('',#3819,.T.);
#3819 = EDGE_LOOP('',(#3820,#3843,#3866,#3889,#3917,#3938));
#3820 = ORIENTED_EDGE('',*,*,#3821,.T.);
#3821 = EDGE_CURVE('',#3770,#3822,#3824,.T.);
#3822 = VERTEX_POINT('',#3823);
#3823 = CARTESIAN_POINT('',(71.356682882931,29.880746135935,8.9));
#3824 = SURFACE_CURVE('',#3825,(#3829,#3836),.PCURVE_S1.);
#3825 = LINE('',#3826,#3827);
#3826 = CARTESIAN_POINT('',(73.030998663581,29.880746135935,6.));
#3827 = VECTOR('',#3828,1.);
#3828 = DIRECTION('',(-0.5,9.614813431918E-17,0.866025403784));
#3829 = PCURVE('',#3806,#3830);
#3830 = DEFINITIONAL_REPRESENTATION('',(#3831),#3835);
#3831 = LINE('',#3832,#3833);
#3832 = CARTESIAN_POINT('',(1.37972572748E-15,-17.65));
#3833 = VECTOR('',#3834,1.);
#3834 = DIRECTION('',(1.,0.));
#3835 = ( GEOMETRIC_REPRESENTATION_CONTEXT(2) 
PARAMETRIC_REPRESENTATION_CONTEXT() REPRESENTATION_CONTEXT('2D SPACE',''
  ) );
#3836 = PCURVE('',#3528,#3837);
#3837 = DEFINITIONAL_REPRESENTATION('',(#3838),#3842);
#3838 = LINE('',#3839,#3840);
#3839 = CARTESIAN_POINT('',(3.3486315613,0.));
#3840 = VECTOR('',#3841,1.);
#3841 = DIRECTION('',(-0.5,0.866025403784));
#3842 = ( GEOMETRIC_REPRESENTATION_CONTEXT(2) 
PARAMETRIC_REPRESENTATION_CONTEXT() REPRESENTATION_CONTEXT('2D SPACE',''
  ) );
#3843 = ORIENTED_EDGE('',*,*,#3844,.F.);
#3844 = EDGE_CURVE('',#3845,#3822,#3847,.T.);
#3845 = VERTEX_POINT('',#3846);
#3846 = CARTESIAN_POINT('',(71.356682882931,34.403793078567,8.9));
#3847 = SURFACE_CURVE('',#3848,(#3852,#3859),.PCURVE_S1.);
#3848 = LINE('',#3849,#3850);
#3849 = CARTESIAN_POINT('',(71.356682882931,47.530746135935,8.9));
#3850 = VECTOR('',#3851,1.);
#3851 = DIRECTION('',(0.,-1.,1.110223024625E-16));
#3852 = PCURVE('',#3806,#3853);
#3853 = DEFINITIONAL_REPRESENTATION('',(#3854),#3858);
#3854 = LINE('',#3855,#3856);
#3855 = CARTESIAN_POINT('',(3.3486315613,-3.219646771413E-16));
#3856 = VECTOR('',#3857,1.);
#3857 = DIRECTION('',(0.,-1.));
#3858 = ( GEOMETRIC_REPRESENTATION_CONTEXT(2) 
PARAMETRIC_REPRESENTATION_CONTEXT() REPRESENTATION_CONTEXT('2D SPACE',''
  ) );
#3859 = PCURVE('',#3500,#3860);
#3860 = DEFINITIONAL_REPRESENTATION('',(#3861),#3865);
#3861 = LINE('',#3862,#3863);
#3862 = CARTESIAN_POINT('',(0.,0.));
#3863 = VECTOR('',#3864,1.);
#3864 = DIRECTION('',(0.,-1.));
#3865 = ( GEOMETRIC_REPRESENTATION_CONTEXT(2) 
PARAMETRIC_REPRESENTATION_CONTEXT() REPRESENTATION_CONTEXT('2D SPACE',''
  ) );
#3866 = ORIENTED_EDGE('',*,*,#3867,.F.);
#3867 = EDGE_CURVE('',#3868,#3845,#3870,.T.);
#3868 = VERTEX_POINT('',#3869);
#3869 = CARTESIAN_POINT('',(71.876298125202,34.347618457781,8.));
#3870 = SURFACE_CURVE('',#3871,(#3875,#3882),.PCURVE_S1.);
#3871 = LINE('',#3872,#3873);
#3872 = CARTESIAN_POINT('',(73.745827451346,34.145507179279,
    4.761880220878));
#3873 = VECTOR('',#3874,1.);
#3874 = DIRECTION('',(-0.499271136639,5.3975258015E-02,0.864762975411));
#3875 = PCURVE('',#3806,#3876);
#3876 = DEFINITIONAL_REPRESENTATION('',(#3877),#3881);
#3877 = LINE('',#3878,#3879);
#3878 = CARTESIAN_POINT('',(-1.42965757553,-13.38523895665));
#3879 = VECTOR('',#3880,1.);
#3880 = DIRECTION('',(0.998542273278,5.3975258015E-02));
#3881 = ( GEOMETRIC_REPRESENTATION_CONTEXT(2) 
PARAMETRIC_REPRESENTATION_CONTEXT() REPRESENTATION_CONTEXT('2D SPACE',''
  ) );
#3882 = PCURVE('',#1463,#3883);
#3883 = DEFINITIONAL_REPRESENTATION('',(#3884),#3888);
#3884 = LINE('',#3885,#3886);
#3885 = CARTESIAN_POINT('',(15.023570480118,-6.238119779122));
#3886 = VECTOR('',#3887,1.);
#3887 = DIRECTION('',(0.502180242899,0.864762975411));
#3888 = ( GEOMETRIC_REPRESENTATION_CONTEXT(2) 
PARAMETRIC_REPRESENTATION_CONTEXT() REPRESENTATION_CONTEXT('2D SPACE',''
  ) );
#3889 = ORIENTED_EDGE('',*,*,#3890,.T.);
#3890 = EDGE_CURVE('',#3868,#3891,#3893,.T.);
#3891 = VERTEX_POINT('',#3892);
#3892 = CARTESIAN_POINT('',(71.876298125202,32.530746135935,8.));
#3893 = SURFACE_CURVE('',#3894,(#3898,#3905),.PCURVE_S1.);
#3894 = LINE('',#3895,#3896);
#3895 = CARTESIAN_POINT('',(71.876298125202,38.955722859746,8.));
#3896 = VECTOR('',#3897,1.);
#3897 = DIRECTION('',(0.,-1.,1.110223024625E-16));
#3898 = PCURVE('',#3806,#3899);
#3899 = DEFINITIONAL_REPRESENTATION('',(#3900),#3904);
#3900 = LINE('',#3901,#3902);
#3901 = CARTESIAN_POINT('',(2.309401076758,-8.575023276189));
#3902 = VECTOR('',#3903,1.);
#3903 = DIRECTION('',(0.,-1.));
#3904 = ( GEOMETRIC_REPRESENTATION_CONTEXT(2) 
PARAMETRIC_REPRESENTATION_CONTEXT() REPRESENTATION_CONTEXT('2D SPACE',''
  ) );
#3905 = PCURVE('',#3906,#3911);
#3906 = PLANE('',#3907);
#3907 = AXIS2_PLACEMENT_3D('',#3908,#3909,#3910);
#3908 = CARTESIAN_POINT('',(63.260533367383,30.380699583557,8.));
#3909 = DIRECTION('',(0.,1.110223024625E-16,1.));
#3910 = DIRECTION('',(0.,-1.,1.110223024625E-16));
#3911 = DEFINITIONAL_REPRESENTATION('',(#3912),#3916);
#3912 = LINE('',#3913,#3914);
#3913 = CARTESIAN_POINT('',(-8.575023276189,8.615764757819));
#3914 = VECTOR('',#3915,1.);
#3915 = DIRECTION('',(1.,0.));
#3916 = ( GEOMETRIC_REPRESENTATION_CONTEXT(2) 
PARAMETRIC_REPRESENTATION_CONTEXT() REPRESENTATION_CONTEXT('2D SPACE',''
  ) );
#3917 = ORIENTED_EDGE('',*,*,#3918,.T.);
#3918 = EDGE_CURVE('',#3891,#3746,#3919,.T.);
#3919 = SURFACE_CURVE('',#3920,(#3924,#3931),.PCURVE_S1.);
#3920 = LINE('',#3921,#3922);
#3921 = CARTESIAN_POINT('',(73.036457824095,32.530746135935,
    5.990544456623));
#3922 = VECTOR('',#3923,1.);
#3923 = DIRECTION('',(0.5,-9.614813431918E-17,-0.866025403784));
#3924 = PCURVE('',#3806,#3925);
#3925 = DEFINITIONAL_REPRESENTATION('',(#3926),#3930);
#3926 = LINE('',#3927,#3928);
#3927 = CARTESIAN_POINT('',(-1.091832102836E-02,-15.));
#3928 = VECTOR('',#3929,1.);
#3929 = DIRECTION('',(-1.,0.));
#3930 = ( GEOMETRIC_REPRESENTATION_CONTEXT(2) 
PARAMETRIC_REPRESENTATION_CONTEXT() REPRESENTATION_CONTEXT('2D SPACE',''
  ) );
#3931 = PCURVE('',#478,#3932);
#3932 = DEFINITIONAL_REPRESENTATION('',(#3933),#3937);
#3933 = LINE('',#3934,#3935);
#3934 = CARTESIAN_POINT('',(10.354090721814,5.990544456623));
#3935 = VECTOR('',#3936,1.);
#3936 = DIRECTION('',(0.5,-0.866025403784));
#3937 = ( GEOMETRIC_REPRESENTATION_CONTEXT(2) 
PARAMETRIC_REPRESENTATION_CONTEXT() REPRESENTATION_CONTEXT('2D SPACE',''
  ) );
#3938 = ORIENTED_EDGE('',*,*,#3792,.T.);
#3939 = ADVANCED_FACE('',(#3940),#3906,.F.);
#3940 = FACE_BOUND('',#3941,.F.);
#3941 = EDGE_LOOP('',(#3942,#3965,#3966));
#3942 = ORIENTED_EDGE('',*,*,#3943,.T.);
#3943 = EDGE_CURVE('',#3944,#3868,#3946,.T.);
#3944 = VERTEX_POINT('',#3945);
#3945 = CARTESIAN_POINT('',(88.682367102281,32.530746135935,8.));
#3946 = SURFACE_CURVE('',#3947,(#3951,#3958),.PCURVE_S1.);
#3947 = LINE('',#3948,#3949);
#3948 = CARTESIAN_POINT('',(88.682367102281,32.530746135935,8.));
#3949 = VECTOR('',#3950,1.);
#3950 = DIRECTION('',(-0.994207047566,0.10748184298,-1.193288168056E-17)
  );
#3951 = PCURVE('',#3906,#3952);
#3952 = DEFINITIONAL_REPRESENTATION('',(#3953),#3957);
#3953 = LINE('',#3954,#3955);
#3954 = CARTESIAN_POINT('',(-2.150046552378,25.421833734898));
#3955 = VECTOR('',#3956,1.);
#3956 = DIRECTION('',(-0.10748184298,-0.994207047566));
#3957 = ( GEOMETRIC_REPRESENTATION_CONTEXT(2) 
PARAMETRIC_REPRESENTATION_CONTEXT() REPRESENTATION_CONTEXT('2D SPACE',''
  ) );
#3958 = PCURVE('',#1463,#3959);
#3959 = DEFINITIONAL_REPRESENTATION('',(#3960),#3964);
#3960 = LINE('',#3961,#3962);
#3961 = CARTESIAN_POINT('',(3.579864504169E-17,-3.));
#3962 = VECTOR('',#3963,1.);
#3963 = DIRECTION('',(1.,0.));
#3964 = ( GEOMETRIC_REPRESENTATION_CONTEXT(2) 
PARAMETRIC_REPRESENTATION_CONTEXT() REPRESENTATION_CONTEXT('2D SPACE',''
  ) );
#3965 = ORIENTED_EDGE('',*,*,#3890,.T.);
#3966 = ORIENTED_EDGE('',*,*,#3967,.F.);
#3967 = EDGE_CURVE('',#3944,#3891,#3968,.T.);
#3968 = SURFACE_CURVE('',#3969,(#3973,#3980),.PCURVE_S1.);
#3969 = LINE('',#3970,#3971);
#3970 = CARTESIAN_POINT('',(62.971450234832,32.530746135935,8.));
#3971 = VECTOR('',#3972,1.);
#3972 = DIRECTION('',(-1.,0.,0.));
#3973 = PCURVE('',#3906,#3974);
#3974 = DEFINITIONAL_REPRESENTATION('',(#3975),#3979);
#3975 = LINE('',#3976,#3977);
#3976 = CARTESIAN_POINT('',(-2.150046552378,-0.289083132551));
#3977 = VECTOR('',#3978,1.);
#3978 = DIRECTION('',(0.,-1.));
#3979 = ( GEOMETRIC_REPRESENTATION_CONTEXT(2) 
PARAMETRIC_REPRESENTATION_CONTEXT() REPRESENTATION_CONTEXT('2D SPACE',''
  ) );
#3980 = PCURVE('',#478,#3981);
#3981 = DEFINITIONAL_REPRESENTATION('',(#3982),#3986);
#3982 = LINE('',#3983,#3984);
#3983 = CARTESIAN_POINT('',(0.289083132551,8.));
#3984 = VECTOR('',#3985,1.);
#3985 = DIRECTION('',(-1.,0.));
#3986 = ( GEOMETRIC_REPRESENTATION_CONTEXT(2) 
PARAMETRIC_REPRESENTATION_CONTEXT() REPRESENTATION_CONTEXT('2D SPACE',''
  ) );
#3987 = ADVANCED_FACE('',(#3988,#4016),#3528,.F.);
#3988 = FACE_BOUND('',#3989,.F.);
#3989 = EDGE_LOOP('',(#3990,#3991,#3992,#3993,#3994,#3995));
#3990 = ORIENTED_EDGE('',*,*,#3512,.T.);
#3991 = ORIENTED_EDGE('',*,*,#3617,.T.);
#3992 = ORIENTED_EDGE('',*,*,#3693,.T.);
#3993 = ORIENTED_EDGE('',*,*,#3769,.T.);
#3994 = ORIENTED_EDGE('',*,*,#3821,.T.);
#3995 = ORIENTED_EDGE('',*,*,#3996,.T.);
#3996 = EDGE_CURVE('',#3822,#3485,#3997,.T.);
#3997 = SURFACE_CURVE('',#3998,(#4002,#4009),.PCURVE_S1.);
#3998 = LINE('',#3999,#4000);
#3999 = CARTESIAN_POINT('',(71.356682882931,29.880746135935,8.9));
#4000 = VECTOR('',#4001,1.);
#4001 = DIRECTION('',(-1.,1.472356862012E-32,1.326181163023E-16));
#4002 = PCURVE('',#3528,#4003);
#4003 = DEFINITIONAL_REPRESENTATION('',(#4004),#4008);
#4004 = LINE('',#4005,#4006);
#4005 = CARTESIAN_POINT('',(1.67431578065,2.9));
#4006 = VECTOR('',#4007,1.);
#4007 = DIRECTION('',(-1.,1.326181163023E-16));
#4008 = ( GEOMETRIC_REPRESENTATION_CONTEXT(2) 
PARAMETRIC_REPRESENTATION_CONTEXT() REPRESENTATION_CONTEXT('2D SPACE',''
  ) );
#4009 = PCURVE('',#3500,#4010);
#4010 = DEFINITIONAL_REPRESENTATION('',(#4011),#4015);
#4011 = LINE('',#4012,#4013);
#4012 = CARTESIAN_POINT('',(-2.429388822321E-32,-17.65));
#4013 = VECTOR('',#4014,1.);
#4014 = DIRECTION('',(1.,0.));
#4015 = ( GEOMETRIC_REPRESENTATION_CONTEXT(2) 
PARAMETRIC_REPRESENTATION_CONTEXT() REPRESENTATION_CONTEXT('2D SPACE',''
  ) );
#4016 = FACE_BOUND('',#4017,.F.);
#4017 = EDGE_LOOP('',(#4018));
#4018 = ORIENTED_EDGE('',*,*,#4019,.T.);
#4019 = EDGE_CURVE('',#4020,#4020,#4022,.T.);
#4020 = VERTEX_POINT('',#4021);
#4021 = CARTESIAN_POINT('',(71.382367102281,29.880746135935,6.));
#4022 = SURFACE_CURVE('',#4023,(#4028,#4039),.PCURVE_S1.);
#4023 = CIRCLE('',#4024,1.7);
#4024 = AXIS2_PLACEMENT_3D('',#4025,#4026,#4027);
#4025 = CARTESIAN_POINT('',(69.682367102281,29.880746135935,6.));
#4026 = DIRECTION('',(0.,1.,-1.110223024625E-16));
#4027 = DIRECTION('',(1.,0.,0.));
#4028 = PCURVE('',#3528,#4029);
#4029 = DEFINITIONAL_REPRESENTATION('',(#4030),#4038);
#4030 = ( BOUNDED_CURVE() B_SPLINE_CURVE(2,(#4031,#4032,#4033,#4034,
#4035,#4036,#4037),.UNSPECIFIED.,.T.,.F.) B_SPLINE_CURVE_WITH_KNOTS((1,2
    ,2,2,2,1),(-2.094395102393,0.,2.094395102393,4.188790204786,
6.28318530718,8.377580409573),.UNSPECIFIED.) CURVE() 
GEOMETRIC_REPRESENTATION_ITEM() RATIONAL_B_SPLINE_CURVE((1.,0.5,1.,0.5,
1.,0.5,1.)) REPRESENTATION_ITEM('') );
#4031 = CARTESIAN_POINT('',(1.7,0.));
#4032 = CARTESIAN_POINT('',(1.7,-2.944486372867));
#4033 = CARTESIAN_POINT('',(-0.85,-1.472243186434));
#4034 = CARTESIAN_POINT('',(-3.4,-4.163799117101E-16));
#4035 = CARTESIAN_POINT('',(-0.85,1.472243186434));
#4036 = CARTESIAN_POINT('',(1.7,2.944486372867));
#4037 = CARTESIAN_POINT('',(1.7,0.));
#4038 = ( GEOMETRIC_REPRESENTATION_CONTEXT(2) 
PARAMETRIC_REPRESENTATION_CONTEXT() REPRESENTATION_CONTEXT('2D SPACE',''
  ) );
#4039 = PCURVE('',#4040,#4045);
#4040 = CYLINDRICAL_SURFACE('',#4041,1.7);
#4041 = AXIS2_PLACEMENT_3D('',#4042,#4043,#4044);
#4042 = CARTESIAN_POINT('',(69.682367102281,40.530746135935,6.));
#4043 = DIRECTION('',(-0.,1.,-1.110223024625E-16));
#4044 = DIRECTION('',(1.,0.,0.));
#4045 = DEFINITIONAL_REPRESENTATION('',(#4046),#4050);
#4046 = LINE('',#4047,#4048);
#4047 = CARTESIAN_POINT('',(-6.28318530718,-10.65));
#4048 = VECTOR('',#4049,1.);
#4049 = DIRECTION('',(1.,-0.));
#4050 = ( GEOMETRIC_REPRESENTATION_CONTEXT(2) 
PARAMETRIC_REPRESENTATION_CONTEXT() REPRESENTATION_CONTEXT('2D SPACE',''
  ) );
#4051 = ADVANCED_FACE('',(#4052),#4040,.F.);
#4052 = FACE_BOUND('',#4053,.T.);
#4053 = EDGE_LOOP('',(#4054,#4055,#4078,#4104));
#4054 = ORIENTED_EDGE('',*,*,#4019,.T.);
#4055 = ORIENTED_EDGE('',*,*,#4056,.T.);
#4056 = EDGE_CURVE('',#4020,#4057,#4059,.T.);
#4057 = VERTEX_POINT('',#4058);
#4058 = CARTESIAN_POINT('',(71.382367102281,27.530746135935,6.));
#4059 = SEAM_CURVE('',#4060,(#4064,#4071),.PCURVE_S1.);
#4060 = LINE('',#4061,#4062);
#4061 = CARTESIAN_POINT('',(71.382367102281,40.530746135935,6.));
#4062 = VECTOR('',#4063,1.);
#4063 = DIRECTION('',(0.,-1.,1.110223024625E-16));
#4064 = PCURVE('',#4040,#4065);
#4065 = DEFINITIONAL_REPRESENTATION('',(#4066),#4070);
#4066 = LINE('',#4067,#4068);
#4067 = CARTESIAN_POINT('',(-6.28318530718,0.));
#4068 = VECTOR('',#4069,1.);
#4069 = DIRECTION('',(-0.,-1.));
#4070 = ( GEOMETRIC_REPRESENTATION_CONTEXT(2) 
PARAMETRIC_REPRESENTATION_CONTEXT() REPRESENTATION_CONTEXT('2D SPACE',''
  ) );
#4071 = PCURVE('',#4040,#4072);
#4072 = DEFINITIONAL_REPRESENTATION('',(#4073),#4077);
#4073 = LINE('',#4074,#4075);
#4074 = CARTESIAN_POINT('',(-0.,0.));
#4075 = VECTOR('',#4076,1.);
#4076 = DIRECTION('',(-0.,-1.));
#4077 = ( GEOMETRIC_REPRESENTATION_CONTEXT(2) 
PARAMETRIC_REPRESENTATION_CONTEXT() REPRESENTATION_CONTEXT('2D SPACE',''
  ) );
#4078 = ORIENTED_EDGE('',*,*,#4079,.F.);
#4079 = EDGE_CURVE('',#4057,#4057,#4080,.T.);
#4080 = SURFACE_CURVE('',#4081,(#4086,#4093),.PCURVE_S1.);
#4081 = CIRCLE('',#4082,1.7);
#4082 = AXIS2_PLACEMENT_3D('',#4083,#4084,#4085);
#4083 = CARTESIAN_POINT('',(69.682367102281,27.530746135935,6.));
#4084 = DIRECTION('',(0.,1.,-1.110223024625E-16));
#4085 = DIRECTION('',(1.,0.,0.));
#4086 = PCURVE('',#4040,#4087);
#4087 = DEFINITIONAL_REPRESENTATION('',(#4088),#4092);
#4088 = LINE('',#4089,#4090);
#4089 = CARTESIAN_POINT('',(-6.28318530718,-13.));
#4090 = VECTOR('',#4091,1.);
#4091 = DIRECTION('',(1.,-0.));
#4092 = ( GEOMETRIC_REPRESENTATION_CONTEXT(2) 
PARAMETRIC_REPRESENTATION_CONTEXT() REPRESENTATION_CONTEXT('2D SPACE',''
  ) );
#4093 = PCURVE('',#642,#4094);
#4094 = DEFINITIONAL_REPRESENTATION('',(#4095),#4103);
#4095 = ( BOUNDED_CURVE() B_SPLINE_CURVE(2,(#4096,#4097,#4098,#4099,
#4100,#4101,#4102),.UNSPECIFIED.,.T.,.F.) B_SPLINE_CURVE_WITH_KNOTS((1,2
    ,2,2,2,1),(-2.094395102393,0.,2.094395102393,4.188790204786,
6.28318530718,8.377580409573),.UNSPECIFIED.) CURVE() 
GEOMETRIC_REPRESENTATION_ITEM() RATIONAL_B_SPLINE_CURVE((1.,0.5,1.,0.5,
1.,0.5,1.)) REPRESENTATION_ITEM('') );
#4096 = CARTESIAN_POINT('',(8.7,6.));
#4097 = CARTESIAN_POINT('',(8.7,3.055513627133));
#4098 = CARTESIAN_POINT('',(6.15,4.527756813566));
#4099 = CARTESIAN_POINT('',(3.6,6.));
#4100 = CARTESIAN_POINT('',(6.15,7.472243186434));
#4101 = CARTESIAN_POINT('',(8.7,8.944486372867));
#4102 = CARTESIAN_POINT('',(8.7,6.));
#4103 = ( GEOMETRIC_REPRESENTATION_CONTEXT(2) 
PARAMETRIC_REPRESENTATION_CONTEXT() REPRESENTATION_CONTEXT('2D SPACE',''
  ) );
#4104 = ORIENTED_EDGE('',*,*,#4056,.F.);
#4105 = ADVANCED_FACE('',(#4106),#3500,.T.);
#4106 = FACE_BOUND('',#4107,.T.);
#4107 = EDGE_LOOP('',(#4108,#4129,#4130,#4131));
#4108 = ORIENTED_EDGE('',*,*,#4109,.F.);
#4109 = EDGE_CURVE('',#3845,#3462,#4110,.T.);
#4110 = SURFACE_CURVE('',#4111,(#4115,#4122),.PCURVE_S1.);
#4111 = LINE('',#4112,#4113);
#4112 = CARTESIAN_POINT('',(79.318157103621,33.543093162817,8.9));
#4113 = VECTOR('',#4114,1.);
#4114 = DIRECTION('',(-0.994207047566,0.10748184298,1.199169841821E-16)
  );
#4115 = PCURVE('',#3500,#4116);
#4116 = DEFINITIONAL_REPRESENTATION('',(#4117),#4121);
#4117 = LINE('',#4118,#4119);
#4118 = CARTESIAN_POINT('',(-7.961474220689,-13.98765297311));
#4119 = VECTOR('',#4120,1.);
#4120 = DIRECTION('',(0.994207047566,0.10748184298));
#4121 = ( GEOMETRIC_REPRESENTATION_CONTEXT(2) 
PARAMETRIC_REPRESENTATION_CONTEXT() REPRESENTATION_CONTEXT('2D SPACE',''
  ) );
#4122 = PCURVE('',#1463,#4123);
#4123 = DEFINITIONAL_REPRESENTATION('',(#4124),#4128);
#4124 = LINE('',#4125,#4126);
#4125 = CARTESIAN_POINT('',(9.41877249974,-2.1));
#4126 = VECTOR('',#4127,1.);
#4127 = DIRECTION('',(1.,1.318498658627E-16));
#4128 = ( GEOMETRIC_REPRESENTATION_CONTEXT(2) 
PARAMETRIC_REPRESENTATION_CONTEXT() REPRESENTATION_CONTEXT('2D SPACE',''
  ) );
#4129 = ORIENTED_EDGE('',*,*,#3844,.T.);
#4130 = ORIENTED_EDGE('',*,*,#3996,.T.);
#4131 = ORIENTED_EDGE('',*,*,#3484,.F.);
#4132 = ADVANCED_FACE('',(#4133),#1463,.T.);
#4133 = FACE_BOUND('',#4134,.T.);
#4134 = EDGE_LOOP('',(#4135,#4156,#4157,#4158,#4159,#4160,#4161,#4182));
#4135 = ORIENTED_EDGE('',*,*,#4136,.F.);
#4136 = EDGE_CURVE('',#3944,#1715,#4137,.T.);
#4137 = SURFACE_CURVE('',#4138,(#4142,#4149),.PCURVE_S1.);
#4138 = LINE('',#4139,#4140);
#4139 = CARTESIAN_POINT('',(88.682367102281,32.530746135935,8.));
#4140 = VECTOR('',#4141,1.);
#4141 = DIRECTION('',(0.,1.110223024625E-16,1.));
#4142 = PCURVE('',#1463,#4143);
#4143 = DEFINITIONAL_REPRESENTATION('',(#4144),#4148);
#4144 = LINE('',#4145,#4146);
#4145 = CARTESIAN_POINT('',(3.579864504169E-17,-3.));
#4146 = VECTOR('',#4147,1.);
#4147 = DIRECTION('',(0.,1.));
#4148 = ( GEOMETRIC_REPRESENTATION_CONTEXT(2) 
PARAMETRIC_REPRESENTATION_CONTEXT() REPRESENTATION_CONTEXT('2D SPACE',''
  ) );
#4149 = PCURVE('',#478,#4150);
#4150 = DEFINITIONAL_REPRESENTATION('',(#4151),#4155);
#4151 = LINE('',#4152,#4153);
#4152 = CARTESIAN_POINT('',(26.,8.));
#4153 = VECTOR('',#4154,1.);
#4154 = DIRECTION('',(0.,1.));
#4155 = ( GEOMETRIC_REPRESENTATION_CONTEXT(2) 
PARAMETRIC_REPRESENTATION_CONTEXT() REPRESENTATION_CONTEXT('2D SPACE',''
  ) );
#4156 = ORIENTED_EDGE('',*,*,#3943,.T.);
#4157 = ORIENTED_EDGE('',*,*,#3867,.T.);
#4158 = ORIENTED_EDGE('',*,*,#4109,.T.);
#4159 = ORIENTED_EDGE('',*,*,#3461,.T.);
#4160 = ORIENTED_EDGE('',*,*,#1447,.T.);
#4161 = ORIENTED_EDGE('',*,*,#4162,.F.);
#4162 = EDGE_CURVE('',#1738,#1448,#4163,.T.);
#4163 = SURFACE_CURVE('',#4164,(#4168,#4175),.PCURVE_S1.);
#4164 = LINE('',#4165,#4166);
#4165 = CARTESIAN_POINT('',(51.682367102281,36.530746135935,14.));
#4166 = VECTOR('',#4167,1.);
#4167 = DIRECTION('',(0.,-1.110223024625E-16,-1.));
#4168 = PCURVE('',#1463,#4169);
#4169 = DEFINITIONAL_REPRESENTATION('',(#4170),#4174);
#4170 = LINE('',#4171,#4172);
#4171 = CARTESIAN_POINT('',(37.215588131857,3.));
#4172 = VECTOR('',#4173,1.);
#4173 = DIRECTION('',(0.,-1.));
#4174 = ( GEOMETRIC_REPRESENTATION_CONTEXT(2) 
PARAMETRIC_REPRESENTATION_CONTEXT() REPRESENTATION_CONTEXT('2D SPACE',''
  ) );
#4175 = PCURVE('',#1491,#4176);
#4176 = DEFINITIONAL_REPRESENTATION('',(#4177),#4181);
#4177 = LINE('',#4178,#4179);
#4178 = CARTESIAN_POINT('',(7.568266533689E-17,3.));
#4179 = VECTOR('',#4180,1.);
#4180 = DIRECTION('',(0.,-1.));
#4181 = ( GEOMETRIC_REPRESENTATION_CONTEXT(2) 
PARAMETRIC_REPRESENTATION_CONTEXT() REPRESENTATION_CONTEXT('2D SPACE',''
  ) );
#4182 = ORIENTED_EDGE('',*,*,#1737,.F.);
#4183 = ADVANCED_FACE('',(#4184),#1491,.T.);
#4184 = FACE_BOUND('',#4185,.T.);
#4185 = EDGE_LOOP('',(#4186,#4187,#4188,#4189,#4210,#4211,#4212));
#4186 = ORIENTED_EDGE('',*,*,#1760,.F.);
#4187 = ORIENTED_EDGE('',*,*,#4162,.T.);
#4188 = ORIENTED_EDGE('',*,*,#1475,.T.);
#4189 = ORIENTED_EDGE('',*,*,#4190,.F.);
#4190 = EDGE_CURVE('',#2889,#1476,#4191,.T.);
#4191 = SURFACE_CURVE('',#4192,(#4196,#4203),.PCURVE_S1.);
#4192 = LINE('',#4193,#4194);
#4193 = CARTESIAN_POINT('',(39.682367102281,33.730746135935,14.));
#4194 = VECTOR('',#4195,1.);
#4195 = DIRECTION('',(0.,-1.110223024625E-16,-1.));
#4196 = PCURVE('',#1491,#4197);
#4197 = DEFINITIONAL_REPRESENTATION('',(#4198),#4202);
#4198 = LINE('',#4199,#4200);
#4199 = CARTESIAN_POINT('',(12.322337440599,3.));
#4200 = VECTOR('',#4201,1.);
#4201 = DIRECTION('',(0.,-1.));
#4202 = ( GEOMETRIC_REPRESENTATION_CONTEXT(2) 
PARAMETRIC_REPRESENTATION_CONTEXT() REPRESENTATION_CONTEXT('2D SPACE',''
  ) );
#4203 = PCURVE('',#1519,#4204);
#4204 = DEFINITIONAL_REPRESENTATION('',(#4205),#4209);
#4205 = LINE('',#4206,#4207);
#4206 = CARTESIAN_POINT('',(3.276945082286E-16,3.));
#4207 = VECTOR('',#4208,1.);
#4208 = DIRECTION('',(0.,-1.));
#4209 = ( GEOMETRIC_REPRESENTATION_CONTEXT(2) 
PARAMETRIC_REPRESENTATION_CONTEXT() REPRESENTATION_CONTEXT('2D SPACE',''
  ) );
#4210 = ORIENTED_EDGE('',*,*,#2888,.F.);
#4211 = ORIENTED_EDGE('',*,*,#3048,.F.);
#4212 = ORIENTED_EDGE('',*,*,#3398,.F.);
#4213 = ADVANCED_FACE('',(#4214),#1519,.T.);
#4214 = FACE_BOUND('',#4215,.T.);
#4215 = EDGE_LOOP('',(#4216,#4217,#4218,#4219));
#4216 = ORIENTED_EDGE('',*,*,#2915,.F.);
#4217 = ORIENTED_EDGE('',*,*,#4190,.T.);
#4218 = ORIENTED_EDGE('',*,*,#1503,.T.);
#4219 = ORIENTED_EDGE('',*,*,#4220,.F.);
#4220 = EDGE_CURVE('',#2916,#1504,#4221,.T.);
#4221 = SURFACE_CURVE('',#4222,(#4226,#4233),.PCURVE_S1.);
#4222 = LINE('',#4223,#4224);
#4223 = CARTESIAN_POINT('',(40.915355683625,26.949308938544,19.5));
#4224 = VECTOR('',#4225,1.);
#4225 = DIRECTION('',(0.,-1.110223024625E-16,-1.));
#4226 = PCURVE('',#1519,#4227);
#4227 = DEFINITIONAL_REPRESENTATION('',(#4228),#4232);
#4228 = LINE('',#4229,#4230);
#4229 = CARTESIAN_POINT('',(6.892615708415,8.5));
#4230 = VECTOR('',#4231,1.);
#4231 = DIRECTION('',(0.,-1.));
#4232 = ( GEOMETRIC_REPRESENTATION_CONTEXT(2) 
PARAMETRIC_REPRESENTATION_CONTEXT() REPRESENTATION_CONTEXT('2D SPACE',''
  ) );
#4233 = PCURVE('',#45,#4234);
#4234 = DEFINITIONAL_REPRESENTATION('',(#4235),#4239);
#4235 = LINE('',#4236,#4237);
#4236 = CARTESIAN_POINT('',(9.558693152264,-8.5));
#4237 = VECTOR('',#4238,1.);
#4238 = DIRECTION('',(0.,-1.));
#4239 = ( GEOMETRIC_REPRESENTATION_CONTEXT(2) 
PARAMETRIC_REPRESENTATION_CONTEXT() REPRESENTATION_CONTEXT('2D SPACE',''
  ) );
#4240 = ADVANCED_FACE('',(#4241),#1357,.T.);
#4241 = FACE_BOUND('',#4242,.F.);
#4242 = EDGE_LOOP('',(#4243,#4244,#4272,#4300,#4324,#4345));
#4243 = ORIENTED_EDGE('',*,*,#1339,.T.);
#4244 = ORIENTED_EDGE('',*,*,#4245,.T.);
#4245 = EDGE_CURVE('',#1342,#4246,#4248,.T.);
#4246 = VERTEX_POINT('',#4247);
#4247 = CARTESIAN_POINT('',(42.58275606962,27.39608752543,4.576705241597
    ));
#4248 = SURFACE_CURVE('',#4249,(#4254,#4261),.PCURVE_S1.);
#4249 = CIRCLE('',#4250,4.8);
#4250 = AXIS2_PLACEMENT_3D('',#4251,#4252,#4253);
#4251 = CARTESIAN_POINT('',(47.195271312506,28.632007259838,
    5.063742759908));
#4252 = DIRECTION('',(-0.258819045103,0.965925826289,-1.110223024625E-16
    ));
#4253 = DIRECTION('',(0.42075918971,0.112742085091,0.90013939283));
#4254 = PCURVE('',#1357,#4255);
#4255 = DEFINITIONAL_REPRESENTATION('',(#4256),#4260);
#4256 = LINE('',#4257,#4258);
#4257 = CARTESIAN_POINT('',(-7.403274716913,0.));
#4258 = VECTOR('',#4259,1.);
#4259 = DIRECTION('',(1.,-0.));
#4260 = ( GEOMETRIC_REPRESENTATION_CONTEXT(2) 
PARAMETRIC_REPRESENTATION_CONTEXT() REPRESENTATION_CONTEXT('2D SPACE',''
  ) );
#4261 = PCURVE('',#45,#4262);
#4262 = DEFINITIONAL_REPRESENTATION('',(#4263),#4271);
#4263 = ( BOUNDED_CURVE() B_SPLINE_CURVE(2,(#4264,#4265,#4266,#4267,
#4268,#4269,#4270),.UNSPECIFIED.,.T.,.F.) B_SPLINE_CURVE_WITH_KNOTS((1,2
    ,2,2,2,1),(-2.094395102393,0.,2.094395102393,4.188790204786,
6.28318530718,8.377580409573),.UNSPECIFIED.) CURVE() 
GEOMETRIC_REPRESENTATION_ITEM() RATIONAL_B_SPLINE_CURVE((1.,0.5,1.,0.5,
1.,0.5,1.)) REPRESENTATION_ITEM('') );
#4264 = CARTESIAN_POINT('',(18.151029658445,-18.6155881545));
#4265 = CARTESIAN_POINT('',(25.634648037369,-22.23711489866));
#4266 = CARTESIAN_POINT('',(18.756504686983,-26.90735515496));
#4267 = CARTESIAN_POINT('',(11.878361336598,-31.57759541126));
#4268 = CARTESIAN_POINT('',(11.27288630806,-23.2858284108));
#4269 = CARTESIAN_POINT('',(10.667411279521,-14.99406141035));
#4270 = CARTESIAN_POINT('',(18.151029658445,-18.6155881545));
#4271 = ( GEOMETRIC_REPRESENTATION_CONTEXT(2) 
PARAMETRIC_REPRESENTATION_CONTEXT() REPRESENTATION_CONTEXT('2D SPACE',''
  ) );
#4272 = ORIENTED_EDGE('',*,*,#4273,.F.);
#4273 = EDGE_CURVE('',#4274,#4246,#4276,.T.);
#4274 = VERTEX_POINT('',#4275);
#4275 = CARTESIAN_POINT('',(46.866211266067,11.410015100346,
    4.576705241597));
#4276 = SURFACE_CURVE('',#4277,(#4281,#4288),.PCURVE_S1.);
#4277 = LINE('',#4278,#4279);
#4278 = CARTESIAN_POINT('',(42.58275606962,27.39608752543,4.576705241597
    ));
#4279 = VECTOR('',#4280,1.);
#4280 = DIRECTION('',(-0.258819045103,0.965925826289,-1.072393092426E-16
    ));
#4281 = PCURVE('',#1357,#4282);
#4282 = DEFINITIONAL_REPRESENTATION('',(#4283),#4287);
#4283 = LINE('',#4284,#4285);
#4284 = CARTESIAN_POINT('',(-3.243233720253,0.));
#4285 = VECTOR('',#4286,1.);
#4286 = DIRECTION('',(-0.,1.));
#4287 = ( GEOMETRIC_REPRESENTATION_CONTEXT(2) 
PARAMETRIC_REPRESENTATION_CONTEXT() REPRESENTATION_CONTEXT('2D SPACE',''
  ) );
#4288 = PCURVE('',#4289,#4294);
#4289 = CYLINDRICAL_SURFACE('',#4290,26.);
#4290 = AXIS2_PLACEMENT_3D('',#4291,#4292,#4293);
#4291 = CARTESIAN_POINT('',(31.682367102281,24.475337104447,28.));
#4292 = DIRECTION('',(-0.258819045103,0.965925826289,-1.072393092426E-16
    ));
#4293 = DIRECTION('',(0.965925826289,0.258819045103,-2.873468630843E-17)
  );
#4294 = DEFINITIONAL_REPRESENTATION('',(#4295),#4299);
#4295 = LINE('',#4296,#4297);
#4296 = CARTESIAN_POINT('',(-5.161355955029,0.));
#4297 = VECTOR('',#4298,1.);
#4298 = DIRECTION('',(-0.,1.));
#4299 = ( GEOMETRIC_REPRESENTATION_CONTEXT(2) 
PARAMETRIC_REPRESENTATION_CONTEXT() REPRESENTATION_CONTEXT('2D SPACE',''
  ) );
#4300 = ORIENTED_EDGE('',*,*,#4301,.T.);
#4301 = EDGE_CURVE('',#4274,#4302,#4304,.T.);
#4302 = VERTEX_POINT('',#4303);
#4303 = CARTESIAN_POINT('',(53.498370619559,13.187096843189,
    9.384411845492));
#4304 = SURFACE_CURVE('',#4305,(#4310,#4317),.PCURVE_S1.);
#4305 = CIRCLE('',#4306,4.8);
#4306 = AXIS2_PLACEMENT_3D('',#4307,#4308,#4309);
#4307 = CARTESIAN_POINT('',(51.478726508953,12.645934834754,
    5.063742759908));
#4308 = DIRECTION('',(0.258819045103,-0.965925826289,1.110223024625E-16)
  );
#4309 = DIRECTION('',(-0.960940675601,-0.257483278002,-0.101466149648));
#4310 = PCURVE('',#1357,#4311);
#4311 = DEFINITIONAL_REPRESENTATION('',(#4312),#4316);
#4312 = LINE('',#4313,#4314);
#4313 = CARTESIAN_POINT('',(-3.243233720253,-16.55));
#4314 = VECTOR('',#4315,1.);
#4315 = DIRECTION('',(-1.,0.));
#4316 = ( GEOMETRIC_REPRESENTATION_CONTEXT(2) 
PARAMETRIC_REPRESENTATION_CONTEXT() REPRESENTATION_CONTEXT('2D SPACE',''
  ) );
#4317 = PCURVE('',#102,#4318);
#4318 = DEFINITIONAL_REPRESENTATION('',(#4319),#4323);
#4319 = CIRCLE('',#4320,4.8);
#4320 = AXIS2_PLACEMENT_2D('',#4321,#4322);
#4321 = CARTESIAN_POINT('',(16.060140217829,-22.93625724009));
#4322 = DIRECTION('',(-0.994838992237,-0.101466149648));
#4323 = ( GEOMETRIC_REPRESENTATION_CONTEXT(2) 
PARAMETRIC_REPRESENTATION_CONTEXT() REPRESENTATION_CONTEXT('2D SPACE',''
  ) );
#4324 = ORIENTED_EDGE('',*,*,#4325,.T.);
#4325 = EDGE_CURVE('',#4302,#1556,#4326,.T.);
#4326 = SURFACE_CURVE('',#4327,(#4331,#4338),.PCURVE_S1.);
#4327 = LINE('',#4328,#4329);
#4328 = CARTESIAN_POINT('',(49.214915423112,29.173169268273,
    9.384411845492));
#4329 = VECTOR('',#4330,1.);
#4330 = DIRECTION('',(-0.258819045103,0.965925826289,-1.072393092426E-16
    ));
#4331 = PCURVE('',#1357,#4332);
#4332 = DEFINITIONAL_REPRESENTATION('',(#4333),#4337);
#4333 = LINE('',#4334,#4335);
#4334 = CARTESIAN_POINT('',(-7.403274716913,0.));
#4335 = VECTOR('',#4336,1.);
#4336 = DIRECTION('',(-0.,1.));
#4337 = ( GEOMETRIC_REPRESENTATION_CONTEXT(2) 
PARAMETRIC_REPRESENTATION_CONTEXT() REPRESENTATION_CONTEXT('2D SPACE',''
  ) );
#4338 = PCURVE('',#395,#4339);
#4339 = DEFINITIONAL_REPRESENTATION('',(#4340),#4344);
#4340 = LINE('',#4341,#4342);
#4341 = CARTESIAN_POINT('',(-5.485152482137,0.));
#4342 = VECTOR('',#4343,1.);
#4343 = DIRECTION('',(-0.,1.));
#4344 = ( GEOMETRIC_REPRESENTATION_CONTEXT(2) 
PARAMETRIC_REPRESENTATION_CONTEXT() REPRESENTATION_CONTEXT('2D SPACE',''
  ) );
#4345 = ORIENTED_EDGE('',*,*,#1555,.F.);
#4346 = ADVANCED_FACE('',(#4347),#4289,.T.);
#4347 = FACE_BOUND('',#4348,.F.);
#4348 = EDGE_LOOP('',(#4349,#4373,#4396,#4422));
#4349 = ORIENTED_EDGE('',*,*,#4350,.F.);
#4350 = EDGE_CURVE('',#4351,#4246,#4353,.T.);
#4351 = VERTEX_POINT('',#4352);
#4352 = CARTESIAN_POINT('',(6.896710399704,17.834040407116,
    23.809009663576));
#4353 = SURFACE_CURVE('',#4354,(#4359,#4366),.PCURVE_S1.);
#4354 = CIRCLE('',#4355,26.);
#4355 = AXIS2_PLACEMENT_3D('',#4356,#4357,#4358);
#4356 = CARTESIAN_POINT('',(31.682367102281,24.475337104447,28.));
#4357 = DIRECTION('',(0.258819045103,-0.965925826289,9.71445146547E-17)
  );
#4358 = DIRECTION('',(0.419245729513,0.112336554653,0.900895952246));
#4359 = PCURVE('',#4289,#4360);
#4360 = DEFINITIONAL_REPRESENTATION('',(#4361),#4365);
#4361 = LINE('',#4362,#4363);
#4362 = CARTESIAN_POINT('',(-1.121829352151,0.));
#4363 = VECTOR('',#4364,1.);
#4364 = DIRECTION('',(-1.,0.));
#4365 = ( GEOMETRIC_REPRESENTATION_CONTEXT(2) 
PARAMETRIC_REPRESENTATION_CONTEXT() REPRESENTATION_CONTEXT('2D SPACE',''
  ) );
#4366 = PCURVE('',#45,#4367);
#4367 = DEFINITIONAL_REPRESENTATION('',(#4368),#4372);
#4368 = CIRCLE('',#4369,26.);
#4369 = AXIS2_PLACEMENT_2D('',#4370,#4371);
#4370 = CARTESIAN_POINT('',(1.02086113104E-31,-3.552713678801E-15));
#4371 = DIRECTION('',(0.434035117503,0.900895952246));
#4372 = ( GEOMETRIC_REPRESENTATION_CONTEXT(2) 
PARAMETRIC_REPRESENTATION_CONTEXT() REPRESENTATION_CONTEXT('2D SPACE',''
  ) );
#4373 = ORIENTED_EDGE('',*,*,#4374,.F.);
#4374 = EDGE_CURVE('',#4375,#4351,#4377,.T.);
#4375 = VERTEX_POINT('',#4376);
#4376 = CARTESIAN_POINT('',(11.180165596151,1.847967982032,
    23.809009663576));
#4377 = SURFACE_CURVE('',#4378,(#4382,#4389),.PCURVE_S1.);
#4378 = LINE('',#4379,#4380);
#4379 = CARTESIAN_POINT('',(6.896710399704,17.834040407116,
    23.809009663576));
#4380 = VECTOR('',#4381,1.);
#4381 = DIRECTION('',(-0.258819045103,0.965925826289,-1.072393092426E-16
    ));
#4382 = PCURVE('',#4289,#4383);
#4383 = DEFINITIONAL_REPRESENTATION('',(#4384),#4388);
#4384 = LINE('',#4385,#4386);
#4385 = CARTESIAN_POINT('',(-3.303490917144,0.));
#4386 = VECTOR('',#4387,1.);
#4387 = DIRECTION('',(-0.,1.));
#4388 = ( GEOMETRIC_REPRESENTATION_CONTEXT(2) 
PARAMETRIC_REPRESENTATION_CONTEXT() REPRESENTATION_CONTEXT('2D SPACE',''
  ) );
#4389 = PCURVE('',#249,#4390);
#4390 = DEFINITIONAL_REPRESENTATION('',(#4391),#4395);
#4391 = LINE('',#4392,#4393);
#4392 = CARTESIAN_POINT('',(-5.22161315192,0.));
#4393 = VECTOR('',#4394,1.);
#4394 = DIRECTION('',(-0.,1.));
#4395 = ( GEOMETRIC_REPRESENTATION_CONTEXT(2) 
PARAMETRIC_REPRESENTATION_CONTEXT() REPRESENTATION_CONTEXT('2D SPACE',''
  ) );
#4396 = ORIENTED_EDGE('',*,*,#4397,.F.);
#4397 = EDGE_CURVE('',#4274,#4375,#4398,.T.);
#4398 = SURFACE_CURVE('',#4399,(#4404,#4411),.PCURVE_S1.);
#4399 = CIRCLE('',#4400,26.);
#4400 = AXIS2_PLACEMENT_3D('',#4401,#4402,#4403);
#4401 = CARTESIAN_POINT('',(35.965822298728,8.489264679363,28.));
#4402 = DIRECTION('',(-0.258819045103,0.965925826289,-1.249000902703E-16
    ));
#4403 = DIRECTION('',(0.67432878157,0.180685852455,0.715984159789));
#4404 = PCURVE('',#4289,#4405);
#4405 = DEFINITIONAL_REPRESENTATION('',(#4406),#4410);
#4406 = LINE('',#4407,#4408);
#4407 = CARTESIAN_POINT('',(-7.081218132223,-16.55));
#4408 = VECTOR('',#4409,1.);
#4409 = DIRECTION('',(1.,-0.));
#4410 = ( GEOMETRIC_REPRESENTATION_CONTEXT(2) 
PARAMETRIC_REPRESENTATION_CONTEXT() REPRESENTATION_CONTEXT('2D SPACE',''
  ) );
#4411 = PCURVE('',#102,#4412);
#4412 = DEFINITIONAL_REPRESENTATION('',(#4413),#4421);
#4413 = ( BOUNDED_CURVE() B_SPLINE_CURVE(2,(#4414,#4415,#4416,#4417,
#4418,#4419,#4420),.UNSPECIFIED.,.T.,.F.) B_SPLINE_CURVE_WITH_KNOTS((1,2
    ,2,2,2,1),(-2.094395102393,0.,2.094395102393,4.188790204786,
6.28318530718,8.377580409573),.UNSPECIFIED.) CURVE() 
GEOMETRIC_REPRESENTATION_ITEM() RATIONAL_B_SPLINE_CURVE((1.,0.5,1.,0.5,
1.,0.5,1.)) REPRESENTATION_ITEM('') );
#4414 = CARTESIAN_POINT('',(18.151029658445,18.615588154507));
#4415 = CARTESIAN_POINT('',(50.39417415483,-12.8229174236));
#4416 = CARTESIAN_POINT('',(7.046057418969,-25.02704686631));
#4417 = CARTESIAN_POINT('',(-36.30205931689,-37.23117630901));
#4418 = CARTESIAN_POINT('',(-25.19708707741,6.411458711805));
#4419 = CARTESIAN_POINT('',(-14.09211483793,50.054093732624));
#4420 = CARTESIAN_POINT('',(18.151029658445,18.615588154507));
#4421 = ( GEOMETRIC_REPRESENTATION_CONTEXT(2) 
PARAMETRIC_REPRESENTATION_CONTEXT() REPRESENTATION_CONTEXT('2D SPACE',''
  ) );
#4422 = ORIENTED_EDGE('',*,*,#4273,.T.);
#4423 = ADVANCED_FACE('',(#4424,#4458,#4572,#4575),#642,.T.);
#4424 = FACE_BOUND('',#4425,.T.);
#4425 = EDGE_LOOP('',(#4426,#4447,#4448,#4449,#4450,#4451,#4452,#4453,
    #4454,#4455,#4456,#4457));
#4426 = ORIENTED_EDGE('',*,*,#4427,.F.);
#4427 = EDGE_CURVE('',#1841,#412,#4428,.T.);
#4428 = SURFACE_CURVE('',#4429,(#4433,#4440),.PCURVE_S1.);
#4429 = LINE('',#4430,#4431);
#4430 = CARTESIAN_POINT('',(62.682367102281,27.530746135935,42.));
#4431 = VECTOR('',#4432,1.);
#4432 = DIRECTION('',(0.,1.110223024625E-16,1.));
#4433 = PCURVE('',#642,#4434);
#4434 = DEFINITIONAL_REPRESENTATION('',(#4435),#4439);
#4435 = LINE('',#4436,#4437);
#4436 = CARTESIAN_POINT('',(0.,42.));
#4437 = VECTOR('',#4438,1.);
#4438 = DIRECTION('',(0.,1.));
#4439 = ( GEOMETRIC_REPRESENTATION_CONTEXT(2) 
PARAMETRIC_REPRESENTATION_CONTEXT() REPRESENTATION_CONTEXT('2D SPACE',''
  ) );
#4440 = PCURVE('',#369,#4441);
#4441 = DEFINITIONAL_REPRESENTATION('',(#4442),#4446);
#4442 = LINE('',#4443,#4444);
#4443 = CARTESIAN_POINT('',(21.541587685219,-3.));
#4444 = VECTOR('',#4445,1.);
#4445 = DIRECTION('',(0.,1.));
#4446 = ( GEOMETRIC_REPRESENTATION_CONTEXT(2) 
PARAMETRIC_REPRESENTATION_CONTEXT() REPRESENTATION_CONTEXT('2D SPACE',''
  ) );
#4447 = ORIENTED_EDGE('',*,*,#1840,.F.);
#4448 = ORIENTED_EDGE('',*,*,#1583,.F.);
#4449 = ORIENTED_EDGE('',*,*,#1263,.F.);
#4450 = ORIENTED_EDGE('',*,*,#1210,.T.);
#4451 = ORIENTED_EDGE('',*,*,#1160,.T.);
#4452 = ORIENTED_EDGE('',*,*,#1079,.F.);
#4453 = ORIENTED_EDGE('',*,*,#947,.T.);
#4454 = ORIENTED_EDGE('',*,*,#894,.T.);
#4455 = ORIENTED_EDGE('',*,*,#817,.F.);
#4456 = ORIENTED_EDGE('',*,*,#763,.F.);
#4457 = ORIENTED_EDGE('',*,*,#626,.F.);
#4458 = FACE_BOUND('',#4459,.T.);
#4459 = EDGE_LOOP('',(#4460,#4490,#4518,#4546));
#4460 = ORIENTED_EDGE('',*,*,#4461,.F.);
#4461 = EDGE_CURVE('',#4462,#4464,#4466,.T.);
#4462 = VERTEX_POINT('',#4463);
#4463 = CARTESIAN_POINT('',(75.882367102281,27.530746135935,52.));
#4464 = VERTEX_POINT('',#4465);
#4465 = CARTESIAN_POINT('',(72.682367102281,27.530746135935,52.));
#4466 = SURFACE_CURVE('',#4467,(#4471,#4478),.PCURVE_S1.);
#4467 = LINE('',#4468,#4469);
#4468 = CARTESIAN_POINT('',(67.682367102281,27.530746135935,52.));
#4469 = VECTOR('',#4470,1.);
#4470 = DIRECTION('',(-1.,0.,0.));
#4471 = PCURVE('',#642,#4472);
#4472 = DEFINITIONAL_REPRESENTATION('',(#4473),#4477);
#4473 = LINE('',#4474,#4475);
#4474 = CARTESIAN_POINT('',(5.,52.));
#4475 = VECTOR('',#4476,1.);
#4476 = DIRECTION('',(-1.,0.));
#4477 = ( GEOMETRIC_REPRESENTATION_CONTEXT(2) 
PARAMETRIC_REPRESENTATION_CONTEXT() REPRESENTATION_CONTEXT('2D SPACE',''
  ) );
#4478 = PCURVE('',#4479,#4484);
#4479 = PLANE('',#4480);
#4480 = AXIS2_PLACEMENT_3D('',#4481,#4482,#4483);
#4481 = CARTESIAN_POINT('',(72.682367102281,32.530746135935,52.));
#4482 = DIRECTION('',(0.,1.110223024625E-16,1.));
#4483 = DIRECTION('',(0.,-1.,1.110223024625E-16));
#4484 = DEFINITIONAL_REPRESENTATION('',(#4485),#4489);
#4485 = LINE('',#4486,#4487);
#4486 = CARTESIAN_POINT('',(5.,-5.));
#4487 = VECTOR('',#4488,1.);
#4488 = DIRECTION('',(0.,-1.));
#4489 = ( GEOMETRIC_REPRESENTATION_CONTEXT(2) 
PARAMETRIC_REPRESENTATION_CONTEXT() REPRESENTATION_CONTEXT('2D SPACE',''
  ) );
#4490 = ORIENTED_EDGE('',*,*,#4491,.T.);
#4491 = EDGE_CURVE('',#4462,#4492,#4494,.T.);
#4492 = VERTEX_POINT('',#4493);
#4493 = CARTESIAN_POINT('',(75.882367102281,27.530746135935,4.));
#4494 = SURFACE_CURVE('',#4495,(#4499,#4506),.PCURVE_S1.);
#4495 = LINE('',#4496,#4497);
#4496 = CARTESIAN_POINT('',(75.882367102281,27.530746135935,52.));
#4497 = VECTOR('',#4498,1.);
#4498 = DIRECTION('',(0.,-1.110223024625E-16,-1.));
#4499 = PCURVE('',#642,#4500);
#4500 = DEFINITIONAL_REPRESENTATION('',(#4501),#4505);
#4501 = LINE('',#4502,#4503);
#4502 = CARTESIAN_POINT('',(13.2,52.));
#4503 = VECTOR('',#4504,1.);
#4504 = DIRECTION('',(0.,-1.));
#4505 = ( GEOMETRIC_REPRESENTATION_CONTEXT(2) 
PARAMETRIC_REPRESENTATION_CONTEXT() REPRESENTATION_CONTEXT('2D SPACE',''
  ) );
#4506 = PCURVE('',#4507,#4512);
#4507 = PLANE('',#4508);
#4508 = AXIS2_PLACEMENT_3D('',#4509,#4510,#4511);
#4509 = CARTESIAN_POINT('',(75.882367102281,32.530746135935,4.));
#4510 = DIRECTION('',(1.,0.,0.));
#4511 = DIRECTION('',(0.,-1.,1.110223024625E-16));
#4512 = DEFINITIONAL_REPRESENTATION('',(#4513),#4517);
#4513 = LINE('',#4514,#4515);
#4514 = CARTESIAN_POINT('',(5.,-48.));
#4515 = VECTOR('',#4516,1.);
#4516 = DIRECTION('',(0.,1.));
#4517 = ( GEOMETRIC_REPRESENTATION_CONTEXT(2) 
PARAMETRIC_REPRESENTATION_CONTEXT() REPRESENTATION_CONTEXT('2D SPACE',''
  ) );
#4518 = ORIENTED_EDGE('',*,*,#4519,.T.);
#4519 = EDGE_CURVE('',#4492,#4520,#4522,.T.);
#4520 = VERTEX_POINT('',#4521);
#4521 = CARTESIAN_POINT('',(72.682367102281,27.530746135935,4.));
#4522 = SURFACE_CURVE('',#4523,(#4527,#4534),.PCURVE_S1.);
#4523 = LINE('',#4524,#4525);
#4524 = CARTESIAN_POINT('',(67.682367102281,27.530746135935,4.));
#4525 = VECTOR('',#4526,1.);
#4526 = DIRECTION('',(-1.,0.,0.));
#4527 = PCURVE('',#642,#4528);
#4528 = DEFINITIONAL_REPRESENTATION('',(#4529),#4533);
#4529 = LINE('',#4530,#4531);
#4530 = CARTESIAN_POINT('',(5.,4.));
#4531 = VECTOR('',#4532,1.);
#4532 = DIRECTION('',(-1.,0.));
#4533 = ( GEOMETRIC_REPRESENTATION_CONTEXT(2) 
PARAMETRIC_REPRESENTATION_CONTEXT() REPRESENTATION_CONTEXT('2D SPACE',''
  ) );
#4534 = PCURVE('',#4535,#4540);
#4535 = PLANE('',#4536);
#4536 = AXIS2_PLACEMENT_3D('',#4537,#4538,#4539);
#4537 = CARTESIAN_POINT('',(72.682367102281,32.530746135935,4.));
#4538 = DIRECTION('',(0.,1.110223024625E-16,1.));
#4539 = DIRECTION('',(0.,-1.,1.110223024625E-16));
#4540 = DEFINITIONAL_REPRESENTATION('',(#4541),#4545);
#4541 = LINE('',#4542,#4543);
#4542 = CARTESIAN_POINT('',(5.,-5.));
#4543 = VECTOR('',#4544,1.);
#4544 = DIRECTION('',(0.,-1.));
#4545 = ( GEOMETRIC_REPRESENTATION_CONTEXT(2) 
PARAMETRIC_REPRESENTATION_CONTEXT() REPRESENTATION_CONTEXT('2D SPACE',''
  ) );
#4546 = ORIENTED_EDGE('',*,*,#4547,.T.);
#4547 = EDGE_CURVE('',#4520,#4464,#4548,.T.);
#4548 = SURFACE_CURVE('',#4549,(#4553,#4560),.PCURVE_S1.);
#4549 = LINE('',#4550,#4551);
#4550 = CARTESIAN_POINT('',(72.682367102281,27.530746135935,4.));
#4551 = VECTOR('',#4552,1.);
#4552 = DIRECTION('',(0.,1.110223024625E-16,1.));
#4553 = PCURVE('',#642,#4554);
#4554 = DEFINITIONAL_REPRESENTATION('',(#4555),#4559);
#4555 = LINE('',#4556,#4557);
#4556 = CARTESIAN_POINT('',(10.,4.));
#4557 = VECTOR('',#4558,1.);
#4558 = DIRECTION('',(0.,1.));
#4559 = ( GEOMETRIC_REPRESENTATION_CONTEXT(2) 
PARAMETRIC_REPRESENTATION_CONTEXT() REPRESENTATION_CONTEXT('2D SPACE',''
  ) );
#4560 = PCURVE('',#4561,#4566);
#4561 = PLANE('',#4562);
#4562 = AXIS2_PLACEMENT_3D('',#4563,#4564,#4565);
#4563 = CARTESIAN_POINT('',(72.682367102281,32.530746135935,4.));
#4564 = DIRECTION('',(1.,0.,0.));
#4565 = DIRECTION('',(0.,-1.,1.110223024625E-16));
#4566 = DEFINITIONAL_REPRESENTATION('',(#4567),#4571);
#4567 = LINE('',#4568,#4569);
#4568 = CARTESIAN_POINT('',(5.,5.551115123126E-16));
#4569 = VECTOR('',#4570,1.);
#4570 = DIRECTION('',(0.,-1.));
#4571 = ( GEOMETRIC_REPRESENTATION_CONTEXT(2) 
PARAMETRIC_REPRESENTATION_CONTEXT() REPRESENTATION_CONTEXT('2D SPACE',''
  ) );
#4572 = FACE_BOUND('',#4573,.T.);
#4573 = EDGE_LOOP('',(#4574));
#4574 = ORIENTED_EDGE('',*,*,#4079,.T.);
#4575 = FACE_BOUND('',#4576,.T.);
#4576 = EDGE_LOOP('',(#4577));
#4577 = ORIENTED_EDGE('',*,*,#4578,.T.);
#4578 = EDGE_CURVE('',#4579,#4579,#4581,.T.);
#4579 = VERTEX_POINT('',#4580);
#4580 = CARTESIAN_POINT('',(71.382367102281,27.530746135935,50.));
#4581 = SURFACE_CURVE('',#4582,(#4587,#4598),.PCURVE_S1.);
#4582 = CIRCLE('',#4583,1.7);
#4583 = AXIS2_PLACEMENT_3D('',#4584,#4585,#4586);
#4584 = CARTESIAN_POINT('',(69.682367102281,27.530746135935,50.));
#4585 = DIRECTION('',(0.,1.,-1.110223024625E-16));
#4586 = DIRECTION('',(1.,0.,0.));
#4587 = PCURVE('',#642,#4588);
#4588 = DEFINITIONAL_REPRESENTATION('',(#4589),#4597);
#4589 = ( BOUNDED_CURVE() B_SPLINE_CURVE(2,(#4590,#4591,#4592,#4593,
#4594,#4595,#4596),.UNSPECIFIED.,.T.,.F.) B_SPLINE_CURVE_WITH_KNOTS((1,2
    ,2,2,2,1),(-2.094395102393,0.,2.094395102393,4.188790204786,
6.28318530718,8.377580409573),.UNSPECIFIED.) CURVE() 
GEOMETRIC_REPRESENTATION_ITEM() RATIONAL_B_SPLINE_CURVE((1.,0.5,1.,0.5,
1.,0.5,1.)) REPRESENTATION_ITEM('') );
#4590 = CARTESIAN_POINT('',(8.7,50.));
#4591 = CARTESIAN_POINT('',(8.7,47.055513627133));
#4592 = CARTESIAN_POINT('',(6.15,48.527756813566));
#4593 = CARTESIAN_POINT('',(3.6,50.));
#4594 = CARTESIAN_POINT('',(6.15,51.472243186434));
#4595 = CARTESIAN_POINT('',(8.7,52.944486372867));
#4596 = CARTESIAN_POINT('',(8.7,50.));
#4597 = ( GEOMETRIC_REPRESENTATION_CONTEXT(2) 
PARAMETRIC_REPRESENTATION_CONTEXT() REPRESENTATION_CONTEXT('2D SPACE',''
  ) );
#4598 = PCURVE('',#4599,#4604);
#4599 = CYLINDRICAL_SURFACE('',#4600,1.7);
#4600 = AXIS2_PLACEMENT_3D('',#4601,#4602,#4603);
#4601 = CARTESIAN_POINT('',(69.682367102281,40.530746135935,50.));
#4602 = DIRECTION('',(-0.,1.,-1.110223024625E-16));
#4603 = DIRECTION('',(1.,0.,0.));
#4604 = DEFINITIONAL_REPRESENTATION('',(#4605),#4609);
#4605 = LINE('',#4606,#4607);
#4606 = CARTESIAN_POINT('',(-6.28318530718,-13.));
#4607 = VECTOR('',#4608,1.);
#4608 = DIRECTION('',(1.,-0.));
#4609 = ( GEOMETRIC_REPRESENTATION_CONTEXT(2) 
PARAMETRIC_REPRESENTATION_CONTEXT() REPRESENTATION_CONTEXT('2D SPACE',''
  ) );
#4610 = ADVANCED_FACE('',(#4611),#4599,.F.);
#4611 = FACE_BOUND('',#4612,.T.);
#4612 = EDGE_LOOP('',(#4613,#4646,#4667,#4668));
#4613 = ORIENTED_EDGE('',*,*,#4614,.T.);
#4614 = EDGE_CURVE('',#4615,#4615,#4617,.T.);
#4615 = VERTEX_POINT('',#4616);
#4616 = CARTESIAN_POINT('',(71.382367102281,29.880746135935,50.));
#4617 = SURFACE_CURVE('',#4618,(#4623,#4630),.PCURVE_S1.);
#4618 = CIRCLE('',#4619,1.7);
#4619 = AXIS2_PLACEMENT_3D('',#4620,#4621,#4622);
#4620 = CARTESIAN_POINT('',(69.682367102281,29.880746135935,50.));
#4621 = DIRECTION('',(0.,1.,-1.110223024625E-16));
#4622 = DIRECTION('',(1.,0.,0.));
#4623 = PCURVE('',#4599,#4624);
#4624 = DEFINITIONAL_REPRESENTATION('',(#4625),#4629);
#4625 = LINE('',#4626,#4627);
#4626 = CARTESIAN_POINT('',(-6.28318530718,-10.65));
#4627 = VECTOR('',#4628,1.);
#4628 = DIRECTION('',(1.,-0.));
#4629 = ( GEOMETRIC_REPRESENTATION_CONTEXT(2) 
PARAMETRIC_REPRESENTATION_CONTEXT() REPRESENTATION_CONTEXT('2D SPACE',''
  ) );
#4630 = PCURVE('',#4631,#4636);
#4631 = PLANE('',#4632);
#4632 = AXIS2_PLACEMENT_3D('',#4633,#4634,#4635);
#4633 = CARTESIAN_POINT('',(69.682367102281,29.880746135935,50.));
#4634 = DIRECTION('',(0.,-1.,1.110223024625E-16));
#4635 = DIRECTION('',(1.,0.,0.));
#4636 = DEFINITIONAL_REPRESENTATION('',(#4637),#4645);
#4637 = ( BOUNDED_CURVE() B_SPLINE_CURVE(2,(#4638,#4639,#4640,#4641,
#4642,#4643,#4644),.UNSPECIFIED.,.T.,.F.) B_SPLINE_CURVE_WITH_KNOTS((1,2
    ,2,2,2,1),(-2.094395102393,0.,2.094395102393,4.188790204786,
6.28318530718,8.377580409573),.UNSPECIFIED.) CURVE() 
GEOMETRIC_REPRESENTATION_ITEM() RATIONAL_B_SPLINE_CURVE((1.,0.5,1.,0.5,
1.,0.5,1.)) REPRESENTATION_ITEM('') );
#4638 = CARTESIAN_POINT('',(1.7,0.));
#4639 = CARTESIAN_POINT('',(1.7,-2.944486372867));
#4640 = CARTESIAN_POINT('',(-0.85,-1.472243186434));
#4641 = CARTESIAN_POINT('',(-3.4,-4.163799117101E-16));
#4642 = CARTESIAN_POINT('',(-0.85,1.472243186434));
#4643 = CARTESIAN_POINT('',(1.7,2.944486372867));
#4644 = CARTESIAN_POINT('',(1.7,0.));
#4645 = ( GEOMETRIC_REPRESENTATION_CONTEXT(2) 
PARAMETRIC_REPRESENTATION_CONTEXT() REPRESENTATION_CONTEXT('2D SPACE',''
  ) );
#4646 = ORIENTED_EDGE('',*,*,#4647,.T.);
#4647 = EDGE_CURVE('',#4615,#4579,#4648,.T.);
#4648 = SEAM_CURVE('',#4649,(#4653,#4660),.PCURVE_S1.);
#4649 = LINE('',#4650,#4651);
#4650 = CARTESIAN_POINT('',(71.382367102281,40.530746135935,50.));
#4651 = VECTOR('',#4652,1.);
#4652 = DIRECTION('',(0.,-1.,1.110223024625E-16));
#4653 = PCURVE('',#4599,#4654);
#4654 = DEFINITIONAL_REPRESENTATION('',(#4655),#4659);
#4655 = LINE('',#4656,#4657);
#4656 = CARTESIAN_POINT('',(-6.28318530718,0.));
#4657 = VECTOR('',#4658,1.);
#4658 = DIRECTION('',(-0.,-1.));
#4659 = ( GEOMETRIC_REPRESENTATION_CONTEXT(2) 
PARAMETRIC_REPRESENTATION_CONTEXT() REPRESENTATION_CONTEXT('2D SPACE',''
  ) );
#4660 = PCURVE('',#4599,#4661);
#4661 = DEFINITIONAL_REPRESENTATION('',(#4662),#4666);
#4662 = LINE('',#4663,#4664);
#4663 = CARTESIAN_POINT('',(-0.,0.));
#4664 = VECTOR('',#4665,1.);
#4665 = DIRECTION('',(-0.,-1.));
#4666 = ( GEOMETRIC_REPRESENTATION_CONTEXT(2) 
PARAMETRIC_REPRESENTATION_CONTEXT() REPRESENTATION_CONTEXT('2D SPACE',''
  ) );
#4667 = ORIENTED_EDGE('',*,*,#4578,.F.);
#4668 = ORIENTED_EDGE('',*,*,#4647,.F.);
#4669 = ADVANCED_FACE('',(#4670,#4835),#4631,.F.);
#4670 = FACE_BOUND('',#4671,.F.);
#4671 = EDGE_LOOP('',(#4672,#4702,#4730,#4758,#4786,#4809));
#4672 = ORIENTED_EDGE('',*,*,#4673,.T.);
#4673 = EDGE_CURVE('',#4674,#4676,#4678,.T.);
#4674 = VERTEX_POINT('',#4675);
#4675 = CARTESIAN_POINT('',(71.356682882931,29.880746135935,47.1));
#4676 = VERTEX_POINT('',#4677);
#4677 = CARTESIAN_POINT('',(73.030998663581,29.880746135935,50.));
#4678 = SURFACE_CURVE('',#4679,(#4683,#4690),.PCURVE_S1.);
#4679 = LINE('',#4680,#4681);
#4680 = CARTESIAN_POINT('',(71.356682882931,29.880746135935,47.1));
#4681 = VECTOR('',#4682,1.);
#4682 = DIRECTION('',(0.5,9.614813431918E-17,0.866025403784));
#4683 = PCURVE('',#4631,#4684);
#4684 = DEFINITIONAL_REPRESENTATION('',(#4685),#4689);
#4685 = LINE('',#4686,#4687);
#4686 = CARTESIAN_POINT('',(1.67431578065,-2.9));
#4687 = VECTOR('',#4688,1.);
#4688 = DIRECTION('',(0.5,0.866025403784));
#4689 = ( GEOMETRIC_REPRESENTATION_CONTEXT(2) 
PARAMETRIC_REPRESENTATION_CONTEXT() REPRESENTATION_CONTEXT('2D SPACE',''
  ) );
#4690 = PCURVE('',#4691,#4696);
#4691 = PLANE('',#4692);
#4692 = AXIS2_PLACEMENT_3D('',#4693,#4694,#4695);
#4693 = CARTESIAN_POINT('',(71.356682882931,47.530746135935,47.1));
#4694 = DIRECTION('',(-0.866025403784,5.551115123126E-17,0.5));
#4695 = DIRECTION('',(0.5,9.614813431918E-17,0.866025403784));
#4696 = DEFINITIONAL_REPRESENTATION('',(#4697),#4701);
#4697 = LINE('',#4698,#4699);
#4698 = CARTESIAN_POINT('',(-1.697014570733E-15,-17.65));
#4699 = VECTOR('',#4700,1.);
#4700 = DIRECTION('',(1.,0.));
#4701 = ( GEOMETRIC_REPRESENTATION_CONTEXT(2) 
PARAMETRIC_REPRESENTATION_CONTEXT() REPRESENTATION_CONTEXT('2D SPACE',''
  ) );
#4702 = ORIENTED_EDGE('',*,*,#4703,.T.);
#4703 = EDGE_CURVE('',#4676,#4704,#4706,.T.);
#4704 = VERTEX_POINT('',#4705);
#4705 = CARTESIAN_POINT('',(71.356682882931,29.880746135935,52.9));
#4706 = SURFACE_CURVE('',#4707,(#4711,#4718),.PCURVE_S1.);
#4707 = LINE('',#4708,#4709);
#4708 = CARTESIAN_POINT('',(73.030998663581,29.880746135935,50.));
#4709 = VECTOR('',#4710,1.);
#4710 = DIRECTION('',(-0.5,9.614813431918E-17,0.866025403784));
#4711 = PCURVE('',#4631,#4712);
#4712 = DEFINITIONAL_REPRESENTATION('',(#4713),#4717);
#4713 = LINE('',#4714,#4715);
#4714 = CARTESIAN_POINT('',(3.3486315613,0.));
#4715 = VECTOR('',#4716,1.);
#4716 = DIRECTION('',(-0.5,0.866025403784));
#4717 = ( GEOMETRIC_REPRESENTATION_CONTEXT(2) 
PARAMETRIC_REPRESENTATION_CONTEXT() REPRESENTATION_CONTEXT('2D SPACE',''
  ) );
#4718 = PCURVE('',#4719,#4724);
#4719 = PLANE('',#4720);
#4720 = AXIS2_PLACEMENT_3D('',#4721,#4722,#4723);
#4721 = CARTESIAN_POINT('',(73.030998663581,47.530746135935,50.));
#4722 = DIRECTION('',(-0.866025403784,-5.551115123126E-17,-0.5));
#4723 = DIRECTION('',(-0.5,9.614813431918E-17,0.866025403784));
#4724 = DEFINITIONAL_REPRESENTATION('',(#4725),#4729);
#4725 = LINE('',#4726,#4727);
#4726 = CARTESIAN_POINT('',(-1.697014570733E-15,-17.65));
#4727 = VECTOR('',#4728,1.);
#4728 = DIRECTION('',(1.,0.));
#4729 = ( GEOMETRIC_REPRESENTATION_CONTEXT(2) 
PARAMETRIC_REPRESENTATION_CONTEXT() REPRESENTATION_CONTEXT('2D SPACE',''
  ) );
#4730 = ORIENTED_EDGE('',*,*,#4731,.T.);
#4731 = EDGE_CURVE('',#4704,#4732,#4734,.T.);
#4732 = VERTEX_POINT('',#4733);
#4733 = CARTESIAN_POINT('',(68.008051321632,29.880746135935,52.9));
#4734 = SURFACE_CURVE('',#4735,(#4739,#4746),.PCURVE_S1.);
#4735 = LINE('',#4736,#4737);
#4736 = CARTESIAN_POINT('',(71.356682882931,29.880746135935,52.9));
#4737 = VECTOR('',#4738,1.);
#4738 = DIRECTION('',(-1.,1.472356862012E-32,1.326181163023E-16));
#4739 = PCURVE('',#4631,#4740);
#4740 = DEFINITIONAL_REPRESENTATION('',(#4741),#4745);
#4741 = LINE('',#4742,#4743);
#4742 = CARTESIAN_POINT('',(1.67431578065,2.9));
#4743 = VECTOR('',#4744,1.);
#4744 = DIRECTION('',(-1.,1.326181163023E-16));
#4745 = ( GEOMETRIC_REPRESENTATION_CONTEXT(2) 
PARAMETRIC_REPRESENTATION_CONTEXT() REPRESENTATION_CONTEXT('2D SPACE',''
  ) );
#4746 = PCURVE('',#4747,#4752);
#4747 = PLANE('',#4748);
#4748 = AXIS2_PLACEMENT_3D('',#4749,#4750,#4751);
#4749 = CARTESIAN_POINT('',(71.356682882931,47.530746135935,52.9));
#4750 = DIRECTION('',(-1.326181163023E-16,-1.110223024625E-16,-1.));
#4751 = DIRECTION('',(-1.,1.472356862012E-32,1.326181163023E-16));
#4752 = DEFINITIONAL_REPRESENTATION('',(#4753),#4757);
#4753 = LINE('',#4754,#4755);
#4754 = CARTESIAN_POINT('',(-2.598709861452E-31,-17.65));
#4755 = VECTOR('',#4756,1.);
#4756 = DIRECTION('',(1.,0.));
#4757 = ( GEOMETRIC_REPRESENTATION_CONTEXT(2) 
PARAMETRIC_REPRESENTATION_CONTEXT() REPRESENTATION_CONTEXT('2D SPACE',''
  ) );
#4758 = ORIENTED_EDGE('',*,*,#4759,.T.);
#4759 = EDGE_CURVE('',#4732,#4760,#4762,.T.);
#4760 = VERTEX_POINT('',#4761);
#4761 = CARTESIAN_POINT('',(66.333735540982,29.880746135935,50.));
#4762 = SURFACE_CURVE('',#4763,(#4767,#4774),.PCURVE_S1.);
#4763 = LINE('',#4764,#4765);
#4764 = CARTESIAN_POINT('',(68.008051321632,29.880746135935,52.9));
#4765 = VECTOR('',#4766,1.);
#4766 = DIRECTION('',(-0.5,-9.614813431918E-17,-0.866025403784));
#4767 = PCURVE('',#4631,#4768);
#4768 = DEFINITIONAL_REPRESENTATION('',(#4769),#4773);
#4769 = LINE('',#4770,#4771);
#4770 = CARTESIAN_POINT('',(-1.67431578065,2.9));
#4771 = VECTOR('',#4772,1.);
#4772 = DIRECTION('',(-0.5,-0.866025403784));
#4773 = ( GEOMETRIC_REPRESENTATION_CONTEXT(2) 
PARAMETRIC_REPRESENTATION_CONTEXT() REPRESENTATION_CONTEXT('2D SPACE',''
  ) );
#4774 = PCURVE('',#4775,#4780);
#4775 = PLANE('',#4776);
#4776 = AXIS2_PLACEMENT_3D('',#4777,#4778,#4779);
#4777 = CARTESIAN_POINT('',(68.008051321632,47.530746135935,52.9));
#4778 = DIRECTION('',(0.866025403784,-5.551115123126E-17,-0.5));
#4779 = DIRECTION('',(-0.5,-9.614813431918E-17,-0.866025403784));
#4780 = DEFINITIONAL_REPRESENTATION('',(#4781),#4785);
#4781 = LINE('',#4782,#4783);
#4782 = CARTESIAN_POINT('',(-4.456466025694E-15,-17.65));
#4783 = VECTOR('',#4784,1.);
#4784 = DIRECTION('',(1.,0.));
#4785 = ( GEOMETRIC_REPRESENTATION_CONTEXT(2) 
PARAMETRIC_REPRESENTATION_CONTEXT() REPRESENTATION_CONTEXT('2D SPACE',''
  ) );
#4786 = ORIENTED_EDGE('',*,*,#4787,.T.);
#4787 = EDGE_CURVE('',#4760,#4788,#4790,.T.);
#4788 = VERTEX_POINT('',#4789);
#4789 = CARTESIAN_POINT('',(68.008051321632,29.880746135935,47.1));
#4790 = SURFACE_CURVE('',#4791,(#4795,#4802),.PCURVE_S1.);
#4791 = LINE('',#4792,#4793);
#4792 = CARTESIAN_POINT('',(66.333735540982,29.880746135935,50.));
#4793 = VECTOR('',#4794,1.);
#4794 = DIRECTION('',(0.5,-9.614813431918E-17,-0.866025403784));
#4795 = PCURVE('',#4631,#4796);
#4796 = DEFINITIONAL_REPRESENTATION('',(#4797),#4801);
#4797 = LINE('',#4798,#4799);
#4798 = CARTESIAN_POINT('',(-3.3486315613,0.));
#4799 = VECTOR('',#4800,1.);
#4800 = DIRECTION('',(0.5,-0.866025403784));
#4801 = ( GEOMETRIC_REPRESENTATION_CONTEXT(2) 
PARAMETRIC_REPRESENTATION_CONTEXT() REPRESENTATION_CONTEXT('2D SPACE',''
  ) );
#4802 = PCURVE('',#506,#4803);
#4803 = DEFINITIONAL_REPRESENTATION('',(#4804),#4808);
#4804 = LINE('',#4805,#4806);
#4805 = CARTESIAN_POINT('',(1.697014570733E-15,-17.65));
#4806 = VECTOR('',#4807,1.);
#4807 = DIRECTION('',(1.,0.));
#4808 = ( GEOMETRIC_REPRESENTATION_CONTEXT(2) 
PARAMETRIC_REPRESENTATION_CONTEXT() REPRESENTATION_CONTEXT('2D SPACE',''
  ) );
#4809 = ORIENTED_EDGE('',*,*,#4810,.T.);
#4810 = EDGE_CURVE('',#4788,#4674,#4811,.T.);
#4811 = SURFACE_CURVE('',#4812,(#4816,#4823),.PCURVE_S1.);
#4812 = LINE('',#4813,#4814);
#4813 = CARTESIAN_POINT('',(68.008051321632,29.880746135935,47.1));
#4814 = VECTOR('',#4815,1.);
#4815 = DIRECTION('',(1.,-7.361784310062E-32,-6.630905815116E-16));
#4816 = PCURVE('',#4631,#4817);
#4817 = DEFINITIONAL_REPRESENTATION('',(#4818),#4822);
#4818 = LINE('',#4819,#4820);
#4819 = CARTESIAN_POINT('',(-1.67431578065,-2.9));
#4820 = VECTOR('',#4821,1.);
#4821 = DIRECTION('',(1.,-6.630905815116E-16));
#4822 = ( GEOMETRIC_REPRESENTATION_CONTEXT(2) 
PARAMETRIC_REPRESENTATION_CONTEXT() REPRESENTATION_CONTEXT('2D SPACE',''
  ) );
#4823 = PCURVE('',#4824,#4829);
#4824 = PLANE('',#4825);
#4825 = AXIS2_PLACEMENT_3D('',#4826,#4827,#4828);
#4826 = CARTESIAN_POINT('',(68.008051321632,47.530746135935,47.1));
#4827 = DIRECTION('',(6.630905815116E-16,1.110223024625E-16,1.));
#4828 = DIRECTION('',(1.,-7.361784310062E-32,-6.630905815116E-16));
#4829 = DEFINITIONAL_REPRESENTATION('',(#4830),#4834);
#4830 = LINE('',#4831,#4832);
#4831 = CARTESIAN_POINT('',(1.299354930726E-30,-17.65));
#4832 = VECTOR('',#4833,1.);
#4833 = DIRECTION('',(1.,0.));
#4834 = ( GEOMETRIC_REPRESENTATION_CONTEXT(2) 
PARAMETRIC_REPRESENTATION_CONTEXT() REPRESENTATION_CONTEXT('2D SPACE',''
  ) );
#4835 = FACE_BOUND('',#4836,.F.);
#4836 = EDGE_LOOP('',(#4837));
#4837 = ORIENTED_EDGE('',*,*,#4614,.T.);
#4838 = ADVANCED_FACE('',(#4839),#4824,.T.);
#4839 = FACE_BOUND('',#4840,.T.);
#4840 = EDGE_LOOP('',(#4841,#4866,#4887,#4888));
#4841 = ORIENTED_EDGE('',*,*,#4842,.F.);
#4842 = EDGE_CURVE('',#4843,#4845,#4847,.T.);
#4843 = VERTEX_POINT('',#4844);
#4844 = CARTESIAN_POINT('',(68.008051321632,34.765807301411,47.1));
#4845 = VERTEX_POINT('',#4846);
#4846 = CARTESIAN_POINT('',(71.356682882931,34.403793078567,47.1));
#4847 = SURFACE_CURVE('',#4848,(#4852,#4859),.PCURVE_S1.);
#4848 = LINE('',#4849,#4850);
#4849 = CARTESIAN_POINT('',(77.663183599137,33.722009217356,47.1));
#4850 = VECTOR('',#4851,1.);
#4851 = DIRECTION('',(0.994207047566,-0.10748184298,-6.473164476328E-16)
  );
#4852 = PCURVE('',#4824,#4853);
#4853 = DEFINITIONAL_REPRESENTATION('',(#4854),#4858);
#4854 = LINE('',#4855,#4856);
#4855 = CARTESIAN_POINT('',(9.655132277506,-13.80873691857));
#4856 = VECTOR('',#4857,1.);
#4857 = DIRECTION('',(0.994207047566,-0.10748184298));
#4858 = ( GEOMETRIC_REPRESENTATION_CONTEXT(2) 
PARAMETRIC_REPRESENTATION_CONTEXT() REPRESENTATION_CONTEXT('2D SPACE',''
  ) );
#4859 = PCURVE('',#534,#4860);
#4860 = DEFINITIONAL_REPRESENTATION('',(#4861),#4865);
#4861 = LINE('',#4862,#4863);
#4862 = CARTESIAN_POINT('',(11.083389048713,2.1));
#4863 = VECTOR('',#4864,1.);
#4864 = DIRECTION('',(-1.,-6.592493293133E-16));
#4865 = ( GEOMETRIC_REPRESENTATION_CONTEXT(2) 
PARAMETRIC_REPRESENTATION_CONTEXT() REPRESENTATION_CONTEXT('2D SPACE',''
  ) );
#4866 = ORIENTED_EDGE('',*,*,#4867,.T.);
#4867 = EDGE_CURVE('',#4843,#4788,#4868,.T.);
#4868 = SURFACE_CURVE('',#4869,(#4873,#4880),.PCURVE_S1.);
#4869 = LINE('',#4870,#4871);
#4870 = CARTESIAN_POINT('',(68.008051321632,47.530746135935,47.1));
#4871 = VECTOR('',#4872,1.);
#4872 = DIRECTION('',(0.,-1.,1.110223024625E-16));
#4873 = PCURVE('',#4824,#4874);
#4874 = DEFINITIONAL_REPRESENTATION('',(#4875),#4879);
#4875 = LINE('',#4876,#4877);
#4876 = CARTESIAN_POINT('',(0.,0.));
#4877 = VECTOR('',#4878,1.);
#4878 = DIRECTION('',(0.,-1.));
#4879 = ( GEOMETRIC_REPRESENTATION_CONTEXT(2) 
PARAMETRIC_REPRESENTATION_CONTEXT() REPRESENTATION_CONTEXT('2D SPACE',''
  ) );
#4880 = PCURVE('',#506,#4881);
#4881 = DEFINITIONAL_REPRESENTATION('',(#4882),#4886);
#4882 = LINE('',#4883,#4884);
#4883 = CARTESIAN_POINT('',(3.3486315613,3.219646771413E-16));
#4884 = VECTOR('',#4885,1.);
#4885 = DIRECTION('',(0.,-1.));
#4886 = ( GEOMETRIC_REPRESENTATION_CONTEXT(2) 
PARAMETRIC_REPRESENTATION_CONTEXT() REPRESENTATION_CONTEXT('2D SPACE',''
  ) );
#4887 = ORIENTED_EDGE('',*,*,#4810,.T.);
#4888 = ORIENTED_EDGE('',*,*,#4889,.F.);
#4889 = EDGE_CURVE('',#4845,#4674,#4890,.T.);
#4890 = SURFACE_CURVE('',#4891,(#4895,#4902),.PCURVE_S1.);
#4891 = LINE('',#4892,#4893);
#4892 = CARTESIAN_POINT('',(71.356682882931,47.530746135935,47.1));
#4893 = VECTOR('',#4894,1.);
#4894 = DIRECTION('',(0.,-1.,1.110223024625E-16));
#4895 = PCURVE('',#4824,#4896);
#4896 = DEFINITIONAL_REPRESENTATION('',(#4897),#4901);
#4897 = LINE('',#4898,#4899);
#4898 = CARTESIAN_POINT('',(3.3486315613,0.));
#4899 = VECTOR('',#4900,1.);
#4900 = DIRECTION('',(0.,-1.));
#4901 = ( GEOMETRIC_REPRESENTATION_CONTEXT(2) 
PARAMETRIC_REPRESENTATION_CONTEXT() REPRESENTATION_CONTEXT('2D SPACE',''
  ) );
#4902 = PCURVE('',#4691,#4903);
#4903 = DEFINITIONAL_REPRESENTATION('',(#4904),#4908);
#4904 = LINE('',#4905,#4906);
#4905 = CARTESIAN_POINT('',(0.,0.));
#4906 = VECTOR('',#4907,1.);
#4907 = DIRECTION('',(0.,-1.));
#4908 = ( GEOMETRIC_REPRESENTATION_CONTEXT(2) 
PARAMETRIC_REPRESENTATION_CONTEXT() REPRESENTATION_CONTEXT('2D SPACE',''
  ) );
#4909 = ADVANCED_FACE('',(#4910),#4775,.T.);
#4910 = FACE_BOUND('',#4911,.T.);
#4911 = EDGE_LOOP('',(#4912,#4937,#4958,#4959));
#4912 = ORIENTED_EDGE('',*,*,#4913,.T.);
#4913 = EDGE_CURVE('',#4914,#4916,#4918,.T.);
#4914 = VERTEX_POINT('',#4915);
#4915 = CARTESIAN_POINT('',(66.333735540982,32.530746135935,50.));
#4916 = VERTEX_POINT('',#4917);
#4917 = CARTESIAN_POINT('',(68.008051321632,32.530746135935,52.9));
#4918 = SURFACE_CURVE('',#4919,(#4923,#4930),.PCURVE_S1.);
#4919 = LINE('',#4920,#4921);
#4920 = CARTESIAN_POINT('',(55.889154829164,32.530746135935,
    31.909455543377));
#4921 = VECTOR('',#4922,1.);
#4922 = DIRECTION('',(0.5,9.614813431918E-17,0.866025403784));
#4923 = PCURVE('',#4775,#4924);
#4924 = DEFINITIONAL_REPRESENTATION('',(#4925),#4929);
#4925 = LINE('',#4926,#4927);
#4926 = CARTESIAN_POINT('',(24.237792984936,-15.));
#4927 = VECTOR('',#4928,1.);
#4928 = DIRECTION('',(-1.,0.));
#4929 = ( GEOMETRIC_REPRESENTATION_CONTEXT(2) 
PARAMETRIC_REPRESENTATION_CONTEXT() REPRESENTATION_CONTEXT('2D SPACE',''
  ) );
#4930 = PCURVE('',#478,#4931);
#4931 = DEFINITIONAL_REPRESENTATION('',(#4932),#4936);
#4932 = LINE('',#4933,#4934);
#4933 = CARTESIAN_POINT('',(-6.793212273118,31.909455543377));
#4934 = VECTOR('',#4935,1.);
#4935 = DIRECTION('',(0.5,0.866025403784));
#4936 = ( GEOMETRIC_REPRESENTATION_CONTEXT(2) 
PARAMETRIC_REPRESENTATION_CONTEXT() REPRESENTATION_CONTEXT('2D SPACE',''
  ) );
#4937 = ORIENTED_EDGE('',*,*,#4938,.T.);
#4938 = EDGE_CURVE('',#4916,#4732,#4939,.T.);
#4939 = SURFACE_CURVE('',#4940,(#4944,#4951),.PCURVE_S1.);
#4940 = LINE('',#4941,#4942);
#4941 = CARTESIAN_POINT('',(68.008051321632,47.530746135935,52.9));
#4942 = VECTOR('',#4943,1.);
#4943 = DIRECTION('',(0.,-1.,1.110223024625E-16));
#4944 = PCURVE('',#4775,#4945);
#4945 = DEFINITIONAL_REPRESENTATION('',(#4946),#4950);
#4946 = LINE('',#4947,#4948);
#4947 = CARTESIAN_POINT('',(-0.,0.));
#4948 = VECTOR('',#4949,1.);
#4949 = DIRECTION('',(0.,-1.));
#4950 = ( GEOMETRIC_REPRESENTATION_CONTEXT(2) 
PARAMETRIC_REPRESENTATION_CONTEXT() REPRESENTATION_CONTEXT('2D SPACE',''
  ) );
#4951 = PCURVE('',#4747,#4952);
#4952 = DEFINITIONAL_REPRESENTATION('',(#4953),#4957);
#4953 = LINE('',#4954,#4955);
#4954 = CARTESIAN_POINT('',(3.3486315613,0.));
#4955 = VECTOR('',#4956,1.);
#4956 = DIRECTION('',(0.,-1.));
#4957 = ( GEOMETRIC_REPRESENTATION_CONTEXT(2) 
PARAMETRIC_REPRESENTATION_CONTEXT() REPRESENTATION_CONTEXT('2D SPACE',''
  ) );
#4958 = ORIENTED_EDGE('',*,*,#4759,.T.);
#4959 = ORIENTED_EDGE('',*,*,#4960,.F.);
#4960 = EDGE_CURVE('',#4914,#4760,#4961,.T.);
#4961 = SURFACE_CURVE('',#4962,(#4966,#4973),.PCURVE_S1.);
#4962 = LINE('',#4963,#4964);
#4963 = CARTESIAN_POINT('',(66.333735540982,47.530746135935,50.));
#4964 = VECTOR('',#4965,1.);
#4965 = DIRECTION('',(0.,-1.,1.110223024625E-16));
#4966 = PCURVE('',#4775,#4967);
#4967 = DEFINITIONAL_REPRESENTATION('',(#4968),#4972);
#4968 = LINE('',#4969,#4970);
#4969 = CARTESIAN_POINT('',(3.3486315613,3.219646771413E-16));
#4970 = VECTOR('',#4971,1.);
#4971 = DIRECTION('',(0.,-1.));
#4972 = ( GEOMETRIC_REPRESENTATION_CONTEXT(2) 
PARAMETRIC_REPRESENTATION_CONTEXT() REPRESENTATION_CONTEXT('2D SPACE',''
  ) );
#4973 = PCURVE('',#506,#4974);
#4974 = DEFINITIONAL_REPRESENTATION('',(#4975),#4979);
#4975 = LINE('',#4976,#4977);
#4976 = CARTESIAN_POINT('',(0.,0.));
#4977 = VECTOR('',#4978,1.);
#4978 = DIRECTION('',(0.,-1.));
#4979 = ( GEOMETRIC_REPRESENTATION_CONTEXT(2) 
PARAMETRIC_REPRESENTATION_CONTEXT() REPRESENTATION_CONTEXT('2D SPACE',''
  ) );
#4980 = ADVANCED_FACE('',(#4981),#4747,.T.);
#4981 = FACE_BOUND('',#4982,.T.);
#4982 = EDGE_LOOP('',(#4983,#5006,#5027,#5028));
#4983 = ORIENTED_EDGE('',*,*,#4984,.T.);
#4984 = EDGE_CURVE('',#4916,#4985,#4987,.T.);
#4985 = VERTEX_POINT('',#4986);
#4986 = CARTESIAN_POINT('',(71.356682882931,32.530746135935,52.9));
#4987 = SURFACE_CURVE('',#4988,(#4992,#4999),.PCURVE_S1.);
#4988 = LINE('',#4989,#4990);
#4989 = CARTESIAN_POINT('',(67.019524992606,32.530746135935,52.9));
#4990 = VECTOR('',#4991,1.);
#4991 = DIRECTION('',(1.,-1.472356862012E-32,-1.326181163023E-16));
#4992 = PCURVE('',#4747,#4993);
#4993 = DEFINITIONAL_REPRESENTATION('',(#4994),#4998);
#4994 = LINE('',#4995,#4996);
#4995 = CARTESIAN_POINT('',(4.337157890325,-15.));
#4996 = VECTOR('',#4997,1.);
#4997 = DIRECTION('',(-1.,0.));
#4998 = ( GEOMETRIC_REPRESENTATION_CONTEXT(2) 
PARAMETRIC_REPRESENTATION_CONTEXT() REPRESENTATION_CONTEXT('2D SPACE',''
  ) );
#4999 = PCURVE('',#478,#5000);
#5000 = DEFINITIONAL_REPRESENTATION('',(#5001),#5005);
#5001 = LINE('',#5002,#5003);
#5002 = CARTESIAN_POINT('',(4.337157890325,52.9));
#5003 = VECTOR('',#5004,1.);
#5004 = DIRECTION('',(1.,-1.326181163023E-16));
#5005 = ( GEOMETRIC_REPRESENTATION_CONTEXT(2) 
PARAMETRIC_REPRESENTATION_CONTEXT() REPRESENTATION_CONTEXT('2D SPACE',''
  ) );
#5006 = ORIENTED_EDGE('',*,*,#5007,.T.);
#5007 = EDGE_CURVE('',#4985,#4704,#5008,.T.);
#5008 = SURFACE_CURVE('',#5009,(#5013,#5020),.PCURVE_S1.);
#5009 = LINE('',#5010,#5011);
#5010 = CARTESIAN_POINT('',(71.356682882931,47.530746135935,52.9));
#5011 = VECTOR('',#5012,1.);
#5012 = DIRECTION('',(0.,-1.,1.110223024625E-16));
#5013 = PCURVE('',#4747,#5014);
#5014 = DEFINITIONAL_REPRESENTATION('',(#5015),#5019);
#5015 = LINE('',#5016,#5017);
#5016 = CARTESIAN_POINT('',(0.,0.));
#5017 = VECTOR('',#5018,1.);
#5018 = DIRECTION('',(0.,-1.));
#5019 = ( GEOMETRIC_REPRESENTATION_CONTEXT(2) 
PARAMETRIC_REPRESENTATION_CONTEXT() REPRESENTATION_CONTEXT('2D SPACE',''
  ) );
#5020 = PCURVE('',#4719,#5021);
#5021 = DEFINITIONAL_REPRESENTATION('',(#5022),#5026);
#5022 = LINE('',#5023,#5024);
#5023 = CARTESIAN_POINT('',(3.3486315613,-3.219646771413E-16));
#5024 = VECTOR('',#5025,1.);
#5025 = DIRECTION('',(0.,-1.));
#5026 = ( GEOMETRIC_REPRESENTATION_CONTEXT(2) 
PARAMETRIC_REPRESENTATION_CONTEXT() REPRESENTATION_CONTEXT('2D SPACE',''
  ) );
#5027 = ORIENTED_EDGE('',*,*,#4731,.T.);
#5028 = ORIENTED_EDGE('',*,*,#4938,.F.);
#5029 = ADVANCED_FACE('',(#5030),#4719,.T.);
#5030 = FACE_BOUND('',#5031,.T.);
#5031 = EDGE_LOOP('',(#5032,#5055,#5076,#5077));
#5032 = ORIENTED_EDGE('',*,*,#5033,.T.);
#5033 = EDGE_CURVE('',#4985,#5034,#5036,.T.);
#5034 = VERTEX_POINT('',#5035);
#5035 = CARTESIAN_POINT('',(73.030998663581,32.530746135935,50.));
#5036 = SURFACE_CURVE('',#5037,(#5041,#5048),.PCURVE_S1.);
#5037 = LINE('',#5038,#5039);
#5038 = CARTESIAN_POINT('',(82.562737265724,32.530746135935,
    33.490544456623));
#5039 = VECTOR('',#5040,1.);
#5040 = DIRECTION('',(0.5,-9.614813431918E-17,-0.866025403784));
#5041 = PCURVE('',#4719,#5042);
#5042 = DEFINITIONAL_REPRESENTATION('',(#5043),#5047);
#5043 = LINE('',#5044,#5045);
#5044 = CARTESIAN_POINT('',(-19.06347720428,-15.));
#5045 = VECTOR('',#5046,1.);
#5046 = DIRECTION('',(-1.,0.));
#5047 = ( GEOMETRIC_REPRESENTATION_CONTEXT(2) 
PARAMETRIC_REPRESENTATION_CONTEXT() REPRESENTATION_CONTEXT('2D SPACE',''
  ) );
#5048 = PCURVE('',#478,#5049);
#5049 = DEFINITIONAL_REPRESENTATION('',(#5050),#5054);
#5050 = LINE('',#5051,#5052);
#5051 = CARTESIAN_POINT('',(19.880370163443,33.490544456623));
#5052 = VECTOR('',#5053,1.);
#5053 = DIRECTION('',(0.5,-0.866025403784));
#5054 = ( GEOMETRIC_REPRESENTATION_CONTEXT(2) 
PARAMETRIC_REPRESENTATION_CONTEXT() REPRESENTATION_CONTEXT('2D SPACE',''
  ) );
#5055 = ORIENTED_EDGE('',*,*,#5056,.T.);
#5056 = EDGE_CURVE('',#5034,#4676,#5057,.T.);
#5057 = SURFACE_CURVE('',#5058,(#5062,#5069),.PCURVE_S1.);
#5058 = LINE('',#5059,#5060);
#5059 = CARTESIAN_POINT('',(73.030998663581,47.530746135935,50.));
#5060 = VECTOR('',#5061,1.);
#5061 = DIRECTION('',(0.,-1.,1.110223024625E-16));
#5062 = PCURVE('',#4719,#5063);
#5063 = DEFINITIONAL_REPRESENTATION('',(#5064),#5068);
#5064 = LINE('',#5065,#5066);
#5065 = CARTESIAN_POINT('',(0.,0.));
#5066 = VECTOR('',#5067,1.);
#5067 = DIRECTION('',(0.,-1.));
#5068 = ( GEOMETRIC_REPRESENTATION_CONTEXT(2) 
PARAMETRIC_REPRESENTATION_CONTEXT() REPRESENTATION_CONTEXT('2D SPACE',''
  ) );
#5069 = PCURVE('',#4691,#5070);
#5070 = DEFINITIONAL_REPRESENTATION('',(#5071),#5075);
#5071 = LINE('',#5072,#5073);
#5072 = CARTESIAN_POINT('',(3.3486315613,-3.219646771413E-16));
#5073 = VECTOR('',#5074,1.);
#5074 = DIRECTION('',(0.,-1.));
#5075 = ( GEOMETRIC_REPRESENTATION_CONTEXT(2) 
PARAMETRIC_REPRESENTATION_CONTEXT() REPRESENTATION_CONTEXT('2D SPACE',''
  ) );
#5076 = ORIENTED_EDGE('',*,*,#4703,.T.);
#5077 = ORIENTED_EDGE('',*,*,#5007,.F.);
#5078 = ADVANCED_FACE('',(#5079),#4691,.T.);
#5079 = FACE_BOUND('',#5080,.T.);
#5080 = EDGE_LOOP('',(#5081,#5104,#5105,#5106,#5107,#5130));
#5081 = ORIENTED_EDGE('',*,*,#5082,.F.);
#5082 = EDGE_CURVE('',#4845,#5083,#5085,.T.);
#5083 = VERTEX_POINT('',#5084);
#5084 = CARTESIAN_POINT('',(71.876298125202,34.347618457781,48.));
#5085 = SURFACE_CURVE('',#5086,(#5090,#5097),.PCURVE_S1.);
#5086 = LINE('',#5087,#5088);
#5087 = CARTESIAN_POINT('',(72.911108476944,34.235747068404,
    49.792344105415));
#5088 = VECTOR('',#5089,1.);
#5089 = DIRECTION('',(0.499271136639,-5.3975258015E-02,0.864762975411));
#5090 = PCURVE('',#4691,#5091);
#5091 = DEFINITIONAL_REPRESENTATION('',(#5092),#5096);
#5092 = LINE('',#5093,#5094);
#5093 = CARTESIAN_POINT('',(3.108851188024,-13.29499906753));
#5094 = VECTOR('',#5095,1.);
#5095 = DIRECTION('',(0.998542273278,-5.3975258015E-02));
#5096 = ( GEOMETRIC_REPRESENTATION_CONTEXT(2) 
PARAMETRIC_REPRESENTATION_CONTEXT() REPRESENTATION_CONTEXT('2D SPACE',''
  ) );
#5097 = PCURVE('',#534,#5098);
#5098 = DEFINITIONAL_REPRESENTATION('',(#5099),#5103);
#5099 = LINE('',#5100,#5101);
#5100 = CARTESIAN_POINT('',(15.863153116799,4.792344105415));
#5101 = VECTOR('',#5102,1.);
#5102 = DIRECTION('',(-0.502180242899,0.864762975411));
#5103 = ( GEOMETRIC_REPRESENTATION_CONTEXT(2) 
PARAMETRIC_REPRESENTATION_CONTEXT() REPRESENTATION_CONTEXT('2D SPACE',''
  ) );
#5104 = ORIENTED_EDGE('',*,*,#4889,.T.);
#5105 = ORIENTED_EDGE('',*,*,#4673,.T.);
#5106 = ORIENTED_EDGE('',*,*,#5056,.F.);
#5107 = ORIENTED_EDGE('',*,*,#5108,.T.);
#5108 = EDGE_CURVE('',#5034,#5109,#5111,.T.);
#5109 = VERTEX_POINT('',#5110);
#5110 = CARTESIAN_POINT('',(71.876298125202,32.530746135935,48.));
#5111 = SURFACE_CURVE('',#5112,(#5116,#5123),.PCURVE_S1.);
#5112 = LINE('',#5113,#5114);
#5113 = CARTESIAN_POINT('',(60.074944280788,32.530746135935,
    27.559455543377));
#5114 = VECTOR('',#5115,1.);
#5115 = DIRECTION('',(-0.5,-9.614813431918E-17,-0.866025403784));
#5116 = PCURVE('',#4691,#5117);
#5117 = DEFINITIONAL_REPRESENTATION('',(#5118),#5122);
#5118 = LINE('',#5119,#5120);
#5119 = CARTESIAN_POINT('',(-22.56347720428,-15.));
#5120 = VECTOR('',#5121,1.);
#5121 = DIRECTION('',(-1.,0.));
#5122 = ( GEOMETRIC_REPRESENTATION_CONTEXT(2) 
PARAMETRIC_REPRESENTATION_CONTEXT() REPRESENTATION_CONTEXT('2D SPACE',''
  ) );
#5123 = PCURVE('',#478,#5124);
#5124 = DEFINITIONAL_REPRESENTATION('',(#5125),#5129);
#5125 = LINE('',#5126,#5127);
#5126 = CARTESIAN_POINT('',(-2.607422821493,27.559455543377));
#5127 = VECTOR('',#5128,1.);
#5128 = DIRECTION('',(-0.5,-0.866025403784));
#5129 = ( GEOMETRIC_REPRESENTATION_CONTEXT(2) 
PARAMETRIC_REPRESENTATION_CONTEXT() REPRESENTATION_CONTEXT('2D SPACE',''
  ) );
#5130 = ORIENTED_EDGE('',*,*,#5131,.F.);
#5131 = EDGE_CURVE('',#5083,#5109,#5132,.T.);
#5132 = SURFACE_CURVE('',#5133,(#5137,#5144),.PCURVE_S1.);
#5133 = LINE('',#5134,#5135);
#5134 = CARTESIAN_POINT('',(71.876298125202,38.955722859746,48.));
#5135 = VECTOR('',#5136,1.);
#5136 = DIRECTION('',(0.,-1.,1.110223024625E-16));
#5137 = PCURVE('',#4691,#5138);
#5138 = DEFINITIONAL_REPRESENTATION('',(#5139),#5143);
#5139 = LINE('',#5140,#5141);
#5140 = CARTESIAN_POINT('',(1.039230484541,-8.575023276189));
#5141 = VECTOR('',#5142,1.);
#5142 = DIRECTION('',(0.,-1.));
#5143 = ( GEOMETRIC_REPRESENTATION_CONTEXT(2) 
PARAMETRIC_REPRESENTATION_CONTEXT() REPRESENTATION_CONTEXT('2D SPACE',''
  ) );
#5144 = PCURVE('',#5145,#5150);
#5145 = PLANE('',#5146);
#5146 = AXIS2_PLACEMENT_3D('',#5147,#5148,#5149);
#5147 = CARTESIAN_POINT('',(63.260533367383,30.380699583557,48.));
#5148 = DIRECTION('',(0.,1.110223024625E-16,1.));
#5149 = DIRECTION('',(0.,-1.,1.110223024625E-16));
#5150 = DEFINITIONAL_REPRESENTATION('',(#5151),#5155);
#5151 = LINE('',#5152,#5153);
#5152 = CARTESIAN_POINT('',(-8.575023276189,8.615764757819));
#5153 = VECTOR('',#5154,1.);
#5154 = DIRECTION('',(1.,0.));
#5155 = ( GEOMETRIC_REPRESENTATION_CONTEXT(2) 
PARAMETRIC_REPRESENTATION_CONTEXT() REPRESENTATION_CONTEXT('2D SPACE',''
  ) );
#5156 = ADVANCED_FACE('',(#5157),#5145,.T.);
#5157 = FACE_BOUND('',#5158,.T.);
#5158 = EDGE_LOOP('',(#5159,#5182,#5183));
#5159 = ORIENTED_EDGE('',*,*,#5160,.T.);
#5160 = EDGE_CURVE('',#5161,#5083,#5163,.T.);
#5161 = VERTEX_POINT('',#5162);
#5162 = CARTESIAN_POINT('',(88.682367102281,32.530746135935,48.));
#5163 = SURFACE_CURVE('',#5164,(#5168,#5175),.PCURVE_S1.);
#5164 = LINE('',#5165,#5166);
#5165 = CARTESIAN_POINT('',(88.682367102281,32.530746135935,48.));
#5166 = VECTOR('',#5167,1.);
#5167 = DIRECTION('',(-0.994207047566,0.10748184298,-1.193288168056E-17)
  );
#5168 = PCURVE('',#5145,#5169);
#5169 = DEFINITIONAL_REPRESENTATION('',(#5170),#5174);
#5170 = LINE('',#5171,#5172);
#5171 = CARTESIAN_POINT('',(-2.150046552378,25.421833734898));
#5172 = VECTOR('',#5173,1.);
#5173 = DIRECTION('',(-0.10748184298,-0.994207047566));
#5174 = ( GEOMETRIC_REPRESENTATION_CONTEXT(2) 
PARAMETRIC_REPRESENTATION_CONTEXT() REPRESENTATION_CONTEXT('2D SPACE',''
  ) );
#5175 = PCURVE('',#534,#5176);
#5176 = DEFINITIONAL_REPRESENTATION('',(#5177),#5181);
#5177 = LINE('',#5178,#5179);
#5178 = CARTESIAN_POINT('',(-3.579864504169E-17,3.));
#5179 = VECTOR('',#5180,1.);
#5180 = DIRECTION('',(1.,0.));
#5181 = ( GEOMETRIC_REPRESENTATION_CONTEXT(2) 
PARAMETRIC_REPRESENTATION_CONTEXT() REPRESENTATION_CONTEXT('2D SPACE',''
  ) );
#5182 = ORIENTED_EDGE('',*,*,#5131,.T.);
#5183 = ORIENTED_EDGE('',*,*,#5184,.F.);
#5184 = EDGE_CURVE('',#5161,#5109,#5185,.T.);
#5185 = SURFACE_CURVE('',#5186,(#5190,#5197),.PCURVE_S1.);
#5186 = LINE('',#5187,#5188);
#5187 = CARTESIAN_POINT('',(62.971450234832,32.530746135935,48.));
#5188 = VECTOR('',#5189,1.);
#5189 = DIRECTION('',(-1.,0.,0.));
#5190 = PCURVE('',#5145,#5191);
#5191 = DEFINITIONAL_REPRESENTATION('',(#5192),#5196);
#5192 = LINE('',#5193,#5194);
#5193 = CARTESIAN_POINT('',(-2.150046552378,-0.289083132551));
#5194 = VECTOR('',#5195,1.);
#5195 = DIRECTION('',(0.,-1.));
#5196 = ( GEOMETRIC_REPRESENTATION_CONTEXT(2) 
PARAMETRIC_REPRESENTATION_CONTEXT() REPRESENTATION_CONTEXT('2D SPACE',''
  ) );
#5197 = PCURVE('',#478,#5198);
#5198 = DEFINITIONAL_REPRESENTATION('',(#5199),#5203);
#5199 = LINE('',#5200,#5201);
#5200 = CARTESIAN_POINT('',(0.289083132551,48.));
#5201 = VECTOR('',#5202,1.);
#5202 = DIRECTION('',(-1.,0.));
#5203 = ( GEOMETRIC_REPRESENTATION_CONTEXT(2) 
PARAMETRIC_REPRESENTATION_CONTEXT() REPRESENTATION_CONTEXT('2D SPACE',''
  ) );
#5204 = ADVANCED_FACE('',(#5205),#4561,.F.);
#5205 = FACE_BOUND('',#5206,.F.);
#5206 = EDGE_LOOP('',(#5207,#5230,#5231,#5254));
#5207 = ORIENTED_EDGE('',*,*,#5208,.F.);
#5208 = EDGE_CURVE('',#4520,#5209,#5211,.T.);
#5209 = VERTEX_POINT('',#5210);
#5210 = CARTESIAN_POINT('',(72.682367102281,18.530746135935,4.));
#5211 = SURFACE_CURVE('',#5212,(#5216,#5223),.PCURVE_S1.);
#5212 = LINE('',#5213,#5214);
#5213 = CARTESIAN_POINT('',(72.682367102281,32.530746135935,4.));
#5214 = VECTOR('',#5215,1.);
#5215 = DIRECTION('',(0.,-1.,1.110223024625E-16));
#5216 = PCURVE('',#4561,#5217);
#5217 = DEFINITIONAL_REPRESENTATION('',(#5218),#5222);
#5218 = LINE('',#5219,#5220);
#5219 = CARTESIAN_POINT('',(0.,0.));
#5220 = VECTOR('',#5221,1.);
#5221 = DIRECTION('',(1.,0.));
#5222 = ( GEOMETRIC_REPRESENTATION_CONTEXT(2) 
PARAMETRIC_REPRESENTATION_CONTEXT() REPRESENTATION_CONTEXT('2D SPACE',''
  ) );
#5223 = PCURVE('',#4535,#5224);
#5224 = DEFINITIONAL_REPRESENTATION('',(#5225),#5229);
#5225 = LINE('',#5226,#5227);
#5226 = CARTESIAN_POINT('',(0.,0.));
#5227 = VECTOR('',#5228,1.);
#5228 = DIRECTION('',(1.,0.));
#5229 = ( GEOMETRIC_REPRESENTATION_CONTEXT(2) 
PARAMETRIC_REPRESENTATION_CONTEXT() REPRESENTATION_CONTEXT('2D SPACE',''
  ) );
#5230 = ORIENTED_EDGE('',*,*,#4547,.T.);
#5231 = ORIENTED_EDGE('',*,*,#5232,.T.);
#5232 = EDGE_CURVE('',#4464,#5233,#5235,.T.);
#5233 = VERTEX_POINT('',#5234);
#5234 = CARTESIAN_POINT('',(72.682367102281,18.530746135935,52.));
#5235 = SURFACE_CURVE('',#5236,(#5240,#5247),.PCURVE_S1.);
#5236 = LINE('',#5237,#5238);
#5237 = CARTESIAN_POINT('',(72.682367102281,32.530746135935,52.));
#5238 = VECTOR('',#5239,1.);
#5239 = DIRECTION('',(0.,-1.,1.110223024625E-16));
#5240 = PCURVE('',#4561,#5241);
#5241 = DEFINITIONAL_REPRESENTATION('',(#5242),#5246);
#5242 = LINE('',#5243,#5244);
#5243 = CARTESIAN_POINT('',(-1.7763568394E-15,-48.));
#5244 = VECTOR('',#5245,1.);
#5245 = DIRECTION('',(1.,0.));
#5246 = ( GEOMETRIC_REPRESENTATION_CONTEXT(2) 
PARAMETRIC_REPRESENTATION_CONTEXT() REPRESENTATION_CONTEXT('2D SPACE',''
  ) );
#5247 = PCURVE('',#4479,#5248);
#5248 = DEFINITIONAL_REPRESENTATION('',(#5249),#5253);
#5249 = LINE('',#5250,#5251);
#5250 = CARTESIAN_POINT('',(0.,0.));
#5251 = VECTOR('',#5252,1.);
#5252 = DIRECTION('',(1.,0.));
#5253 = ( GEOMETRIC_REPRESENTATION_CONTEXT(2) 
PARAMETRIC_REPRESENTATION_CONTEXT() REPRESENTATION_CONTEXT('2D SPACE',''
  ) );
#5254 = ORIENTED_EDGE('',*,*,#5255,.F.);
#5255 = EDGE_CURVE('',#5209,#5233,#5256,.T.);
#5256 = SURFACE_CURVE('',#5257,(#5261,#5268),.PCURVE_S1.);
#5257 = LINE('',#5258,#5259);
#5258 = CARTESIAN_POINT('',(72.682367102281,18.530746135935,4.));
#5259 = VECTOR('',#5260,1.);
#5260 = DIRECTION('',(0.,1.110223024625E-16,1.));
#5261 = PCURVE('',#4561,#5262);
#5262 = DEFINITIONAL_REPRESENTATION('',(#5263),#5267);
#5263 = LINE('',#5264,#5265);
#5264 = CARTESIAN_POINT('',(14.,1.554312234475E-15));
#5265 = VECTOR('',#5266,1.);
#5266 = DIRECTION('',(0.,-1.));
#5267 = ( GEOMETRIC_REPRESENTATION_CONTEXT(2) 
PARAMETRIC_REPRESENTATION_CONTEXT() REPRESENTATION_CONTEXT('2D SPACE',''
  ) );
#5268 = PCURVE('',#5269,#5274);
#5269 = PLANE('',#5270);
#5270 = AXIS2_PLACEMENT_3D('',#5271,#5272,#5273);
#5271 = CARTESIAN_POINT('',(72.682367102281,18.530746135935,4.));
#5272 = DIRECTION('',(0.,-1.,1.110223024625E-16));
#5273 = DIRECTION('',(1.,0.,0.));
#5274 = DEFINITIONAL_REPRESENTATION('',(#5275),#5279);
#5275 = LINE('',#5276,#5277);
#5276 = CARTESIAN_POINT('',(0.,0.));
#5277 = VECTOR('',#5278,1.);
#5278 = DIRECTION('',(0.,1.));
#5279 = ( GEOMETRIC_REPRESENTATION_CONTEXT(2) 
PARAMETRIC_REPRESENTATION_CONTEXT() REPRESENTATION_CONTEXT('2D SPACE',''
  ) );
#5280 = ADVANCED_FACE('',(#5281),#5269,.T.);
#5281 = FACE_BOUND('',#5282,.T.);
#5282 = EDGE_LOOP('',(#5283,#5284,#5307,#5330));
#5283 = ORIENTED_EDGE('',*,*,#5255,.F.);
#5284 = ORIENTED_EDGE('',*,*,#5285,.T.);
#5285 = EDGE_CURVE('',#5209,#5286,#5288,.T.);
#5286 = VERTEX_POINT('',#5287);
#5287 = CARTESIAN_POINT('',(75.882367102281,18.530746135935,4.));
#5288 = SURFACE_CURVE('',#5289,(#5293,#5300),.PCURVE_S1.);
#5289 = LINE('',#5290,#5291);
#5290 = CARTESIAN_POINT('',(72.682367102281,18.530746135935,4.));
#5291 = VECTOR('',#5292,1.);
#5292 = DIRECTION('',(1.,0.,0.));
#5293 = PCURVE('',#5269,#5294);
#5294 = DEFINITIONAL_REPRESENTATION('',(#5295),#5299);
#5295 = LINE('',#5296,#5297);
#5296 = CARTESIAN_POINT('',(0.,0.));
#5297 = VECTOR('',#5298,1.);
#5298 = DIRECTION('',(1.,0.));
#5299 = ( GEOMETRIC_REPRESENTATION_CONTEXT(2) 
PARAMETRIC_REPRESENTATION_CONTEXT() REPRESENTATION_CONTEXT('2D SPACE',''
  ) );
#5300 = PCURVE('',#4535,#5301);
#5301 = DEFINITIONAL_REPRESENTATION('',(#5302),#5306);
#5302 = LINE('',#5303,#5304);
#5303 = CARTESIAN_POINT('',(14.,0.));
#5304 = VECTOR('',#5305,1.);
#5305 = DIRECTION('',(0.,1.));
#5306 = ( GEOMETRIC_REPRESENTATION_CONTEXT(2) 
PARAMETRIC_REPRESENTATION_CONTEXT() REPRESENTATION_CONTEXT('2D SPACE',''
  ) );
#5307 = ORIENTED_EDGE('',*,*,#5308,.T.);
#5308 = EDGE_CURVE('',#5286,#5309,#5311,.T.);
#5309 = VERTEX_POINT('',#5310);
#5310 = CARTESIAN_POINT('',(75.882367102281,18.530746135935,52.));
#5311 = SURFACE_CURVE('',#5312,(#5316,#5323),.PCURVE_S1.);
#5312 = LINE('',#5313,#5314);
#5313 = CARTESIAN_POINT('',(75.882367102281,18.530746135935,4.));
#5314 = VECTOR('',#5315,1.);
#5315 = DIRECTION('',(0.,1.110223024625E-16,1.));
#5316 = PCURVE('',#5269,#5317);
#5317 = DEFINITIONAL_REPRESENTATION('',(#5318),#5322);
#5318 = LINE('',#5319,#5320);
#5319 = CARTESIAN_POINT('',(3.2,0.));
#5320 = VECTOR('',#5321,1.);
#5321 = DIRECTION('',(0.,1.));
#5322 = ( GEOMETRIC_REPRESENTATION_CONTEXT(2) 
PARAMETRIC_REPRESENTATION_CONTEXT() REPRESENTATION_CONTEXT('2D SPACE',''
  ) );
#5323 = PCURVE('',#4507,#5324);
#5324 = DEFINITIONAL_REPRESENTATION('',(#5325),#5329);
#5325 = LINE('',#5326,#5327);
#5326 = CARTESIAN_POINT('',(14.,1.554312234475E-15));
#5327 = VECTOR('',#5328,1.);
#5328 = DIRECTION('',(0.,-1.));
#5329 = ( GEOMETRIC_REPRESENTATION_CONTEXT(2) 
PARAMETRIC_REPRESENTATION_CONTEXT() REPRESENTATION_CONTEXT('2D SPACE',''
  ) );
#5330 = ORIENTED_EDGE('',*,*,#5331,.F.);
#5331 = EDGE_CURVE('',#5233,#5309,#5332,.T.);
#5332 = SURFACE_CURVE('',#5333,(#5337,#5344),.PCURVE_S1.);
#5333 = LINE('',#5334,#5335);
#5334 = CARTESIAN_POINT('',(72.682367102281,18.530746135935,52.));
#5335 = VECTOR('',#5336,1.);
#5336 = DIRECTION('',(1.,0.,0.));
#5337 = PCURVE('',#5269,#5338);
#5338 = DEFINITIONAL_REPRESENTATION('',(#5339),#5343);
#5339 = LINE('',#5340,#5341);
#5340 = CARTESIAN_POINT('',(0.,48.));
#5341 = VECTOR('',#5342,1.);
#5342 = DIRECTION('',(1.,0.));
#5343 = ( GEOMETRIC_REPRESENTATION_CONTEXT(2) 
PARAMETRIC_REPRESENTATION_CONTEXT() REPRESENTATION_CONTEXT('2D SPACE',''
  ) );
#5344 = PCURVE('',#4479,#5345);
#5345 = DEFINITIONAL_REPRESENTATION('',(#5346),#5350);
#5346 = LINE('',#5347,#5348);
#5347 = CARTESIAN_POINT('',(14.,0.));
#5348 = VECTOR('',#5349,1.);
#5349 = DIRECTION('',(0.,1.));
#5350 = ( GEOMETRIC_REPRESENTATION_CONTEXT(2) 
PARAMETRIC_REPRESENTATION_CONTEXT() REPRESENTATION_CONTEXT('2D SPACE',''
  ) );
#5351 = ADVANCED_FACE('',(#5352),#4535,.F.);
#5352 = FACE_BOUND('',#5353,.F.);
#5353 = EDGE_LOOP('',(#5354,#5375,#5376,#5377));
#5354 = ORIENTED_EDGE('',*,*,#5355,.F.);
#5355 = EDGE_CURVE('',#4492,#5286,#5356,.T.);
#5356 = SURFACE_CURVE('',#5357,(#5361,#5368),.PCURVE_S1.);
#5357 = LINE('',#5358,#5359);
#5358 = CARTESIAN_POINT('',(75.882367102281,32.530746135935,4.));
#5359 = VECTOR('',#5360,1.);
#5360 = DIRECTION('',(0.,-1.,1.110223024625E-16));
#5361 = PCURVE('',#4535,#5362);
#5362 = DEFINITIONAL_REPRESENTATION('',(#5363),#5367);
#5363 = LINE('',#5364,#5365);
#5364 = CARTESIAN_POINT('',(0.,3.2));
#5365 = VECTOR('',#5366,1.);
#5366 = DIRECTION('',(1.,0.));
#5367 = ( GEOMETRIC_REPRESENTATION_CONTEXT(2) 
PARAMETRIC_REPRESENTATION_CONTEXT() REPRESENTATION_CONTEXT('2D SPACE',''
  ) );
#5368 = PCURVE('',#4507,#5369);
#5369 = DEFINITIONAL_REPRESENTATION('',(#5370),#5374);
#5370 = LINE('',#5371,#5372);
#5371 = CARTESIAN_POINT('',(0.,0.));
#5372 = VECTOR('',#5373,1.);
#5373 = DIRECTION('',(1.,0.));
#5374 = ( GEOMETRIC_REPRESENTATION_CONTEXT(2) 
PARAMETRIC_REPRESENTATION_CONTEXT() REPRESENTATION_CONTEXT('2D SPACE',''
  ) );
#5375 = ORIENTED_EDGE('',*,*,#4519,.T.);
#5376 = ORIENTED_EDGE('',*,*,#5208,.T.);
#5377 = ORIENTED_EDGE('',*,*,#5285,.T.);
#5378 = ADVANCED_FACE('',(#5379),#4507,.T.);
#5379 = FACE_BOUND('',#5380,.T.);
#5380 = EDGE_LOOP('',(#5381,#5382,#5383,#5404));
#5381 = ORIENTED_EDGE('',*,*,#5355,.F.);
#5382 = ORIENTED_EDGE('',*,*,#4491,.F.);
#5383 = ORIENTED_EDGE('',*,*,#5384,.T.);
#5384 = EDGE_CURVE('',#4462,#5309,#5385,.T.);
#5385 = SURFACE_CURVE('',#5386,(#5390,#5397),.PCURVE_S1.);
#5386 = LINE('',#5387,#5388);
#5387 = CARTESIAN_POINT('',(75.882367102281,32.530746135935,52.));
#5388 = VECTOR('',#5389,1.);
#5389 = DIRECTION('',(0.,-1.,1.110223024625E-16));
#5390 = PCURVE('',#4507,#5391);
#5391 = DEFINITIONAL_REPRESENTATION('',(#5392),#5396);
#5392 = LINE('',#5393,#5394);
#5393 = CARTESIAN_POINT('',(-1.7763568394E-15,-48.));
#5394 = VECTOR('',#5395,1.);
#5395 = DIRECTION('',(1.,0.));
#5396 = ( GEOMETRIC_REPRESENTATION_CONTEXT(2) 
PARAMETRIC_REPRESENTATION_CONTEXT() REPRESENTATION_CONTEXT('2D SPACE',''
  ) );
#5397 = PCURVE('',#4479,#5398);
#5398 = DEFINITIONAL_REPRESENTATION('',(#5399),#5403);
#5399 = LINE('',#5400,#5401);
#5400 = CARTESIAN_POINT('',(0.,3.2));
#5401 = VECTOR('',#5402,1.);
#5402 = DIRECTION('',(1.,0.));
#5403 = ( GEOMETRIC_REPRESENTATION_CONTEXT(2) 
PARAMETRIC_REPRESENTATION_CONTEXT() REPRESENTATION_CONTEXT('2D SPACE',''
  ) );
#5404 = ORIENTED_EDGE('',*,*,#5308,.F.);
#5405 = ADVANCED_FACE('',(#5406),#4479,.T.);
#5406 = FACE_BOUND('',#5407,.T.);
#5407 = EDGE_LOOP('',(#5408,#5409,#5410,#5411));
#5408 = ORIENTED_EDGE('',*,*,#5384,.F.);
#5409 = ORIENTED_EDGE('',*,*,#4461,.T.);
#5410 = ORIENTED_EDGE('',*,*,#5232,.T.);
#5411 = ORIENTED_EDGE('',*,*,#5331,.T.);
#5412 = ADVANCED_FACE('',(#5413),#478,.F.);
#5413 = FACE_BOUND('',#5414,.F.);
#5414 = EDGE_LOOP('',(#5415,#5416,#5417,#5418,#5419,#5420,#5421,#5422,
    #5423,#5424,#5425,#5446,#5447,#5448,#5449,#5450,#5451,#5472,#5473,
    #5474,#5475,#5476,#5477,#5478,#5479,#5480,#5481,#5482));
#5415 = ORIENTED_EDGE('',*,*,#1287,.F.);
#5416 = ORIENTED_EDGE('',*,*,#1185,.T.);
#5417 = ORIENTED_EDGE('',*,*,#1109,.T.);
#5418 = ORIENTED_EDGE('',*,*,#1023,.F.);
#5419 = ORIENTED_EDGE('',*,*,#998,.T.);
#5420 = ORIENTED_EDGE('',*,*,#869,.T.);
#5421 = ORIENTED_EDGE('',*,*,#793,.F.);
#5422 = ORIENTED_EDGE('',*,*,#707,.F.);
#5423 = ORIENTED_EDGE('',*,*,#655,.F.);
#5424 = ORIENTED_EDGE('',*,*,#462,.F.);
#5425 = ORIENTED_EDGE('',*,*,#5426,.T.);
#5426 = EDGE_CURVE('',#463,#4914,#5427,.T.);
#5427 = SURFACE_CURVE('',#5428,(#5432,#5439),.PCURVE_S1.);
#5428 = LINE('',#5429,#5430);
#5429 = CARTESIAN_POINT('',(76.70263203345,32.530746135935,
    32.040544456623));
#5430 = VECTOR('',#5431,1.);
#5431 = DIRECTION('',(-0.5,9.614813431918E-17,0.866025403784));
#5432 = PCURVE('',#478,#5433);
#5433 = DEFINITIONAL_REPRESENTATION('',(#5434),#5438);
#5434 = LINE('',#5435,#5436);
#5435 = CARTESIAN_POINT('',(14.020264931168,32.040544456623));
#5436 = VECTOR('',#5437,1.);
#5437 = DIRECTION('',(-0.5,0.866025403784));
#5438 = ( GEOMETRIC_REPRESENTATION_CONTEXT(2) 
PARAMETRIC_REPRESENTATION_CONTEXT() REPRESENTATION_CONTEXT('2D SPACE',''
  ) );
#5439 = PCURVE('',#506,#5440);
#5440 = DEFINITIONAL_REPRESENTATION('',(#5441),#5445);
#5441 = LINE('',#5442,#5443);
#5442 = CARTESIAN_POINT('',(20.737792984936,-15.));
#5443 = VECTOR('',#5444,1.);
#5444 = DIRECTION('',(-1.,0.));
#5445 = ( GEOMETRIC_REPRESENTATION_CONTEXT(2) 
PARAMETRIC_REPRESENTATION_CONTEXT() REPRESENTATION_CONTEXT('2D SPACE',''
  ) );
#5446 = ORIENTED_EDGE('',*,*,#4913,.T.);
#5447 = ORIENTED_EDGE('',*,*,#4984,.T.);
#5448 = ORIENTED_EDGE('',*,*,#5033,.T.);
#5449 = ORIENTED_EDGE('',*,*,#5108,.T.);
#5450 = ORIENTED_EDGE('',*,*,#5184,.F.);
#5451 = ORIENTED_EDGE('',*,*,#5452,.F.);
#5452 = EDGE_CURVE('',#1964,#5161,#5453,.T.);
#5453 = SURFACE_CURVE('',#5454,(#5458,#5465),.PCURVE_S1.);
#5454 = LINE('',#5455,#5456);
#5455 = CARTESIAN_POINT('',(88.682367102281,32.530746135935,42.));
#5456 = VECTOR('',#5457,1.);
#5457 = DIRECTION('',(0.,1.110223024625E-16,1.));
#5458 = PCURVE('',#478,#5459);
#5459 = DEFINITIONAL_REPRESENTATION('',(#5460),#5464);
#5460 = LINE('',#5461,#5462);
#5461 = CARTESIAN_POINT('',(26.,42.));
#5462 = VECTOR('',#5463,1.);
#5463 = DIRECTION('',(0.,1.));
#5464 = ( GEOMETRIC_REPRESENTATION_CONTEXT(2) 
PARAMETRIC_REPRESENTATION_CONTEXT() REPRESENTATION_CONTEXT('2D SPACE',''
  ) );
#5465 = PCURVE('',#534,#5466);
#5466 = DEFINITIONAL_REPRESENTATION('',(#5467),#5471);
#5467 = LINE('',#5468,#5469);
#5468 = CARTESIAN_POINT('',(3.579864504169E-17,-3.));
#5469 = VECTOR('',#5470,1.);
#5470 = DIRECTION('',(0.,1.));
#5471 = ( GEOMETRIC_REPRESENTATION_CONTEXT(2) 
PARAMETRIC_REPRESENTATION_CONTEXT() REPRESENTATION_CONTEXT('2D SPACE',''
  ) );
#5472 = ORIENTED_EDGE('',*,*,#1963,.T.);
#5473 = ORIENTED_EDGE('',*,*,#1864,.F.);
#5474 = ORIENTED_EDGE('',*,*,#1714,.F.);
#5475 = ORIENTED_EDGE('',*,*,#4136,.F.);
#5476 = ORIENTED_EDGE('',*,*,#3967,.T.);
#5477 = ORIENTED_EDGE('',*,*,#3918,.T.);
#5478 = ORIENTED_EDGE('',*,*,#3745,.T.);
#5479 = ORIENTED_EDGE('',*,*,#3669,.T.);
#5480 = ORIENTED_EDGE('',*,*,#3593,.T.);
#5481 = ORIENTED_EDGE('',*,*,#3568,.T.);
#5482 = ORIENTED_EDGE('',*,*,#1396,.T.);
#5483 = ADVANCED_FACE('',(#5484),#506,.T.);
#5484 = FACE_BOUND('',#5485,.T.);
#5485 = EDGE_LOOP('',(#5486,#5487,#5488,#5489,#5490,#5491));
#5486 = ORIENTED_EDGE('',*,*,#490,.F.);
#5487 = ORIENTED_EDGE('',*,*,#5426,.T.);
#5488 = ORIENTED_EDGE('',*,*,#4960,.T.);
#5489 = ORIENTED_EDGE('',*,*,#4787,.T.);
#5490 = ORIENTED_EDGE('',*,*,#4867,.F.);
#5491 = ORIENTED_EDGE('',*,*,#5492,.F.);
#5492 = EDGE_CURVE('',#491,#4843,#5493,.T.);
#5493 = SURFACE_CURVE('',#5494,(#5498,#5505),.PCURVE_S1.);
#5494 = LINE('',#5495,#5496);
#5495 = CARTESIAN_POINT('',(70.06155059881,34.543807379553,
    43.54323491862));
#5496 = VECTOR('',#5497,1.);
#5497 = DIRECTION('',(0.499271136639,-5.3975258015E-02,-0.864762975411)
  );
#5498 = PCURVE('',#506,#5499);
#5499 = DEFINITIONAL_REPRESENTATION('',(#5500),#5504);
#5500 = LINE('',#5501,#5502);
#5501 = CARTESIAN_POINT('',(7.455630115657,-12.98693875638));
#5502 = VECTOR('',#5503,1.);
#5503 = DIRECTION('',(0.998542273278,-5.3975258015E-02));
#5504 = ( GEOMETRIC_REPRESENTATION_CONTEXT(2) 
PARAMETRIC_REPRESENTATION_CONTEXT() REPRESENTATION_CONTEXT('2D SPACE',''
  ) );
#5505 = PCURVE('',#534,#5506);
#5506 = DEFINITIONAL_REPRESENTATION('',(#5507),#5511);
#5507 = LINE('',#5508,#5509);
#5508 = CARTESIAN_POINT('',(18.729314531677,-1.45676508138));
#5509 = VECTOR('',#5510,1.);
#5510 = DIRECTION('',(-0.502180242899,-0.864762975411));
#5511 = ( GEOMETRIC_REPRESENTATION_CONTEXT(2) 
PARAMETRIC_REPRESENTATION_CONTEXT() REPRESENTATION_CONTEXT('2D SPACE',''
  ) );
#5512 = ADVANCED_FACE('',(#5513),#534,.T.);
#5513 = FACE_BOUND('',#5514,.T.);
#5514 = EDGE_LOOP('',(#5515,#5516,#5517,#5538,#5539,#5540,#5541,#5542));
#5515 = ORIENTED_EDGE('',*,*,#5452,.F.);
#5516 = ORIENTED_EDGE('',*,*,#1986,.T.);
#5517 = ORIENTED_EDGE('',*,*,#5518,.F.);
#5518 = EDGE_CURVE('',#519,#1987,#5519,.T.);
#5519 = SURFACE_CURVE('',#5520,(#5524,#5531),.PCURVE_S1.);
#5520 = LINE('',#5521,#5522);
#5521 = CARTESIAN_POINT('',(51.682367102281,36.530746135935,48.));
#5522 = VECTOR('',#5523,1.);
#5523 = DIRECTION('',(0.,-1.110223024625E-16,-1.));
#5524 = PCURVE('',#534,#5525);
#5525 = DEFINITIONAL_REPRESENTATION('',(#5526),#5530);
#5526 = LINE('',#5527,#5528);
#5527 = CARTESIAN_POINT('',(37.215588131857,3.));
#5528 = VECTOR('',#5529,1.);
#5529 = DIRECTION('',(0.,-1.));
#5530 = ( GEOMETRIC_REPRESENTATION_CONTEXT(2) 
PARAMETRIC_REPRESENTATION_CONTEXT() REPRESENTATION_CONTEXT('2D SPACE',''
  ) );
#5531 = PCURVE('',#562,#5532);
#5532 = DEFINITIONAL_REPRESENTATION('',(#5533),#5537);
#5533 = LINE('',#5534,#5535);
#5534 = CARTESIAN_POINT('',(7.568266533689E-17,3.));
#5535 = VECTOR('',#5536,1.);
#5536 = DIRECTION('',(0.,-1.));
#5537 = ( GEOMETRIC_REPRESENTATION_CONTEXT(2) 
PARAMETRIC_REPRESENTATION_CONTEXT() REPRESENTATION_CONTEXT('2D SPACE',''
  ) );
#5538 = ORIENTED_EDGE('',*,*,#518,.F.);
#5539 = ORIENTED_EDGE('',*,*,#5492,.T.);
#5540 = ORIENTED_EDGE('',*,*,#4842,.T.);
#5541 = ORIENTED_EDGE('',*,*,#5082,.T.);
#5542 = ORIENTED_EDGE('',*,*,#5160,.F.);
#5543 = ADVANCED_FACE('',(#5544),#562,.T.);
#5544 = FACE_BOUND('',#5545,.T.);
#5545 = EDGE_LOOP('',(#5546,#5547,#5548,#5549,#5550,#5551,#5552));
#5546 = ORIENTED_EDGE('',*,*,#546,.F.);
#5547 = ORIENTED_EDGE('',*,*,#5518,.T.);
#5548 = ORIENTED_EDGE('',*,*,#2009,.T.);
#5549 = ORIENTED_EDGE('',*,*,#2262,.F.);
#5550 = ORIENTED_EDGE('',*,*,#2317,.T.);
#5551 = ORIENTED_EDGE('',*,*,#2505,.F.);
#5552 = ORIENTED_EDGE('',*,*,#5553,.F.);
#5553 = EDGE_CURVE('',#547,#2479,#5554,.T.);
#5554 = SURFACE_CURVE('',#5555,(#5559,#5566),.PCURVE_S1.);
#5555 = LINE('',#5556,#5557);
#5556 = CARTESIAN_POINT('',(39.682367102281,33.730746135935,48.));
#5557 = VECTOR('',#5558,1.);
#5558 = DIRECTION('',(0.,-1.110223024625E-16,-1.));
#5559 = PCURVE('',#562,#5560);
#5560 = DEFINITIONAL_REPRESENTATION('',(#5561),#5565);
#5561 = LINE('',#5562,#5563);
#5562 = CARTESIAN_POINT('',(12.322337440599,3.));
#5563 = VECTOR('',#5564,1.);
#5564 = DIRECTION('',(0.,-1.));
#5565 = ( GEOMETRIC_REPRESENTATION_CONTEXT(2) 
PARAMETRIC_REPRESENTATION_CONTEXT() REPRESENTATION_CONTEXT('2D SPACE',''
  ) );
#5566 = PCURVE('',#590,#5567);
#5567 = DEFINITIONAL_REPRESENTATION('',(#5568),#5572);
#5568 = LINE('',#5569,#5570);
#5569 = CARTESIAN_POINT('',(3.276945082286E-16,3.));
#5570 = VECTOR('',#5571,1.);
#5571 = DIRECTION('',(0.,-1.));
#5572 = ( GEOMETRIC_REPRESENTATION_CONTEXT(2) 
PARAMETRIC_REPRESENTATION_CONTEXT() REPRESENTATION_CONTEXT('2D SPACE',''
  ) );
#5573 = ADVANCED_FACE('',(#5574),#590,.T.);
#5574 = FACE_BOUND('',#5575,.T.);
#5575 = EDGE_LOOP('',(#5576,#5577,#5578,#5579));
#5576 = ORIENTED_EDGE('',*,*,#574,.F.);
#5577 = ORIENTED_EDGE('',*,*,#5553,.T.);
#5578 = ORIENTED_EDGE('',*,*,#2478,.F.);
#5579 = ORIENTED_EDGE('',*,*,#5580,.F.);
#5580 = EDGE_CURVE('',#575,#2451,#5581,.T.);
#5581 = SURFACE_CURVE('',#5582,(#5586,#5593),.PCURVE_S1.);
#5582 = LINE('',#5583,#5584);
#5583 = CARTESIAN_POINT('',(40.915355683625,26.949308938544,36.5));
#5584 = VECTOR('',#5585,1.);
#5585 = DIRECTION('',(0.,-1.110223024625E-16,-1.));
#5586 = PCURVE('',#590,#5587);
#5587 = DEFINITIONAL_REPRESENTATION('',(#5588),#5592);
#5588 = LINE('',#5589,#5590);
#5589 = CARTESIAN_POINT('',(6.892615708415,-8.5));
#5590 = VECTOR('',#5591,1.);
#5591 = DIRECTION('',(0.,-1.));
#5592 = ( GEOMETRIC_REPRESENTATION_CONTEXT(2) 
PARAMETRIC_REPRESENTATION_CONTEXT() REPRESENTATION_CONTEXT('2D SPACE',''
  ) );
#5593 = PCURVE('',#45,#5594);
#5594 = DEFINITIONAL_REPRESENTATION('',(#5595),#5599);
#5595 = LINE('',#5596,#5597);
#5596 = CARTESIAN_POINT('',(9.558693152264,8.5));
#5597 = VECTOR('',#5598,1.);
#5598 = DIRECTION('',(0.,-1.));
#5599 = ( GEOMETRIC_REPRESENTATION_CONTEXT(2) 
PARAMETRIC_REPRESENTATION_CONTEXT() REPRESENTATION_CONTEXT('2D SPACE',''
  ) );
#5600 = ADVANCED_FACE('',(#5601),#369,.T.);
#5601 = FACE_BOUND('',#5602,.T.);
#5602 = EDGE_LOOP('',(#5603,#5628,#5629,#5630,#5631));
#5603 = ORIENTED_EDGE('',*,*,#5604,.F.);
#5604 = EDGE_CURVE('',#1917,#350,#5605,.T.);
#5605 = SURFACE_CURVE('',#5606,(#5611,#5618),.PCURVE_S1.);
#5606 = ELLIPSE('',#5607,26.01789222283,26.);
#5607 = AXIS2_PLACEMENT_3D('',#5608,#5609,#5610);
#5608 = CARTESIAN_POINT('',(32.699961059476,20.677624754722,28.));
#5609 = DIRECTION('',(0.222824801502,-0.974858506572,1.082310359748E-16)
  );
#5610 = DIRECTION('',(-0.974858506572,-0.222824801502,2.473852250852E-17
    ));
#5611 = PCURVE('',#369,#5612);
#5612 = DEFINITIONAL_REPRESENTATION('',(#5613),#5617);
#5613 = ELLIPSE('',#5614,26.01789222283,26.);
#5614 = AXIS2_PLACEMENT_2D('',#5615,#5616);
#5615 = CARTESIAN_POINT('',(-9.21406130454,-17.));
#5616 = DIRECTION('',(-1.,0.));
#5617 = ( GEOMETRIC_REPRESENTATION_CONTEXT(2) 
PARAMETRIC_REPRESENTATION_CONTEXT() REPRESENTATION_CONTEXT('2D SPACE',''
  ) );
#5618 = PCURVE('',#395,#5619);
#5619 = DEFINITIONAL_REPRESENTATION('',(#5620),#5627);
#5620 = B_SPLINE_CURVE_WITH_KNOTS('',5,(#5621,#5622,#5623,#5624,#5625,
    #5626),.UNSPECIFIED.,.F.,.F.,(6,6),(3.683049056527,3.939625478633),
  .PIECEWISE_BEZIER_KNOTS.);
#5621 = CARTESIAN_POINT('',(-6.824641710116,-4.758420392071));
#5622 = CARTESIAN_POINT('',(-6.875956994538,-4.732905912449));
#5623 = CARTESIAN_POINT('',(-6.927272278959,-4.704670166827));
#5624 = CARTESIAN_POINT('',(-6.97858756338,-4.673853082714));
#5625 = CARTESIAN_POINT('',(-7.029902847801,-4.640624642918));
#5626 = CARTESIAN_POINT('',(-7.081218132223,-4.605179341081));
#5627 = ( GEOMETRIC_REPRESENTATION_CONTEXT(2) 
PARAMETRIC_REPRESENTATION_CONTEXT() REPRESENTATION_CONTEXT('2D SPACE',''
  ) );
#5628 = ORIENTED_EDGE('',*,*,#1941,.T.);
#5629 = ORIENTED_EDGE('',*,*,#4427,.T.);
#5630 = ORIENTED_EDGE('',*,*,#411,.F.);
#5631 = ORIENTED_EDGE('',*,*,#349,.F.);
#5632 = ADVANCED_FACE('',(#5633),#395,.T.);
#5633 = FACE_BOUND('',#5634,.F.);
#5634 = EDGE_LOOP('',(#5635,#5636,#5637,#5638,#5639,#5665,#5666,#5667));
#5635 = ORIENTED_EDGE('',*,*,#3432,.F.);
#5636 = ORIENTED_EDGE('',*,*,#1662,.F.);
#5637 = ORIENTED_EDGE('',*,*,#1634,.F.);
#5638 = ORIENTED_EDGE('',*,*,#4325,.F.);
#5639 = ORIENTED_EDGE('',*,*,#5640,.F.);
#5640 = EDGE_CURVE('',#265,#4302,#5641,.T.);
#5641 = SURFACE_CURVE('',#5642,(#5647,#5654),.PCURVE_S1.);
#5642 = CIRCLE('',#5643,26.);
#5643 = AXIS2_PLACEMENT_3D('',#5644,#5645,#5646);
#5644 = CARTESIAN_POINT('',(35.965822298728,8.489264679363,28.));
#5645 = DIRECTION('',(-0.258819045103,0.965925826289,-1.249000902703E-16
    ));
#5646 = DIRECTION('',(0.67432878157,0.180685852455,0.715984159789));
#5647 = PCURVE('',#395,#5648);
#5648 = DEFINITIONAL_REPRESENTATION('',(#5649),#5653);
#5649 = LINE('',#5650,#5651);
#5650 = CARTESIAN_POINT('',(-7.081218132223,-16.55));
#5651 = VECTOR('',#5652,1.);
#5652 = DIRECTION('',(1.,-0.));
#5653 = ( GEOMETRIC_REPRESENTATION_CONTEXT(2) 
PARAMETRIC_REPRESENTATION_CONTEXT() REPRESENTATION_CONTEXT('2D SPACE',''
  ) );
#5654 = PCURVE('',#102,#5655);
#5655 = DEFINITIONAL_REPRESENTATION('',(#5656),#5664);
#5656 = ( BOUNDED_CURVE() B_SPLINE_CURVE(2,(#5657,#5658,#5659,#5660,
#5661,#5662,#5663),.UNSPECIFIED.,.T.,.F.) B_SPLINE_CURVE_WITH_KNOTS((1,2
    ,2,2,2,1),(-2.094395102393,0.,2.094395102393,4.188790204786,
6.28318530718,8.377580409573),.UNSPECIFIED.) CURVE() 
GEOMETRIC_REPRESENTATION_ITEM() RATIONAL_B_SPLINE_CURVE((1.,0.5,1.,0.5,
1.,0.5,1.)) REPRESENTATION_ITEM('') );
#5657 = CARTESIAN_POINT('',(18.151029658445,18.615588154507));
#5658 = CARTESIAN_POINT('',(50.39417415483,-12.8229174236));
#5659 = CARTESIAN_POINT('',(7.046057418969,-25.02704686631));
#5660 = CARTESIAN_POINT('',(-36.30205931689,-37.23117630901));
#5661 = CARTESIAN_POINT('',(-25.19708707741,6.411458711805));
#5662 = CARTESIAN_POINT('',(-14.09211483793,50.054093732624));
#5663 = CARTESIAN_POINT('',(18.151029658445,18.615588154507));
#5664 = ( GEOMETRIC_REPRESENTATION_CONTEXT(2) 
PARAMETRIC_REPRESENTATION_CONTEXT() REPRESENTATION_CONTEXT('2D SPACE',''
  ) );
#5665 = ORIENTED_EDGE('',*,*,#381,.T.);
#5666 = ORIENTED_EDGE('',*,*,#5604,.F.);
#5667 = ORIENTED_EDGE('',*,*,#1916,.T.);
#5668 = ADVANCED_FACE('',(#5669),#134,.F.);
#5669 = FACE_BOUND('',#5670,.F.);
#5670 = EDGE_LOOP('',(#5671,#5672,#5693,#5694));
#5671 = ORIENTED_EDGE('',*,*,#3212,.T.);
#5672 = ORIENTED_EDGE('',*,*,#5673,.T.);
#5673 = EDGE_CURVE('',#3213,#119,#5674,.T.);
#5674 = SURFACE_CURVE('',#5675,(#5679,#5686),.PCURVE_S1.);
#5675 = LINE('',#5676,#5677);
#5676 = CARTESIAN_POINT('',(42.397706651819,21.963067545238,45.));
#5677 = VECTOR('',#5678,1.);
#5678 = DIRECTION('',(0.,1.110223024625E-16,1.));
#5679 = PCURVE('',#134,#5680);
#5680 = DEFINITIONAL_REPRESENTATION('',(#5681),#5685);
#5681 = LINE('',#5682,#5683);
#5682 = CARTESIAN_POINT('',(0.,0.));
#5683 = VECTOR('',#5684,1.);
#5684 = DIRECTION('',(0.,-1.));
#5685 = ( GEOMETRIC_REPRESENTATION_CONTEXT(2) 
PARAMETRIC_REPRESENTATION_CONTEXT() REPRESENTATION_CONTEXT('2D SPACE',''
  ) );
#5686 = PCURVE('',#163,#5687);
#5687 = DEFINITIONAL_REPRESENTATION('',(#5688),#5692);
#5688 = LINE('',#5689,#5690);
#5689 = CARTESIAN_POINT('',(16.,4.597549809349E-16));
#5690 = VECTOR('',#5691,1.);
#5691 = DIRECTION('',(0.,1.));
#5692 = ( GEOMETRIC_REPRESENTATION_CONTEXT(2) 
PARAMETRIC_REPRESENTATION_CONTEXT() REPRESENTATION_CONTEXT('2D SPACE',''
  ) );
#5693 = ORIENTED_EDGE('',*,*,#118,.F.);
#5694 = ORIENTED_EDGE('',*,*,#5695,.F.);
#5695 = EDGE_CURVE('',#3185,#86,#5696,.T.);
#5696 = SURFACE_CURVE('',#5697,(#5701,#5708),.PCURVE_S1.);
#5697 = LINE('',#5698,#5699);
#5698 = CARTESIAN_POINT('',(45.335302813732,10.999809416857,36.5));
#5699 = VECTOR('',#5700,1.);
#5700 = DIRECTION('',(0.,1.110223024625E-16,1.));
#5701 = PCURVE('',#134,#5702);
#5702 = DEFINITIONAL_REPRESENTATION('',(#5703),#5707);
#5703 = LINE('',#5704,#5705);
#5704 = CARTESIAN_POINT('',(11.35,8.5));
#5705 = VECTOR('',#5706,1.);
#5706 = DIRECTION('',(0.,-1.));
#5707 = ( GEOMETRIC_REPRESENTATION_CONTEXT(2) 
PARAMETRIC_REPRESENTATION_CONTEXT() REPRESENTATION_CONTEXT('2D SPACE',''
  ) );
#5708 = PCURVE('',#102,#5709);
#5709 = DEFINITIONAL_REPRESENTATION('',(#5710),#5714);
#5710 = LINE('',#5711,#5712);
#5711 = CARTESIAN_POINT('',(9.7,8.5));
#5712 = VECTOR('',#5713,1.);
#5713 = DIRECTION('',(0.,1.));
#5714 = ( GEOMETRIC_REPRESENTATION_CONTEXT(2) 
PARAMETRIC_REPRESENTATION_CONTEXT() REPRESENTATION_CONTEXT('2D SPACE',''
  ) );
#5715 = ADVANCED_FACE('',(#5716),#163,.T.);
#5716 = FACE_BOUND('',#5717,.T.);
#5717 = EDGE_LOOP('',(#5718,#5739,#5740,#5741));
#5718 = ORIENTED_EDGE('',*,*,#5719,.F.);
#5719 = EDGE_CURVE('',#3236,#147,#5720,.T.);
#5720 = SURFACE_CURVE('',#5721,(#5725,#5732),.PCURVE_S1.);
#5721 = LINE('',#5722,#5723);
#5722 = CARTESIAN_POINT('',(26.942893431193,17.821962823598,45.));
#5723 = VECTOR('',#5724,1.);
#5724 = DIRECTION('',(0.,1.110223024625E-16,1.));
#5725 = PCURVE('',#163,#5726);
#5726 = DEFINITIONAL_REPRESENTATION('',(#5727),#5731);
#5727 = LINE('',#5728,#5729);
#5728 = CARTESIAN_POINT('',(0.,0.));
#5729 = VECTOR('',#5730,1.);
#5730 = DIRECTION('',(0.,1.));
#5731 = ( GEOMETRIC_REPRESENTATION_CONTEXT(2) 
PARAMETRIC_REPRESENTATION_CONTEXT() REPRESENTATION_CONTEXT('2D SPACE',''
  ) );
#5732 = PCURVE('',#195,#5733);
#5733 = DEFINITIONAL_REPRESENTATION('',(#5734),#5738);
#5734 = LINE('',#5735,#5736);
#5735 = CARTESIAN_POINT('',(0.,0.));
#5736 = VECTOR('',#5737,1.);
#5737 = DIRECTION('',(0.,-1.));
#5738 = ( GEOMETRIC_REPRESENTATION_CONTEXT(2) 
PARAMETRIC_REPRESENTATION_CONTEXT() REPRESENTATION_CONTEXT('2D SPACE',''
  ) );
#5739 = ORIENTED_EDGE('',*,*,#3235,.T.);
#5740 = ORIENTED_EDGE('',*,*,#5673,.T.);
#5741 = ORIENTED_EDGE('',*,*,#146,.F.);
#5742 = ADVANCED_FACE('',(#5743),#195,.T.);
#5743 = FACE_BOUND('',#5744,.T.);
#5744 = EDGE_LOOP('',(#5745,#5746,#5747,#5748));
#5745 = ORIENTED_EDGE('',*,*,#3263,.T.);
#5746 = ORIENTED_EDGE('',*,*,#5719,.T.);
#5747 = ORIENTED_EDGE('',*,*,#179,.F.);
#5748 = ORIENTED_EDGE('',*,*,#5749,.F.);
#5749 = EDGE_CURVE('',#3264,#180,#5750,.T.);
#5750 = SURFACE_CURVE('',#5751,(#5755,#5762),.PCURVE_S1.);
#5751 = LINE('',#5752,#5753);
#5752 = CARTESIAN_POINT('',(29.880489593107,6.858704695217,36.5));
#5753 = VECTOR('',#5754,1.);
#5754 = DIRECTION('',(0.,1.110223024625E-16,1.));
#5755 = PCURVE('',#195,#5756);
#5756 = DEFINITIONAL_REPRESENTATION('',(#5757),#5761);
#5757 = LINE('',#5758,#5759);
#5758 = CARTESIAN_POINT('',(11.35,8.5));
#5759 = VECTOR('',#5760,1.);
#5760 = DIRECTION('',(0.,-1.));
#5761 = ( GEOMETRIC_REPRESENTATION_CONTEXT(2) 
PARAMETRIC_REPRESENTATION_CONTEXT() REPRESENTATION_CONTEXT('2D SPACE',''
  ) );
#5762 = PCURVE('',#102,#5763);
#5763 = DEFINITIONAL_REPRESENTATION('',(#5764),#5768);
#5764 = LINE('',#5765,#5766);
#5765 = CARTESIAN_POINT('',(-6.3,8.5));
#5766 = VECTOR('',#5767,1.);
#5767 = DIRECTION('',(0.,1.));
#5768 = ( GEOMETRIC_REPRESENTATION_CONTEXT(2) 
PARAMETRIC_REPRESENTATION_CONTEXT() REPRESENTATION_CONTEXT('2D SPACE',''
  ) );
#5769 = ADVANCED_FACE('',(#5770,#5804,#5839,#5874),#102,.T.);
#5770 = FACE_BOUND('',#5771,.T.);
#5771 = EDGE_LOOP('',(#5772,#5773,#5774,#5775,#5776,#5777,#5778,#5779,
    #5780,#5802,#5803));
#5772 = ORIENTED_EDGE('',*,*,#5640,.F.);
#5773 = ORIENTED_EDGE('',*,*,#264,.F.);
#5774 = ORIENTED_EDGE('',*,*,#85,.F.);
#5775 = ORIENTED_EDGE('',*,*,#5695,.F.);
#5776 = ORIENTED_EDGE('',*,*,#3184,.T.);
#5777 = ORIENTED_EDGE('',*,*,#3286,.T.);
#5778 = ORIENTED_EDGE('',*,*,#5749,.T.);
#5779 = ORIENTED_EDGE('',*,*,#207,.F.);
#5780 = ORIENTED_EDGE('',*,*,#5781,.T.);
#5781 = EDGE_CURVE('',#208,#4375,#5782,.T.);
#5782 = SURFACE_CURVE('',#5783,(#5788,#5795),.PCURVE_S1.);
#5783 = CIRCLE('',#5784,4.8);
#5784 = AXIS2_PLACEMENT_3D('',#5785,#5786,#5787);
#5785 = CARTESIAN_POINT('',(8.919899162634,1.242331416492,28.));
#5786 = DIRECTION('',(0.258819045103,-0.965925826289,1.072393092426E-16)
  );
#5787 = DIRECTION('',(0.965925826289,0.258819045103,-2.873468630843E-17)
  );
#5788 = PCURVE('',#102,#5789);
#5789 = DEFINITIONAL_REPRESENTATION('',(#5790),#5794);
#5790 = CIRCLE('',#5791,4.8);
#5791 = AXIS2_PLACEMENT_2D('',#5792,#5793);
#5792 = CARTESIAN_POINT('',(-28.,2.748142462164E-15));
#5793 = DIRECTION('',(1.,0.));
#5794 = ( GEOMETRIC_REPRESENTATION_CONTEXT(2) 
PARAMETRIC_REPRESENTATION_CONTEXT() REPRESENTATION_CONTEXT('2D SPACE',''
  ) );
#5795 = PCURVE('',#249,#5796);
#5796 = DEFINITIONAL_REPRESENTATION('',(#5797),#5801);
#5797 = LINE('',#5798,#5799);
#5798 = CARTESIAN_POINT('',(-0.,-16.55));
#5799 = VECTOR('',#5800,1.);
#5800 = DIRECTION('',(-1.,0.));
#5801 = ( GEOMETRIC_REPRESENTATION_CONTEXT(2) 
PARAMETRIC_REPRESENTATION_CONTEXT() REPRESENTATION_CONTEXT('2D SPACE',''
  ) );
#5802 = ORIENTED_EDGE('',*,*,#4397,.F.);
#5803 = ORIENTED_EDGE('',*,*,#4301,.T.);
#5804 = FACE_BOUND('',#5805,.T.);
#5805 = EDGE_LOOP('',(#5806));
#5806 = ORIENTED_EDGE('',*,*,#5807,.T.);
#5807 = EDGE_CURVE('',#5808,#5808,#5810,.T.);
#5808 = VERTEX_POINT('',#5809);
#5809 = CARTESIAN_POINT('',(53.120800413645,13.085927211428,
    5.063742759908));
#5810 = SURFACE_CURVE('',#5811,(#5816,#5827),.PCURVE_S1.);
#5811 = CIRCLE('',#5812,1.7);
#5812 = AXIS2_PLACEMENT_3D('',#5813,#5814,#5815);
#5813 = CARTESIAN_POINT('',(51.478726508953,12.645934834754,
    5.063742759908));
#5814 = DIRECTION('',(-0.258819045103,0.965925826289,-1.072393092426E-16
    ));
#5815 = DIRECTION('',(0.965925826289,0.258819045103,-2.873468630843E-17)
  );
#5816 = PCURVE('',#102,#5817);
#5817 = DEFINITIONAL_REPRESENTATION('',(#5818),#5826);
#5818 = ( BOUNDED_CURVE() B_SPLINE_CURVE(2,(#5819,#5820,#5821,#5822,
#5823,#5824,#5825),.UNSPECIFIED.,.T.,.F.) B_SPLINE_CURVE_WITH_KNOTS((1,2
    ,2,2,2,1),(-2.094395102393,0.,2.094395102393,4.188790204786,
6.28318530718,8.377580409573),.UNSPECIFIED.) CURVE() 
GEOMETRIC_REPRESENTATION_ITEM() RATIONAL_B_SPLINE_CURVE((1.,0.5,1.,0.5,
1.,0.5,1.)) REPRESENTATION_ITEM('') );
#5819 = CARTESIAN_POINT('',(17.760140217829,-22.93625724009));
#5820 = CARTESIAN_POINT('',(17.760140217829,-25.88074361295));
#5821 = CARTESIAN_POINT('',(15.210140217829,-24.40850042652));
#5822 = CARTESIAN_POINT('',(12.660140217829,-22.93625724009));
#5823 = CARTESIAN_POINT('',(15.210140217829,-21.46401405365));
#5824 = CARTESIAN_POINT('',(17.760140217829,-19.99177086722));
#5825 = CARTESIAN_POINT('',(17.760140217829,-22.93625724009));
#5826 = ( GEOMETRIC_REPRESENTATION_CONTEXT(2) 
PARAMETRIC_REPRESENTATION_CONTEXT() REPRESENTATION_CONTEXT('2D SPACE',''
  ) );
#5827 = PCURVE('',#5828,#5833);
#5828 = CYLINDRICAL_SURFACE('',#5829,1.7);
#5829 = AXIS2_PLACEMENT_3D('',#5830,#5831,#5832);
#5830 = CARTESIAN_POINT('',(43.312985635969,43.120894654174,
    5.063742759908));
#5831 = DIRECTION('',(-0.258819045103,0.965925826289,-1.072393092426E-16
    ));
#5832 = DIRECTION('',(0.965925826289,0.258819045103,-2.873468630843E-17)
  );
#5833 = DEFINITIONAL_REPRESENTATION('',(#5834),#5838);
#5834 = LINE('',#5835,#5836);
#5835 = CARTESIAN_POINT('',(-6.28318530718,-31.55));
#5836 = VECTOR('',#5837,1.);
#5837 = DIRECTION('',(1.,-0.));
#5838 = ( GEOMETRIC_REPRESENTATION_CONTEXT(2) 
PARAMETRIC_REPRESENTATION_CONTEXT() REPRESENTATION_CONTEXT('2D SPACE',''
  ) );
#5839 = FACE_BOUND('',#5840,.T.);
#5840 = EDGE_LOOP('',(#5841));
#5841 = ORIENTED_EDGE('',*,*,#5842,.T.);
#5842 = EDGE_CURVE('',#5843,#5843,#5845,.T.);
#5843 = VERTEX_POINT('',#5844);
#5844 = CARTESIAN_POINT('',(10.561973067326,1.682323793166,28.));
#5845 = SURFACE_CURVE('',#5846,(#5851,#5862),.PCURVE_S1.);
#5846 = CIRCLE('',#5847,1.7);
#5847 = AXIS2_PLACEMENT_3D('',#5848,#5849,#5850);
#5848 = CARTESIAN_POINT('',(8.919899162634,1.242331416492,28.));
#5849 = DIRECTION('',(-0.258819045103,0.965925826289,-1.072393092426E-16
    ));
#5850 = DIRECTION('',(0.965925826289,0.258819045103,-2.873468630843E-17)
  );
#5851 = PCURVE('',#102,#5852);
#5852 = DEFINITIONAL_REPRESENTATION('',(#5853),#5861);
#5853 = ( BOUNDED_CURVE() B_SPLINE_CURVE(2,(#5854,#5855,#5856,#5857,
#5858,#5859,#5860),.UNSPECIFIED.,.T.,.F.) B_SPLINE_CURVE_WITH_KNOTS((1,2
    ,2,2,2,1),(-2.094395102393,0.,2.094395102393,4.188790204786,
6.28318530718,8.377580409573),.UNSPECIFIED.) CURVE() 
GEOMETRIC_REPRESENTATION_ITEM() RATIONAL_B_SPLINE_CURVE((1.,0.5,1.,0.5,
1.,0.5,1.)) REPRESENTATION_ITEM('') );
#5854 = CARTESIAN_POINT('',(-26.3,2.748142462164E-15));
#5855 = CARTESIAN_POINT('',(-26.3,-2.944486372867));
#5856 = CARTESIAN_POINT('',(-28.85,-1.472243186434));
#5857 = CARTESIAN_POINT('',(-31.4,2.331762550454E-15));
#5858 = CARTESIAN_POINT('',(-28.85,1.472243186434));
#5859 = CARTESIAN_POINT('',(-26.3,2.944486372867));
#5860 = CARTESIAN_POINT('',(-26.3,2.748142462164E-15));
#5861 = ( GEOMETRIC_REPRESENTATION_CONTEXT(2) 
PARAMETRIC_REPRESENTATION_CONTEXT() REPRESENTATION_CONTEXT('2D SPACE',''
  ) );
#5862 = PCURVE('',#5863,#5868);
#5863 = CYLINDRICAL_SURFACE('',#5864,1.7);
#5864 = AXIS2_PLACEMENT_3D('',#5865,#5866,#5867);
#5865 = CARTESIAN_POINT('',(0.75415828965,31.717291235912,28.));
#5866 = DIRECTION('',(-0.258819045103,0.965925826289,-1.072393092426E-16
    ));
#5867 = DIRECTION('',(0.965925826289,0.258819045103,-2.873468630843E-17)
  );
#5868 = DEFINITIONAL_REPRESENTATION('',(#5869),#5873);
#5869 = LINE('',#5870,#5871);
#5870 = CARTESIAN_POINT('',(-6.28318530718,-31.55));
#5871 = VECTOR('',#5872,1.);
#5872 = DIRECTION('',(1.,-0.));
#5873 = ( GEOMETRIC_REPRESENTATION_CONTEXT(2) 
PARAMETRIC_REPRESENTATION_CONTEXT() REPRESENTATION_CONTEXT('2D SPACE',''
  ) );
#5874 = FACE_BOUND('',#5875,.T.);
#5875 = EDGE_LOOP('',(#5876));
#5876 = ORIENTED_EDGE('',*,*,#5877,.T.);
#5877 = EDGE_CURVE('',#5878,#5878,#5880,.T.);
#5878 = VERTEX_POINT('',#5879);
#5879 = CARTESIAN_POINT('',(53.120800413645,13.085927211428,
    50.936257240092));
#5880 = SURFACE_CURVE('',#5881,(#5886,#5897),.PCURVE_S1.);
#5881 = CIRCLE('',#5882,1.7);
#5882 = AXIS2_PLACEMENT_3D('',#5883,#5884,#5885);
#5883 = CARTESIAN_POINT('',(51.478726508953,12.645934834754,
    50.936257240092));
#5884 = DIRECTION('',(-0.258819045103,0.965925826289,-1.072393092426E-16
    ));
#5885 = DIRECTION('',(0.965925826289,0.258819045103,-2.873468630843E-17)
  );
#5886 = PCURVE('',#102,#5887);
#5887 = DEFINITIONAL_REPRESENTATION('',(#5888),#5896);
#5888 = ( BOUNDED_CURVE() B_SPLINE_CURVE(2,(#5889,#5890,#5891,#5892,
#5893,#5894,#5895),.UNSPECIFIED.,.T.,.F.) B_SPLINE_CURVE_WITH_KNOTS((1,2
    ,2,2,2,1),(-2.094395102393,0.,2.094395102393,4.188790204786,
6.28318530718,8.377580409573),.UNSPECIFIED.) CURVE() 
GEOMETRIC_REPRESENTATION_ITEM() RATIONAL_B_SPLINE_CURVE((1.,0.5,1.,0.5,
1.,0.5,1.)) REPRESENTATION_ITEM('') );
#5889 = CARTESIAN_POINT('',(17.760140217829,22.936257240092));
#5890 = CARTESIAN_POINT('',(17.760140217829,19.991770867225));
#5891 = CARTESIAN_POINT('',(15.210140217829,21.464014053658));
#5892 = CARTESIAN_POINT('',(12.660140217829,22.936257240092));
#5893 = CARTESIAN_POINT('',(15.210140217829,24.408500426525));
#5894 = CARTESIAN_POINT('',(17.760140217829,25.880743612959));
#5895 = CARTESIAN_POINT('',(17.760140217829,22.936257240092));
#5896 = ( GEOMETRIC_REPRESENTATION_CONTEXT(2) 
PARAMETRIC_REPRESENTATION_CONTEXT() REPRESENTATION_CONTEXT('2D SPACE',''
  ) );
#5897 = PCURVE('',#5898,#5903);
#5898 = CYLINDRICAL_SURFACE('',#5899,1.7);
#5899 = AXIS2_PLACEMENT_3D('',#5900,#5901,#5902);
#5900 = CARTESIAN_POINT('',(43.312985635969,43.120894654174,
    50.936257240092));
#5901 = DIRECTION('',(-0.258819045103,0.965925826289,-1.072393092426E-16
    ));
#5902 = DIRECTION('',(0.965925826289,0.258819045103,-2.873468630843E-17)
  );
#5903 = DEFINITIONAL_REPRESENTATION('',(#5904),#5908);
#5904 = LINE('',#5905,#5906);
#5905 = CARTESIAN_POINT('',(-6.28318530718,-31.55));
#5906 = VECTOR('',#5907,1.);
#5907 = DIRECTION('',(1.,-0.));
#5908 = ( GEOMETRIC_REPRESENTATION_CONTEXT(2) 
PARAMETRIC_REPRESENTATION_CONTEXT() REPRESENTATION_CONTEXT('2D SPACE',''
  ) );
#5909 = ADVANCED_FACE('',(#5910),#5898,.F.);
#5910 = FACE_BOUND('',#5911,.T.);
#5911 = EDGE_LOOP('',(#5912,#5945,#5966,#5967));
#5912 = ORIENTED_EDGE('',*,*,#5913,.T.);
#5913 = EDGE_CURVE('',#5914,#5914,#5916,.T.);
#5914 = VERTEX_POINT('',#5915);
#5915 = CARTESIAN_POINT('',(49.52321568672,26.512296196846,
    50.936257240092));
#5916 = SURFACE_CURVE('',#5917,(#5922,#5929),.PCURVE_S1.);
#5917 = CIRCLE('',#5918,1.7);
#5918 = AXIS2_PLACEMENT_3D('',#5919,#5920,#5921);
#5919 = CARTESIAN_POINT('',(47.881141782028,26.072303820172,
    50.936257240092));
#5920 = DIRECTION('',(-0.258819045103,0.965925826289,-1.072393092426E-16
    ));
#5921 = DIRECTION('',(0.965925826289,0.258819045103,-2.873468630843E-17)
  );
#5922 = PCURVE('',#5898,#5923);
#5923 = DEFINITIONAL_REPRESENTATION('',(#5924),#5928);
#5924 = LINE('',#5925,#5926);
#5925 = CARTESIAN_POINT('',(-6.28318530718,-17.65));
#5926 = VECTOR('',#5927,1.);
#5927 = DIRECTION('',(1.,-0.));
#5928 = ( GEOMETRIC_REPRESENTATION_CONTEXT(2) 
PARAMETRIC_REPRESENTATION_CONTEXT() REPRESENTATION_CONTEXT('2D SPACE',''
  ) );
#5929 = PCURVE('',#5930,#5935);
#5930 = PLANE('',#5931);
#5931 = AXIS2_PLACEMENT_3D('',#5932,#5933,#5934);
#5932 = CARTESIAN_POINT('',(47.881141782028,26.072303820172,
    50.936257240092));
#5933 = DIRECTION('',(0.258819045103,-0.965925826289,1.072393092426E-16)
  );
#5934 = DIRECTION('',(0.965925826289,0.258819045103,-2.873468630843E-17)
  );
#5935 = DEFINITIONAL_REPRESENTATION('',(#5936),#5944);
#5936 = ( BOUNDED_CURVE() B_SPLINE_CURVE(2,(#5937,#5938,#5939,#5940,
#5941,#5942,#5943),.UNSPECIFIED.,.T.,.F.) B_SPLINE_CURVE_WITH_KNOTS((1,2
    ,2,2,2,1),(-2.094395102393,0.,2.094395102393,4.188790204786,
6.28318530718,8.377580409573),.UNSPECIFIED.) CURVE() 
GEOMETRIC_REPRESENTATION_ITEM() RATIONAL_B_SPLINE_CURVE((1.,0.5,1.,0.5,
1.,0.5,1.)) REPRESENTATION_ITEM('') );
#5937 = CARTESIAN_POINT('',(1.7,0.));
#5938 = CARTESIAN_POINT('',(1.7,-2.944486372867));
#5939 = CARTESIAN_POINT('',(-0.85,-1.472243186434));
#5940 = CARTESIAN_POINT('',(-3.4,-4.163799117101E-16));
#5941 = CARTESIAN_POINT('',(-0.85,1.472243186434));
#5942 = CARTESIAN_POINT('',(1.7,2.944486372867));
#5943 = CARTESIAN_POINT('',(1.7,0.));
#5944 = ( GEOMETRIC_REPRESENTATION_CONTEXT(2) 
PARAMETRIC_REPRESENTATION_CONTEXT() REPRESENTATION_CONTEXT('2D SPACE',''
  ) );
#5945 = ORIENTED_EDGE('',*,*,#5946,.T.);
#5946 = EDGE_CURVE('',#5914,#5878,#5947,.T.);
#5947 = SEAM_CURVE('',#5948,(#5952,#5959),.PCURVE_S1.);
#5948 = LINE('',#5949,#5950);
#5949 = CARTESIAN_POINT('',(44.95505954066,43.560887030848,
    50.936257240092));
#5950 = VECTOR('',#5951,1.);
#5951 = DIRECTION('',(0.258819045103,-0.965925826289,1.072393092426E-16)
  );
#5952 = PCURVE('',#5898,#5953);
#5953 = DEFINITIONAL_REPRESENTATION('',(#5954),#5958);
#5954 = LINE('',#5955,#5956);
#5955 = CARTESIAN_POINT('',(-6.28318530718,0.));
#5956 = VECTOR('',#5957,1.);
#5957 = DIRECTION('',(-0.,-1.));
#5958 = ( GEOMETRIC_REPRESENTATION_CONTEXT(2) 
PARAMETRIC_REPRESENTATION_CONTEXT() REPRESENTATION_CONTEXT('2D SPACE',''
  ) );
#5959 = PCURVE('',#5898,#5960);
#5960 = DEFINITIONAL_REPRESENTATION('',(#5961),#5965);
#5961 = LINE('',#5962,#5963);
#5962 = CARTESIAN_POINT('',(-0.,0.));
#5963 = VECTOR('',#5964,1.);
#5964 = DIRECTION('',(-0.,-1.));
#5965 = ( GEOMETRIC_REPRESENTATION_CONTEXT(2) 
PARAMETRIC_REPRESENTATION_CONTEXT() REPRESENTATION_CONTEXT('2D SPACE',''
  ) );
#5966 = ORIENTED_EDGE('',*,*,#5877,.F.);
#5967 = ORIENTED_EDGE('',*,*,#5946,.F.);
#5968 = ADVANCED_FACE('',(#5969,#6139),#5930,.F.);
#5969 = FACE_BOUND('',#5970,.F.);
#5970 = EDGE_LOOP('',(#5971,#6001,#6029,#6057,#6085,#6113));
#5971 = ORIENTED_EDGE('',*,*,#5972,.T.);
#5972 = EDGE_CURVE('',#5973,#5975,#5977,.T.);
#5973 = VERTEX_POINT('',#5974);
#5974 = CARTESIAN_POINT('',(51.115671489814,26.938993443268,
    50.936257240092));
#5975 = VERTEX_POINT('',#5976);
#5976 = CARTESIAN_POINT('',(49.498406635921,26.50564863172,
    53.836257240092));
#5977 = SURFACE_CURVE('',#5978,(#5982,#5989),.PCURVE_S1.);
#5978 = LINE('',#5979,#5980);
#5979 = CARTESIAN_POINT('',(51.115671489814,26.938993443268,
    50.936257240092));
#5980 = VECTOR('',#5981,1.);
#5981 = DIRECTION('',(-0.482962913145,-0.129409522551,0.866025403784));
#5982 = PCURVE('',#5930,#5983);
#5983 = DEFINITIONAL_REPRESENTATION('',(#5984),#5988);
#5984 = LINE('',#5985,#5986);
#5985 = CARTESIAN_POINT('',(3.3486315613,9.622187747646E-17));
#5986 = VECTOR('',#5987,1.);
#5987 = DIRECTION('',(-0.5,0.866025403784));
#5988 = ( GEOMETRIC_REPRESENTATION_CONTEXT(2) 
PARAMETRIC_REPRESENTATION_CONTEXT() REPRESENTATION_CONTEXT('2D SPACE',''
  ) );
#5989 = PCURVE('',#5990,#5995);
#5990 = PLANE('',#5991);
#5991 = AXIS2_PLACEMENT_3D('',#5992,#5993,#5994);
#5992 = CARTESIAN_POINT('',(46.547515343755,43.98758427727,
    50.936257240092));
#5993 = DIRECTION('',(-0.836516303738,-0.224143868042,-0.5));
#5994 = DIRECTION('',(-0.482962913145,-0.129409522551,0.866025403784));
#5995 = DEFINITIONAL_REPRESENTATION('',(#5996),#6000);
#5996 = LINE('',#5997,#5998);
#5997 = CARTESIAN_POINT('',(3.933034547177E-15,-17.65));
#5998 = VECTOR('',#5999,1.);
#5999 = DIRECTION('',(1.,-9.605239241518E-18));
#6000 = ( GEOMETRIC_REPRESENTATION_CONTEXT(2) 
PARAMETRIC_REPRESENTATION_CONTEXT() REPRESENTATION_CONTEXT('2D SPACE',''
  ) );
#6001 = ORIENTED_EDGE('',*,*,#6002,.T.);
#6002 = EDGE_CURVE('',#5975,#6003,#6005,.T.);
#6003 = VERTEX_POINT('',#6004);
#6004 = CARTESIAN_POINT('',(46.263876928135,25.638959008624,
    53.836257240092));
#6005 = SURFACE_CURVE('',#6006,(#6010,#6017),.PCURVE_S1.);
#6006 = LINE('',#6007,#6008);
#6007 = CARTESIAN_POINT('',(49.498406635921,26.50564863172,
    53.836257240092));
#6008 = VECTOR('',#6009,1.);
#6009 = DIRECTION('',(-0.965925826289,-0.258819045103,1.613528026107E-16
    ));
#6010 = PCURVE('',#5930,#6011);
#6011 = DEFINITIONAL_REPRESENTATION('',(#6012),#6016);
#6012 = LINE('',#6013,#6014);
#6013 = CARTESIAN_POINT('',(1.67431578065,2.9));
#6014 = VECTOR('',#6015,1.);
#6015 = DIRECTION('',(-1.,1.326181163023E-16));
#6016 = ( GEOMETRIC_REPRESENTATION_CONTEXT(2) 
PARAMETRIC_REPRESENTATION_CONTEXT() REPRESENTATION_CONTEXT('2D SPACE',''
  ) );
#6017 = PCURVE('',#6018,#6023);
#6018 = PLANE('',#6019);
#6019 = AXIS2_PLACEMENT_3D('',#6020,#6021,#6022);
#6020 = CARTESIAN_POINT('',(44.930250489862,43.554239465722,
    53.836257240092));
#6021 = DIRECTION('',(-1.280992635702E-16,-1.453463966872E-16,-1.));
#6022 = DIRECTION('',(-0.965925826289,-0.258819045103,1.613528026107E-16
    ));
#6023 = DEFINITIONAL_REPRESENTATION('',(#6024),#6028);
#6024 = LINE('',#6025,#6026);
#6025 = CARTESIAN_POINT('',(3.552713678801E-15,-17.65));
#6026 = VECTOR('',#6027,1.);
#6027 = DIRECTION('',(1.,-1.730336309634E-32));
#6028 = ( GEOMETRIC_REPRESENTATION_CONTEXT(2) 
PARAMETRIC_REPRESENTATION_CONTEXT() REPRESENTATION_CONTEXT('2D SPACE',''
  ) );
#6029 = ORIENTED_EDGE('',*,*,#6030,.T.);
#6030 = EDGE_CURVE('',#6003,#6031,#6033,.T.);
#6031 = VERTEX_POINT('',#6032);
#6032 = CARTESIAN_POINT('',(44.646612074242,25.205614197076,
    50.936257240092));
#6033 = SURFACE_CURVE('',#6034,(#6038,#6045),.PCURVE_S1.);
#6034 = LINE('',#6035,#6036);
#6035 = CARTESIAN_POINT('',(46.263876928135,25.638959008624,
    53.836257240092));
#6036 = VECTOR('',#6037,1.);
#6037 = DIRECTION('',(-0.482962913145,-0.129409522551,-0.866025403784));
#6038 = PCURVE('',#5930,#6039);
#6039 = DEFINITIONAL_REPRESENTATION('',(#6040),#6044);
#6040 = LINE('',#6041,#6042);
#6041 = CARTESIAN_POINT('',(-1.67431578065,2.9));
#6042 = VECTOR('',#6043,1.);
#6043 = DIRECTION('',(-0.5,-0.866025403784));
#6044 = ( GEOMETRIC_REPRESENTATION_CONTEXT(2) 
PARAMETRIC_REPRESENTATION_CONTEXT() REPRESENTATION_CONTEXT('2D SPACE',''
  ) );
#6045 = PCURVE('',#6046,#6051);
#6046 = PLANE('',#6047);
#6047 = AXIS2_PLACEMENT_3D('',#6048,#6049,#6050);
#6048 = CARTESIAN_POINT('',(41.695720782076,42.687549842626,
    53.836257240092));
#6049 = DIRECTION('',(0.836516303738,0.224143868042,-0.5));
#6050 = DIRECTION('',(-0.482962913145,-0.129409522551,-0.866025403784));
#6051 = DEFINITIONAL_REPRESENTATION('',(#6052),#6056);
#6052 = LINE('',#6053,#6054);
#6053 = CARTESIAN_POINT('',(0.,-17.65));
#6054 = VECTOR('',#6055,1.);
#6055 = DIRECTION('',(1.,-1.815033637411E-17));
#6056 = ( GEOMETRIC_REPRESENTATION_CONTEXT(2) 
PARAMETRIC_REPRESENTATION_CONTEXT() REPRESENTATION_CONTEXT('2D SPACE',''
  ) );
#6057 = ORIENTED_EDGE('',*,*,#6058,.T.);
#6058 = EDGE_CURVE('',#6031,#6059,#6061,.T.);
#6059 = VERTEX_POINT('',#6060);
#6060 = CARTESIAN_POINT('',(46.263876928135,25.638959008624,
    48.036257240092));
#6061 = SURFACE_CURVE('',#6062,(#6066,#6073),.PCURVE_S1.);
#6062 = LINE('',#6063,#6064);
#6063 = CARTESIAN_POINT('',(44.646612074242,25.205614197076,
    50.936257240092));
#6064 = VECTOR('',#6065,1.);
#6065 = DIRECTION('',(0.482962913145,0.129409522551,-0.866025403784));
#6066 = PCURVE('',#5930,#6067);
#6067 = DEFINITIONAL_REPRESENTATION('',(#6068),#6072);
#6068 = LINE('',#6069,#6070);
#6069 = CARTESIAN_POINT('',(-3.3486315613,-9.622187747646E-17));
#6070 = VECTOR('',#6071,1.);
#6071 = DIRECTION('',(0.5,-0.866025403784));
#6072 = ( GEOMETRIC_REPRESENTATION_CONTEXT(2) 
PARAMETRIC_REPRESENTATION_CONTEXT() REPRESENTATION_CONTEXT('2D SPACE',''
  ) );
#6073 = PCURVE('',#6074,#6079);
#6074 = PLANE('',#6075);
#6075 = AXIS2_PLACEMENT_3D('',#6076,#6077,#6078);
#6076 = CARTESIAN_POINT('',(40.078455928182,42.254205031078,
    50.936257240092));
#6077 = DIRECTION('',(0.836516303738,0.224143868042,0.5));
#6078 = DIRECTION('',(0.482962913145,0.129409522551,-0.866025403784));
#6079 = DEFINITIONAL_REPRESENTATION('',(#6080),#6084);
#6080 = LINE('',#6081,#6082);
#6081 = CARTESIAN_POINT('',(3.10862446895E-15,-17.65));
#6082 = VECTOR('',#6083,1.);
#6083 = DIRECTION('',(1.,9.605239241518E-18));
#6084 = ( GEOMETRIC_REPRESENTATION_CONTEXT(2) 
PARAMETRIC_REPRESENTATION_CONTEXT() REPRESENTATION_CONTEXT('2D SPACE',''
  ) );
#6085 = ORIENTED_EDGE('',*,*,#6086,.T.);
#6086 = EDGE_CURVE('',#6059,#6087,#6089,.T.);
#6087 = VERTEX_POINT('',#6088);
#6088 = CARTESIAN_POINT('',(49.498406635921,26.50564863172,
    48.036257240092));
#6089 = SURFACE_CURVE('',#6090,(#6094,#6101),.PCURVE_S1.);
#6090 = LINE('',#6091,#6092);
#6091 = CARTESIAN_POINT('',(46.263876928135,25.638959008624,
    48.036257240092));
#6092 = VECTOR('',#6093,1.);
#6093 = DIRECTION('',(0.965925826289,0.258819045103,-6.9182526782E-16));
#6094 = PCURVE('',#5930,#6095);
#6095 = DEFINITIONAL_REPRESENTATION('',(#6096),#6100);
#6096 = LINE('',#6097,#6098);
#6097 = CARTESIAN_POINT('',(-1.67431578065,-2.9));
#6098 = VECTOR('',#6099,1.);
#6099 = DIRECTION('',(1.,-6.630905815116E-16));
#6100 = ( GEOMETRIC_REPRESENTATION_CONTEXT(2) 
PARAMETRIC_REPRESENTATION_CONTEXT() REPRESENTATION_CONTEXT('2D SPACE',''
  ) );
#6101 = PCURVE('',#6102,#6107);
#6102 = PLANE('',#6103);
#6103 = AXIS2_PLACEMENT_3D('',#6104,#6105,#6106);
#6104 = CARTESIAN_POINT('',(41.695720782076,42.687549842626,
    48.036257240092));
#6105 = DIRECTION('',(6.404963178511E-16,2.826427735858E-16,1.));
#6106 = DIRECTION('',(0.965925826289,0.258819045103,-6.9182526782E-16));
#6107 = DEFINITIONAL_REPRESENTATION('',(#6108),#6112);
#6108 = LINE('',#6109,#6110);
#6109 = CARTESIAN_POINT('',(1.7763568394E-15,-17.65));
#6110 = VECTOR('',#6111,1.);
#6111 = DIRECTION('',(1.,7.419086383761E-32));
#6112 = ( GEOMETRIC_REPRESENTATION_CONTEXT(2) 
PARAMETRIC_REPRESENTATION_CONTEXT() REPRESENTATION_CONTEXT('2D SPACE',''
  ) );
#6113 = ORIENTED_EDGE('',*,*,#6114,.T.);
#6114 = EDGE_CURVE('',#6087,#5973,#6115,.T.);
#6115 = SURFACE_CURVE('',#6116,(#6120,#6127),.PCURVE_S1.);
#6116 = LINE('',#6117,#6118);
#6117 = CARTESIAN_POINT('',(49.498406635921,26.50564863172,
    48.036257240092));
#6118 = VECTOR('',#6119,1.);
#6119 = DIRECTION('',(0.482962913145,0.129409522551,0.866025403784));
#6120 = PCURVE('',#5930,#6121);
#6121 = DEFINITIONAL_REPRESENTATION('',(#6122),#6126);
#6122 = LINE('',#6123,#6124);
#6123 = CARTESIAN_POINT('',(1.67431578065,-2.9));
#6124 = VECTOR('',#6125,1.);
#6125 = DIRECTION('',(0.5,0.866025403784));
#6126 = ( GEOMETRIC_REPRESENTATION_CONTEXT(2) 
PARAMETRIC_REPRESENTATION_CONTEXT() REPRESENTATION_CONTEXT('2D SPACE',''
  ) );
#6127 = PCURVE('',#6128,#6133);
#6128 = PLANE('',#6129);
#6129 = AXIS2_PLACEMENT_3D('',#6130,#6131,#6132);
#6130 = CARTESIAN_POINT('',(44.930250489862,43.554239465722,
    48.036257240092));
#6131 = DIRECTION('',(-0.836516303738,-0.224143868042,0.5));
#6132 = DIRECTION('',(0.482962913145,0.129409522551,0.866025403784));
#6133 = DEFINITIONAL_REPRESENTATION('',(#6134),#6138);
#6134 = LINE('',#6135,#6136);
#6135 = CARTESIAN_POINT('',(-4.440892098501E-16,-17.65));
#6136 = VECTOR('',#6137,1.);
#6137 = DIRECTION('',(1.,1.815033637411E-17));
#6138 = ( GEOMETRIC_REPRESENTATION_CONTEXT(2) 
PARAMETRIC_REPRESENTATION_CONTEXT() REPRESENTATION_CONTEXT('2D SPACE',''
  ) );
#6139 = FACE_BOUND('',#6140,.F.);
#6140 = EDGE_LOOP('',(#6141));
#6141 = ORIENTED_EDGE('',*,*,#5913,.T.);
#6142 = ADVANCED_FACE('',(#6143),#6074,.T.);
#6143 = FACE_BOUND('',#6144,.T.);
#6144 = EDGE_LOOP('',(#6145,#6170,#6191,#6192));
#6145 = ORIENTED_EDGE('',*,*,#6146,.T.);
#6146 = EDGE_CURVE('',#6147,#6149,#6151,.T.);
#6147 = VERTEX_POINT('',#6148);
#6148 = CARTESIAN_POINT('',(45.578006458613,28.19866244829,
    48.036257240092));
#6149 = VERTEX_POINT('',#6150);
#6150 = CARTESIAN_POINT('',(43.96074160472,27.765317636742,
    50.936257240092));
#6151 = SURFACE_CURVE('',#6152,(#6156,#6163),.PCURVE_S1.);
#6152 = LINE('',#6153,#6154);
#6153 = CARTESIAN_POINT('',(47.222583073931,28.639325424255,
    45.087283129302));
#6154 = VECTOR('',#6155,1.);
#6155 = DIRECTION('',(-0.482962913145,-0.129409522551,0.866025403784));
#6156 = PCURVE('',#6074,#6157);
#6157 = DEFINITIONAL_REPRESENTATION('',(#6158),#6162);
#6158 = LINE('',#6159,#6160);
#6159 = CARTESIAN_POINT('',(6.753813554695,-15.));
#6160 = VECTOR('',#6161,1.);
#6161 = DIRECTION('',(-1.,-9.605239241518E-18));
#6162 = ( GEOMETRIC_REPRESENTATION_CONTEXT(2) 
PARAMETRIC_REPRESENTATION_CONTEXT() REPRESENTATION_CONTEXT('2D SPACE',''
  ) );
#6163 = PCURVE('',#45,#6164);
#6164 = DEFINITIONAL_REPRESENTATION('',(#6165),#6169);
#6165 = LINE('',#6166,#6167);
#6166 = CARTESIAN_POINT('',(16.088415433877,17.087283129302));
#6167 = VECTOR('',#6168,1.);
#6168 = DIRECTION('',(-0.5,0.866025403784));
#6169 = ( GEOMETRIC_REPRESENTATION_CONTEXT(2) 
PARAMETRIC_REPRESENTATION_CONTEXT() REPRESENTATION_CONTEXT('2D SPACE',''
  ) );
#6170 = ORIENTED_EDGE('',*,*,#6171,.T.);
#6171 = EDGE_CURVE('',#6149,#6031,#6172,.T.);
#6172 = SURFACE_CURVE('',#6173,(#6177,#6184),.PCURVE_S1.);
#6173 = LINE('',#6174,#6175);
#6174 = CARTESIAN_POINT('',(40.078455928182,42.254205031078,
    50.936257240092));
#6175 = VECTOR('',#6176,1.);
#6176 = DIRECTION('',(0.258819045103,-0.965925826289,1.072393092426E-16)
  );
#6177 = PCURVE('',#6074,#6178);
#6178 = DEFINITIONAL_REPRESENTATION('',(#6179),#6183);
#6179 = LINE('',#6180,#6181);
#6180 = CARTESIAN_POINT('',(0.,0.));
#6181 = VECTOR('',#6182,1.);
#6182 = DIRECTION('',(-2.244279808911E-17,-1.));
#6183 = ( GEOMETRIC_REPRESENTATION_CONTEXT(2) 
PARAMETRIC_REPRESENTATION_CONTEXT() REPRESENTATION_CONTEXT('2D SPACE',''
  ) );
#6184 = PCURVE('',#6046,#6185);
#6185 = DEFINITIONAL_REPRESENTATION('',(#6186),#6190);
#6186 = LINE('',#6187,#6188);
#6187 = CARTESIAN_POINT('',(3.3486315613,-5.684210336172E-15));
#6188 = VECTOR('',#6189,1.);
#6189 = DIRECTION('',(1.594235490686E-18,-1.));
#6190 = ( GEOMETRIC_REPRESENTATION_CONTEXT(2) 
PARAMETRIC_REPRESENTATION_CONTEXT() REPRESENTATION_CONTEXT('2D SPACE',''
  ) );
#6191 = ORIENTED_EDGE('',*,*,#6058,.T.);
#6192 = ORIENTED_EDGE('',*,*,#6193,.F.);
#6193 = EDGE_CURVE('',#6147,#6059,#6194,.T.);
#6194 = SURFACE_CURVE('',#6195,(#6199,#6206),.PCURVE_S1.);
#6195 = LINE('',#6196,#6197);
#6196 = CARTESIAN_POINT('',(41.695720782076,42.687549842626,
    48.036257240092));
#6197 = VECTOR('',#6198,1.);
#6198 = DIRECTION('',(0.258819045103,-0.965925826289,1.072393092426E-16)
  );
#6199 = PCURVE('',#6074,#6200);
#6200 = DEFINITIONAL_REPRESENTATION('',(#6201),#6205);
#6201 = LINE('',#6202,#6203);
#6202 = CARTESIAN_POINT('',(3.3486315613,6.306198329779E-15));
#6203 = VECTOR('',#6204,1.);
#6204 = DIRECTION('',(-2.244279808911E-17,-1.));
#6205 = ( GEOMETRIC_REPRESENTATION_CONTEXT(2) 
PARAMETRIC_REPRESENTATION_CONTEXT() REPRESENTATION_CONTEXT('2D SPACE',''
  ) );
#6206 = PCURVE('',#6102,#6207);
#6207 = DEFINITIONAL_REPRESENTATION('',(#6208),#6212);
#6208 = LINE('',#6209,#6210);
#6209 = CARTESIAN_POINT('',(0.,0.));
#6210 = VECTOR('',#6211,1.);
#6211 = DIRECTION('',(-7.419086383761E-32,-1.));
#6212 = ( GEOMETRIC_REPRESENTATION_CONTEXT(2) 
PARAMETRIC_REPRESENTATION_CONTEXT() REPRESENTATION_CONTEXT('2D SPACE',''
  ) );
#6213 = ADVANCED_FACE('',(#6214),#6046,.T.);
#6214 = FACE_BOUND('',#6215,.T.);
#6215 = EDGE_LOOP('',(#6216,#6239,#6260,#6261));
#6216 = ORIENTED_EDGE('',*,*,#6217,.T.);
#6217 = EDGE_CURVE('',#6149,#6218,#6220,.T.);
#6218 = VERTEX_POINT('',#6219);
#6219 = CARTESIAN_POINT('',(45.578006458613,28.19866244829,
    53.836257240092));
#6220 = SURFACE_CURVE('',#6221,(#6225,#6232),.PCURVE_S1.);
#6221 = LINE('',#6222,#6223);
#6222 = CARTESIAN_POINT('',(38.437938936847,26.285487121929,
    41.033038420812));
#6223 = VECTOR('',#6224,1.);
#6224 = DIRECTION('',(0.482962913145,0.129409522551,0.866025403784));
#6225 = PCURVE('',#6046,#6226);
#6226 = DEFINITIONAL_REPRESENTATION('',(#6227),#6231);
#6227 = LINE('',#6228,#6229);
#6228 = CARTESIAN_POINT('',(14.783883663609,-15.));
#6229 = VECTOR('',#6230,1.);
#6230 = DIRECTION('',(-1.,1.815033637411E-17));
#6231 = ( GEOMETRIC_REPRESENTATION_CONTEXT(2) 
PARAMETRIC_REPRESENTATION_CONTEXT() REPRESENTATION_CONTEXT('2D SPACE',''
  ) );
#6232 = PCURVE('',#45,#6233);
#6233 = DEFINITIONAL_REPRESENTATION('',(#6234),#6238);
#6234 = LINE('',#6235,#6236);
#6235 = CARTESIAN_POINT('',(6.993882605375,13.033038420812));
#6236 = VECTOR('',#6237,1.);
#6237 = DIRECTION('',(0.5,0.866025403784));
#6238 = ( GEOMETRIC_REPRESENTATION_CONTEXT(2) 
PARAMETRIC_REPRESENTATION_CONTEXT() REPRESENTATION_CONTEXT('2D SPACE',''
  ) );
#6239 = ORIENTED_EDGE('',*,*,#6240,.T.);
#6240 = EDGE_CURVE('',#6218,#6003,#6241,.T.);
#6241 = SURFACE_CURVE('',#6242,(#6246,#6253),.PCURVE_S1.);
#6242 = LINE('',#6243,#6244);
#6243 = CARTESIAN_POINT('',(41.695720782076,42.687549842626,
    53.836257240092));
#6244 = VECTOR('',#6245,1.);
#6245 = DIRECTION('',(0.258819045103,-0.965925826289,1.072393092426E-16)
  );
#6246 = PCURVE('',#6046,#6247);
#6247 = DEFINITIONAL_REPRESENTATION('',(#6248),#6252);
#6248 = LINE('',#6249,#6250);
#6249 = CARTESIAN_POINT('',(-0.,0.));
#6250 = VECTOR('',#6251,1.);
#6251 = DIRECTION('',(1.594235490686E-18,-1.));
#6252 = ( GEOMETRIC_REPRESENTATION_CONTEXT(2) 
PARAMETRIC_REPRESENTATION_CONTEXT() REPRESENTATION_CONTEXT('2D SPACE',''
  ) );
#6253 = PCURVE('',#6018,#6254);
#6254 = DEFINITIONAL_REPRESENTATION('',(#6255),#6259);
#6255 = LINE('',#6256,#6257);
#6256 = CARTESIAN_POINT('',(3.3486315613,5.440092820663E-15));
#6257 = VECTOR('',#6258,1.);
#6258 = DIRECTION('',(1.730336309634E-32,-1.));
#6259 = ( GEOMETRIC_REPRESENTATION_CONTEXT(2) 
PARAMETRIC_REPRESENTATION_CONTEXT() REPRESENTATION_CONTEXT('2D SPACE',''
  ) );
#6260 = ORIENTED_EDGE('',*,*,#6030,.T.);
#6261 = ORIENTED_EDGE('',*,*,#6171,.F.);
#6262 = ADVANCED_FACE('',(#6263),#6102,.T.);
#6263 = FACE_BOUND('',#6264,.T.);
#6264 = EDGE_LOOP('',(#6265,#6288,#6289,#6290));
#6265 = ORIENTED_EDGE('',*,*,#6266,.T.);
#6266 = EDGE_CURVE('',#6267,#6147,#6269,.T.);
#6267 = VERTEX_POINT('',#6268);
#6268 = CARTESIAN_POINT('',(48.8125361664,29.065352071386,
    48.036257240092));
#6269 = SURFACE_CURVE('',#6270,(#6274,#6281),.PCURVE_S1.);
#6270 = LINE('',#6271,#6272);
#6271 = CARTESIAN_POINT('',(38.630186780447,26.336999776368,
    48.036257240092));
#6272 = VECTOR('',#6273,1.);
#6273 = DIRECTION('',(-0.965925826289,-0.258819045103,6.9182526782E-16)
  );
#6274 = PCURVE('',#6102,#6275);
#6275 = DEFINITIONAL_REPRESENTATION('',(#6276),#6280);
#6276 = LINE('',#6277,#6278);
#6277 = CARTESIAN_POINT('',(-7.19291221859,-15.));
#6278 = VECTOR('',#6279,1.);
#6279 = DIRECTION('',(-1.,-7.419086383761E-32));
#6280 = ( GEOMETRIC_REPRESENTATION_CONTEXT(2) 
PARAMETRIC_REPRESENTATION_CONTEXT() REPRESENTATION_CONTEXT('2D SPACE',''
  ) );
#6281 = PCURVE('',#45,#6282);
#6282 = DEFINITIONAL_REPRESENTATION('',(#6283),#6287);
#6283 = LINE('',#6284,#6285);
#6284 = CARTESIAN_POINT('',(7.19291221859,20.036257240092));
#6285 = VECTOR('',#6286,1.);
#6286 = DIRECTION('',(-1.,6.630905815116E-16));
#6287 = ( GEOMETRIC_REPRESENTATION_CONTEXT(2) 
PARAMETRIC_REPRESENTATION_CONTEXT() REPRESENTATION_CONTEXT('2D SPACE',''
  ) );
#6288 = ORIENTED_EDGE('',*,*,#6193,.T.);
#6289 = ORIENTED_EDGE('',*,*,#6086,.T.);
#6290 = ORIENTED_EDGE('',*,*,#6291,.F.);
#6291 = EDGE_CURVE('',#6267,#6087,#6292,.T.);
#6292 = SURFACE_CURVE('',#6293,(#6297,#6304),.PCURVE_S1.);
#6293 = LINE('',#6294,#6295);
#6294 = CARTESIAN_POINT('',(44.930250489862,43.554239465722,
    48.036257240092));
#6295 = VECTOR('',#6296,1.);
#6296 = DIRECTION('',(0.258819045103,-0.965925826289,1.072393092426E-16)
  );
#6297 = PCURVE('',#6102,#6298);
#6298 = DEFINITIONAL_REPRESENTATION('',(#6299),#6303);
#6299 = LINE('',#6300,#6301);
#6300 = CARTESIAN_POINT('',(3.3486315613,-3.663735981263E-15));
#6301 = VECTOR('',#6302,1.);
#6302 = DIRECTION('',(-7.419086383761E-32,-1.));
#6303 = ( GEOMETRIC_REPRESENTATION_CONTEXT(2) 
PARAMETRIC_REPRESENTATION_CONTEXT() REPRESENTATION_CONTEXT('2D SPACE',''
  ) );
#6304 = PCURVE('',#6128,#6305);
#6305 = DEFINITIONAL_REPRESENTATION('',(#6306),#6310);
#6306 = LINE('',#6307,#6308);
#6307 = CARTESIAN_POINT('',(0.,0.));
#6308 = VECTOR('',#6309,1.);
#6309 = DIRECTION('',(-1.594235490686E-18,-1.));
#6310 = ( GEOMETRIC_REPRESENTATION_CONTEXT(2) 
PARAMETRIC_REPRESENTATION_CONTEXT() REPRESENTATION_CONTEXT('2D SPACE',''
  ) );
#6311 = ADVANCED_FACE('',(#6312),#6018,.T.);
#6312 = FACE_BOUND('',#6313,.T.);
#6313 = EDGE_LOOP('',(#6314,#6337,#6358,#6359));
#6314 = ORIENTED_EDGE('',*,*,#6315,.T.);
#6315 = EDGE_CURVE('',#6218,#6316,#6318,.T.);
#6316 = VERTEX_POINT('',#6317);
#6317 = CARTESIAN_POINT('',(48.8125361664,29.065352071386,
    53.836257240092));
#6318 = SURFACE_CURVE('',#6319,(#6323,#6330),.PCURVE_S1.);
#6319 = LINE('',#6320,#6321);
#6320 = CARTESIAN_POINT('',(40.247451634341,26.770344587916,
    53.836257240092));
#6321 = VECTOR('',#6322,1.);
#6322 = DIRECTION('',(0.965925826289,0.258819045103,-1.613528026107E-16)
  );
#6323 = PCURVE('',#6018,#6324);
#6324 = DEFINITIONAL_REPRESENTATION('',(#6325),#6329);
#6325 = LINE('',#6326,#6327);
#6326 = CARTESIAN_POINT('',(8.86722799924,-15.));
#6327 = VECTOR('',#6328,1.);
#6328 = DIRECTION('',(-1.,1.730336309634E-32));
#6329 = ( GEOMETRIC_REPRESENTATION_CONTEXT(2) 
PARAMETRIC_REPRESENTATION_CONTEXT() REPRESENTATION_CONTEXT('2D SPACE',''
  ) );
#6330 = PCURVE('',#45,#6331);
#6331 = DEFINITIONAL_REPRESENTATION('',(#6332),#6336);
#6332 = LINE('',#6333,#6334);
#6333 = CARTESIAN_POINT('',(8.86722799924,25.836257240092));
#6334 = VECTOR('',#6335,1.);
#6335 = DIRECTION('',(1.,-1.326181163023E-16));
#6336 = ( GEOMETRIC_REPRESENTATION_CONTEXT(2) 
PARAMETRIC_REPRESENTATION_CONTEXT() REPRESENTATION_CONTEXT('2D SPACE',''
  ) );
#6337 = ORIENTED_EDGE('',*,*,#6338,.T.);
#6338 = EDGE_CURVE('',#6316,#5975,#6339,.T.);
#6339 = SURFACE_CURVE('',#6340,(#6344,#6351),.PCURVE_S1.);
#6340 = LINE('',#6341,#6342);
#6341 = CARTESIAN_POINT('',(44.930250489862,43.554239465722,
    53.836257240092));
#6342 = VECTOR('',#6343,1.);
#6343 = DIRECTION('',(0.258819045103,-0.965925826289,1.072393092426E-16)
  );
#6344 = PCURVE('',#6018,#6345);
#6345 = DEFINITIONAL_REPRESENTATION('',(#6346),#6350);
#6346 = LINE('',#6347,#6348);
#6347 = CARTESIAN_POINT('',(0.,0.));
#6348 = VECTOR('',#6349,1.);
#6349 = DIRECTION('',(1.730336309634E-32,-1.));
#6350 = ( GEOMETRIC_REPRESENTATION_CONTEXT(2) 
PARAMETRIC_REPRESENTATION_CONTEXT() REPRESENTATION_CONTEXT('2D SPACE',''
  ) );
#6351 = PCURVE('',#5990,#6352);
#6352 = DEFINITIONAL_REPRESENTATION('',(#6353),#6357);
#6353 = LINE('',#6354,#6355);
#6354 = CARTESIAN_POINT('',(3.3486315613,-4.474330339148E-15));
#6355 = VECTOR('',#6356,1.);
#6356 = DIRECTION('',(2.244279808911E-17,-1.));
#6357 = ( GEOMETRIC_REPRESENTATION_CONTEXT(2) 
PARAMETRIC_REPRESENTATION_CONTEXT() REPRESENTATION_CONTEXT('2D SPACE',''
  ) );
#6358 = ORIENTED_EDGE('',*,*,#6002,.T.);
#6359 = ORIENTED_EDGE('',*,*,#6240,.F.);
#6360 = ADVANCED_FACE('',(#6361),#6128,.T.);
#6361 = FACE_BOUND('',#6362,.T.);
#6362 = EDGE_LOOP('',(#6363,#6386,#6387,#6388));
#6363 = ORIENTED_EDGE('',*,*,#6364,.T.);
#6364 = EDGE_CURVE('',#6365,#6267,#6367,.T.);
#6365 = VERTEX_POINT('',#6366);
#6366 = CARTESIAN_POINT('',(50.429801020293,29.498696882934,
    50.936257240092));
#6367 = SURFACE_CURVE('',#6368,(#6372,#6379),.PCURVE_S1.);
#6368 = LINE('',#6369,#6370);
#6369 = CARTESIAN_POINT('',(42.481101071579,27.368849150799,
    36.683038420812));
#6370 = VECTOR('',#6371,1.);
#6371 = DIRECTION('',(-0.482962913145,-0.129409522551,-0.866025403784));
#6372 = PCURVE('',#6128,#6373);
#6373 = DEFINITIONAL_REPRESENTATION('',(#6374),#6378);
#6374 = LINE('',#6375,#6376);
#6375 = CARTESIAN_POINT('',(-13.10956788295,-15.));
#6376 = VECTOR('',#6377,1.);
#6377 = DIRECTION('',(-1.,-1.815033637411E-17));
#6378 = ( GEOMETRIC_REPRESENTATION_CONTEXT(2) 
PARAMETRIC_REPRESENTATION_CONTEXT() REPRESENTATION_CONTEXT('2D SPACE',''
  ) );
#6379 = PCURVE('',#45,#6380);
#6380 = DEFINITIONAL_REPRESENTATION('',(#6381),#6385);
#6381 = LINE('',#6382,#6383);
#6382 = CARTESIAN_POINT('',(11.179672056999,8.683038420812));
#6383 = VECTOR('',#6384,1.);
#6384 = DIRECTION('',(-0.5,-0.866025403784));
#6385 = ( GEOMETRIC_REPRESENTATION_CONTEXT(2) 
PARAMETRIC_REPRESENTATION_CONTEXT() REPRESENTATION_CONTEXT('2D SPACE',''
  ) );
#6386 = ORIENTED_EDGE('',*,*,#6291,.T.);
#6387 = ORIENTED_EDGE('',*,*,#6114,.T.);
#6388 = ORIENTED_EDGE('',*,*,#6389,.F.);
#6389 = EDGE_CURVE('',#6365,#5973,#6390,.T.);
#6390 = SURFACE_CURVE('',#6391,(#6395,#6402),.PCURVE_S1.);
#6391 = LINE('',#6392,#6393);
#6392 = CARTESIAN_POINT('',(46.547515343755,43.98758427727,
    50.936257240092));
#6393 = VECTOR('',#6394,1.);
#6394 = DIRECTION('',(0.258819045103,-0.965925826289,1.072393092426E-16)
  );
#6395 = PCURVE('',#6128,#6396);
#6396 = DEFINITIONAL_REPRESENTATION('',(#6397),#6401);
#6397 = LINE('',#6398,#6399);
#6398 = CARTESIAN_POINT('',(3.3486315613,3.852342345541E-15));
#6399 = VECTOR('',#6400,1.);
#6400 = DIRECTION('',(-1.594235490686E-18,-1.));
#6401 = ( GEOMETRIC_REPRESENTATION_CONTEXT(2) 
PARAMETRIC_REPRESENTATION_CONTEXT() REPRESENTATION_CONTEXT('2D SPACE',''
  ) );
#6402 = PCURVE('',#5990,#6403);
#6403 = DEFINITIONAL_REPRESENTATION('',(#6404),#6408);
#6404 = LINE('',#6405,#6406);
#6405 = CARTESIAN_POINT('',(0.,0.));
#6406 = VECTOR('',#6407,1.);
#6407 = DIRECTION('',(2.244279808911E-17,-1.));
#6408 = ( GEOMETRIC_REPRESENTATION_CONTEXT(2) 
PARAMETRIC_REPRESENTATION_CONTEXT() REPRESENTATION_CONTEXT('2D SPACE',''
  ) );
#6409 = ADVANCED_FACE('',(#6410),#5990,.T.);
#6410 = FACE_BOUND('',#6411,.T.);
#6411 = EDGE_LOOP('',(#6412,#6433,#6434,#6435));
#6412 = ORIENTED_EDGE('',*,*,#6413,.T.);
#6413 = EDGE_CURVE('',#6316,#6365,#6414,.T.);
#6414 = SURFACE_CURVE('',#6415,(#6419,#6426),.PCURVE_S1.);
#6415 = LINE('',#6416,#6417);
#6416 = CARTESIAN_POINT('',(52.883010062557,30.156032264673,
    46.537283129302));
#6417 = VECTOR('',#6418,1.);
#6418 = DIRECTION('',(0.482962913145,0.129409522551,-0.866025403784));
#6419 = PCURVE('',#5990,#6420);
#6420 = DEFINITIONAL_REPRESENTATION('',(#6421),#6425);
#6421 = LINE('',#6422,#6423);
#6422 = CARTESIAN_POINT('',(-5.079497774045,-15.));
#6423 = VECTOR('',#6424,1.);
#6424 = DIRECTION('',(-1.,9.605239241518E-18));
#6425 = ( GEOMETRIC_REPRESENTATION_CONTEXT(2) 
PARAMETRIC_REPRESENTATION_CONTEXT() REPRESENTATION_CONTEXT('2D SPACE',''
  ) );
#6426 = PCURVE('',#45,#6427);
#6427 = DEFINITIONAL_REPRESENTATION('',(#6428),#6432);
#6428 = LINE('',#6429,#6430);
#6429 = CARTESIAN_POINT('',(21.948520666152,18.537283129302));
#6430 = VECTOR('',#6431,1.);
#6431 = DIRECTION('',(0.5,-0.866025403784));
#6432 = ( GEOMETRIC_REPRESENTATION_CONTEXT(2) 
PARAMETRIC_REPRESENTATION_CONTEXT() REPRESENTATION_CONTEXT('2D SPACE',''
  ) );
#6433 = ORIENTED_EDGE('',*,*,#6389,.T.);
#6434 = ORIENTED_EDGE('',*,*,#5972,.T.);
#6435 = ORIENTED_EDGE('',*,*,#6338,.F.);
#6436 = ADVANCED_FACE('',(#6437),#5863,.F.);
#6437 = FACE_BOUND('',#6438,.T.);
#6438 = EDGE_LOOP('',(#6439,#6472,#6493,#6494));
#6439 = ORIENTED_EDGE('',*,*,#6440,.T.);
#6440 = EDGE_CURVE('',#6441,#6441,#6443,.T.);
#6441 = VERTEX_POINT('',#6442);
#6442 = CARTESIAN_POINT('',(6.964388340401,15.108692778584,28.));
#6443 = SURFACE_CURVE('',#6444,(#6449,#6456),.PCURVE_S1.);
#6444 = CIRCLE('',#6445,1.7);
#6445 = AXIS2_PLACEMENT_3D('',#6446,#6447,#6448);
#6446 = CARTESIAN_POINT('',(5.322314435709,14.66870040191,28.));
#6447 = DIRECTION('',(-0.258819045103,0.965925826289,-1.072393092426E-16
    ));
#6448 = DIRECTION('',(0.965925826289,0.258819045103,-2.873468630843E-17)
  );
#6449 = PCURVE('',#5863,#6450);
#6450 = DEFINITIONAL_REPRESENTATION('',(#6451),#6455);
#6451 = LINE('',#6452,#6453);
#6452 = CARTESIAN_POINT('',(-6.28318530718,-17.65));
#6453 = VECTOR('',#6454,1.);
#6454 = DIRECTION('',(1.,-0.));
#6455 = ( GEOMETRIC_REPRESENTATION_CONTEXT(2) 
PARAMETRIC_REPRESENTATION_CONTEXT() REPRESENTATION_CONTEXT('2D SPACE',''
  ) );
#6456 = PCURVE('',#6457,#6462);
#6457 = PLANE('',#6458);
#6458 = AXIS2_PLACEMENT_3D('',#6459,#6460,#6461);
#6459 = CARTESIAN_POINT('',(5.322314435709,14.66870040191,28.));
#6460 = DIRECTION('',(0.258819045103,-0.965925826289,1.072393092426E-16)
  );
#6461 = DIRECTION('',(0.965925826289,0.258819045103,-2.873468630843E-17)
  );
#6462 = DEFINITIONAL_REPRESENTATION('',(#6463),#6471);
#6463 = ( BOUNDED_CURVE() B_SPLINE_CURVE(2,(#6464,#6465,#6466,#6467,
#6468,#6469,#6470),.UNSPECIFIED.,.T.,.F.) B_SPLINE_CURVE_WITH_KNOTS((1,2
    ,2,2,2,1),(-2.094395102393,0.,2.094395102393,4.188790204786,
6.28318530718,8.377580409573),.UNSPECIFIED.) CURVE() 
GEOMETRIC_REPRESENTATION_ITEM() RATIONAL_B_SPLINE_CURVE((1.,0.5,1.,0.5,
1.,0.5,1.)) REPRESENTATION_ITEM('') );
#6464 = CARTESIAN_POINT('',(1.7,0.));
#6465 = CARTESIAN_POINT('',(1.7,-2.944486372867));
#6466 = CARTESIAN_POINT('',(-0.85,-1.472243186434));
#6467 = CARTESIAN_POINT('',(-3.4,-4.163799117101E-16));
#6468 = CARTESIAN_POINT('',(-0.85,1.472243186434));
#6469 = CARTESIAN_POINT('',(1.7,2.944486372867));
#6470 = CARTESIAN_POINT('',(1.7,0.));
#6471 = ( GEOMETRIC_REPRESENTATION_CONTEXT(2) 
PARAMETRIC_REPRESENTATION_CONTEXT() REPRESENTATION_CONTEXT('2D SPACE',''
  ) );
#6472 = ORIENTED_EDGE('',*,*,#6473,.T.);
#6473 = EDGE_CURVE('',#6441,#5843,#6474,.T.);
#6474 = SEAM_CURVE('',#6475,(#6479,#6486),.PCURVE_S1.);
#6475 = LINE('',#6476,#6477);
#6476 = CARTESIAN_POINT('',(2.396232194341,32.157283612586,28.));
#6477 = VECTOR('',#6478,1.);
#6478 = DIRECTION('',(0.258819045103,-0.965925826289,1.072393092426E-16)
  );
#6479 = PCURVE('',#5863,#6480);
#6480 = DEFINITIONAL_REPRESENTATION('',(#6481),#6485);
#6481 = LINE('',#6482,#6483);
#6482 = CARTESIAN_POINT('',(-6.28318530718,0.));
#6483 = VECTOR('',#6484,1.);
#6484 = DIRECTION('',(-0.,-1.));
#6485 = ( GEOMETRIC_REPRESENTATION_CONTEXT(2) 
PARAMETRIC_REPRESENTATION_CONTEXT() REPRESENTATION_CONTEXT('2D SPACE',''
  ) );
#6486 = PCURVE('',#5863,#6487);
#6487 = DEFINITIONAL_REPRESENTATION('',(#6488),#6492);
#6488 = LINE('',#6489,#6490);
#6489 = CARTESIAN_POINT('',(-0.,0.));
#6490 = VECTOR('',#6491,1.);
#6491 = DIRECTION('',(-0.,-1.));
#6492 = ( GEOMETRIC_REPRESENTATION_CONTEXT(2) 
PARAMETRIC_REPRESENTATION_CONTEXT() REPRESENTATION_CONTEXT('2D SPACE',''
  ) );
#6493 = ORIENTED_EDGE('',*,*,#5842,.F.);
#6494 = ORIENTED_EDGE('',*,*,#6473,.F.);
#6495 = ADVANCED_FACE('',(#6496,#6666),#6457,.F.);
#6496 = FACE_BOUND('',#6497,.F.);
#6497 = EDGE_LOOP('',(#6498,#6528,#6556,#6584,#6612,#6640));
#6498 = ORIENTED_EDGE('',*,*,#6499,.T.);
#6499 = EDGE_CURVE('',#6500,#6502,#6504,.T.);
#6500 = VERTEX_POINT('',#6501);
#6501 = CARTESIAN_POINT('',(8.556844143495,15.535390025006,28.));
#6502 = VERTEX_POINT('',#6503);
#6503 = CARTESIAN_POINT('',(6.939579289602,15.102045213458,30.9));
#6504 = SURFACE_CURVE('',#6505,(#6509,#6516),.PCURVE_S1.);
#6505 = LINE('',#6506,#6507);
#6506 = CARTESIAN_POINT('',(8.556844143495,15.535390025006,28.));
#6507 = VECTOR('',#6508,1.);
#6508 = DIRECTION('',(-0.482962913145,-0.129409522551,0.866025403784));
#6509 = PCURVE('',#6457,#6510);
#6510 = DEFINITIONAL_REPRESENTATION('',(#6511),#6515);
#6511 = LINE('',#6512,#6513);
#6512 = CARTESIAN_POINT('',(3.3486315613,9.622187747646E-17));
#6513 = VECTOR('',#6514,1.);
#6514 = DIRECTION('',(-0.5,0.866025403784));
#6515 = ( GEOMETRIC_REPRESENTATION_CONTEXT(2) 
PARAMETRIC_REPRESENTATION_CONTEXT() REPRESENTATION_CONTEXT('2D SPACE',''
  ) );
#6516 = PCURVE('',#6517,#6522);
#6517 = PLANE('',#6518);
#6518 = AXIS2_PLACEMENT_3D('',#6519,#6520,#6521);
#6519 = CARTESIAN_POINT('',(3.988687997436,32.583980859008,28.));
#6520 = DIRECTION('',(-0.836516303738,-0.224143868042,-0.5));
#6521 = DIRECTION('',(-0.482962913145,-0.129409522551,0.866025403784));
#6522 = DEFINITIONAL_REPRESENTATION('',(#6523),#6527);
#6523 = LINE('',#6524,#6525);
#6524 = CARTESIAN_POINT('',(6.153480596427E-15,-17.65));
#6525 = VECTOR('',#6526,1.);
#6526 = DIRECTION('',(1.,-9.605239241518E-18));
#6527 = ( GEOMETRIC_REPRESENTATION_CONTEXT(2) 
PARAMETRIC_REPRESENTATION_CONTEXT() REPRESENTATION_CONTEXT('2D SPACE',''
  ) );
#6528 = ORIENTED_EDGE('',*,*,#6529,.T.);
#6529 = EDGE_CURVE('',#6502,#6530,#6532,.T.);
#6530 = VERTEX_POINT('',#6531);
#6531 = CARTESIAN_POINT('',(3.705049581816,14.235355590362,30.9));
#6532 = SURFACE_CURVE('',#6533,(#6537,#6544),.PCURVE_S1.);
#6533 = LINE('',#6534,#6535);
#6534 = CARTESIAN_POINT('',(6.939579289602,15.102045213458,30.9));
#6535 = VECTOR('',#6536,1.);
#6536 = DIRECTION('',(-0.965925826289,-0.258819045103,1.613528026107E-16
    ));
#6537 = PCURVE('',#6457,#6538);
#6538 = DEFINITIONAL_REPRESENTATION('',(#6539),#6543);
#6539 = LINE('',#6540,#6541);
#6540 = CARTESIAN_POINT('',(1.67431578065,2.9));
#6541 = VECTOR('',#6542,1.);
#6542 = DIRECTION('',(-1.,1.326181163023E-16));
#6543 = ( GEOMETRIC_REPRESENTATION_CONTEXT(2) 
PARAMETRIC_REPRESENTATION_CONTEXT() REPRESENTATION_CONTEXT('2D SPACE',''
  ) );
#6544 = PCURVE('',#6545,#6550);
#6545 = PLANE('',#6546);
#6546 = AXIS2_PLACEMENT_3D('',#6547,#6548,#6549);
#6547 = CARTESIAN_POINT('',(2.371423143543,32.15063604746,30.9));
#6548 = DIRECTION('',(-1.280992635702E-16,-1.453463966872E-16,-1.));
#6549 = DIRECTION('',(-0.965925826289,-0.258819045103,1.613528026107E-16
    ));
#6550 = DEFINITIONAL_REPRESENTATION('',(#6551),#6555);
#6551 = LINE('',#6552,#6553);
#6552 = CARTESIAN_POINT('',(1.15463194561E-14,-17.65));
#6553 = VECTOR('',#6554,1.);
#6554 = DIRECTION('',(1.,-1.730336309634E-32));
#6555 = ( GEOMETRIC_REPRESENTATION_CONTEXT(2) 
PARAMETRIC_REPRESENTATION_CONTEXT() REPRESENTATION_CONTEXT('2D SPACE',''
  ) );
#6556 = ORIENTED_EDGE('',*,*,#6557,.T.);
#6557 = EDGE_CURVE('',#6530,#6558,#6560,.T.);
#6558 = VERTEX_POINT('',#6559);
#6559 = CARTESIAN_POINT('',(2.087784727923,13.802010778814,28.));
#6560 = SURFACE_CURVE('',#6561,(#6565,#6572),.PCURVE_S1.);
#6561 = LINE('',#6562,#6563);
#6562 = CARTESIAN_POINT('',(3.705049581816,14.235355590362,30.9));
#6563 = VECTOR('',#6564,1.);
#6564 = DIRECTION('',(-0.482962913145,-0.129409522551,-0.866025403784));
#6565 = PCURVE('',#6457,#6566);
#6566 = DEFINITIONAL_REPRESENTATION('',(#6567),#6571);
#6567 = LINE('',#6568,#6569);
#6568 = CARTESIAN_POINT('',(-1.67431578065,2.9));
#6569 = VECTOR('',#6570,1.);
#6570 = DIRECTION('',(-0.5,-0.866025403784));
#6571 = ( GEOMETRIC_REPRESENTATION_CONTEXT(2) 
PARAMETRIC_REPRESENTATION_CONTEXT() REPRESENTATION_CONTEXT('2D SPACE',''
  ) );
#6572 = PCURVE('',#6573,#6578);
#6573 = PLANE('',#6574);
#6574 = AXIS2_PLACEMENT_3D('',#6575,#6576,#6577);
#6575 = CARTESIAN_POINT('',(-0.863106564243,31.283946424364,30.9));
#6576 = DIRECTION('',(0.836516303738,0.224143868042,-0.5));
#6577 = DIRECTION('',(-0.482962913145,-0.129409522551,-0.866025403784));
#6578 = DEFINITIONAL_REPRESENTATION('',(#6579),#6583);
#6579 = LINE('',#6580,#6581);
#6580 = CARTESIAN_POINT('',(5.297186347464E-15,-17.65));
#6581 = VECTOR('',#6582,1.);
#6582 = DIRECTION('',(1.,-1.815033637411E-17));
#6583 = ( GEOMETRIC_REPRESENTATION_CONTEXT(2) 
PARAMETRIC_REPRESENTATION_CONTEXT() REPRESENTATION_CONTEXT('2D SPACE',''
  ) );
#6584 = ORIENTED_EDGE('',*,*,#6585,.T.);
#6585 = EDGE_CURVE('',#6558,#6586,#6588,.T.);
#6586 = VERTEX_POINT('',#6587);
#6587 = CARTESIAN_POINT('',(3.705049581816,14.235355590362,25.1));
#6588 = SURFACE_CURVE('',#6589,(#6593,#6600),.PCURVE_S1.);
#6589 = LINE('',#6590,#6591);
#6590 = CARTESIAN_POINT('',(2.087784727923,13.802010778814,28.));
#6591 = VECTOR('',#6592,1.);
#6592 = DIRECTION('',(0.482962913145,0.129409522551,-0.866025403784));
#6593 = PCURVE('',#6457,#6594);
#6594 = DEFINITIONAL_REPRESENTATION('',(#6595),#6599);
#6595 = LINE('',#6596,#6597);
#6596 = CARTESIAN_POINT('',(-3.3486315613,-9.622187747646E-17));
#6597 = VECTOR('',#6598,1.);
#6598 = DIRECTION('',(0.5,-0.866025403784));
#6599 = ( GEOMETRIC_REPRESENTATION_CONTEXT(2) 
PARAMETRIC_REPRESENTATION_CONTEXT() REPRESENTATION_CONTEXT('2D SPACE',''
  ) );
#6600 = PCURVE('',#6601,#6606);
#6601 = PLANE('',#6602);
#6602 = AXIS2_PLACEMENT_3D('',#6603,#6604,#6605);
#6603 = CARTESIAN_POINT('',(-2.480371418136,30.850601612816,28.));
#6604 = DIRECTION('',(0.836516303738,0.224143868042,0.5));
#6605 = DIRECTION('',(0.482962913145,0.129409522551,-0.866025403784));
#6606 = DEFINITIONAL_REPRESENTATION('',(#6607),#6611);
#6607 = LINE('',#6608,#6609);
#6608 = CARTESIAN_POINT('',(2.6645352591E-15,-17.65));
#6609 = VECTOR('',#6610,1.);
#6610 = DIRECTION('',(1.,9.605239241518E-18));
#6611 = ( GEOMETRIC_REPRESENTATION_CONTEXT(2) 
PARAMETRIC_REPRESENTATION_CONTEXT() REPRESENTATION_CONTEXT('2D SPACE',''
  ) );
#6612 = ORIENTED_EDGE('',*,*,#6613,.T.);
#6613 = EDGE_CURVE('',#6586,#6614,#6616,.T.);
#6614 = VERTEX_POINT('',#6615);
#6615 = CARTESIAN_POINT('',(6.939579289602,15.102045213458,25.1));
#6616 = SURFACE_CURVE('',#6617,(#6621,#6628),.PCURVE_S1.);
#6617 = LINE('',#6618,#6619);
#6618 = CARTESIAN_POINT('',(3.705049581816,14.235355590362,25.1));
#6619 = VECTOR('',#6620,1.);
#6620 = DIRECTION('',(0.965925826289,0.258819045103,-6.9182526782E-16));
#6621 = PCURVE('',#6457,#6622);
#6622 = DEFINITIONAL_REPRESENTATION('',(#6623),#6627);
#6623 = LINE('',#6624,#6625);
#6624 = CARTESIAN_POINT('',(-1.67431578065,-2.9));
#6625 = VECTOR('',#6626,1.);
#6626 = DIRECTION('',(1.,-6.630905815116E-16));
#6627 = ( GEOMETRIC_REPRESENTATION_CONTEXT(2) 
PARAMETRIC_REPRESENTATION_CONTEXT() REPRESENTATION_CONTEXT('2D SPACE',''
  ) );
#6628 = PCURVE('',#6629,#6634);
#6629 = PLANE('',#6630);
#6630 = AXIS2_PLACEMENT_3D('',#6631,#6632,#6633);
#6631 = CARTESIAN_POINT('',(-0.863106564243,31.283946424364,25.1));
#6632 = DIRECTION('',(6.404963178511E-16,2.826427735858E-16,1.));
#6633 = DIRECTION('',(0.965925826289,0.258819045103,-6.9182526782E-16));
#6634 = DEFINITIONAL_REPRESENTATION('',(#6635),#6639);
#6635 = LINE('',#6636,#6637);
#6636 = CARTESIAN_POINT('',(2.6645352591E-15,-17.65));
#6637 = VECTOR('',#6638,1.);
#6638 = DIRECTION('',(1.,7.419086383761E-32));
#6639 = ( GEOMETRIC_REPRESENTATION_CONTEXT(2) 
PARAMETRIC_REPRESENTATION_CONTEXT() REPRESENTATION_CONTEXT('2D SPACE',''
  ) );
#6640 = ORIENTED_EDGE('',*,*,#6641,.T.);
#6641 = EDGE_CURVE('',#6614,#6500,#6642,.T.);
#6642 = SURFACE_CURVE('',#6643,(#6647,#6654),.PCURVE_S1.);
#6643 = LINE('',#6644,#6645);
#6644 = CARTESIAN_POINT('',(6.939579289602,15.102045213458,25.1));
#6645 = VECTOR('',#6646,1.);
#6646 = DIRECTION('',(0.482962913145,0.129409522551,0.866025403784));
#6647 = PCURVE('',#6457,#6648);
#6648 = DEFINITIONAL_REPRESENTATION('',(#6649),#6653);
#6649 = LINE('',#6650,#6651);
#6650 = CARTESIAN_POINT('',(1.67431578065,-2.9));
#6651 = VECTOR('',#6652,1.);
#6652 = DIRECTION('',(0.5,0.866025403784));
#6653 = ( GEOMETRIC_REPRESENTATION_CONTEXT(2) 
PARAMETRIC_REPRESENTATION_CONTEXT() REPRESENTATION_CONTEXT('2D SPACE',''
  ) );
#6654 = PCURVE('',#6655,#6660);
#6655 = PLANE('',#6656);
#6656 = AXIS2_PLACEMENT_3D('',#6657,#6658,#6659);
#6657 = CARTESIAN_POINT('',(2.371423143543,32.15063604746,25.1));
#6658 = DIRECTION('',(-0.836516303738,-0.224143868042,0.5));
#6659 = DIRECTION('',(0.482962913145,0.129409522551,0.866025403784));
#6660 = DEFINITIONAL_REPRESENTATION('',(#6661),#6665);
#6661 = LINE('',#6662,#6663);
#6662 = CARTESIAN_POINT('',(3.076740298214E-15,-17.65));
#6663 = VECTOR('',#6664,1.);
#6664 = DIRECTION('',(1.,1.815033637411E-17));
#6665 = ( GEOMETRIC_REPRESENTATION_CONTEXT(2) 
PARAMETRIC_REPRESENTATION_CONTEXT() REPRESENTATION_CONTEXT('2D SPACE',''
  ) );
#6666 = FACE_BOUND('',#6667,.F.);
#6667 = EDGE_LOOP('',(#6668));
#6668 = ORIENTED_EDGE('',*,*,#6440,.T.);
#6669 = ADVANCED_FACE('',(#6670),#6601,.T.);
#6670 = FACE_BOUND('',#6671,.T.);
#6671 = EDGE_LOOP('',(#6672,#6697,#6718,#6719));
#6672 = ORIENTED_EDGE('',*,*,#6673,.T.);
#6673 = EDGE_CURVE('',#6674,#6676,#6678,.T.);
#6674 = VERTEX_POINT('',#6675);
#6675 = CARTESIAN_POINT('',(3.019179112294,16.795059030028,25.1));
#6676 = VERTEX_POINT('',#6677);
#6677 = CARTESIAN_POINT('',(1.401914258401,16.36171421848,28.));
#6678 = SURFACE_CURVE('',#6679,(#6683,#6690),.PCURVE_S1.);
#6679 = LINE('',#6680,#6681);
#6680 = CARTESIAN_POINT('',(5.186970863886,17.375917079226,
    21.212822173509));
#6681 = VECTOR('',#6682,1.);
#6682 = DIRECTION('',(-0.482962913145,-0.129409522551,0.866025403784));
#6683 = PCURVE('',#6601,#6684);
#6684 = DEFINITIONAL_REPRESENTATION('',(#6685),#6689);
#6685 = LINE('',#6686,#6687);
#6686 = CARTESIAN_POINT('',(7.837157890325,-15.));
#6687 = VECTOR('',#6688,1.);
#6688 = DIRECTION('',(-1.,-9.605239241518E-18));
#6689 = ( GEOMETRIC_REPRESENTATION_CONTEXT(2) 
PARAMETRIC_REPRESENTATION_CONTEXT() REPRESENTATION_CONTEXT('2D SPACE',''
  ) );
#6690 = PCURVE('',#45,#6691);
#6691 = DEFINITIONAL_REPRESENTATION('',(#6692),#6696);
#6692 = LINE('',#6693,#6694);
#6693 = CARTESIAN_POINT('',(-27.43005261613,-6.787177826491));
#6694 = VECTOR('',#6695,1.);
#6695 = DIRECTION('',(-0.5,0.866025403784));
#6696 = ( GEOMETRIC_REPRESENTATION_CONTEXT(2) 
PARAMETRIC_REPRESENTATION_CONTEXT() REPRESENTATION_CONTEXT('2D SPACE',''
  ) );
#6697 = ORIENTED_EDGE('',*,*,#6698,.T.);
#6698 = EDGE_CURVE('',#6676,#6558,#6699,.T.);
#6699 = SURFACE_CURVE('',#6700,(#6704,#6711),.PCURVE_S1.);
#6700 = LINE('',#6701,#6702);
#6701 = CARTESIAN_POINT('',(-2.480371418136,30.850601612816,28.));
#6702 = VECTOR('',#6703,1.);
#6703 = DIRECTION('',(0.258819045103,-0.965925826289,1.072393092426E-16)
  );
#6704 = PCURVE('',#6601,#6705);
#6705 = DEFINITIONAL_REPRESENTATION('',(#6706),#6710);
#6706 = LINE('',#6707,#6708);
#6707 = CARTESIAN_POINT('',(0.,0.));
#6708 = VECTOR('',#6709,1.);
#6709 = DIRECTION('',(-2.244279808911E-17,-1.));
#6710 = ( GEOMETRIC_REPRESENTATION_CONTEXT(2) 
PARAMETRIC_REPRESENTATION_CONTEXT() REPRESENTATION_CONTEXT('2D SPACE',''
  ) );
#6711 = PCURVE('',#6573,#6712);
#6712 = DEFINITIONAL_REPRESENTATION('',(#6713),#6717);
#6713 = LINE('',#6714,#6715);
#6714 = CARTESIAN_POINT('',(3.3486315613,-1.886063642777E-16));
#6715 = VECTOR('',#6716,1.);
#6716 = DIRECTION('',(1.594235490686E-18,-1.));
#6717 = ( GEOMETRIC_REPRESENTATION_CONTEXT(2) 
PARAMETRIC_REPRESENTATION_CONTEXT() REPRESENTATION_CONTEXT('2D SPACE',''
  ) );
#6718 = ORIENTED_EDGE('',*,*,#6585,.T.);
#6719 = ORIENTED_EDGE('',*,*,#6720,.F.);
#6720 = EDGE_CURVE('',#6674,#6586,#6721,.T.);
#6721 = SURFACE_CURVE('',#6722,(#6726,#6733),.PCURVE_S1.);
#6722 = LINE('',#6723,#6724);
#6723 = CARTESIAN_POINT('',(-0.863106564243,31.283946424364,25.1));
#6724 = VECTOR('',#6725,1.);
#6725 = DIRECTION('',(0.258819045103,-0.965925826289,1.072393092426E-16)
  );
#6726 = PCURVE('',#6601,#6727);
#6727 = DEFINITIONAL_REPRESENTATION('',(#6728),#6732);
#6728 = LINE('',#6729,#6730);
#6729 = CARTESIAN_POINT('',(3.3486315613,2.420417743591E-15));
#6730 = VECTOR('',#6731,1.);
#6731 = DIRECTION('',(-2.244279808911E-17,-1.));
#6732 = ( GEOMETRIC_REPRESENTATION_CONTEXT(2) 
PARAMETRIC_REPRESENTATION_CONTEXT() REPRESENTATION_CONTEXT('2D SPACE',''
  ) );
#6733 = PCURVE('',#6629,#6734);
#6734 = DEFINITIONAL_REPRESENTATION('',(#6735),#6739);
#6735 = LINE('',#6736,#6737);
#6736 = CARTESIAN_POINT('',(0.,0.));
#6737 = VECTOR('',#6738,1.);
#6738 = DIRECTION('',(-7.419086383761E-32,-1.));
#6739 = ( GEOMETRIC_REPRESENTATION_CONTEXT(2) 
PARAMETRIC_REPRESENTATION_CONTEXT() REPRESENTATION_CONTEXT('2D SPACE',''
  ) );
#6740 = ADVANCED_FACE('',(#6741),#6573,.T.);
#6741 = FACE_BOUND('',#6742,.T.);
#6742 = EDGE_LOOP('',(#6743,#6766,#6787,#6788));
#6743 = ORIENTED_EDGE('',*,*,#6744,.T.);
#6744 = EDGE_CURVE('',#6676,#6745,#6747,.T.);
#6745 = VERTEX_POINT('',#6746);
#6746 = CARTESIAN_POINT('',(3.019179112294,16.795059030028,30.9));
#6747 = SURFACE_CURVE('',#6748,(#6752,#6759),.PCURVE_S1.);
#6748 = LINE('',#6749,#6750);
#6749 = CARTESIAN_POINT('',(5.995603290833,17.592589485,36.237177826491)
  );
#6750 = VECTOR('',#6751,1.);
#6751 = DIRECTION('',(0.482962913145,0.129409522551,0.866025403784));
#6752 = PCURVE('',#6573,#6753);
#6753 = DEFINITIONAL_REPRESENTATION('',(#6754),#6758);
#6754 = LINE('',#6755,#6756);
#6755 = CARTESIAN_POINT('',(-6.162842109675,-15.));
#6756 = VECTOR('',#6757,1.);
#6757 = DIRECTION('',(-1.,1.815033637411E-17));
#6758 = ( GEOMETRIC_REPRESENTATION_CONTEXT(2) 
PARAMETRIC_REPRESENTATION_CONTEXT() REPRESENTATION_CONTEXT('2D SPACE',''
  ) );
#6759 = PCURVE('',#45,#6760);
#6760 = DEFINITIONAL_REPRESENTATION('',(#6761),#6765);
#6761 = LINE('',#6762,#6763);
#6762 = CARTESIAN_POINT('',(-26.59289472581,8.237177826491));
#6763 = VECTOR('',#6764,1.);
#6764 = DIRECTION('',(0.5,0.866025403784));
#6765 = ( GEOMETRIC_REPRESENTATION_CONTEXT(2) 
PARAMETRIC_REPRESENTATION_CONTEXT() REPRESENTATION_CONTEXT('2D SPACE',''
  ) );
#6766 = ORIENTED_EDGE('',*,*,#6767,.T.);
#6767 = EDGE_CURVE('',#6745,#6530,#6768,.T.);
#6768 = SURFACE_CURVE('',#6769,(#6773,#6780),.PCURVE_S1.);
#6769 = LINE('',#6770,#6771);
#6770 = CARTESIAN_POINT('',(-0.863106564243,31.283946424364,30.9));
#6771 = VECTOR('',#6772,1.);
#6772 = DIRECTION('',(0.258819045103,-0.965925826289,1.072393092426E-16)
  );
#6773 = PCURVE('',#6573,#6774);
#6774 = DEFINITIONAL_REPRESENTATION('',(#6775),#6779);
#6775 = LINE('',#6776,#6777);
#6776 = CARTESIAN_POINT('',(-0.,0.));
#6777 = VECTOR('',#6778,1.);
#6778 = DIRECTION('',(1.594235490686E-18,-1.));
#6779 = ( GEOMETRIC_REPRESENTATION_CONTEXT(2) 
PARAMETRIC_REPRESENTATION_CONTEXT() REPRESENTATION_CONTEXT('2D SPACE',''
  ) );
#6780 = PCURVE('',#6545,#6781);
#6781 = DEFINITIONAL_REPRESENTATION('',(#6782),#6786);
#6782 = LINE('',#6783,#6784);
#6783 = CARTESIAN_POINT('',(3.3486315613,-1.443289932013E-15));
#6784 = VECTOR('',#6785,1.);
#6785 = DIRECTION('',(1.730336309634E-32,-1.));
#6786 = ( GEOMETRIC_REPRESENTATION_CONTEXT(2) 
PARAMETRIC_REPRESENTATION_CONTEXT() REPRESENTATION_CONTEXT('2D SPACE',''
  ) );
#6787 = ORIENTED_EDGE('',*,*,#6557,.T.);
#6788 = ORIENTED_EDGE('',*,*,#6698,.F.);
#6789 = ADVANCED_FACE('',(#6790),#6629,.T.);
#6790 = FACE_BOUND('',#6791,.T.);
#6791 = EDGE_LOOP('',(#6792,#6815,#6816,#6817));
#6792 = ORIENTED_EDGE('',*,*,#6793,.T.);
#6793 = EDGE_CURVE('',#6794,#6674,#6796,.T.);
#6794 = VERTEX_POINT('',#6795);
#6795 = CARTESIAN_POINT('',(6.253708820081,17.661748653124,25.1));
#6796 = SURFACE_CURVE('',#6797,(#6801,#6808),.PCURVE_S1.);
#6797 = LINE('',#6798,#6799);
#6798 = CARTESIAN_POINT('',(17.350773107288,20.635198067238,25.1));
#6799 = VECTOR('',#6800,1.);
#6800 = DIRECTION('',(-0.965925826289,-0.258819045103,6.9182526782E-16)
  );
#6801 = PCURVE('',#6629,#6802);
#6802 = DEFINITIONAL_REPRESENTATION('',(#6803),#6807);
#6803 = LINE('',#6804,#6805);
#6804 = CARTESIAN_POINT('',(14.837157890325,-15.));
#6805 = VECTOR('',#6806,1.);
#6806 = DIRECTION('',(-1.,-7.419086383761E-32));
#6807 = ( GEOMETRIC_REPRESENTATION_CONTEXT(2) 
PARAMETRIC_REPRESENTATION_CONTEXT() REPRESENTATION_CONTEXT('2D SPACE',''
  ) );
#6808 = PCURVE('',#45,#6809);
#6809 = DEFINITIONAL_REPRESENTATION('',(#6810),#6814);
#6810 = LINE('',#6811,#6812);
#6811 = CARTESIAN_POINT('',(-14.83715789032,-2.9));
#6812 = VECTOR('',#6813,1.);
#6813 = DIRECTION('',(-1.,6.630905815116E-16));
#6814 = ( GEOMETRIC_REPRESENTATION_CONTEXT(2) 
PARAMETRIC_REPRESENTATION_CONTEXT() REPRESENTATION_CONTEXT('2D SPACE',''
  ) );
#6815 = ORIENTED_EDGE('',*,*,#6720,.T.);
#6816 = ORIENTED_EDGE('',*,*,#6613,.T.);
#6817 = ORIENTED_EDGE('',*,*,#6818,.F.);
#6818 = EDGE_CURVE('',#6794,#6614,#6819,.T.);
#6819 = SURFACE_CURVE('',#6820,(#6824,#6831),.PCURVE_S1.);
#6820 = LINE('',#6821,#6822);
#6821 = CARTESIAN_POINT('',(2.371423143543,32.15063604746,25.1));
#6822 = VECTOR('',#6823,1.);
#6823 = DIRECTION('',(0.258819045103,-0.965925826289,1.072393092426E-16)
  );
#6824 = PCURVE('',#6629,#6825);
#6825 = DEFINITIONAL_REPRESENTATION('',(#6826),#6830);
#6826 = LINE('',#6827,#6828);
#6827 = CARTESIAN_POINT('',(3.3486315613,-5.440092820663E-15));
#6828 = VECTOR('',#6829,1.);
#6829 = DIRECTION('',(-7.419086383761E-32,-1.));
#6830 = ( GEOMETRIC_REPRESENTATION_CONTEXT(2) 
PARAMETRIC_REPRESENTATION_CONTEXT() REPRESENTATION_CONTEXT('2D SPACE',''
  ) );
#6831 = PCURVE('',#6655,#6832);
#6832 = DEFINITIONAL_REPRESENTATION('',(#6833),#6837);
#6833 = LINE('',#6834,#6835);
#6834 = CARTESIAN_POINT('',(0.,0.));
#6835 = VECTOR('',#6836,1.);
#6836 = DIRECTION('',(-1.594235490686E-18,-1.));
#6837 = ( GEOMETRIC_REPRESENTATION_CONTEXT(2) 
PARAMETRIC_REPRESENTATION_CONTEXT() REPRESENTATION_CONTEXT('2D SPACE',''
  ) );
#6838 = ADVANCED_FACE('',(#6839),#6545,.T.);
#6839 = FACE_BOUND('',#6840,.T.);
#6840 = EDGE_LOOP('',(#6841,#6864,#6885,#6886));
#6841 = ORIENTED_EDGE('',*,*,#6842,.T.);
#6842 = EDGE_CURVE('',#6745,#6843,#6845,.T.);
#6843 = VERTEX_POINT('',#6844);
#6844 = CARTESIAN_POINT('',(6.253708820081,17.661748653124,30.9));
#6845 = SURFACE_CURVE('',#6846,(#6850,#6857),.PCURVE_S1.);
#6846 = LINE('',#6847,#6848);
#6847 = CARTESIAN_POINT('',(18.968037961181,21.068542878785,30.9));
#6848 = VECTOR('',#6849,1.);
#6849 = DIRECTION('',(0.965925826289,0.258819045103,-1.613528026107E-16)
  );
#6850 = PCURVE('',#6545,#6851);
#6851 = DEFINITIONAL_REPRESENTATION('',(#6852),#6856);
#6852 = LINE('',#6853,#6854);
#6853 = CARTESIAN_POINT('',(-13.16284210967,-15.));
#6854 = VECTOR('',#6855,1.);
#6855 = DIRECTION('',(-1.,1.730336309634E-32));
#6856 = ( GEOMETRIC_REPRESENTATION_CONTEXT(2) 
PARAMETRIC_REPRESENTATION_CONTEXT() REPRESENTATION_CONTEXT('2D SPACE',''
  ) );
#6857 = PCURVE('',#45,#6858);
#6858 = DEFINITIONAL_REPRESENTATION('',(#6859),#6863);
#6859 = LINE('',#6860,#6861);
#6860 = CARTESIAN_POINT('',(-13.16284210967,2.9));
#6861 = VECTOR('',#6862,1.);
#6862 = DIRECTION('',(1.,-1.326181163023E-16));
#6863 = ( GEOMETRIC_REPRESENTATION_CONTEXT(2) 
PARAMETRIC_REPRESENTATION_CONTEXT() REPRESENTATION_CONTEXT('2D SPACE',''
  ) );
#6864 = ORIENTED_EDGE('',*,*,#6865,.T.);
#6865 = EDGE_CURVE('',#6843,#6502,#6866,.T.);
#6866 = SURFACE_CURVE('',#6867,(#6871,#6878),.PCURVE_S1.);
#6867 = LINE('',#6868,#6869);
#6868 = CARTESIAN_POINT('',(2.371423143543,32.15063604746,30.9));
#6869 = VECTOR('',#6870,1.);
#6870 = DIRECTION('',(0.258819045103,-0.965925826289,1.072393092426E-16)
  );
#6871 = PCURVE('',#6545,#6872);
#6872 = DEFINITIONAL_REPRESENTATION('',(#6873),#6877);
#6873 = LINE('',#6874,#6875);
#6874 = CARTESIAN_POINT('',(0.,0.));
#6875 = VECTOR('',#6876,1.);
#6876 = DIRECTION('',(1.730336309634E-32,-1.));
#6877 = ( GEOMETRIC_REPRESENTATION_CONTEXT(2) 
PARAMETRIC_REPRESENTATION_CONTEXT() REPRESENTATION_CONTEXT('2D SPACE',''
  ) );
#6878 = PCURVE('',#6517,#6879);
#6879 = DEFINITIONAL_REPRESENTATION('',(#6880),#6884);
#6880 = LINE('',#6881,#6882);
#6881 = CARTESIAN_POINT('',(3.3486315613,1.354340540134E-15));
#6882 = VECTOR('',#6883,1.);
#6883 = DIRECTION('',(2.244279808911E-17,-1.));
#6884 = ( GEOMETRIC_REPRESENTATION_CONTEXT(2) 
PARAMETRIC_REPRESENTATION_CONTEXT() REPRESENTATION_CONTEXT('2D SPACE',''
  ) );
#6885 = ORIENTED_EDGE('',*,*,#6529,.T.);
#6886 = ORIENTED_EDGE('',*,*,#6767,.F.);
#6887 = ADVANCED_FACE('',(#6888),#6655,.T.);
#6888 = FACE_BOUND('',#6889,.T.);
#6889 = EDGE_LOOP('',(#6890,#6913,#6914,#6915));
#6890 = ORIENTED_EDGE('',*,*,#6891,.T.);
#6891 = EDGE_CURVE('',#6892,#6794,#6894,.T.);
#6892 = VERTEX_POINT('',#6893);
#6893 = CARTESIAN_POINT('',(7.870973673974,18.095093464672,28.));
#6894 = SURFACE_CURVE('',#6895,(#6899,#6906),.PCURVE_S1.);
#6895 = LINE('',#6896,#6897);
#6896 = CARTESIAN_POINT('',(10.038765425566,18.67595151387,
    31.887177826491));
#6897 = VECTOR('',#6898,1.);
#6898 = DIRECTION('',(-0.482962913145,-0.129409522551,-0.866025403784));
#6899 = PCURVE('',#6655,#6900);
#6900 = DEFINITIONAL_REPRESENTATION('',(#6901),#6905);
#6901 = LINE('',#6902,#6903);
#6902 = CARTESIAN_POINT('',(7.837157890325,-15.));
#6903 = VECTOR('',#6904,1.);
#6904 = DIRECTION('',(-1.,-1.815033637411E-17));
#6905 = ( GEOMETRIC_REPRESENTATION_CONTEXT(2) 
PARAMETRIC_REPRESENTATION_CONTEXT() REPRESENTATION_CONTEXT('2D SPACE',''
  ) );
#6906 = PCURVE('',#45,#6907);
#6907 = DEFINITIONAL_REPRESENTATION('',(#6908),#6912);
#6908 = LINE('',#6909,#6910);
#6909 = CARTESIAN_POINT('',(-22.40710527418,3.887177826491));
#6910 = VECTOR('',#6911,1.);
#6911 = DIRECTION('',(-0.5,-0.866025403784));
#6912 = ( GEOMETRIC_REPRESENTATION_CONTEXT(2) 
PARAMETRIC_REPRESENTATION_CONTEXT() REPRESENTATION_CONTEXT('2D SPACE',''
  ) );
#6913 = ORIENTED_EDGE('',*,*,#6818,.T.);
#6914 = ORIENTED_EDGE('',*,*,#6641,.T.);
#6915 = ORIENTED_EDGE('',*,*,#6916,.F.);
#6916 = EDGE_CURVE('',#6892,#6500,#6917,.T.);
#6917 = SURFACE_CURVE('',#6918,(#6922,#6929),.PCURVE_S1.);
#6918 = LINE('',#6919,#6920);
#6919 = CARTESIAN_POINT('',(3.988687997436,32.583980859008,28.));
#6920 = VECTOR('',#6921,1.);
#6921 = DIRECTION('',(0.258819045103,-0.965925826289,1.072393092426E-16)
  );
#6922 = PCURVE('',#6655,#6923);
#6923 = DEFINITIONAL_REPRESENTATION('',(#6924),#6928);
#6924 = LINE('',#6925,#6926);
#6925 = CARTESIAN_POINT('',(3.3486315613,3.408253135691E-15));
#6926 = VECTOR('',#6927,1.);
#6927 = DIRECTION('',(-1.594235490686E-18,-1.));
#6928 = ( GEOMETRIC_REPRESENTATION_CONTEXT(2) 
PARAMETRIC_REPRESENTATION_CONTEXT() REPRESENTATION_CONTEXT('2D SPACE',''
  ) );
#6929 = PCURVE('',#6517,#6930);
#6930 = DEFINITIONAL_REPRESENTATION('',(#6931),#6935);
#6931 = LINE('',#6932,#6933);
#6932 = CARTESIAN_POINT('',(0.,0.));
#6933 = VECTOR('',#6934,1.);
#6934 = DIRECTION('',(2.244279808911E-17,-1.));
#6935 = ( GEOMETRIC_REPRESENTATION_CONTEXT(2) 
PARAMETRIC_REPRESENTATION_CONTEXT() REPRESENTATION_CONTEXT('2D SPACE',''
  ) );
#6936 = ADVANCED_FACE('',(#6937),#6517,.T.);
#6937 = FACE_BOUND('',#6938,.T.);
#6938 = EDGE_LOOP('',(#6939,#6960,#6961,#6962));
#6939 = ORIENTED_EDGE('',*,*,#6940,.T.);
#6940 = EDGE_CURVE('',#6843,#6892,#6941,.T.);
#6941 = SURFACE_CURVE('',#6942,(#6946,#6953),.PCURVE_S1.);
#6942 = LINE('',#6943,#6944);
#6943 = CARTESIAN_POINT('',(10.847397852512,18.892623919644,
    22.662822173509));
#6944 = VECTOR('',#6945,1.);
#6945 = DIRECTION('',(0.482962913145,0.129409522551,-0.866025403784));
#6946 = PCURVE('',#6517,#6947);
#6947 = DEFINITIONAL_REPRESENTATION('',(#6948),#6952);
#6948 = LINE('',#6949,#6950);
#6949 = CARTESIAN_POINT('',(-6.162842109675,-15.));
#6950 = VECTOR('',#6951,1.);
#6951 = DIRECTION('',(-1.,9.605239241518E-18));
#6952 = ( GEOMETRIC_REPRESENTATION_CONTEXT(2) 
PARAMETRIC_REPRESENTATION_CONTEXT() REPRESENTATION_CONTEXT('2D SPACE',''
  ) );
#6953 = PCURVE('',#45,#6954);
#6954 = DEFINITIONAL_REPRESENTATION('',(#6955),#6959);
#6955 = LINE('',#6956,#6957);
#6956 = CARTESIAN_POINT('',(-21.56994738386,-5.337177826491));
#6957 = VECTOR('',#6958,1.);
#6958 = DIRECTION('',(0.5,-0.866025403784));
#6959 = ( GEOMETRIC_REPRESENTATION_CONTEXT(2) 
PARAMETRIC_REPRESENTATION_CONTEXT() REPRESENTATION_CONTEXT('2D SPACE',''
  ) );
#6960 = ORIENTED_EDGE('',*,*,#6916,.T.);
#6961 = ORIENTED_EDGE('',*,*,#6499,.T.);
#6962 = ORIENTED_EDGE('',*,*,#6865,.F.);
#6963 = ADVANCED_FACE('',(#6964),#5828,.F.);
#6964 = FACE_BOUND('',#6965,.T.);
#6965 = EDGE_LOOP('',(#6966,#6999,#7020,#7021));
#6966 = ORIENTED_EDGE('',*,*,#6967,.T.);
#6967 = EDGE_CURVE('',#6968,#6968,#6970,.T.);
#6968 = VERTEX_POINT('',#6969);
#6969 = CARTESIAN_POINT('',(49.52321568672,26.512296196846,
    5.063742759908));
#6970 = SURFACE_CURVE('',#6971,(#6976,#6983),.PCURVE_S1.);
#6971 = CIRCLE('',#6972,1.7);
#6972 = AXIS2_PLACEMENT_3D('',#6973,#6974,#6975);
#6973 = CARTESIAN_POINT('',(47.881141782028,26.072303820172,
    5.063742759908));
#6974 = DIRECTION('',(-0.258819045103,0.965925826289,-1.072393092426E-16
    ));
#6975 = DIRECTION('',(0.965925826289,0.258819045103,-2.873468630843E-17)
  );
#6976 = PCURVE('',#5828,#6977);
#6977 = DEFINITIONAL_REPRESENTATION('',(#6978),#6982);
#6978 = LINE('',#6979,#6980);
#6979 = CARTESIAN_POINT('',(-6.28318530718,-17.65));
#6980 = VECTOR('',#6981,1.);
#6981 = DIRECTION('',(1.,-0.));
#6982 = ( GEOMETRIC_REPRESENTATION_CONTEXT(2) 
PARAMETRIC_REPRESENTATION_CONTEXT() REPRESENTATION_CONTEXT('2D SPACE',''
  ) );
#6983 = PCURVE('',#6984,#6989);
#6984 = PLANE('',#6985);
#6985 = AXIS2_PLACEMENT_3D('',#6986,#6987,#6988);
#6986 = CARTESIAN_POINT('',(47.881141782028,26.072303820172,
    5.063742759908));
#6987 = DIRECTION('',(0.258819045103,-0.965925826289,1.072393092426E-16)
  );
#6988 = DIRECTION('',(0.965925826289,0.258819045103,-2.873468630843E-17)
  );
#6989 = DEFINITIONAL_REPRESENTATION('',(#6990),#6998);
#6990 = ( BOUNDED_CURVE() B_SPLINE_CURVE(2,(#6991,#6992,#6993,#6994,
#6995,#6996,#6997),.UNSPECIFIED.,.T.,.F.) B_SPLINE_CURVE_WITH_KNOTS((1,2
    ,2,2,2,1),(-2.094395102393,0.,2.094395102393,4.188790204786,
6.28318530718,8.377580409573),.UNSPECIFIED.) CURVE() 
GEOMETRIC_REPRESENTATION_ITEM() RATIONAL_B_SPLINE_CURVE((1.,0.5,1.,0.5,
1.,0.5,1.)) REPRESENTATION_ITEM('') );
#6991 = CARTESIAN_POINT('',(1.7,0.));
#6992 = CARTESIAN_POINT('',(1.7,-2.944486372867));
#6993 = CARTESIAN_POINT('',(-0.85,-1.472243186434));
#6994 = CARTESIAN_POINT('',(-3.4,-4.163799117101E-16));
#6995 = CARTESIAN_POINT('',(-0.85,1.472243186434));
#6996 = CARTESIAN_POINT('',(1.7,2.944486372867));
#6997 = CARTESIAN_POINT('',(1.7,0.));
#6998 = ( GEOMETRIC_REPRESENTATION_CONTEXT(2) 
PARAMETRIC_REPRESENTATION_CONTEXT() REPRESENTATION_CONTEXT('2D SPACE',''
  ) );
#6999 = ORIENTED_EDGE('',*,*,#7000,.T.);
#7000 = EDGE_CURVE('',#6968,#5808,#7001,.T.);
#7001 = SEAM_CURVE('',#7002,(#7006,#7013),.PCURVE_S1.);
#7002 = LINE('',#7003,#7004);
#7003 = CARTESIAN_POINT('',(44.95505954066,43.560887030848,
    5.063742759908));
#7004 = VECTOR('',#7005,1.);
#7005 = DIRECTION('',(0.258819045103,-0.965925826289,1.072393092426E-16)
  );
#7006 = PCURVE('',#5828,#7007);
#7007 = DEFINITIONAL_REPRESENTATION('',(#7008),#7012);
#7008 = LINE('',#7009,#7010);
#7009 = CARTESIAN_POINT('',(-6.28318530718,0.));
#7010 = VECTOR('',#7011,1.);
#7011 = DIRECTION('',(-0.,-1.));
#7012 = ( GEOMETRIC_REPRESENTATION_CONTEXT(2) 
PARAMETRIC_REPRESENTATION_CONTEXT() REPRESENTATION_CONTEXT('2D SPACE',''
  ) );
#7013 = PCURVE('',#5828,#7014);
#7014 = DEFINITIONAL_REPRESENTATION('',(#7015),#7019);
#7015 = LINE('',#7016,#7017);
#7016 = CARTESIAN_POINT('',(-0.,0.));
#7017 = VECTOR('',#7018,1.);
#7018 = DIRECTION('',(-0.,-1.));
#7019 = ( GEOMETRIC_REPRESENTATION_CONTEXT(2) 
PARAMETRIC_REPRESENTATION_CONTEXT() REPRESENTATION_CONTEXT('2D SPACE',''
  ) );
#7020 = ORIENTED_EDGE('',*,*,#5807,.F.);
#7021 = ORIENTED_EDGE('',*,*,#7000,.F.);
#7022 = ADVANCED_FACE('',(#7023,#7193),#6984,.F.);
#7023 = FACE_BOUND('',#7024,.F.);
#7024 = EDGE_LOOP('',(#7025,#7055,#7083,#7111,#7139,#7167));
#7025 = ORIENTED_EDGE('',*,*,#7026,.T.);
#7026 = EDGE_CURVE('',#7027,#7029,#7031,.T.);
#7027 = VERTEX_POINT('',#7028);
#7028 = CARTESIAN_POINT('',(51.115671489814,26.938993443268,
    5.063742759908));
#7029 = VERTEX_POINT('',#7030);
#7030 = CARTESIAN_POINT('',(49.498406635921,26.50564863172,
    7.963742759908));
#7031 = SURFACE_CURVE('',#7032,(#7036,#7043),.PCURVE_S1.);
#7032 = LINE('',#7033,#7034);
#7033 = CARTESIAN_POINT('',(51.115671489814,26.938993443268,
    5.063742759908));
#7034 = VECTOR('',#7035,1.);
#7035 = DIRECTION('',(-0.482962913145,-0.129409522551,0.866025403784));
#7036 = PCURVE('',#6984,#7037);
#7037 = DEFINITIONAL_REPRESENTATION('',(#7038),#7042);
#7038 = LINE('',#7039,#7040);
#7039 = CARTESIAN_POINT('',(3.3486315613,9.622187747646E-17));
#7040 = VECTOR('',#7041,1.);
#7041 = DIRECTION('',(-0.5,0.866025403784));
#7042 = ( GEOMETRIC_REPRESENTATION_CONTEXT(2) 
PARAMETRIC_REPRESENTATION_CONTEXT() REPRESENTATION_CONTEXT('2D SPACE',''
  ) );
#7043 = PCURVE('',#7044,#7049);
#7044 = PLANE('',#7045);
#7045 = AXIS2_PLACEMENT_3D('',#7046,#7047,#7048);
#7046 = CARTESIAN_POINT('',(46.547515343755,43.98758427727,
    5.063742759908));
#7047 = DIRECTION('',(-0.836516303738,-0.224143868042,-0.5));
#7048 = DIRECTION('',(-0.482962913145,-0.129409522551,0.866025403784));
#7049 = DEFINITIONAL_REPRESENTATION('',(#7050),#7054);
#7050 = LINE('',#7051,#7052);
#7051 = CARTESIAN_POINT('',(3.845925372767E-15,-17.65));
#7052 = VECTOR('',#7053,1.);
#7053 = DIRECTION('',(1.,-9.605239241518E-18));
#7054 = ( GEOMETRIC_REPRESENTATION_CONTEXT(2) 
PARAMETRIC_REPRESENTATION_CONTEXT() REPRESENTATION_CONTEXT('2D SPACE',''
  ) );
#7055 = ORIENTED_EDGE('',*,*,#7056,.T.);
#7056 = EDGE_CURVE('',#7029,#7057,#7059,.T.);
#7057 = VERTEX_POINT('',#7058);
#7058 = CARTESIAN_POINT('',(46.263876928135,25.638959008624,
    7.963742759908));
#7059 = SURFACE_CURVE('',#7060,(#7064,#7071),.PCURVE_S1.);
#7060 = LINE('',#7061,#7062);
#7061 = CARTESIAN_POINT('',(49.498406635921,26.50564863172,
    7.963742759908));
#7062 = VECTOR('',#7063,1.);
#7063 = DIRECTION('',(-0.965925826289,-0.258819045103,1.613528026107E-16
    ));
#7064 = PCURVE('',#6984,#7065);
#7065 = DEFINITIONAL_REPRESENTATION('',(#7066),#7070);
#7066 = LINE('',#7067,#7068);
#7067 = CARTESIAN_POINT('',(1.67431578065,2.9));
#7068 = VECTOR('',#7069,1.);
#7069 = DIRECTION('',(-1.,1.326181163023E-16));
#7070 = ( GEOMETRIC_REPRESENTATION_CONTEXT(2) 
PARAMETRIC_REPRESENTATION_CONTEXT() REPRESENTATION_CONTEXT('2D SPACE',''
  ) );
#7071 = PCURVE('',#7072,#7077);
#7072 = PLANE('',#7073);
#7073 = AXIS2_PLACEMENT_3D('',#7074,#7075,#7076);
#7074 = CARTESIAN_POINT('',(44.930250489862,43.554239465722,
    7.963742759908));
#7075 = DIRECTION('',(-1.280992635702E-16,-1.453463966872E-16,-1.));
#7076 = DIRECTION('',(-0.965925826289,-0.258819045103,1.613528026107E-16
    ));
#7077 = DEFINITIONAL_REPRESENTATION('',(#7078),#7082);
#7078 = LINE('',#7079,#7080);
#7079 = CARTESIAN_POINT('',(5.329070518201E-15,-17.65));
#7080 = VECTOR('',#7081,1.);
#7081 = DIRECTION('',(1.,-1.730336309634E-32));
#7082 = ( GEOMETRIC_REPRESENTATION_CONTEXT(2) 
PARAMETRIC_REPRESENTATION_CONTEXT() REPRESENTATION_CONTEXT('2D SPACE',''
  ) );
#7083 = ORIENTED_EDGE('',*,*,#7084,.T.);
#7084 = EDGE_CURVE('',#7057,#7085,#7087,.T.);
#7085 = VERTEX_POINT('',#7086);
#7086 = CARTESIAN_POINT('',(44.646612074242,25.205614197076,
    5.063742759908));
#7087 = SURFACE_CURVE('',#7088,(#7092,#7099),.PCURVE_S1.);
#7088 = LINE('',#7089,#7090);
#7089 = CARTESIAN_POINT('',(46.263876928135,25.638959008624,
    7.963742759908));
#7090 = VECTOR('',#7091,1.);
#7091 = DIRECTION('',(-0.482962913145,-0.129409522551,-0.866025403784));
#7092 = PCURVE('',#6984,#7093);
#7093 = DEFINITIONAL_REPRESENTATION('',(#7094),#7098);
#7094 = LINE('',#7095,#7096);
#7095 = CARTESIAN_POINT('',(-1.67431578065,2.9));
#7096 = VECTOR('',#7097,1.);
#7097 = DIRECTION('',(-0.5,-0.866025403784));
#7098 = ( GEOMETRIC_REPRESENTATION_CONTEXT(2) 
PARAMETRIC_REPRESENTATION_CONTEXT() REPRESENTATION_CONTEXT('2D SPACE',''
  ) );
#7099 = PCURVE('',#7100,#7105);
#7100 = PLANE('',#7101);
#7101 = AXIS2_PLACEMENT_3D('',#7102,#7103,#7104);
#7102 = CARTESIAN_POINT('',(41.695720782076,42.687549842626,
    7.963742759908));
#7103 = DIRECTION('',(0.836516303738,0.224143868042,-0.5));
#7104 = DIRECTION('',(-0.482962913145,-0.129409522551,-0.866025403784));
#7105 = DEFINITIONAL_REPRESENTATION('',(#7106),#7110);
#7106 = LINE('',#7107,#7108);
#7107 = CARTESIAN_POINT('',(5.091083827907E-15,-17.65));
#7108 = VECTOR('',#7109,1.);
#7109 = DIRECTION('',(1.,-1.815033637411E-17));
#7110 = ( GEOMETRIC_REPRESENTATION_CONTEXT(2) 
PARAMETRIC_REPRESENTATION_CONTEXT() REPRESENTATION_CONTEXT('2D SPACE',''
  ) );
#7111 = ORIENTED_EDGE('',*,*,#7112,.T.);
#7112 = EDGE_CURVE('',#7085,#7113,#7115,.T.);
#7113 = VERTEX_POINT('',#7114);
#7114 = CARTESIAN_POINT('',(46.263876928135,25.638959008624,
    2.163742759908));
#7115 = SURFACE_CURVE('',#7116,(#7120,#7127),.PCURVE_S1.);
#7116 = LINE('',#7117,#7118);
#7117 = CARTESIAN_POINT('',(44.646612074242,25.205614197076,
    5.063742759908));
#7118 = VECTOR('',#7119,1.);
#7119 = DIRECTION('',(0.482962913145,0.129409522551,-0.866025403784));
#7120 = PCURVE('',#6984,#7121);
#7121 = DEFINITIONAL_REPRESENTATION('',(#7122),#7126);
#7122 = LINE('',#7123,#7124);
#7123 = CARTESIAN_POINT('',(-3.3486315613,-9.622187747646E-17));
#7124 = VECTOR('',#7125,1.);
#7125 = DIRECTION('',(0.5,-0.866025403784));
#7126 = ( GEOMETRIC_REPRESENTATION_CONTEXT(2) 
PARAMETRIC_REPRESENTATION_CONTEXT() REPRESENTATION_CONTEXT('2D SPACE',''
  ) );
#7127 = PCURVE('',#7128,#7133);
#7128 = PLANE('',#7129);
#7129 = AXIS2_PLACEMENT_3D('',#7130,#7131,#7132);
#7130 = CARTESIAN_POINT('',(40.078455928182,42.254205031078,
    5.063742759908));
#7131 = DIRECTION('',(0.836516303738,0.224143868042,0.5));
#7132 = DIRECTION('',(0.482962913145,0.129409522551,-0.866025403784));
#7133 = DEFINITIONAL_REPRESENTATION('',(#7134),#7138);
#7134 = LINE('',#7135,#7136);
#7135 = CARTESIAN_POINT('',(-8.710917440996E-17,-17.65));
#7136 = VECTOR('',#7137,1.);
#7137 = DIRECTION('',(1.,9.605239241518E-18));
#7138 = ( GEOMETRIC_REPRESENTATION_CONTEXT(2) 
PARAMETRIC_REPRESENTATION_CONTEXT() REPRESENTATION_CONTEXT('2D SPACE',''
  ) );
#7139 = ORIENTED_EDGE('',*,*,#7140,.T.);
#7140 = EDGE_CURVE('',#7113,#7141,#7143,.T.);
#7141 = VERTEX_POINT('',#7142);
#7142 = CARTESIAN_POINT('',(49.498406635921,26.50564863172,
    2.163742759908));
#7143 = SURFACE_CURVE('',#7144,(#7148,#7155),.PCURVE_S1.);
#7144 = LINE('',#7145,#7146);
#7145 = CARTESIAN_POINT('',(46.263876928135,25.638959008624,
    2.163742759908));
#7146 = VECTOR('',#7147,1.);
#7147 = DIRECTION('',(0.965925826289,0.258819045103,-6.9182526782E-16));
#7148 = PCURVE('',#6984,#7149);
#7149 = DEFINITIONAL_REPRESENTATION('',(#7150),#7154);
#7150 = LINE('',#7151,#7152);
#7151 = CARTESIAN_POINT('',(-1.67431578065,-2.9));
#7152 = VECTOR('',#7153,1.);
#7153 = DIRECTION('',(1.,-6.630905815116E-16));
#7154 = ( GEOMETRIC_REPRESENTATION_CONTEXT(2) 
PARAMETRIC_REPRESENTATION_CONTEXT() REPRESENTATION_CONTEXT('2D SPACE',''
  ) );
#7155 = PCURVE('',#7156,#7161);
#7156 = PLANE('',#7157);
#7157 = AXIS2_PLACEMENT_3D('',#7158,#7159,#7160);
#7158 = CARTESIAN_POINT('',(41.695720782076,42.687549842626,
    2.163742759908));
#7159 = DIRECTION('',(6.404963178511E-16,2.826427735858E-16,1.));
#7160 = DIRECTION('',(0.965925826289,0.258819045103,-6.9182526782E-16));
#7161 = DEFINITIONAL_REPRESENTATION('',(#7162),#7166);
#7162 = LINE('',#7163,#7164);
#7163 = CARTESIAN_POINT('',(-4.440892098501E-15,-17.65));
#7164 = VECTOR('',#7165,1.);
#7165 = DIRECTION('',(1.,7.419086383761E-32));
#7166 = ( GEOMETRIC_REPRESENTATION_CONTEXT(2) 
PARAMETRIC_REPRESENTATION_CONTEXT() REPRESENTATION_CONTEXT('2D SPACE',''
  ) );
#7167 = ORIENTED_EDGE('',*,*,#7168,.T.);
#7168 = EDGE_CURVE('',#7141,#7027,#7169,.T.);
#7169 = SURFACE_CURVE('',#7170,(#7174,#7181),.PCURVE_S1.);
#7170 = LINE('',#7171,#7172);
#7171 = CARTESIAN_POINT('',(49.498406635921,26.50564863172,
    2.163742759908));
#7172 = VECTOR('',#7173,1.);
#7173 = DIRECTION('',(0.482962913145,0.129409522551,0.866025403784));
#7174 = PCURVE('',#6984,#7175);
#7175 = DEFINITIONAL_REPRESENTATION('',(#7176),#7180);
#7176 = LINE('',#7177,#7178);
#7177 = CARTESIAN_POINT('',(1.67431578065,-2.9));
#7178 = VECTOR('',#7179,1.);
#7179 = DIRECTION('',(0.5,0.866025403784));
#7180 = ( GEOMETRIC_REPRESENTATION_CONTEXT(2) 
PARAMETRIC_REPRESENTATION_CONTEXT() REPRESENTATION_CONTEXT('2D SPACE',''
  ) );
#7181 = PCURVE('',#7182,#7187);
#7182 = PLANE('',#7183);
#7183 = AXIS2_PLACEMENT_3D('',#7184,#7185,#7186);
#7184 = CARTESIAN_POINT('',(44.930250489862,43.554239465722,
    2.163742759908));
#7185 = DIRECTION('',(-0.836516303738,-0.224143868042,0.5));
#7186 = DIRECTION('',(0.482962913145,0.129409522551,0.866025403784));
#7187 = DEFINITIONAL_REPRESENTATION('',(#7188),#7192);
#7188 = LINE('',#7189,#7190);
#7189 = CARTESIAN_POINT('',(2.188561878514E-15,-17.65));
#7190 = VECTOR('',#7191,1.);
#7191 = DIRECTION('',(1.,1.815033637411E-17));
#7192 = ( GEOMETRIC_REPRESENTATION_CONTEXT(2) 
PARAMETRIC_REPRESENTATION_CONTEXT() REPRESENTATION_CONTEXT('2D SPACE',''
  ) );
#7193 = FACE_BOUND('',#7194,.F.);
#7194 = EDGE_LOOP('',(#7195));
#7195 = ORIENTED_EDGE('',*,*,#6967,.T.);
#7196 = ADVANCED_FACE('',(#7197),#7128,.T.);
#7197 = FACE_BOUND('',#7198,.T.);
#7198 = EDGE_LOOP('',(#7199,#7224,#7245,#7246));
#7199 = ORIENTED_EDGE('',*,*,#7200,.T.);
#7200 = EDGE_CURVE('',#7201,#7203,#7205,.T.);
#7201 = VERTEX_POINT('',#7202);
#7202 = CARTESIAN_POINT('',(45.578006458613,28.19866244829,
    2.163742759908));
#7203 = VERTEX_POINT('',#7204);
#7204 = CARTESIAN_POINT('',(43.96074160472,27.765317636742,
    5.063742759908));
#7205 = SURFACE_CURVE('',#7206,(#7210,#7217),.PCURVE_S1.);
#7206 = LINE('',#7207,#7208);
#7207 = CARTESIAN_POINT('',(37.6293065099,26.068814716155,
    16.416961579188));
#7208 = VECTOR('',#7209,1.);
#7209 = DIRECTION('',(-0.482962913145,-0.129409522551,0.866025403784));
#7210 = PCURVE('',#7128,#7211);
#7211 = DEFINITIONAL_REPRESENTATION('',(#7212),#7216);
#7212 = LINE('',#7213,#7214);
#7213 = CARTESIAN_POINT('',(-13.10956788295,-15.));
#7214 = VECTOR('',#7215,1.);
#7215 = DIRECTION('',(-1.,-9.605239241518E-18));
#7216 = ( GEOMETRIC_REPRESENTATION_CONTEXT(2) 
PARAMETRIC_REPRESENTATION_CONTEXT() REPRESENTATION_CONTEXT('2D SPACE',''
  ) );
#7217 = PCURVE('',#45,#7218);
#7218 = DEFINITIONAL_REPRESENTATION('',(#7219),#7223);
#7219 = LINE('',#7220,#7221);
#7220 = CARTESIAN_POINT('',(6.15672471505,-11.58303842081));
#7221 = VECTOR('',#7222,1.);
#7222 = DIRECTION('',(-0.5,0.866025403784));
#7223 = ( GEOMETRIC_REPRESENTATION_CONTEXT(2) 
PARAMETRIC_REPRESENTATION_CONTEXT() REPRESENTATION_CONTEXT('2D SPACE',''
  ) );
#7224 = ORIENTED_EDGE('',*,*,#7225,.T.);
#7225 = EDGE_CURVE('',#7203,#7085,#7226,.T.);
#7226 = SURFACE_CURVE('',#7227,(#7231,#7238),.PCURVE_S1.);
#7227 = LINE('',#7228,#7229);
#7228 = CARTESIAN_POINT('',(40.078455928182,42.254205031078,
    5.063742759908));
#7229 = VECTOR('',#7230,1.);
#7230 = DIRECTION('',(0.258819045103,-0.965925826289,1.072393092426E-16)
  );
#7231 = PCURVE('',#7128,#7232);
#7232 = DEFINITIONAL_REPRESENTATION('',(#7233),#7237);
#7233 = LINE('',#7234,#7235);
#7234 = CARTESIAN_POINT('',(0.,0.));
#7235 = VECTOR('',#7236,1.);
#7236 = DIRECTION('',(-2.244279808911E-17,-1.));
#7237 = ( GEOMETRIC_REPRESENTATION_CONTEXT(2) 
PARAMETRIC_REPRESENTATION_CONTEXT() REPRESENTATION_CONTEXT('2D SPACE',''
  ) );
#7238 = PCURVE('',#7100,#7239);
#7239 = DEFINITIONAL_REPRESENTATION('',(#7240),#7244);
#7240 = LINE('',#7241,#7242);
#7241 = CARTESIAN_POINT('',(3.3486315613,3.031040407135E-15));
#7242 = VECTOR('',#7243,1.);
#7243 = DIRECTION('',(1.594235490686E-18,-1.));
#7244 = ( GEOMETRIC_REPRESENTATION_CONTEXT(2) 
PARAMETRIC_REPRESENTATION_CONTEXT() REPRESENTATION_CONTEXT('2D SPACE',''
  ) );
#7245 = ORIENTED_EDGE('',*,*,#7112,.T.);
#7246 = ORIENTED_EDGE('',*,*,#7247,.F.);
#7247 = EDGE_CURVE('',#7201,#7113,#7248,.T.);
#7248 = SURFACE_CURVE('',#7249,(#7253,#7260),.PCURVE_S1.);
#7249 = LINE('',#7250,#7251);
#7250 = CARTESIAN_POINT('',(41.695720782076,42.687549842626,
    2.163742759908));
#7251 = VECTOR('',#7252,1.);
#7252 = DIRECTION('',(0.258819045103,-0.965925826289,1.072393092426E-16)
  );
#7253 = PCURVE('',#7128,#7254);
#7254 = DEFINITIONAL_REPRESENTATION('',(#7255),#7259);
#7255 = LINE('',#7256,#7257);
#7256 = CARTESIAN_POINT('',(3.3486315613,-2.409052413528E-15));
#7257 = VECTOR('',#7258,1.);
#7258 = DIRECTION('',(-2.244279808911E-17,-1.));
#7259 = ( GEOMETRIC_REPRESENTATION_CONTEXT(2) 
PARAMETRIC_REPRESENTATION_CONTEXT() REPRESENTATION_CONTEXT('2D SPACE',''
  ) );
#7260 = PCURVE('',#7156,#7261);
#7261 = DEFINITIONAL_REPRESENTATION('',(#7262),#7266);
#7262 = LINE('',#7263,#7264);
#7263 = CARTESIAN_POINT('',(0.,0.));
#7264 = VECTOR('',#7265,1.);
#7265 = DIRECTION('',(-7.419086383761E-32,-1.));
#7266 = ( GEOMETRIC_REPRESENTATION_CONTEXT(2) 
PARAMETRIC_REPRESENTATION_CONTEXT() REPRESENTATION_CONTEXT('2D SPACE',''
  ) );
#7267 = ADVANCED_FACE('',(#7268),#7100,.T.);
#7268 = FACE_BOUND('',#7269,.T.);
#7269 = EDGE_LOOP('',(#7270,#7293,#7314,#7315));
#7270 = ORIENTED_EDGE('',*,*,#7271,.T.);
#7271 = EDGE_CURVE('',#7203,#7272,#7274,.T.);
#7272 = VERTEX_POINT('',#7273);
#7273 = CARTESIAN_POINT('',(45.578006458613,28.19866244829,
    7.963742759908));
#7274 = SURFACE_CURVE('',#7275,(#7279,#7286),.PCURVE_S1.);
#7275 = LINE('',#7276,#7277);
#7276 = CARTESIAN_POINT('',(48.031215500877,28.855997830029,
    12.362716870698));
#7277 = VECTOR('',#7278,1.);
#7278 = DIRECTION('',(0.482962913145,0.129409522551,0.866025403784));
#7279 = PCURVE('',#7100,#7280);
#7280 = DEFINITIONAL_REPRESENTATION('',(#7281),#7285);
#7281 = LINE('',#7282,#7283);
#7282 = CARTESIAN_POINT('',(-5.079497774045,-15.));
#7283 = VECTOR('',#7284,1.);
#7284 = DIRECTION('',(-1.,1.815033637411E-17));
#7285 = ( GEOMETRIC_REPRESENTATION_CONTEXT(2) 
PARAMETRIC_REPRESENTATION_CONTEXT() REPRESENTATION_CONTEXT('2D SPACE',''
  ) );
#7286 = PCURVE('',#45,#7287);
#7287 = DEFINITIONAL_REPRESENTATION('',(#7288),#7292);
#7288 = LINE('',#7289,#7290);
#7289 = CARTESIAN_POINT('',(16.925573324202,-15.6372831293));
#7290 = VECTOR('',#7291,1.);
#7291 = DIRECTION('',(0.5,0.866025403784));
#7292 = ( GEOMETRIC_REPRESENTATION_CONTEXT(2) 
PARAMETRIC_REPRESENTATION_CONTEXT() REPRESENTATION_CONTEXT('2D SPACE',''
  ) );
#7293 = ORIENTED_EDGE('',*,*,#7294,.T.);
#7294 = EDGE_CURVE('',#7272,#7057,#7295,.T.);
#7295 = SURFACE_CURVE('',#7296,(#7300,#7307),.PCURVE_S1.);
#7296 = LINE('',#7297,#7298);
#7297 = CARTESIAN_POINT('',(41.695720782076,42.687549842626,
    7.963742759908));
#7298 = VECTOR('',#7299,1.);
#7299 = DIRECTION('',(0.258819045103,-0.965925826289,1.072393092426E-16)
  );
#7300 = PCURVE('',#7100,#7301);
#7301 = DEFINITIONAL_REPRESENTATION('',(#7302),#7306);
#7302 = LINE('',#7303,#7304);
#7303 = CARTESIAN_POINT('',(-0.,0.));
#7304 = VECTOR('',#7305,1.);
#7305 = DIRECTION('',(1.594235490686E-18,-1.));
#7306 = ( GEOMETRIC_REPRESENTATION_CONTEXT(2) 
PARAMETRIC_REPRESENTATION_CONTEXT() REPRESENTATION_CONTEXT('2D SPACE',''
  ) );
#7307 = PCURVE('',#7072,#7308);
#7308 = DEFINITIONAL_REPRESENTATION('',(#7309),#7313);
#7309 = LINE('',#7310,#7311);
#7310 = CARTESIAN_POINT('',(3.3486315613,-3.219646771413E-15));
#7311 = VECTOR('',#7312,1.);
#7312 = DIRECTION('',(1.730336309634E-32,-1.));
#7313 = ( GEOMETRIC_REPRESENTATION_CONTEXT(2) 
PARAMETRIC_REPRESENTATION_CONTEXT() REPRESENTATION_CONTEXT('2D SPACE',''
  ) );
#7314 = ORIENTED_EDGE('',*,*,#7084,.T.);
#7315 = ORIENTED_EDGE('',*,*,#7225,.F.);
#7316 = ADVANCED_FACE('',(#7317),#7156,.T.);
#7317 = FACE_BOUND('',#7318,.T.);
#7318 = EDGE_LOOP('',(#7319,#7342,#7343,#7344));
#7319 = ORIENTED_EDGE('',*,*,#7320,.T.);
#7320 = EDGE_CURVE('',#7321,#7201,#7323,.T.);
#7321 = VERTEX_POINT('',#7322);
#7322 = CARTESIAN_POINT('',(48.8125361664,29.065352071386,2.163742759908
    ));
#7323 = SURFACE_CURVE('',#7324,(#7328,#7335),.PCURVE_S1.);
#7324 = LINE('',#7325,#7326);
#7325 = CARTESIAN_POINT('',(38.630186780447,26.336999776368,
    2.163742759908));
#7326 = VECTOR('',#7327,1.);
#7327 = DIRECTION('',(-0.965925826289,-0.258819045103,6.9182526782E-16)
  );
#7328 = PCURVE('',#7156,#7329);
#7329 = DEFINITIONAL_REPRESENTATION('',(#7330),#7334);
#7330 = LINE('',#7331,#7332);
#7331 = CARTESIAN_POINT('',(-7.19291221859,-15.));
#7332 = VECTOR('',#7333,1.);
#7333 = DIRECTION('',(-1.,-7.419086383761E-32));
#7334 = ( GEOMETRIC_REPRESENTATION_CONTEXT(2) 
PARAMETRIC_REPRESENTATION_CONTEXT() REPRESENTATION_CONTEXT('2D SPACE',''
  ) );
#7335 = PCURVE('',#45,#7336);
#7336 = DEFINITIONAL_REPRESENTATION('',(#7337),#7341);
#7337 = LINE('',#7338,#7339);
#7338 = CARTESIAN_POINT('',(7.19291221859,-25.83625724009));
#7339 = VECTOR('',#7340,1.);
#7340 = DIRECTION('',(-1.,6.630905815116E-16));
#7341 = ( GEOMETRIC_REPRESENTATION_CONTEXT(2) 
PARAMETRIC_REPRESENTATION_CONTEXT() REPRESENTATION_CONTEXT('2D SPACE',''
  ) );
#7342 = ORIENTED_EDGE('',*,*,#7247,.T.);
#7343 = ORIENTED_EDGE('',*,*,#7140,.T.);
#7344 = ORIENTED_EDGE('',*,*,#7345,.F.);
#7345 = EDGE_CURVE('',#7321,#7141,#7346,.T.);
#7346 = SURFACE_CURVE('',#7347,(#7351,#7358),.PCURVE_S1.);
#7347 = LINE('',#7348,#7349);
#7348 = CARTESIAN_POINT('',(44.930250489862,43.554239465722,
    2.163742759908));
#7349 = VECTOR('',#7350,1.);
#7350 = DIRECTION('',(0.258819045103,-0.965925826289,1.072393092426E-16)
  );
#7351 = PCURVE('',#7156,#7352);
#7352 = DEFINITIONAL_REPRESENTATION('',(#7353),#7357);
#7353 = LINE('',#7354,#7355);
#7354 = CARTESIAN_POINT('',(3.3486315613,5.107025913276E-15));
#7355 = VECTOR('',#7356,1.);
#7356 = DIRECTION('',(-7.419086383761E-32,-1.));
#7357 = ( GEOMETRIC_REPRESENTATION_CONTEXT(2) 
PARAMETRIC_REPRESENTATION_CONTEXT() REPRESENTATION_CONTEXT('2D SPACE',''
  ) );
#7358 = PCURVE('',#7182,#7359);
#7359 = DEFINITIONAL_REPRESENTATION('',(#7360),#7364);
#7360 = LINE('',#7361,#7362);
#7361 = CARTESIAN_POINT('',(0.,0.));
#7362 = VECTOR('',#7363,1.);
#7363 = DIRECTION('',(-1.594235490686E-18,-1.));
#7364 = ( GEOMETRIC_REPRESENTATION_CONTEXT(2) 
PARAMETRIC_REPRESENTATION_CONTEXT() REPRESENTATION_CONTEXT('2D SPACE',''
  ) );
#7365 = ADVANCED_FACE('',(#7366),#7072,.T.);
#7366 = FACE_BOUND('',#7367,.T.);
#7367 = EDGE_LOOP('',(#7368,#7391,#7412,#7413));
#7368 = ORIENTED_EDGE('',*,*,#7369,.T.);
#7369 = EDGE_CURVE('',#7272,#7370,#7372,.T.);
#7370 = VERTEX_POINT('',#7371);
#7371 = CARTESIAN_POINT('',(48.8125361664,29.065352071386,7.963742759908
    ));
#7372 = SURFACE_CURVE('',#7373,(#7377,#7384),.PCURVE_S1.);
#7373 = LINE('',#7374,#7375);
#7374 = CARTESIAN_POINT('',(40.247451634341,26.770344587916,
    7.963742759908));
#7375 = VECTOR('',#7376,1.);
#7376 = DIRECTION('',(0.965925826289,0.258819045103,-1.613528026107E-16)
  );
#7377 = PCURVE('',#7072,#7378);
#7378 = DEFINITIONAL_REPRESENTATION('',(#7379),#7383);
#7379 = LINE('',#7380,#7381);
#7380 = CARTESIAN_POINT('',(8.86722799924,-15.));
#7381 = VECTOR('',#7382,1.);
#7382 = DIRECTION('',(-1.,1.730336309634E-32));
#7383 = ( GEOMETRIC_REPRESENTATION_CONTEXT(2) 
PARAMETRIC_REPRESENTATION_CONTEXT() REPRESENTATION_CONTEXT('2D SPACE',''
  ) );
#7384 = PCURVE('',#45,#7385);
#7385 = DEFINITIONAL_REPRESENTATION('',(#7386),#7390);
#7386 = LINE('',#7387,#7388);
#7387 = CARTESIAN_POINT('',(8.86722799924,-20.03625724009));
#7388 = VECTOR('',#7389,1.);
#7389 = DIRECTION('',(1.,-1.326181163023E-16));
#7390 = ( GEOMETRIC_REPRESENTATION_CONTEXT(2) 
PARAMETRIC_REPRESENTATION_CONTEXT() REPRESENTATION_CONTEXT('2D SPACE',''
  ) );
#7391 = ORIENTED_EDGE('',*,*,#7392,.T.);
#7392 = EDGE_CURVE('',#7370,#7029,#7393,.T.);
#7393 = SURFACE_CURVE('',#7394,(#7398,#7405),.PCURVE_S1.);
#7394 = LINE('',#7395,#7396);
#7395 = CARTESIAN_POINT('',(44.930250489862,43.554239465722,
    7.963742759908));
#7396 = VECTOR('',#7397,1.);
#7397 = DIRECTION('',(0.258819045103,-0.965925826289,1.072393092426E-16)
  );
#7398 = PCURVE('',#7072,#7399);
#7399 = DEFINITIONAL_REPRESENTATION('',(#7400),#7404);
#7400 = LINE('',#7401,#7402);
#7401 = CARTESIAN_POINT('',(0.,0.));
#7402 = VECTOR('',#7403,1.);
#7403 = DIRECTION('',(1.730336309634E-32,-1.));
#7404 = ( GEOMETRIC_REPRESENTATION_CONTEXT(2) 
PARAMETRIC_REPRESENTATION_CONTEXT() REPRESENTATION_CONTEXT('2D SPACE',''
  ) );
#7405 = PCURVE('',#7044,#7406);
#7406 = DEFINITIONAL_REPRESENTATION('',(#7407),#7411);
#7407 = LINE('',#7408,#7409);
#7408 = CARTESIAN_POINT('',(3.3486315613,9.292435166204E-15));
#7409 = VECTOR('',#7410,1.);
#7410 = DIRECTION('',(2.244279808911E-17,-1.));
#7411 = ( GEOMETRIC_REPRESENTATION_CONTEXT(2) 
PARAMETRIC_REPRESENTATION_CONTEXT() REPRESENTATION_CONTEXT('2D SPACE',''
  ) );
#7412 = ORIENTED_EDGE('',*,*,#7056,.T.);
#7413 = ORIENTED_EDGE('',*,*,#7294,.F.);
#7414 = ADVANCED_FACE('',(#7415),#7182,.T.);
#7415 = FACE_BOUND('',#7416,.T.);
#7416 = EDGE_LOOP('',(#7417,#7440,#7441,#7442));
#7417 = ORIENTED_EDGE('',*,*,#7418,.T.);
#7418 = EDGE_CURVE('',#7419,#7321,#7421,.T.);
#7419 = VERTEX_POINT('',#7420);
#7420 = CARTESIAN_POINT('',(50.429801020293,29.498696882934,
    5.063742759908));
#7421 = SURFACE_CURVE('',#7422,(#7426,#7433),.PCURVE_S1.);
#7422 = LINE('',#7423,#7424);
#7423 = CARTESIAN_POINT('',(52.07437763561,29.939359858899,
    8.012716870698));
#7424 = VECTOR('',#7425,1.);
#7425 = DIRECTION('',(-0.482962913145,-0.129409522551,-0.866025403784));
#7426 = PCURVE('',#7182,#7427);
#7427 = DEFINITIONAL_REPRESENTATION('',(#7428),#7432);
#7428 = LINE('',#7429,#7430);
#7429 = CARTESIAN_POINT('',(6.753813554695,-15.));
#7430 = VECTOR('',#7431,1.);
#7431 = DIRECTION('',(-1.,-1.815033637411E-17));
#7432 = ( GEOMETRIC_REPRESENTATION_CONTEXT(2) 
PARAMETRIC_REPRESENTATION_CONTEXT() REPRESENTATION_CONTEXT('2D SPACE',''
  ) );
#7433 = PCURVE('',#45,#7434);
#7434 = DEFINITIONAL_REPRESENTATION('',(#7435),#7439);
#7435 = LINE('',#7436,#7437);
#7436 = CARTESIAN_POINT('',(21.111362775827,-19.9872831293));
#7437 = VECTOR('',#7438,1.);
#7438 = DIRECTION('',(-0.5,-0.866025403784));
#7439 = ( GEOMETRIC_REPRESENTATION_CONTEXT(2) 
PARAMETRIC_REPRESENTATION_CONTEXT() REPRESENTATION_CONTEXT('2D SPACE',''
  ) );
#7440 = ORIENTED_EDGE('',*,*,#7345,.T.);
#7441 = ORIENTED_EDGE('',*,*,#7168,.T.);
#7442 = ORIENTED_EDGE('',*,*,#7443,.F.);
#7443 = EDGE_CURVE('',#7419,#7027,#7444,.T.);
#7444 = SURFACE_CURVE('',#7445,(#7449,#7456),.PCURVE_S1.);
#7445 = LINE('',#7446,#7447);
#7446 = CARTESIAN_POINT('',(46.547515343755,43.98758427727,
    5.063742759908));
#7447 = VECTOR('',#7448,1.);
#7448 = DIRECTION('',(0.258819045103,-0.965925826289,1.072393092426E-16)
  );
#7449 = PCURVE('',#7182,#7450);
#7450 = DEFINITIONAL_REPRESENTATION('',(#7451),#7455);
#7451 = LINE('',#7452,#7453);
#7452 = CARTESIAN_POINT('',(3.3486315613,-1.174629115044E-14));
#7453 = VECTOR('',#7454,1.);
#7454 = DIRECTION('',(-1.594235490686E-18,-1.));
#7455 = ( GEOMETRIC_REPRESENTATION_CONTEXT(2) 
PARAMETRIC_REPRESENTATION_CONTEXT() REPRESENTATION_CONTEXT('2D SPACE',''
  ) );
#7456 = PCURVE('',#7044,#7457);
#7457 = DEFINITIONAL_REPRESENTATION('',(#7458),#7462);
#7458 = LINE('',#7459,#7460);
#7459 = CARTESIAN_POINT('',(0.,0.));
#7460 = VECTOR('',#7461,1.);
#7461 = DIRECTION('',(2.244279808911E-17,-1.));
#7462 = ( GEOMETRIC_REPRESENTATION_CONTEXT(2) 
PARAMETRIC_REPRESENTATION_CONTEXT() REPRESENTATION_CONTEXT('2D SPACE',''
  ) );
#7463 = ADVANCED_FACE('',(#7464),#7044,.T.);
#7464 = FACE_BOUND('',#7465,.T.);
#7465 = EDGE_LOOP('',(#7466,#7487,#7488,#7489));
#7466 = ORIENTED_EDGE('',*,*,#7467,.T.);
#7467 = EDGE_CURVE('',#7370,#7419,#7468,.T.);
#7468 = SURFACE_CURVE('',#7469,(#7473,#7480),.PCURVE_S1.);
#7469 = LINE('',#7470,#7471);
#7470 = CARTESIAN_POINT('',(43.289733498526,27.585521556573,
    17.866961579188));
#7471 = VECTOR('',#7472,1.);
#7472 = DIRECTION('',(0.482962913145,0.129409522551,-0.866025403784));
#7473 = PCURVE('',#7044,#7474);
#7474 = DEFINITIONAL_REPRESENTATION('',(#7475),#7479);
#7475 = LINE('',#7476,#7477);
#7476 = CARTESIAN_POINT('',(14.783883663609,-15.));
#7477 = VECTOR('',#7478,1.);
#7478 = DIRECTION('',(-1.,9.605239241518E-18));
#7479 = ( GEOMETRIC_REPRESENTATION_CONTEXT(2) 
PARAMETRIC_REPRESENTATION_CONTEXT() REPRESENTATION_CONTEXT('2D SPACE',''
  ) );
#7480 = PCURVE('',#45,#7481);
#7481 = DEFINITIONAL_REPRESENTATION('',(#7482),#7486);
#7482 = LINE('',#7483,#7484);
#7483 = CARTESIAN_POINT('',(12.016829947324,-10.13303842081));
#7484 = VECTOR('',#7485,1.);
#7485 = DIRECTION('',(0.5,-0.866025403784));
#7486 = ( GEOMETRIC_REPRESENTATION_CONTEXT(2) 
PARAMETRIC_REPRESENTATION_CONTEXT() REPRESENTATION_CONTEXT('2D SPACE',''
  ) );
#7487 = ORIENTED_EDGE('',*,*,#7443,.T.);
#7488 = ORIENTED_EDGE('',*,*,#7026,.T.);
#7489 = ORIENTED_EDGE('',*,*,#7392,.F.);
#7490 = ADVANCED_FACE('',(#7491),#249,.T.);
#7491 = FACE_BOUND('',#7492,.F.);
#7492 = EDGE_LOOP('',(#7493,#7515,#7516,#7517));
#7493 = ORIENTED_EDGE('',*,*,#7494,.F.);
#7494 = EDGE_CURVE('',#24,#4351,#7495,.T.);
#7495 = SURFACE_CURVE('',#7496,(#7501,#7508),.PCURVE_S1.);
#7496 = CIRCLE('',#7497,4.8);
#7497 = AXIS2_PLACEMENT_3D('',#7498,#7499,#7500);
#7498 = CARTESIAN_POINT('',(4.636443966188,17.228403841576,28.));
#7499 = DIRECTION('',(0.258819045103,-0.965925826289,1.072393092426E-16)
  );
#7500 = DIRECTION('',(0.965925826289,0.258819045103,-2.873468630843E-17)
  );
#7501 = PCURVE('',#249,#7502);
#7502 = DEFINITIONAL_REPRESENTATION('',(#7503),#7507);
#7503 = LINE('',#7504,#7505);
#7504 = CARTESIAN_POINT('',(-0.,0.));
#7505 = VECTOR('',#7506,1.);
#7506 = DIRECTION('',(-1.,0.));
#7507 = ( GEOMETRIC_REPRESENTATION_CONTEXT(2) 
PARAMETRIC_REPRESENTATION_CONTEXT() REPRESENTATION_CONTEXT('2D SPACE',''
  ) );
#7508 = PCURVE('',#45,#7509);
#7509 = DEFINITIONAL_REPRESENTATION('',(#7510),#7514);
#7510 = CIRCLE('',#7511,4.8);
#7511 = AXIS2_PLACEMENT_2D('',#7512,#7513);
#7512 = CARTESIAN_POINT('',(-28.,-8.045712166361E-16));
#7513 = DIRECTION('',(1.,0.));
#7514 = ( GEOMETRIC_REPRESENTATION_CONTEXT(2) 
PARAMETRIC_REPRESENTATION_CONTEXT() REPRESENTATION_CONTEXT('2D SPACE',''
  ) );
#7515 = ORIENTED_EDGE('',*,*,#235,.F.);
#7516 = ORIENTED_EDGE('',*,*,#5781,.T.);
#7517 = ORIENTED_EDGE('',*,*,#4374,.T.);
#7518 = ADVANCED_FACE('',(#7519,#7535,#7543,#7551),#45,.F.);
#7519 = FACE_BOUND('',#7520,.F.);
#7520 = EDGE_LOOP('',(#7521,#7522,#7523,#7524,#7525,#7526,#7527,#7528,
    #7529,#7530,#7531,#7532,#7533,#7534));
#7521 = ORIENTED_EDGE('',*,*,#293,.F.);
#7522 = ORIENTED_EDGE('',*,*,#21,.T.);
#7523 = ORIENTED_EDGE('',*,*,#7494,.T.);
#7524 = ORIENTED_EDGE('',*,*,#4350,.T.);
#7525 = ORIENTED_EDGE('',*,*,#4245,.F.);
#7526 = ORIENTED_EDGE('',*,*,#1531,.T.);
#7527 = ORIENTED_EDGE('',*,*,#4220,.F.);
#7528 = ORIENTED_EDGE('',*,*,#2942,.T.);
#7529 = ORIENTED_EDGE('',*,*,#2750,.T.);
#7530 = ORIENTED_EDGE('',*,*,#2668,.T.);
#7531 = ORIENTED_EDGE('',*,*,#2586,.T.);
#7532 = ORIENTED_EDGE('',*,*,#2450,.T.);
#7533 = ORIENTED_EDGE('',*,*,#5580,.F.);
#7534 = ORIENTED_EDGE('',*,*,#602,.F.);
#7535 = FACE_BOUND('',#7536,.F.);
#7536 = EDGE_LOOP('',(#7537,#7538,#7539,#7540,#7541,#7542));
#7537 = ORIENTED_EDGE('',*,*,#7369,.T.);
#7538 = ORIENTED_EDGE('',*,*,#7467,.T.);
#7539 = ORIENTED_EDGE('',*,*,#7418,.T.);
#7540 = ORIENTED_EDGE('',*,*,#7320,.T.);
#7541 = ORIENTED_EDGE('',*,*,#7200,.T.);
#7542 = ORIENTED_EDGE('',*,*,#7271,.T.);
#7543 = FACE_BOUND('',#7544,.F.);
#7544 = EDGE_LOOP('',(#7545,#7546,#7547,#7548,#7549,#7550));
#7545 = ORIENTED_EDGE('',*,*,#6842,.T.);
#7546 = ORIENTED_EDGE('',*,*,#6940,.T.);
#7547 = ORIENTED_EDGE('',*,*,#6891,.T.);
#7548 = ORIENTED_EDGE('',*,*,#6793,.T.);
#7549 = ORIENTED_EDGE('',*,*,#6673,.T.);
#7550 = ORIENTED_EDGE('',*,*,#6744,.T.);
#7551 = FACE_BOUND('',#7552,.F.);
#7552 = EDGE_LOOP('',(#7553,#7554,#7555,#7556,#7557,#7558));
#7553 = ORIENTED_EDGE('',*,*,#6315,.T.);
#7554 = ORIENTED_EDGE('',*,*,#6413,.T.);
#7555 = ORIENTED_EDGE('',*,*,#6364,.T.);
#7556 = ORIENTED_EDGE('',*,*,#6266,.T.);
#7557 = ORIENTED_EDGE('',*,*,#6146,.T.);
#7558 = ORIENTED_EDGE('',*,*,#6217,.T.);
#7559 = ( GEOMETRIC_REPRESENTATION_CONTEXT(3) 
GLOBAL_UNCERTAINTY_ASSIGNED_CONTEXT((#7563)) 
GLOBAL_UNIT_ASSIGNED_CONTEXT((#7560,#7561,#7562)) REPRESENTATION_CONTEXT
('Context #1','3D Context with UNIT and UNCERTAINTY') );
#7560 = ( LENGTH_UNIT() NAMED_UNIT(*) SI_UNIT(.MILLI.,.METRE.) );
#7561 = ( NAMED_UNIT(*) PLANE_ANGLE_UNIT() SI_UNIT($,.RADIAN.) );
#7562 = ( NAMED_UNIT(*) SI_UNIT($,.STERADIAN.) SOLID_ANGLE_UNIT() );
#7563 = UNCERTAINTY_MEASURE_WITH_UNIT(LENGTH_MEASURE(1.E-07),#7560,
  'distance_accuracy_value','confusion accuracy');
#7564 = PRODUCT_RELATED_PRODUCT_CATEGORY('part',$,(#7));
ENDSEC;
END-ISO-10303-21;
