ISO-10303-21;
HEADER;
FILE_DESCRIPTION(('Open CASCADE Model'),'2;1');
FILE_NAME('Open CASCADE Shape Model','2026-08-18T21:58:26',('Author'),(
    'Open CASCADE'),'Open CASCADE STEP processor 7.9','Open CASCADE 7.9'
  ,'Unknown');
FILE_SCHEMA(('AUTOMOTIVE_DESIGN { 1 0 10303 214 1 1 1 1 }'));
ENDSEC;
DATA;
#1 = APPLICATION_PROTOCOL_DEFINITION('international standard',
  'automotive_design',2000,#2);
#2 = APPLICATION_CONTEXT(
  'core data for automotive mechanical design processes');
#3 = SHAPE_DEFINITION_REPRESENTATION(#4,#10);
#4 = PRODUCT_DEFINITION_SHAPE('','',#5);
#5 = PRODUCT_DEFINITION('design','',#6,#9);
#6 = PRODUCT_DEFINITION_FORMATION('','',#7);
#7 = PRODUCT('Open CASCADE STEP translator 7.9 1',
  'Open CASCADE STEP translator 7.9 1','',(#8));
#8 = PRODUCT_CONTEXT('',#2,'mechanical');
#9 = PRODUCT_DEFINITION_CONTEXT('part definition',#2,'design');
#10 = ADVANCED_BREP_SHAPE_REPRESENTATION('',(#11,#15),#2414);
#11 = AXIS2_PLACEMENT_3D('',#12,#13,#14);
#12 = CARTESIAN_POINT('',(0.,0.,0.));
#13 = DIRECTION('',(0.,0.,1.));
#14 = DIRECTION('',(1.,0.,-0.));
#15 = MANIFOLD_SOLID_BREP('',#16);
#16 = CLOSED_SHELL('',(#17,#462,#536,#618,#669,#723,#805,#852,#933,#1268
    ,#1328,#1409,#1464,#1582,#1630,#1748,#1861,#1889,#1944,#1999,#2054,
    #2111,#2150,#2176,#2204,#2232,#2258,#2284,#2288,#2292,#2296,#2357,
    #2407));
#17 = ADVANCED_FACE('',(#18),#32,.T.);
#18 = FACE_BOUND('',#19,.F.);
#19 = EDGE_LOOP('',(#20,#53,#114,#147,#170,#197,#198,#226,#287,#313,#374
    ,#403));
#20 = ORIENTED_EDGE('',*,*,#21,.F.);
#21 = EDGE_CURVE('',#22,#24,#26,.T.);
#22 = VERTEX_POINT('',#23);
#23 = CARTESIAN_POINT('',(22.449944320644,5.,6.1));
#24 = VERTEX_POINT('',#25);
#25 = CARTESIAN_POINT('',(22.449944320644,5.,3.9));
#26 = SURFACE_CURVE('',#27,(#31,#42),.PCURVE_S1.);
#27 = LINE('',#28,#29);
#28 = CARTESIAN_POINT('',(22.449944320644,5.,1.8));
#29 = VECTOR('',#30,1.);
#30 = DIRECTION('',(-0.,-0.,-1.));
#31 = PCURVE('',#32,#37);
#32 = CYLINDRICAL_SURFACE('',#33,23.);
#33 = AXIS2_PLACEMENT_3D('',#34,#35,#36);
#34 = CARTESIAN_POINT('',(0.,0.,1.8));
#35 = DIRECTION('',(-0.,-0.,-1.));
#36 = DIRECTION('',(1.,0.,0.));
#37 = DEFINITIONAL_REPRESENTATION('',(#38),#41);
#38 = B_SPLINE_CURVE_WITH_KNOTS('',1,(#39,#40),.UNSPECIFIED.,.F.,.F.,(2,
    2),(-4.52,-1.88),.PIECEWISE_BEZIER_KNOTS.);
#39 = CARTESIAN_POINT('',(-0.219141058998,-4.52));
#40 = CARTESIAN_POINT('',(-0.219141058998,-1.88));
#41 = ( GEOMETRIC_REPRESENTATION_CONTEXT(2) 
PARAMETRIC_REPRESENTATION_CONTEXT() REPRESENTATION_CONTEXT('2D SPACE',''
  ) );
#42 = PCURVE('',#43,#48);
#43 = PLANE('',#44);
#44 = AXIS2_PLACEMENT_3D('',#45,#46,#47);
#45 = CARTESIAN_POINT('',(18.6,5.,3.9));
#46 = DIRECTION('',(0.,-1.,0.));
#47 = DIRECTION('',(0.,0.,1.));
#48 = DEFINITIONAL_REPRESENTATION('',(#49),#52);
#49 = B_SPLINE_CURVE_WITH_KNOTS('',1,(#50,#51),.UNSPECIFIED.,.F.,.F.,(2,
    2),(-4.52,-1.88),.PIECEWISE_BEZIER_KNOTS.);
#50 = CARTESIAN_POINT('',(2.42,-3.849944320644));
#51 = CARTESIAN_POINT('',(-0.22,-3.849944320644));
#52 = ( GEOMETRIC_REPRESENTATION_CONTEXT(2) 
PARAMETRIC_REPRESENTATION_CONTEXT() REPRESENTATION_CONTEXT('2D SPACE',''
  ) );
#53 = ORIENTED_EDGE('',*,*,#54,.T.);
#54 = EDGE_CURVE('',#22,#55,#57,.T.);
#55 = VERTEX_POINT('',#56);
#56 = CARTESIAN_POINT('',(22.863726730347,2.5,8.6));
#57 = SURFACE_CURVE('',#58,(#73,#91),.PCURVE_S1.);
#58 = B_SPLINE_CURVE_WITH_KNOTS('',7,(#59,#60,#61,#62,#63,#64,#65,#66,
    #67,#68,#69,#70,#71,#72),.UNSPECIFIED.,.F.,.F.,(8,6,8),(0.,
    0.508709522344,1.),.UNSPECIFIED.);
#59 = CARTESIAN_POINT('',(22.449944320644,5.,6.1));
#60 = CARTESIAN_POINT('',(22.449944320644,5.,6.349319725238));
#61 = CARTESIAN_POINT('',(22.456404791482,4.970992438579,6.598456442622)
  );
#62 = CARTESIAN_POINT('',(22.469309803733,4.913049702334,6.845279585585)
  );
#63 = CARTESIAN_POINT('',(22.488531450596,4.825630290057,7.087484763519)
  );
#64 = CARTESIAN_POINT('',(22.513801744425,4.707734124224,7.322276045846)
  );
#65 = CARTESIAN_POINT('',(22.544595253959,4.558057440324,7.545956714552)
  );
#66 = CARTESIAN_POINT('',(22.614216164848,4.198756585476,7.953503535774)
  );
#67 = CARTESIAN_POINT('',(22.653552404701,3.987128601987,8.143271287248)
  );
#68 = CARTESIAN_POINT('',(22.69678383623,3.74066079396,8.311845674779));
#69 = CARTESIAN_POINT('',(22.741808477829,3.462413168495,8.449557217656)
  );
#70 = CARTESIAN_POINT('',(22.786049333428,3.157742042587,8.547967456207)
  );
#71 = CARTESIAN_POINT('',(22.827215199163,2.833915868599,8.6));
#72 = CARTESIAN_POINT('',(22.863726730347,2.5,8.6));
#73 = PCURVE('',#32,#74);
#74 = DEFINITIONAL_REPRESENTATION('',(#75),#90);
#75 = B_SPLINE_CURVE_WITH_KNOTS('',7,(#76,#77,#78,#79,#80,#81,#82,#83,
    #84,#85,#86,#87,#88,#89),.UNSPECIFIED.,.F.,.F.,(8,6,8),(0.,
    0.508709522344,1.),.UNSPECIFIED.);
#76 = CARTESIAN_POINT('',(-0.219141058998,-4.3));
#77 = CARTESIAN_POINT('',(-0.219141058998,-4.549319725238));
#78 = CARTESIAN_POINT('',(-0.217848959951,-4.798456442622));
#79 = CARTESIAN_POINT('',(-0.215267982932,-5.045279585585));
#80 = CARTESIAN_POINT('',(-0.21137636243,-5.287484763519));
#81 = CARTESIAN_POINT('',(-0.206134170711,-5.522276045846));
#82 = CARTESIAN_POINT('',(-0.199490632816,-5.745956714552));
#83 = CARTESIAN_POINT('',(-0.183578291685,-6.153503535774));
#84 = CARTESIAN_POINT('',(-0.174219752573,-6.343271287248));
#85 = CARTESIAN_POINT('',(-0.163341076354,-6.511845674779));
#86 = CARTESIAN_POINT('',(-0.151088199593,-6.649557217656));
#87 = CARTESIAN_POINT('',(-0.137705976016,-6.747967456207));
#88 = CARTESIAN_POINT('',(-0.123515445894,-6.8));
#89 = CARTESIAN_POINT('',(-0.108910833421,-6.8));
#90 = ( GEOMETRIC_REPRESENTATION_CONTEXT(2) 
PARAMETRIC_REPRESENTATION_CONTEXT() REPRESENTATION_CONTEXT('2D SPACE',''
  ) );
#91 = PCURVE('',#92,#97);
#92 = CYLINDRICAL_SURFACE('',#93,2.5);
#93 = AXIS2_PLACEMENT_3D('',#94,#95,#96);
#94 = CARTESIAN_POINT('',(18.6,2.5,6.1));
#95 = DIRECTION('',(-1.,-0.,-0.));
#96 = DIRECTION('',(0.,1.,0.));
#97 = DEFINITIONAL_REPRESENTATION('',(#98),#113);
#98 = B_SPLINE_CURVE_WITH_KNOTS('',7,(#99,#100,#101,#102,#103,#104,#105,
    #106,#107,#108,#109,#110,#111,#112),.UNSPECIFIED.,.F.,.F.,(8,6,8),(
    0.,0.508709522344,1.),.UNSPECIFIED.);
#99 = CARTESIAN_POINT('',(0.,-3.849944320644));
#100 = CARTESIAN_POINT('',(-9.97278900953E-02,-3.849944320644));
#101 = CARTESIAN_POINT('',(-0.199382406913,-3.856404791482));
#102 = CARTESIAN_POINT('',(-0.299732483308,-3.869309803733));
#103 = CARTESIAN_POINT('',(-0.401462441619,-3.888531450596));
#104 = CARTESIAN_POINT('',(-0.50530300074,-3.913801744425));
#105 = CARTESIAN_POINT('',(-0.612010443521,-3.944595253959));
#106 = CARTESIAN_POINT('',(-0.82933656373,-4.014216164848));
#107 = CARTESIAN_POINT('',(-0.942256097789,-4.053552404701));
#108 = CARTESIAN_POINT('',(-1.0600208882,-4.09678383623));
#109 = CARTESIAN_POINT('',(-1.181939390757,-4.141808477829));
#110 = CARTESIAN_POINT('',(-1.30769949824,-4.186049333428));
#111 = CARTESIAN_POINT('',(-1.437229979355,-4.227215199163));
#112 = CARTESIAN_POINT('',(-1.570796326795,-4.263726730347));
#113 = ( GEOMETRIC_REPRESENTATION_CONTEXT(2) 
PARAMETRIC_REPRESENTATION_CONTEXT() REPRESENTATION_CONTEXT('2D SPACE',''
  ) );
#114 = ORIENTED_EDGE('',*,*,#115,.T.);
#115 = EDGE_CURVE('',#55,#116,#118,.T.);
#116 = VERTEX_POINT('',#117);
#117 = CARTESIAN_POINT('',(23.,0.,8.6));
#118 = SURFACE_CURVE('',#119,(#124,#131),.PCURVE_S1.);
#119 = CIRCLE('',#120,23.);
#120 = AXIS2_PLACEMENT_3D('',#121,#122,#123);
#121 = CARTESIAN_POINT('',(0.,0.,8.6));
#122 = DIRECTION('',(0.,0.,-1.));
#123 = DIRECTION('',(1.,0.,0.));
#124 = PCURVE('',#32,#125);
#125 = DEFINITIONAL_REPRESENTATION('',(#126),#130);
#126 = LINE('',#127,#128);
#127 = CARTESIAN_POINT('',(-6.28318530718,-6.8));
#128 = VECTOR('',#129,1.);
#129 = DIRECTION('',(1.,-0.));
#130 = ( GEOMETRIC_REPRESENTATION_CONTEXT(2) 
PARAMETRIC_REPRESENTATION_CONTEXT() REPRESENTATION_CONTEXT('2D SPACE',''
  ) );
#131 = PCURVE('',#132,#137);
#132 = PLANE('',#133);
#133 = AXIS2_PLACEMENT_3D('',#134,#135,#136);
#134 = CARTESIAN_POINT('',(18.6,-5.9,8.6));
#135 = DIRECTION('',(0.,0.,1.));
#136 = DIRECTION('',(0.,1.,0.));
#137 = DEFINITIONAL_REPRESENTATION('',(#138),#146);
#138 = ( BOUNDED_CURVE() B_SPLINE_CURVE(2,(#139,#140,#141,#142,#143,#144
,#145),.UNSPECIFIED.,.T.,.F.) B_SPLINE_CURVE_WITH_KNOTS((1,2,2,2,2,1),(
    -2.094395102393,0.,2.094395102393,4.188790204786,6.28318530718,
8.377580409573),.UNSPECIFIED.) CURVE() GEOMETRIC_REPRESENTATION_ITEM() 
RATIONAL_B_SPLINE_CURVE((1.,0.5,1.,0.5,1.,0.5,1.)) REPRESENTATION_ITEM(
  '') );
#139 = CARTESIAN_POINT('',(5.9,-4.4));
#140 = CARTESIAN_POINT('',(-33.93716857408,-4.4));
#141 = CARTESIAN_POINT('',(-14.01858428704,30.1));
#142 = CARTESIAN_POINT('',(5.9,64.6));
#143 = CARTESIAN_POINT('',(25.818584287042,30.1));
#144 = CARTESIAN_POINT('',(45.737168574084,-4.4));
#145 = CARTESIAN_POINT('',(5.9,-4.4));
#146 = ( GEOMETRIC_REPRESENTATION_CONTEXT(2) 
PARAMETRIC_REPRESENTATION_CONTEXT() REPRESENTATION_CONTEXT('2D SPACE',''
  ) );
#147 = ORIENTED_EDGE('',*,*,#148,.T.);
#148 = EDGE_CURVE('',#116,#149,#151,.T.);
#149 = VERTEX_POINT('',#150);
#150 = CARTESIAN_POINT('',(23.,0.,12.8));
#151 = SEAM_CURVE('',#152,(#156,#163),.PCURVE_S1.);
#152 = LINE('',#153,#154);
#153 = CARTESIAN_POINT('',(23.,0.,1.8));
#154 = VECTOR('',#155,1.);
#155 = DIRECTION('',(0.,0.,1.));
#156 = PCURVE('',#32,#157);
#157 = DEFINITIONAL_REPRESENTATION('',(#158),#162);
#158 = LINE('',#159,#160);
#159 = CARTESIAN_POINT('',(-0.,0.));
#160 = VECTOR('',#161,1.);
#161 = DIRECTION('',(-0.,-1.));
#162 = ( GEOMETRIC_REPRESENTATION_CONTEXT(2) 
PARAMETRIC_REPRESENTATION_CONTEXT() REPRESENTATION_CONTEXT('2D SPACE',''
  ) );
#163 = PCURVE('',#32,#164);
#164 = DEFINITIONAL_REPRESENTATION('',(#165),#169);
#165 = LINE('',#166,#167);
#166 = CARTESIAN_POINT('',(-6.28318530718,0.));
#167 = VECTOR('',#168,1.);
#168 = DIRECTION('',(-0.,-1.));
#169 = ( GEOMETRIC_REPRESENTATION_CONTEXT(2) 
PARAMETRIC_REPRESENTATION_CONTEXT() REPRESENTATION_CONTEXT('2D SPACE',''
  ) );
#170 = ORIENTED_EDGE('',*,*,#171,.T.);
#171 = EDGE_CURVE('',#149,#149,#172,.T.);
#172 = SURFACE_CURVE('',#173,(#178,#185),.PCURVE_S1.);
#173 = CIRCLE('',#174,23.);
#174 = AXIS2_PLACEMENT_3D('',#175,#176,#177);
#175 = CARTESIAN_POINT('',(0.,0.,12.8));
#176 = DIRECTION('',(0.,0.,1.));
#177 = DIRECTION('',(1.,0.,-0.));
#178 = PCURVE('',#32,#179);
#179 = DEFINITIONAL_REPRESENTATION('',(#180),#184);
#180 = LINE('',#181,#182);
#181 = CARTESIAN_POINT('',(-0.,-11.));
#182 = VECTOR('',#183,1.);
#183 = DIRECTION('',(-1.,0.));
#184 = ( GEOMETRIC_REPRESENTATION_CONTEXT(2) 
PARAMETRIC_REPRESENTATION_CONTEXT() REPRESENTATION_CONTEXT('2D SPACE',''
  ) );
#185 = PCURVE('',#186,#191);
#186 = TOROIDAL_SURFACE('',#187,21.5,1.5);
#187 = AXIS2_PLACEMENT_3D('',#188,#189,#190);
#188 = CARTESIAN_POINT('',(0.,0.,12.8));
#189 = DIRECTION('',(0.,0.,1.));
#190 = DIRECTION('',(1.,0.,-0.));
#191 = DEFINITIONAL_REPRESENTATION('',(#192),#196);
#192 = LINE('',#193,#194);
#193 = CARTESIAN_POINT('',(0.,0.));
#194 = VECTOR('',#195,1.);
#195 = DIRECTION('',(1.,0.));
#196 = ( GEOMETRIC_REPRESENTATION_CONTEXT(2) 
PARAMETRIC_REPRESENTATION_CONTEXT() REPRESENTATION_CONTEXT('2D SPACE',''
  ) );
#197 = ORIENTED_EDGE('',*,*,#148,.F.);
#198 = ORIENTED_EDGE('',*,*,#199,.T.);
#199 = EDGE_CURVE('',#116,#200,#202,.T.);
#200 = VERTEX_POINT('',#201);
#201 = CARTESIAN_POINT('',(22.230384612057,-5.9,8.6));
#202 = SURFACE_CURVE('',#203,(#208,#215),.PCURVE_S1.);
#203 = CIRCLE('',#204,23.);
#204 = AXIS2_PLACEMENT_3D('',#205,#206,#207);
#205 = CARTESIAN_POINT('',(0.,0.,8.6));
#206 = DIRECTION('',(0.,0.,-1.));
#207 = DIRECTION('',(1.,0.,0.));
#208 = PCURVE('',#32,#209);
#209 = DEFINITIONAL_REPRESENTATION('',(#210),#214);
#210 = LINE('',#211,#212);
#211 = CARTESIAN_POINT('',(-6.28318530718,-6.8));
#212 = VECTOR('',#213,1.);
#213 = DIRECTION('',(1.,-0.));
#214 = ( GEOMETRIC_REPRESENTATION_CONTEXT(2) 
PARAMETRIC_REPRESENTATION_CONTEXT() REPRESENTATION_CONTEXT('2D SPACE',''
  ) );
#215 = PCURVE('',#132,#216);
#216 = DEFINITIONAL_REPRESENTATION('',(#217),#225);
#217 = ( BOUNDED_CURVE() B_SPLINE_CURVE(2,(#218,#219,#220,#221,#222,#223
,#224),.UNSPECIFIED.,.T.,.F.) B_SPLINE_CURVE_WITH_KNOTS((1,2,2,2,2,1),(
    -2.094395102393,0.,2.094395102393,4.188790204786,6.28318530718,
8.377580409573),.UNSPECIFIED.) CURVE() GEOMETRIC_REPRESENTATION_ITEM() 
RATIONAL_B_SPLINE_CURVE((1.,0.5,1.,0.5,1.,0.5,1.)) REPRESENTATION_ITEM(
  '') );
#218 = CARTESIAN_POINT('',(5.9,-4.4));
#219 = CARTESIAN_POINT('',(-33.93716857408,-4.4));
#220 = CARTESIAN_POINT('',(-14.01858428704,30.1));
#221 = CARTESIAN_POINT('',(5.9,64.6));
#222 = CARTESIAN_POINT('',(25.818584287042,30.1));
#223 = CARTESIAN_POINT('',(45.737168574084,-4.4));
#224 = CARTESIAN_POINT('',(5.9,-4.4));
#225 = ( GEOMETRIC_REPRESENTATION_CONTEXT(2) 
PARAMETRIC_REPRESENTATION_CONTEXT() REPRESENTATION_CONTEXT('2D SPACE',''
  ) );
#226 = ORIENTED_EDGE('',*,*,#227,.T.);
#227 = EDGE_CURVE('',#200,#228,#230,.T.);
#228 = VERTEX_POINT('',#229);
#229 = CARTESIAN_POINT('',(21.411212016138,-8.4,6.1));
#230 = SURFACE_CURVE('',#231,(#246,#264),.PCURVE_S1.);
#231 = B_SPLINE_CURVE_WITH_KNOTS('',7,(#232,#233,#234,#235,#236,#237,
    #238,#239,#240,#241,#242,#243,#244,#245),.UNSPECIFIED.,.F.,.F.,(8,6,
    8),(0.,0.459990197885,1.),.UNSPECIFIED.);
#232 = CARTESIAN_POINT('',(22.230384612057,-5.9,8.6));
#233 = CARTESIAN_POINT('',(22.149916623378,-6.203192260558,8.6));
#234 = CARTESIAN_POINT('',(22.066224218401,-6.499075667859,
    8.557101770142));
#235 = CARTESIAN_POINT('',(21.981526808533,-6.780682473049,
    8.475025472995));
#236 = CARTESIAN_POINT('',(21.898452590367,-7.042145823538,
    8.358647195139));
#237 = CARTESIAN_POINT('',(21.819773263037,-7.278880009213,
    8.213912219398));
#238 = CARTESIAN_POINT('',(21.747851235038,-7.487816627719,
    8.047717278214));
#239 = CARTESIAN_POINT('',(21.609517156834,-7.879021323113,7.65651258282
    ));
#240 = CARTESIAN_POINT('',(21.544944999041,-8.053989921146,
    7.422638643968));
#241 = CARTESIAN_POINT('',(21.492012948642,-8.193015779609,
    7.172652348884));
#242 = CARTESIAN_POINT('',(21.451736775002,-8.296704888879,
    6.911484015833));
#243 = CARTESIAN_POINT('',(21.424712733131,-8.365587151739,
    6.643227961398));
#244 = CARTESIAN_POINT('',(21.411212016138,-8.4,6.371556936378));
#245 = CARTESIAN_POINT('',(21.411212016138,-8.4,6.1));
#246 = PCURVE('',#32,#247);
#247 = DEFINITIONAL_REPRESENTATION('',(#248),#263);
#248 = B_SPLINE_CURVE_WITH_KNOTS('',7,(#249,#250,#251,#252,#253,#254,
    #255,#256,#257,#258,#259,#260,#261,#262),.UNSPECIFIED.,.F.,.F.,(8,6,
    8),(0.,0.459990197885,1.),.UNSPECIFIED.);
#249 = CARTESIAN_POINT('',(-6.023763510423,-6.8));
#250 = CARTESIAN_POINT('',(-6.010124868274,-6.8));
#251 = CARTESIAN_POINT('',(-5.996757403397,-6.757101770142));
#252 = CARTESIAN_POINT('',(-5.98397455943,-6.675025472995));
#253 = CARTESIAN_POINT('',(-5.972048696737,-6.558647195139));
#254 = CARTESIAN_POINT('',(-5.961203341463,-6.413912219398));
#255 = CARTESIAN_POINT('',(-5.951596333679,-6.247717278214));
#256 = CARTESIAN_POINT('',(-5.933555347424,-5.85651258282));
#257 = CARTESIAN_POINT('',(-5.925447254031,-5.622638643968));
#258 = CARTESIAN_POINT('',(-5.918979696133,-5.372652348884));
#259 = CARTESIAN_POINT('',(-5.914143341522,-5.111484015833));
#260 = CARTESIAN_POINT('',(-5.910926226699,-4.843227961398));
#261 = CARTESIAN_POINT('',(-5.909318992287,-4.571556936378));
#262 = CARTESIAN_POINT('',(-5.909318992287,-4.3));
#263 = ( GEOMETRIC_REPRESENTATION_CONTEXT(2) 
PARAMETRIC_REPRESENTATION_CONTEXT() REPRESENTATION_CONTEXT('2D SPACE',''
  ) );
#264 = PCURVE('',#265,#270);
#265 = CYLINDRICAL_SURFACE('',#266,2.5);
#266 = AXIS2_PLACEMENT_3D('',#267,#268,#269);
#267 = CARTESIAN_POINT('',(18.6,-5.9,6.1));
#268 = DIRECTION('',(-1.,-0.,-0.));
#269 = DIRECTION('',(0.,1.,0.));
#270 = DEFINITIONAL_REPRESENTATION('',(#271),#286);
#271 = B_SPLINE_CURVE_WITH_KNOTS('',7,(#272,#273,#274,#275,#276,#277,
    #278,#279,#280,#281,#282,#283,#284,#285),.UNSPECIFIED.,.F.,.F.,(8,6,
    8),(0.,0.459990197885,1.),.UNSPECIFIED.);
#272 = CARTESIAN_POINT('',(-1.570796326795,-3.630384612057));
#273 = CARTESIAN_POINT('',(-1.692073231018,-3.549916623378));
#274 = CARTESIAN_POINT('',(-1.810426607829,-3.466224218401));
#275 = CARTESIAN_POINT('',(-1.925982631173,-3.381526808532));
#276 = CARTESIAN_POINT('',(-2.038677182677,-3.298452590367));
#277 = CARTESIAN_POINT('',(-2.14829603721,-3.219773263037));
#278 = CARTESIAN_POINT('',(-2.254399213985,-3.147851235038));
#279 = CARTESIAN_POINT('',(-2.475698008341,-3.009517156834));
#280 = CARTESIAN_POINT('',(-2.591336319103,-2.94494499904));
#281 = CARTESIAN_POINT('',(-2.704151908706,-2.892012948642));
#282 = CARTESIAN_POINT('',(-2.814904844475,-2.851736775002));
#283 = CARTESIAN_POINT('',(-2.924301705401,-2.824712733131));
#284 = CARTESIAN_POINT('',(-3.032969879038,-2.811212016138));
#285 = CARTESIAN_POINT('',(-3.14159265359,-2.811212016138));
#286 = ( GEOMETRIC_REPRESENTATION_CONTEXT(2) 
PARAMETRIC_REPRESENTATION_CONTEXT() REPRESENTATION_CONTEXT('2D SPACE',''
  ) );
#287 = ORIENTED_EDGE('',*,*,#288,.T.);
#288 = EDGE_CURVE('',#228,#289,#291,.T.);
#289 = VERTEX_POINT('',#290);
#290 = CARTESIAN_POINT('',(21.411212016138,-8.4,3.9));
#291 = SURFACE_CURVE('',#292,(#296,#302),.PCURVE_S1.);
#292 = LINE('',#293,#294);
#293 = CARTESIAN_POINT('',(21.411212016138,-8.4,1.8));
#294 = VECTOR('',#295,1.);
#295 = DIRECTION('',(-0.,-0.,-1.));
#296 = PCURVE('',#32,#297);
#297 = DEFINITIONAL_REPRESENTATION('',(#298),#301);
#298 = B_SPLINE_CURVE_WITH_KNOTS('',1,(#299,#300),.UNSPECIFIED.,.F.,.F.,
  (2,2),(-4.52,-1.88),.PIECEWISE_BEZIER_KNOTS.);
#299 = CARTESIAN_POINT('',(-5.909318992287,-4.52));
#300 = CARTESIAN_POINT('',(-5.909318992287,-1.88));
#301 = ( GEOMETRIC_REPRESENTATION_CONTEXT(2) 
PARAMETRIC_REPRESENTATION_CONTEXT() REPRESENTATION_CONTEXT('2D SPACE',''
  ) );
#302 = PCURVE('',#303,#308);
#303 = PLANE('',#304);
#304 = AXIS2_PLACEMENT_3D('',#305,#306,#307);
#305 = CARTESIAN_POINT('',(18.6,-8.4,3.9));
#306 = DIRECTION('',(0.,-1.,0.));
#307 = DIRECTION('',(0.,0.,1.));
#308 = DEFINITIONAL_REPRESENTATION('',(#309),#312);
#309 = B_SPLINE_CURVE_WITH_KNOTS('',1,(#310,#311),.UNSPECIFIED.,.F.,.F.,
  (2,2),(-4.52,-1.88),.PIECEWISE_BEZIER_KNOTS.);
#310 = CARTESIAN_POINT('',(2.42,-2.811212016138));
#311 = CARTESIAN_POINT('',(-0.22,-2.811212016138));
#312 = ( GEOMETRIC_REPRESENTATION_CONTEXT(2) 
PARAMETRIC_REPRESENTATION_CONTEXT() REPRESENTATION_CONTEXT('2D SPACE',''
  ) );
#313 = ORIENTED_EDGE('',*,*,#314,.T.);
#314 = EDGE_CURVE('',#289,#315,#317,.T.);
#315 = VERTEX_POINT('',#316);
#316 = CARTESIAN_POINT('',(21.825299568158,-7.256465996625,1.8));
#317 = SURFACE_CURVE('',#318,(#333,#351),.PCURVE_S1.);
#318 = B_SPLINE_CURVE_WITH_KNOTS('',7,(#319,#320,#321,#322,#323,#324,
    #325,#326,#327,#328,#329,#330,#331,#332),.UNSPECIFIED.,.F.,.F.,(8,6,
    8),(0.,0.741322839283,1.),.UNSPECIFIED.);
#319 = CARTESIAN_POINT('',(21.411212016138,-8.4,3.9));
#320 = CARTESIAN_POINT('',(21.411212016138,-8.4,3.648813598025));
#321 = CARTESIAN_POINT('',(21.42276331887,-8.370556210633,3.397718347338
    ));
#322 = CARTESIAN_POINT('',(21.445852011834,-8.311704477262,
    3.149399226408));
#323 = CARTESIAN_POINT('',(21.4802807312,-8.223196229771,2.906657675367)
  );
#324 = CARTESIAN_POINT('',(21.525632362913,-8.104602490894,
    2.672626986633));
#325 = CARTESIAN_POINT('',(21.581194388684,-7.955418692345,
    2.451050213385));
#326 = CARTESIAN_POINT('',(21.668480563226,-7.712419274651,
    2.175421478013));
#327 = CARTESIAN_POINT('',(21.692174800063,-7.645786533671,
    2.106216824552));
#328 = CARTESIAN_POINT('',(21.716933011186,-7.575380798828,
    2.039331843888));
#329 = CARTESIAN_POINT('',(21.742695545327,-7.50121467014,1.975006187681
    ));
#330 = CARTESIAN_POINT('',(21.769395005161,-7.423312779079,1.91349392769
    ));
#331 = CARTESIAN_POINT('',(21.796956829748,-7.341712567695,
    1.855063791792));
#332 = CARTESIAN_POINT('',(21.825299876993,-7.25646506774,1.7999994));
#333 = PCURVE('',#32,#334);
#334 = DEFINITIONAL_REPRESENTATION('',(#335),#350);
#335 = B_SPLINE_CURVE_WITH_KNOTS('',7,(#336,#337,#338,#339,#340,#341,
    #342,#343,#344,#345,#346,#347,#348,#349),.UNSPECIFIED.,.F.,.F.,(8,6,
    8),(0.,0.741322839283,1.),.UNSPECIFIED.);
#336 = CARTESIAN_POINT('',(-5.909318992287,-2.1));
#337 = CARTESIAN_POINT('',(-5.909318992287,-1.848813598025));
#338 = CARTESIAN_POINT('',(-5.910694149634,-1.597718347338));
#339 = CARTESIAN_POINT('',(-5.913442791584,-1.349399226408));
#340 = CARTESIAN_POINT('',(-5.917571848107,-1.106657675367));
#341 = CARTESIAN_POINT('',(-5.923092053395,-0.872626986633));
#342 = CARTESIAN_POINT('',(-5.930013089118,-0.651050213385));
#343 = CARTESIAN_POINT('',(-5.941239205817,-0.375421478013));
#344 = CARTESIAN_POINT('',(-5.944313979072,-0.306216824552));
#345 = CARTESIAN_POINT('',(-5.94755881593,-0.239331843888));
#346 = CARTESIAN_POINT('',(-5.950972385375,-0.175006187681));
#347 = CARTESIAN_POINT('',(-5.954552777383,-0.11349392769));
#348 = CARTESIAN_POINT('',(-5.958297485278,-5.50637917918E-02));
#349 = CARTESIAN_POINT('',(-5.96220338808,5.999999999062E-07));
#350 = ( GEOMETRIC_REPRESENTATION_CONTEXT(2) 
PARAMETRIC_REPRESENTATION_CONTEXT() REPRESENTATION_CONTEXT('2D SPACE',''
  ) );
#351 = PCURVE('',#352,#357);
#352 = CYLINDRICAL_SURFACE('',#353,2.5);
#353 = AXIS2_PLACEMENT_3D('',#354,#355,#356);
#354 = CARTESIAN_POINT('',(18.6,-5.9,3.9));
#355 = DIRECTION('',(-1.,-0.,-0.));
#356 = DIRECTION('',(0.,1.,0.));
#357 = DEFINITIONAL_REPRESENTATION('',(#358),#373);
#358 = B_SPLINE_CURVE_WITH_KNOTS('',7,(#359,#360,#361,#362,#363,#364,
    #365,#366,#367,#368,#369,#370,#371,#372),.UNSPECIFIED.,.F.,.F.,(8,6,
    8),(0.,0.741322839283,1.),.UNSPECIFIED.);
#359 = CARTESIAN_POINT('',(-3.14159265359,-2.811212016138));
#360 = CARTESIAN_POINT('',(-3.24206721438,-2.811212016138));
#361 = CARTESIAN_POINT('',(-3.342505212982,-2.82276331887));
#362 = CARTESIAN_POINT('',(-3.443490025167,-2.845852011834));
#363 = CARTESIAN_POINT('',(-3.545550434813,-2.8802807312));
#364 = CARTESIAN_POINT('',(-3.649253413007,-2.925632362913));
#365 = CARTESIAN_POINT('',(-3.755199165845,-2.981194388684));
#366 = CARTESIAN_POINT('',(-3.902179391324,-3.068480563226));
#367 = CARTESIAN_POINT('',(-3.940569837403,-3.092174800063));
#368 = CARTESIAN_POINT('',(-3.97935218567,-3.116933011186));
#369 = CARTESIAN_POINT('',(-4.018548706211,-3.142695545327));
#370 = CARTESIAN_POINT('',(-4.058183223181,-3.169395005161));
#371 = CARTESIAN_POINT('',(-4.098282282288,-3.196956829748));
#372 = CARTESIAN_POINT('',(-4.138876318288,-3.225299876993));
#373 = ( GEOMETRIC_REPRESENTATION_CONTEXT(2) 
PARAMETRIC_REPRESENTATION_CONTEXT() REPRESENTATION_CONTEXT('2D SPACE',''
  ) );
#374 = ORIENTED_EDGE('',*,*,#375,.F.);
#375 = EDGE_CURVE('',#376,#315,#378,.T.);
#376 = VERTEX_POINT('',#377);
#377 = CARTESIAN_POINT('',(22.674383564209,3.856465996625,1.8));
#378 = SURFACE_CURVE('',#379,(#384,#391),.PCURVE_S1.);
#379 = CIRCLE('',#380,23.);
#380 = AXIS2_PLACEMENT_3D('',#381,#382,#383);
#381 = CARTESIAN_POINT('',(0.,0.,1.8));
#382 = DIRECTION('',(0.,-0.,1.));
#383 = DIRECTION('',(0.985842763661,0.167672434636,0.));
#384 = PCURVE('',#32,#385);
#385 = DEFINITIONAL_REPRESENTATION('',(#386),#390);
#386 = LINE('',#387,#388);
#387 = CARTESIAN_POINT('',(-0.168468202242,0.));
#388 = VECTOR('',#389,1.);
#389 = DIRECTION('',(-1.,0.));
#390 = ( GEOMETRIC_REPRESENTATION_CONTEXT(2) 
PARAMETRIC_REPRESENTATION_CONTEXT() REPRESENTATION_CONTEXT('2D SPACE',''
  ) );
#391 = PCURVE('',#392,#397);
#392 = PLANE('',#393);
#393 = AXIS2_PLACEMENT_3D('',#394,#395,#396);
#394 = CARTESIAN_POINT('',(-1.426894051345E-15,1.914892223345E-15,1.8));
#395 = DIRECTION('',(0.,0.,1.));
#396 = DIRECTION('',(1.,0.,-0.));
#397 = DEFINITIONAL_REPRESENTATION('',(#398),#402);
#398 = CIRCLE('',#399,23.);
#399 = AXIS2_PLACEMENT_2D('',#400,#401);
#400 = CARTESIAN_POINT('',(1.426894051345E-15,-1.914892223345E-15));
#401 = DIRECTION('',(0.985842763661,0.167672434636));
#402 = ( GEOMETRIC_REPRESENTATION_CONTEXT(2) 
PARAMETRIC_REPRESENTATION_CONTEXT() REPRESENTATION_CONTEXT('2D SPACE',''
  ) );
#403 = ORIENTED_EDGE('',*,*,#404,.T.);
#404 = EDGE_CURVE('',#376,#24,#405,.T.);
#405 = SURFACE_CURVE('',#406,(#421,#439),.PCURVE_S1.);
#406 = B_SPLINE_CURVE_WITH_KNOTS('',7,(#407,#408,#409,#410,#411,#412,
    #413,#414,#415,#416,#417,#418,#419,#420),.UNSPECIFIED.,.F.,.F.,(8,6,
    8),(0.,0.254491710201,1.),.UNSPECIFIED.);
#407 = CARTESIAN_POINT('',(22.674383722194,3.85646506774,1.7999994));
#408 = CARTESIAN_POINT('',(22.659775755475,3.942353734423,1.855477944183
    ));
#409 = CARTESIAN_POINT('',(22.645443914053,4.024322554558,1.914232490675
    ));
#410 = CARTESIAN_POINT('',(22.631454089805,4.102355646502,1.975943777468
    ));
#411 = CARTESIAN_POINT('',(22.617866087212,4.176450846333,2.04031414446)
  );
#412 = CARTESIAN_POINT('',(22.604733258172,4.246618967578,2.107067208813
    ));
#413 = CARTESIAN_POINT('',(22.592102136808,4.312883060949,2.175947540305
    ));
#414 = CARTESIAN_POINT('',(22.544595432107,4.558056520934,2.454042242605
    ));
#415 = CARTESIAN_POINT('',(22.51380196475,4.707733080309,2.677722225304)
  );
#416 = CARTESIAN_POINT('',(22.488531618153,4.825629529266,2.912513348481
    ));
#417 = CARTESIAN_POINT('',(22.469309892753,4.91304930231,3.15471875546)
  );
#418 = CARTESIAN_POINT('',(22.456404816813,4.970992324944,3.401542453919
    ));
#419 = CARTESIAN_POINT('',(22.449944320644,5.,3.650679779264));
#420 = CARTESIAN_POINT('',(22.449944320644,5.,3.9));
#421 = PCURVE('',#32,#422);
#422 = DEFINITIONAL_REPRESENTATION('',(#423),#438);
#423 = B_SPLINE_CURVE_WITH_KNOTS('',7,(#424,#425,#426,#427,#428,#429,
    #430,#431,#432,#433,#434,#435,#436,#437),.UNSPECIFIED.,.F.,.F.,(8,6,
    8),(0.,0.254491710201,1.),.UNSPECIFIED.);
#424 = CARTESIAN_POINT('',(-0.168468161276,5.999999999062E-07));
#425 = CARTESIAN_POINT('',(-0.172256077531,-5.547794418257E-02));
#426 = CARTESIAN_POINT('',(-0.175873965515,-0.114232490675));
#427 = CARTESIAN_POINT('',(-0.179320752803,-0.175943777468));
#428 = CARTESIAN_POINT('',(-0.182595963647,-0.24031414446));
#429 = CARTESIAN_POINT('',(-0.185699697225,-0.307067208813));
#430 = CARTESIAN_POINT('',(-0.188632605877,-0.375947540305));
#431 = CARTESIAN_POINT('',(-0.199490592099,-0.654042242605));
#432 = CARTESIAN_POINT('',(-0.20613412433,-0.877722225304));
#433 = CARTESIAN_POINT('',(-0.211376328558,-1.112513348481));
#434 = CARTESIAN_POINT('',(-0.215267965115,-1.35471875546));
#435 = CARTESIAN_POINT('',(-0.217848954889,-1.601542453919));
#436 = CARTESIAN_POINT('',(-0.219141058998,-1.850679779264));
#437 = CARTESIAN_POINT('',(-0.219141058998,-2.1));
#438 = ( GEOMETRIC_REPRESENTATION_CONTEXT(2) 
PARAMETRIC_REPRESENTATION_CONTEXT() REPRESENTATION_CONTEXT('2D SPACE',''
  ) );
#439 = PCURVE('',#440,#445);
#440 = CYLINDRICAL_SURFACE('',#441,2.5);
#441 = AXIS2_PLACEMENT_3D('',#442,#443,#444);
#442 = CARTESIAN_POINT('',(18.6,2.5,3.9));
#443 = DIRECTION('',(-1.,-0.,-0.));
#444 = DIRECTION('',(0.,1.,0.));
#445 = DEFINITIONAL_REPRESENTATION('',(#446),#461);
#446 = B_SPLINE_CURVE_WITH_KNOTS('',7,(#447,#448,#449,#450,#451,#452,
    #453,#454,#455,#456,#457,#458,#459,#460),.UNSPECIFIED.,.F.,.F.,(8,6,
    8),(0.,0.254491710201,1.),.UNSPECIFIED.);
#447 = CARTESIAN_POINT('',(-5.285901642482,-4.074383722194));
#448 = CARTESIAN_POINT('',(-5.326800995883,-4.059775755475));
#449 = CARTESIAN_POINT('',(-5.367094327414,-4.045443914053));
#450 = CARTESIAN_POINT('',(-5.406818581974,-4.031454089805));
#451 = CARTESIAN_POINT('',(-5.44600552717,-4.017866087212));
#452 = CARTESIAN_POINT('',(-5.484683490152,-4.004733258172));
#453 = CARTESIAN_POINT('',(-5.522879094457,-3.992102136808));
#454 = CARTESIAN_POINT('',(-5.671174307558,-3.944595432107));
#455 = CARTESIAN_POINT('',(-5.777881511381,-3.91380196475));
#456 = CARTESIAN_POINT('',(-5.881722065178,-3.888531618153));
#457 = CARTESIAN_POINT('',(-5.98345215028,-3.869309892753));
#458 = CARTESIAN_POINT('',(-6.083802459011,-3.856404816813));
#459 = CARTESIAN_POINT('',(-6.183457218885,-3.849944320644));
#460 = CARTESIAN_POINT('',(-6.28318530718,-3.849944320644));
#461 = ( GEOMETRIC_REPRESENTATION_CONTEXT(2) 
PARAMETRIC_REPRESENTATION_CONTEXT() REPRESENTATION_CONTEXT('2D SPACE',''
  ) );
#462 = ADVANCED_FACE('',(#463),#43,.T.);
#463 = FACE_BOUND('',#464,.T.);
#464 = EDGE_LOOP('',(#465,#493,#514,#515));
#465 = ORIENTED_EDGE('',*,*,#466,.T.);
#466 = EDGE_CURVE('',#467,#469,#471,.T.);
#467 = VERTEX_POINT('',#468);
#468 = CARTESIAN_POINT('',(20.704830354292,5.,6.1));
#469 = VERTEX_POINT('',#470);
#470 = CARTESIAN_POINT('',(20.704830354292,5.,3.9));
#471 = SURFACE_CURVE('',#472,(#476,#482),.PCURVE_S1.);
#472 = LINE('',#473,#474);
#473 = CARTESIAN_POINT('',(20.704830354292,5.,1.79));
#474 = VECTOR('',#475,1.);
#475 = DIRECTION('',(-0.,-0.,-1.));
#476 = PCURVE('',#43,#477);
#477 = DEFINITIONAL_REPRESENTATION('',(#478),#481);
#478 = B_SPLINE_CURVE_WITH_KNOTS('',1,(#479,#480),.UNSPECIFIED.,.F.,.F.,
  (2,2),(-4.53,-1.89),.PIECEWISE_BEZIER_KNOTS.);
#479 = CARTESIAN_POINT('',(2.42,-2.104830354292));
#480 = CARTESIAN_POINT('',(-0.22,-2.104830354292));
#481 = ( GEOMETRIC_REPRESENTATION_CONTEXT(2) 
PARAMETRIC_REPRESENTATION_CONTEXT() REPRESENTATION_CONTEXT('2D SPACE',''
  ) );
#482 = PCURVE('',#483,#488);
#483 = CYLINDRICAL_SURFACE('',#484,21.3);
#484 = AXIS2_PLACEMENT_3D('',#485,#486,#487);
#485 = CARTESIAN_POINT('',(0.,0.,1.79));
#486 = DIRECTION('',(-0.,-0.,-1.));
#487 = DIRECTION('',(1.,0.,0.));
#488 = DEFINITIONAL_REPRESENTATION('',(#489),#492);
#489 = B_SPLINE_CURVE_WITH_KNOTS('',1,(#490,#491),.UNSPECIFIED.,.F.,.F.,
  (2,2),(-4.31,-2.11),.PIECEWISE_BEZIER_KNOTS.);
#490 = CARTESIAN_POINT('',(-6.520138228254,-4.31));
#491 = CARTESIAN_POINT('',(-6.520138228254,-2.11));
#492 = ( GEOMETRIC_REPRESENTATION_CONTEXT(2) 
PARAMETRIC_REPRESENTATION_CONTEXT() REPRESENTATION_CONTEXT('2D SPACE',''
  ) );
#493 = ORIENTED_EDGE('',*,*,#494,.T.);
#494 = EDGE_CURVE('',#469,#24,#495,.T.);
#495 = SURFACE_CURVE('',#496,(#500,#507),.PCURVE_S1.);
#496 = LINE('',#497,#498);
#497 = CARTESIAN_POINT('',(18.6,5.,3.9));
#498 = VECTOR('',#499,1.);
#499 = DIRECTION('',(1.,0.,0.));
#500 = PCURVE('',#43,#501);
#501 = DEFINITIONAL_REPRESENTATION('',(#502),#506);
#502 = LINE('',#503,#504);
#503 = CARTESIAN_POINT('',(0.,0.));
#504 = VECTOR('',#505,1.);
#505 = DIRECTION('',(0.,-1.));
#506 = ( GEOMETRIC_REPRESENTATION_CONTEXT(2) 
PARAMETRIC_REPRESENTATION_CONTEXT() REPRESENTATION_CONTEXT('2D SPACE',''
  ) );
#507 = PCURVE('',#440,#508);
#508 = DEFINITIONAL_REPRESENTATION('',(#509),#513);
#509 = LINE('',#510,#511);
#510 = CARTESIAN_POINT('',(-6.28318530718,0.));
#511 = VECTOR('',#512,1.);
#512 = DIRECTION('',(-0.,-1.));
#513 = ( GEOMETRIC_REPRESENTATION_CONTEXT(2) 
PARAMETRIC_REPRESENTATION_CONTEXT() REPRESENTATION_CONTEXT('2D SPACE',''
  ) );
#514 = ORIENTED_EDGE('',*,*,#21,.F.);
#515 = ORIENTED_EDGE('',*,*,#516,.F.);
#516 = EDGE_CURVE('',#467,#22,#517,.T.);
#517 = SURFACE_CURVE('',#518,(#522,#529),.PCURVE_S1.);
#518 = LINE('',#519,#520);
#519 = CARTESIAN_POINT('',(18.6,5.,6.1));
#520 = VECTOR('',#521,1.);
#521 = DIRECTION('',(1.,0.,0.));
#522 = PCURVE('',#43,#523);
#523 = DEFINITIONAL_REPRESENTATION('',(#524),#528);
#524 = LINE('',#525,#526);
#525 = CARTESIAN_POINT('',(2.2,0.));
#526 = VECTOR('',#527,1.);
#527 = DIRECTION('',(0.,-1.));
#528 = ( GEOMETRIC_REPRESENTATION_CONTEXT(2) 
PARAMETRIC_REPRESENTATION_CONTEXT() REPRESENTATION_CONTEXT('2D SPACE',''
  ) );
#529 = PCURVE('',#92,#530);
#530 = DEFINITIONAL_REPRESENTATION('',(#531),#535);
#531 = LINE('',#532,#533);
#532 = CARTESIAN_POINT('',(-0.,0.));
#533 = VECTOR('',#534,1.);
#534 = DIRECTION('',(-0.,-1.));
#535 = ( GEOMETRIC_REPRESENTATION_CONTEXT(2) 
PARAMETRIC_REPRESENTATION_CONTEXT() REPRESENTATION_CONTEXT('2D SPACE',''
  ) );
#536 = ADVANCED_FACE('',(#537),#92,.F.);
#537 = FACE_BOUND('',#538,.T.);
#538 = EDGE_LOOP('',(#539,#595,#596,#597));
#539 = ORIENTED_EDGE('',*,*,#540,.F.);
#540 = EDGE_CURVE('',#467,#541,#543,.T.);
#541 = VERTEX_POINT('',#542);
#542 = CARTESIAN_POINT('',(21.152777595389,2.5,8.6));
#543 = SURFACE_CURVE('',#544,(#559,#577),.PCURVE_S1.);
#544 = B_SPLINE_CURVE_WITH_KNOTS('',7,(#545,#546,#547,#548,#549,#550,
    #551,#552,#553,#554,#555,#556,#557,#558),.UNSPECIFIED.,.F.,.F.,(8,6,
    8),(0.,0.52845241145,1.),.UNSPECIFIED.);
#545 = CARTESIAN_POINT('',(20.704830354292,5.,6.1));
#546 = CARTESIAN_POINT('',(20.704830354292,5.,6.359574853055));
#547 = CARTESIAN_POINT('',(20.712423416365,4.968557202534,6.618932086893
    ));
#548 = CARTESIAN_POINT('',(20.727588313637,4.905760848341,6.87564771631)
  );
#549 = CARTESIAN_POINT('',(20.75015406539,4.810995949247,7.127086243942)
  );
#550 = CARTESIAN_POINT('',(20.779763120287,4.683137949196,7.370027208659
    ));
#551 = CARTESIAN_POINT('',(20.815713050197,4.520742257556,7.600177681336
    ));
#552 = CARTESIAN_POINT('',(20.893488279688,4.145456451861,7.999816473609
    ));
#553 = CARTESIAN_POINT('',(20.935068047625,3.936007276463,8.177299403586
    ));
#554 = CARTESIAN_POINT('',(20.980229792724,3.694698990914,8.334107077772
    ));
#555 = CARTESIAN_POINT('',(21.026872377917,3.424590543413,8.46158417497)
  );
#556 = CARTESIAN_POINT('',(21.072512303693,3.130733499913,8.552267811475
    ));
#557 = CARTESIAN_POINT('',(21.114978854834,2.819819340944,8.6));
#558 = CARTESIAN_POINT('',(21.152777595389,2.5,8.6));
#559 = PCURVE('',#92,#560);
#560 = DEFINITIONAL_REPRESENTATION('',(#561),#576);
#561 = B_SPLINE_CURVE_WITH_KNOTS('',7,(#562,#563,#564,#565,#566,#567,
    #568,#569,#570,#571,#572,#573,#574,#575),.UNSPECIFIED.,.F.,.F.,(8,6,
    8),(0.,0.52845241145,1.),.UNSPECIFIED.);
#562 = CARTESIAN_POINT('',(0.,-2.104830354292));
#563 = CARTESIAN_POINT('',(-0.103829941222,-2.104830354292));
#564 = CARTESIAN_POINT('',(-0.207572598506,-2.112423416365));
#565 = CARTESIAN_POINT('',(-0.312088214192,-2.127588313637));
#566 = CARTESIAN_POINT('',(-0.418132581036,-2.15015406539));
#567 = CARTESIAN_POINT('',(-0.526521761848,-2.179763120287));
#568 = CARTESIAN_POINT('',(-0.638097917267,-2.215713050197));
#569 = CARTESIAN_POINT('',(-0.857387898888,-2.293488279688));
#570 = CARTESIAN_POINT('',(-0.966490807441,-2.335068047625));
#571 = CARTESIAN_POINT('',(-1.080094602691,-2.380229792724));
#572 = CARTESIAN_POINT('',(-1.197540600556,-2.426872377917));
#573 = CARTESIAN_POINT('',(-1.318502952631,-2.472512303693));
#574 = CARTESIAN_POINT('',(-1.442868590417,-2.514978854834));
#575 = CARTESIAN_POINT('',(-1.570796326795,-2.552777595389));
#576 = ( GEOMETRIC_REPRESENTATION_CONTEXT(2) 
PARAMETRIC_REPRESENTATION_CONTEXT() REPRESENTATION_CONTEXT('2D SPACE',''
  ) );
#577 = PCURVE('',#483,#578);
#578 = DEFINITIONAL_REPRESENTATION('',(#579),#594);
#579 = B_SPLINE_CURVE_WITH_KNOTS('',7,(#580,#581,#582,#583,#584,#585,
    #586,#587,#588,#589,#590,#591,#592,#593),.UNSPECIFIED.,.F.,.F.,(8,6,
    8),(0.,0.52845241145,1.),.UNSPECIFIED.);
#580 = CARTESIAN_POINT('',(-6.520138228254,-4.31));
#581 = CARTESIAN_POINT('',(-6.520138228254,-4.569574853055));
#582 = CARTESIAN_POINT('',(-6.518619607593,-4.828932086893));
#583 = CARTESIAN_POINT('',(-6.515586671175,-5.08564771631));
#584 = CARTESIAN_POINT('',(-6.511013244819,-5.337086243942));
#585 = CARTESIAN_POINT('',(-6.504851922531,-5.580027208659));
#586 = CARTESIAN_POINT('',(-6.497043843341,-5.810177681336));
#587 = CARTESIAN_POINT('',(-6.479050404188,-6.209816473609));
#588 = CARTESIAN_POINT('',(-6.469025573058,-6.387299403586));
#589 = CARTESIAN_POINT('',(-6.457500978494,-6.544107077772));
#590 = CARTESIAN_POINT('',(-6.444634748498,-6.67158417497));
#591 = CARTESIAN_POINT('',(-6.430676890826,-6.762267811475));
#592 = CARTESIAN_POINT('',(-6.41594686194,-6.81));
#593 = CARTESIAN_POINT('',(-6.400827365718,-6.81));
#594 = ( GEOMETRIC_REPRESENTATION_CONTEXT(2) 
PARAMETRIC_REPRESENTATION_CONTEXT() REPRESENTATION_CONTEXT('2D SPACE',''
  ) );
#595 = ORIENTED_EDGE('',*,*,#516,.T.);
#596 = ORIENTED_EDGE('',*,*,#54,.T.);
#597 = ORIENTED_EDGE('',*,*,#598,.F.);
#598 = EDGE_CURVE('',#541,#55,#599,.T.);
#599 = SURFACE_CURVE('',#600,(#604,#611),.PCURVE_S1.);
#600 = LINE('',#601,#602);
#601 = CARTESIAN_POINT('',(18.6,2.5,8.6));
#602 = VECTOR('',#603,1.);
#603 = DIRECTION('',(1.,0.,0.));
#604 = PCURVE('',#92,#605);
#605 = DEFINITIONAL_REPRESENTATION('',(#606),#610);
#606 = LINE('',#607,#608);
#607 = CARTESIAN_POINT('',(-1.570796326795,0.));
#608 = VECTOR('',#609,1.);
#609 = DIRECTION('',(-0.,-1.));
#610 = ( GEOMETRIC_REPRESENTATION_CONTEXT(2) 
PARAMETRIC_REPRESENTATION_CONTEXT() REPRESENTATION_CONTEXT('2D SPACE',''
  ) );
#611 = PCURVE('',#132,#612);
#612 = DEFINITIONAL_REPRESENTATION('',(#613),#617);
#613 = LINE('',#614,#615);
#614 = CARTESIAN_POINT('',(8.4,0.));
#615 = VECTOR('',#616,1.);
#616 = DIRECTION('',(0.,-1.));
#617 = ( GEOMETRIC_REPRESENTATION_CONTEXT(2) 
PARAMETRIC_REPRESENTATION_CONTEXT() REPRESENTATION_CONTEXT('2D SPACE',''
  ) );
#618 = ADVANCED_FACE('',(#619),#132,.F.);
#619 = FACE_BOUND('',#620,.F.);
#620 = EDGE_LOOP('',(#621,#645,#666,#667,#668));
#621 = ORIENTED_EDGE('',*,*,#622,.F.);
#622 = EDGE_CURVE('',#623,#541,#625,.T.);
#623 = VERTEX_POINT('',#624);
#624 = CARTESIAN_POINT('',(20.466558088746,-5.9,8.6));
#625 = SURFACE_CURVE('',#626,(#631,#638),.PCURVE_S1.);
#626 = CIRCLE('',#627,21.3);
#627 = AXIS2_PLACEMENT_3D('',#628,#629,#630);
#628 = CARTESIAN_POINT('',(0.,0.,8.6));
#629 = DIRECTION('',(-0.,0.,1.));
#630 = DIRECTION('',(0.960871271772,-0.276995305164,0.));
#631 = PCURVE('',#132,#632);
#632 = DEFINITIONAL_REPRESENTATION('',(#633),#637);
#633 = CIRCLE('',#634,21.3);
#634 = AXIS2_PLACEMENT_2D('',#635,#636);
#635 = CARTESIAN_POINT('',(5.9,18.6));
#636 = DIRECTION('',(-0.276995305164,-0.960871271772));
#637 = ( GEOMETRIC_REPRESENTATION_CONTEXT(2) 
PARAMETRIC_REPRESENTATION_CONTEXT() REPRESENTATION_CONTEXT('2D SPACE',''
  ) );
#638 = PCURVE('',#483,#639);
#639 = DEFINITIONAL_REPRESENTATION('',(#640),#644);
#640 = LINE('',#641,#642);
#641 = CARTESIAN_POINT('',(-6.002519666213,-6.81));
#642 = VECTOR('',#643,1.);
#643 = DIRECTION('',(-1.,-0.));
#644 = ( GEOMETRIC_REPRESENTATION_CONTEXT(2) 
PARAMETRIC_REPRESENTATION_CONTEXT() REPRESENTATION_CONTEXT('2D SPACE',''
  ) );
#645 = ORIENTED_EDGE('',*,*,#646,.T.);
#646 = EDGE_CURVE('',#623,#200,#647,.T.);
#647 = SURFACE_CURVE('',#648,(#652,#659),.PCURVE_S1.);
#648 = LINE('',#649,#650);
#649 = CARTESIAN_POINT('',(18.6,-5.9,8.6));
#650 = VECTOR('',#651,1.);
#651 = DIRECTION('',(1.,0.,0.));
#652 = PCURVE('',#132,#653);
#653 = DEFINITIONAL_REPRESENTATION('',(#654),#658);
#654 = LINE('',#655,#656);
#655 = CARTESIAN_POINT('',(0.,0.));
#656 = VECTOR('',#657,1.);
#657 = DIRECTION('',(0.,-1.));
#658 = ( GEOMETRIC_REPRESENTATION_CONTEXT(2) 
PARAMETRIC_REPRESENTATION_CONTEXT() REPRESENTATION_CONTEXT('2D SPACE',''
  ) );
#659 = PCURVE('',#265,#660);
#660 = DEFINITIONAL_REPRESENTATION('',(#661),#665);
#661 = LINE('',#662,#663);
#662 = CARTESIAN_POINT('',(-1.570796326795,0.));
#663 = VECTOR('',#664,1.);
#664 = DIRECTION('',(-0.,-1.));
#665 = ( GEOMETRIC_REPRESENTATION_CONTEXT(2) 
PARAMETRIC_REPRESENTATION_CONTEXT() REPRESENTATION_CONTEXT('2D SPACE',''
  ) );
#666 = ORIENTED_EDGE('',*,*,#199,.F.);
#667 = ORIENTED_EDGE('',*,*,#115,.F.);
#668 = ORIENTED_EDGE('',*,*,#598,.F.);
#669 = ADVANCED_FACE('',(#670),#186,.T.);
#670 = FACE_BOUND('',#671,.T.);
#671 = EDGE_LOOP('',(#672,#673,#695,#722));
#672 = ORIENTED_EDGE('',*,*,#171,.T.);
#673 = ORIENTED_EDGE('',*,*,#674,.T.);
#674 = EDGE_CURVE('',#149,#675,#677,.T.);
#675 = VERTEX_POINT('',#676);
#676 = CARTESIAN_POINT('',(21.7,0.,14.286606874732));
#677 = SEAM_CURVE('',#678,(#683,#689),.PCURVE_S1.);
#678 = CIRCLE('',#679,1.5);
#679 = AXIS2_PLACEMENT_3D('',#680,#681,#682);
#680 = CARTESIAN_POINT('',(21.5,0.,12.8));
#681 = DIRECTION('',(0.,-1.,0.));
#682 = DIRECTION('',(1.,0.,0.));
#683 = PCURVE('',#186,#684);
#684 = DEFINITIONAL_REPRESENTATION('',(#685),#688);
#685 = B_SPLINE_CURVE_WITH_KNOTS('',1,(#686,#687),.UNSPECIFIED.,.F.,.F.,
  (2,2),(0.,1.570796326795),.PIECEWISE_BEZIER_KNOTS.);
#686 = CARTESIAN_POINT('',(0.,0.));
#687 = CARTESIAN_POINT('',(0.,1.570796326795));
#688 = ( GEOMETRIC_REPRESENTATION_CONTEXT(2) 
PARAMETRIC_REPRESENTATION_CONTEXT() REPRESENTATION_CONTEXT('2D SPACE',''
  ) );
#689 = PCURVE('',#186,#690);
#690 = DEFINITIONAL_REPRESENTATION('',(#691),#694);
#691 = B_SPLINE_CURVE_WITH_KNOTS('',1,(#692,#693),.UNSPECIFIED.,.F.,.F.,
  (2,2),(0.,1.570796326795),.PIECEWISE_BEZIER_KNOTS.);
#692 = CARTESIAN_POINT('',(6.28318530718,0.));
#693 = CARTESIAN_POINT('',(6.28318530718,1.570796326795));
#694 = ( GEOMETRIC_REPRESENTATION_CONTEXT(2) 
PARAMETRIC_REPRESENTATION_CONTEXT() REPRESENTATION_CONTEXT('2D SPACE',''
  ) );
#695 = ORIENTED_EDGE('',*,*,#696,.F.);
#696 = EDGE_CURVE('',#675,#675,#697,.T.);
#697 = SURFACE_CURVE('',#698,(#703,#710),.PCURVE_S1.);
#698 = CIRCLE('',#699,21.7);
#699 = AXIS2_PLACEMENT_3D('',#700,#701,#702);
#700 = CARTESIAN_POINT('',(0.,0.,14.286606874732));
#701 = DIRECTION('',(0.,0.,1.));
#702 = DIRECTION('',(0.,-1.,0.));
#703 = PCURVE('',#186,#704);
#704 = DEFINITIONAL_REPRESENTATION('',(#705),#709);
#705 = LINE('',#706,#707);
#706 = CARTESIAN_POINT('',(-1.570796326795,1.437064737385));
#707 = VECTOR('',#708,1.);
#708 = DIRECTION('',(1.,0.));
#709 = ( GEOMETRIC_REPRESENTATION_CONTEXT(2) 
PARAMETRIC_REPRESENTATION_CONTEXT() REPRESENTATION_CONTEXT('2D SPACE',''
  ) );
#710 = PCURVE('',#711,#716);
#711 = CYLINDRICAL_SURFACE('',#712,21.7);
#712 = AXIS2_PLACEMENT_3D('',#713,#714,#715);
#713 = CARTESIAN_POINT('',(0.,0.,13.5));
#714 = DIRECTION('',(-0.,-0.,-1.));
#715 = DIRECTION('',(1.,0.,0.));
#716 = DEFINITIONAL_REPRESENTATION('',(#717),#721);
#717 = LINE('',#718,#719);
#718 = CARTESIAN_POINT('',(1.570796326795,-0.786606874732));
#719 = VECTOR('',#720,1.);
#720 = DIRECTION('',(-1.,0.));
#721 = ( GEOMETRIC_REPRESENTATION_CONTEXT(2) 
PARAMETRIC_REPRESENTATION_CONTEXT() REPRESENTATION_CONTEXT('2D SPACE',''
  ) );
#722 = ORIENTED_EDGE('',*,*,#674,.F.);
#723 = ADVANCED_FACE('',(#724),#265,.F.);
#724 = FACE_BOUND('',#725,.T.);
#725 = EDGE_LOOP('',(#726,#782,#783,#784));
#726 = ORIENTED_EDGE('',*,*,#727,.F.);
#727 = EDGE_CURVE('',#623,#728,#730,.T.);
#728 = VERTEX_POINT('',#729);
#729 = CARTESIAN_POINT('',(19.573706853838,-8.4,6.1));
#730 = SURFACE_CURVE('',#731,(#746,#764),.PCURVE_S1.);
#731 = B_SPLINE_CURVE_WITH_KNOTS('',7,(#732,#733,#734,#735,#736,#737,
    #738,#739,#740,#741,#742,#743,#744,#745),.UNSPECIFIED.,.F.,.F.,(8,6,
    8),(0.,0.461871377883,1.),.UNSPECIFIED.);
#732 = CARTESIAN_POINT('',(20.466558088746,-5.9,8.6));
#733 = CARTESIAN_POINT('',(20.379203076306,-6.203026514651,8.6));
#734 = CARTESIAN_POINT('',(20.288329698697,-6.498591213072,
    8.557148671227));
#735 = CARTESIAN_POINT('',(20.19631000173,-6.779858506498,8.475241903009
    ));
#736 = CARTESIAN_POINT('',(20.105948862058,-7.041112745812,
    8.359121271735));
#737 = CARTESIAN_POINT('',(20.020210966467,-7.277891689202,
    8.214599378893));
#738 = CARTESIAN_POINT('',(19.941653483341,-7.487183839346,
    8.048350066587));
#739 = CARTESIAN_POINT('',(19.790790051805,-7.878165229984,
    7.657368675948));
#740 = CARTESIAN_POINT('',(19.720360158655,-8.052954743554,7.42415009461
    ));
#741 = CARTESIAN_POINT('',(19.662443582662,-8.192159130386,7.17447276925
    ));
#742 = CARTESIAN_POINT('',(19.618266846334,-8.296166606286,6.91327666367
    ));
#743 = CARTESIAN_POINT('',(19.588569242423,-8.365367512203,
    6.644694942371));
#744 = CARTESIAN_POINT('',(19.573706853838,-8.4,6.372421846558));
#745 = CARTESIAN_POINT('',(19.573706853838,-8.4,6.1));
#746 = PCURVE('',#265,#747);
#747 = DEFINITIONAL_REPRESENTATION('',(#748),#763);
#748 = B_SPLINE_CURVE_WITH_KNOTS('',7,(#749,#750,#751,#752,#753,#754,
    #755,#756,#757,#758,#759,#760,#761,#762),.UNSPECIFIED.,.F.,.F.,(8,6,
    8),(0.,0.461871377883,1.),.UNSPECIFIED.);
#749 = CARTESIAN_POINT('',(-1.570796326795,-1.866558088746));
#750 = CARTESIAN_POINT('',(-1.692006932655,-1.779203076306));
#751 = CARTESIAN_POINT('',(-1.81023284597,-1.688329698697));
#752 = CARTESIAN_POINT('',(-1.925648180067,-1.59631000173));
#753 = CARTESIAN_POINT('',(-2.038232556355,-1.505948862058));
#754 = CARTESIAN_POINT('',(-2.147822161791,-1.420210966467));
#755 = CARTESIAN_POINT('',(-2.254041254825,-1.341653483341));
#756 = CARTESIAN_POINT('',(-2.475213728936,-1.190790051805));
#757 = CARTESIAN_POINT('',(-2.590615971331,-1.120360158655));
#758 = CARTESIAN_POINT('',(-2.703361231742,-1.062443582662));
#759 = CARTESIAN_POINT('',(-2.814167974309,-1.018266846334));
#760 = CARTESIAN_POINT('',(-2.923714850268,-0.988569242423));
#761 = CARTESIAN_POINT('',(-3.032623914966,-0.973706853838));
#762 = CARTESIAN_POINT('',(-3.14159265359,-0.973706853838));
#763 = ( GEOMETRIC_REPRESENTATION_CONTEXT(2) 
PARAMETRIC_REPRESENTATION_CONTEXT() REPRESENTATION_CONTEXT('2D SPACE',''
  ) );
#764 = PCURVE('',#483,#765);
#765 = DEFINITIONAL_REPRESENTATION('',(#766),#781);
#766 = B_SPLINE_CURVE_WITH_KNOTS('',7,(#767,#768,#769,#770,#771,#772,
    #773,#774,#775,#776,#777,#778,#779,#780),.UNSPECIFIED.,.F.,.F.,(8,6,
    8),(0.,0.461871377883,1.),.UNSPECIFIED.);
#767 = CARTESIAN_POINT('',(-6.002519666213,-6.81));
#768 = CARTESIAN_POINT('',(-5.987713731901,-6.81));
#769 = CARTESIAN_POINT('',(-5.973198651505,-6.767148671227));
#770 = CARTESIAN_POINT('',(-5.95930836369,-6.685241903009));
#771 = CARTESIAN_POINT('',(-5.946332707692,-6.569121271735));
#772 = CARTESIAN_POINT('',(-5.934511314269,-6.424599378893));
#773 = CARTESIAN_POINT('',(-5.924016467583,-6.258350066587));
#774 = CARTESIAN_POINT('',(-5.904341452359,-5.867368675948));
#775 = CARTESIAN_POINT('',(-5.895495208672,-5.63415009461));
#776 = CARTESIAN_POINT('',(-5.888417163219,-5.384472769249));
#777 = CARTESIAN_POINT('',(-5.883111998112,-5.12327666367));
#778 = CARTESIAN_POINT('',(-5.879576596088,-4.854694942371));
#779 = CARTESIAN_POINT('',(-5.877807259012,-4.582421846558));
#780 = CARTESIAN_POINT('',(-5.877807259012,-4.31));
#781 = ( GEOMETRIC_REPRESENTATION_CONTEXT(2) 
PARAMETRIC_REPRESENTATION_CONTEXT() REPRESENTATION_CONTEXT('2D SPACE',''
  ) );
#782 = ORIENTED_EDGE('',*,*,#646,.T.);
#783 = ORIENTED_EDGE('',*,*,#227,.T.);
#784 = ORIENTED_EDGE('',*,*,#785,.F.);
#785 = EDGE_CURVE('',#728,#228,#786,.T.);
#786 = SURFACE_CURVE('',#787,(#791,#798),.PCURVE_S1.);
#787 = LINE('',#788,#789);
#788 = CARTESIAN_POINT('',(18.6,-8.4,6.1));
#789 = VECTOR('',#790,1.);
#790 = DIRECTION('',(1.,0.,0.));
#791 = PCURVE('',#265,#792);
#792 = DEFINITIONAL_REPRESENTATION('',(#793),#797);
#793 = LINE('',#794,#795);
#794 = CARTESIAN_POINT('',(-3.14159265359,0.));
#795 = VECTOR('',#796,1.);
#796 = DIRECTION('',(-0.,-1.));
#797 = ( GEOMETRIC_REPRESENTATION_CONTEXT(2) 
PARAMETRIC_REPRESENTATION_CONTEXT() REPRESENTATION_CONTEXT('2D SPACE',''
  ) );
#798 = PCURVE('',#303,#799);
#799 = DEFINITIONAL_REPRESENTATION('',(#800),#804);
#800 = LINE('',#801,#802);
#801 = CARTESIAN_POINT('',(2.2,0.));
#802 = VECTOR('',#803,1.);
#803 = DIRECTION('',(0.,-1.));
#804 = ( GEOMETRIC_REPRESENTATION_CONTEXT(2) 
PARAMETRIC_REPRESENTATION_CONTEXT() REPRESENTATION_CONTEXT('2D SPACE',''
  ) );
#805 = ADVANCED_FACE('',(#806),#303,.F.);
#806 = FACE_BOUND('',#807,.F.);
#807 = EDGE_LOOP('',(#808,#829,#850,#851));
#808 = ORIENTED_EDGE('',*,*,#809,.T.);
#809 = EDGE_CURVE('',#728,#810,#812,.T.);
#810 = VERTEX_POINT('',#811);
#811 = CARTESIAN_POINT('',(19.573706853838,-8.4,3.9));
#812 = SURFACE_CURVE('',#813,(#817,#823),.PCURVE_S1.);
#813 = LINE('',#814,#815);
#814 = CARTESIAN_POINT('',(19.573706853838,-8.4,1.79));
#815 = VECTOR('',#816,1.);
#816 = DIRECTION('',(-0.,-0.,-1.));
#817 = PCURVE('',#303,#818);
#818 = DEFINITIONAL_REPRESENTATION('',(#819),#822);
#819 = B_SPLINE_CURVE_WITH_KNOTS('',1,(#820,#821),.UNSPECIFIED.,.F.,.F.,
  (2,2),(-4.53,-1.89),.PIECEWISE_BEZIER_KNOTS.);
#820 = CARTESIAN_POINT('',(2.42,-0.973706853838));
#821 = CARTESIAN_POINT('',(-0.22,-0.973706853838));
#822 = ( GEOMETRIC_REPRESENTATION_CONTEXT(2) 
PARAMETRIC_REPRESENTATION_CONTEXT() REPRESENTATION_CONTEXT('2D SPACE',''
  ) );
#823 = PCURVE('',#483,#824);
#824 = DEFINITIONAL_REPRESENTATION('',(#825),#828);
#825 = B_SPLINE_CURVE_WITH_KNOTS('',1,(#826,#827),.UNSPECIFIED.,.F.,.F.,
  (2,2),(-4.31,-2.11),.PIECEWISE_BEZIER_KNOTS.);
#826 = CARTESIAN_POINT('',(-5.877807259012,-4.31));
#827 = CARTESIAN_POINT('',(-5.877807259012,-2.11));
#828 = ( GEOMETRIC_REPRESENTATION_CONTEXT(2) 
PARAMETRIC_REPRESENTATION_CONTEXT() REPRESENTATION_CONTEXT('2D SPACE',''
  ) );
#829 = ORIENTED_EDGE('',*,*,#830,.T.);
#830 = EDGE_CURVE('',#810,#289,#831,.T.);
#831 = SURFACE_CURVE('',#832,(#836,#843),.PCURVE_S1.);
#832 = LINE('',#833,#834);
#833 = CARTESIAN_POINT('',(18.6,-8.4,3.9));
#834 = VECTOR('',#835,1.);
#835 = DIRECTION('',(1.,0.,0.));
#836 = PCURVE('',#303,#837);
#837 = DEFINITIONAL_REPRESENTATION('',(#838),#842);
#838 = LINE('',#839,#840);
#839 = CARTESIAN_POINT('',(0.,0.));
#840 = VECTOR('',#841,1.);
#841 = DIRECTION('',(0.,-1.));
#842 = ( GEOMETRIC_REPRESENTATION_CONTEXT(2) 
PARAMETRIC_REPRESENTATION_CONTEXT() REPRESENTATION_CONTEXT('2D SPACE',''
  ) );
#843 = PCURVE('',#352,#844);
#844 = DEFINITIONAL_REPRESENTATION('',(#845),#849);
#845 = LINE('',#846,#847);
#846 = CARTESIAN_POINT('',(-3.14159265359,0.));
#847 = VECTOR('',#848,1.);
#848 = DIRECTION('',(-0.,-1.));
#849 = ( GEOMETRIC_REPRESENTATION_CONTEXT(2) 
PARAMETRIC_REPRESENTATION_CONTEXT() REPRESENTATION_CONTEXT('2D SPACE',''
  ) );
#850 = ORIENTED_EDGE('',*,*,#288,.F.);
#851 = ORIENTED_EDGE('',*,*,#785,.F.);
#852 = ADVANCED_FACE('',(#853),#352,.F.);
#853 = FACE_BOUND('',#854,.T.);
#854 = EDGE_LOOP('',(#855,#911,#912,#913));
#855 = ORIENTED_EDGE('',*,*,#856,.F.);
#856 = EDGE_CURVE('',#810,#857,#859,.T.);
#857 = VERTEX_POINT('',#858);
#858 = CARTESIAN_POINT('',(20.025825856624,-7.256465996625,1.8));
#859 = SURFACE_CURVE('',#860,(#875,#893),.PCURVE_S1.);
#860 = B_SPLINE_CURVE_WITH_KNOTS('',7,(#861,#862,#863,#864,#865,#866,
    #867,#868,#869,#870,#871,#872,#873,#874),.UNSPECIFIED.,.F.,.F.,(8,6,
    8),(0.,0.755543075639,1.),.UNSPECIFIED.);
#861 = CARTESIAN_POINT('',(19.573706853838,-8.4,3.9));
#862 = CARTESIAN_POINT('',(19.573706853838,-8.4,3.643072555655));
#863 = CARTESIAN_POINT('',(19.586926754398,-8.369194890865,
    3.386260885361));
#864 = CARTESIAN_POINT('',(19.613346390493,-8.307632061893,3.13255600161
    ));
#865 = CARTESIAN_POINT('',(19.652680960582,-8.21513093804,2.885057164858
    ));
#866 = CARTESIAN_POINT('',(19.704343155832,-8.091385159879,
    2.647187737991));
#867 = CARTESIAN_POINT('',(19.767374277953,-7.936070461875,
    2.422971037127));
#868 = CARTESIAN_POINT('',(19.864038307633,-7.688576003309,
    2.150978178576));
#869 = CARTESIAN_POINT('',(19.88871740465,-7.624753484962,2.086441731306
    ));
#870 = CARTESIAN_POINT('',(19.914394180117,-7.557619168441,
    2.024046784471));
#871 = CARTESIAN_POINT('',(19.941010600003,-7.487190848206,
    1.963991197538));
#872 = CARTESIAN_POINT('',(19.968502342955,-7.413495752449,
    1.906483444529));
#873 = CARTESIAN_POINT('',(19.996799319827,-7.336571168421,
    1.851742779162));
#874 = CARTESIAN_POINT('',(20.02582619321,-7.25646506774,1.7999994));
#875 = PCURVE('',#352,#876);
#876 = DEFINITIONAL_REPRESENTATION('',(#877),#892);
#877 = B_SPLINE_CURVE_WITH_KNOTS('',7,(#878,#879,#880,#881,#882,#883,
    #884,#885,#886,#887,#888,#889,#890,#891),.UNSPECIFIED.,.F.,.F.,(8,6,
    8),(0.,0.755543075639,1.),.UNSPECIFIED.);
#878 = CARTESIAN_POINT('',(-3.14159265359,-0.973706853838));
#879 = CARTESIAN_POINT('',(-3.244363631328,-0.973706853838));
#880 = CARTESIAN_POINT('',(-3.34708819629,-0.986926754398));
#881 = CARTESIAN_POINT('',(-3.450343530656,-1.013346390493));
#882 = CARTESIAN_POINT('',(-3.554653701811,-1.052680960582));
#883 = CARTESIAN_POINT('',(-3.660582562714,-1.104343155832));
#884 = CARTESIAN_POINT('',(-3.768729187142,-1.167374277953));
#885 = CARTESIAN_POINT('',(-3.915825684516,-1.264038307633));
#886 = CARTESIAN_POINT('',(-3.95210026961,-1.28871740465));
#887 = CARTESIAN_POINT('',(-3.988708839382,-1.314394180117));
#888 = CARTESIAN_POINT('',(-4.025669932397,-1.341010600003));
#889 = CARTESIAN_POINT('',(-4.063003271588,-1.368502342955));
#890 = CARTESIAN_POINT('',(-4.100730566957,-1.396799319827));
#891 = CARTESIAN_POINT('',(-4.138876318288,-1.42582619321));
#892 = ( GEOMETRIC_REPRESENTATION_CONTEXT(2) 
PARAMETRIC_REPRESENTATION_CONTEXT() REPRESENTATION_CONTEXT('2D SPACE',''
  ) );
#893 = PCURVE('',#483,#894);
#894 = DEFINITIONAL_REPRESENTATION('',(#895),#910);
#895 = B_SPLINE_CURVE_WITH_KNOTS('',7,(#896,#897,#898,#899,#900,#901,
    #902,#903,#904,#905,#906,#907,#908,#909),.UNSPECIFIED.,.F.,.F.,(8,6,
    8),(0.,0.755543075639,0.999999595051),.UNSPECIFIED.);
#896 = CARTESIAN_POINT('',(-5.877807259012,-2.11));
#897 = CARTESIAN_POINT('',(-5.877807259012,-1.853072555655));
#898 = CARTESIAN_POINT('',(-5.879381059406,-1.596260885361));
#899 = CARTESIAN_POINT('',(-5.882526239811,-1.34255600161));
#900 = CARTESIAN_POINT('',(-5.887245326177,-1.095057164858));
#901 = CARTESIAN_POINT('',(-5.89354064373,-0.857187737991));
#902 = CARTESIAN_POINT('',(-5.901409320282,-0.632971037127));
#903 = CARTESIAN_POINT('',(-5.913883577711,-0.36097828872));
#904 = CARTESIAN_POINT('',(-5.917096129327,-0.296441945118));
#905 = CARTESIAN_POINT('',(-5.920470595939,-0.234047094547));
#906 = CARTESIAN_POINT('',(-5.924005276982,-0.173991595473));
#907 = CARTESIAN_POINT('',(-5.927697979684,-0.116483920845));
#908 = CARTESIAN_POINT('',(-5.931546005585,-6.174332323839E-02));
#909 = CARTESIAN_POINT('',(-5.935546137062,-9.999999999998E-03));
#910 = ( GEOMETRIC_REPRESENTATION_CONTEXT(2) 
PARAMETRIC_REPRESENTATION_CONTEXT() REPRESENTATION_CONTEXT('2D SPACE',''
  ) );
#911 = ORIENTED_EDGE('',*,*,#830,.T.);
#912 = ORIENTED_EDGE('',*,*,#314,.T.);
#913 = ORIENTED_EDGE('',*,*,#914,.T.);
#914 = EDGE_CURVE('',#315,#857,#915,.T.);
#915 = SURFACE_CURVE('',#916,(#920,#926),.PCURVE_S1.);
#916 = LINE('',#917,#918);
#917 = CARTESIAN_POINT('',(18.6,-7.256465996625,1.8));
#918 = VECTOR('',#919,1.);
#919 = DIRECTION('',(-1.,-0.,-0.));
#920 = PCURVE('',#352,#921);
#921 = DEFINITIONAL_REPRESENTATION('',(#922),#925);
#922 = B_SPLINE_CURVE_WITH_KNOTS('',1,(#923,#924),.UNSPECIFIED.,.F.,.F.,
  (2,2),(-6.4000006,5.999999999062E-07),.PIECEWISE_BEZIER_KNOTS.);
#923 = CARTESIAN_POINT('',(-4.138875875962,-6.4000006));
#924 = CARTESIAN_POINT('',(-4.138875875962,5.999999999062E-07));
#925 = ( GEOMETRIC_REPRESENTATION_CONTEXT(2) 
PARAMETRIC_REPRESENTATION_CONTEXT() REPRESENTATION_CONTEXT('2D SPACE',''
  ) );
#926 = PCURVE('',#392,#927);
#927 = DEFINITIONAL_REPRESENTATION('',(#928),#932);
#928 = LINE('',#929,#930);
#929 = CARTESIAN_POINT('',(18.6,-7.256465996625));
#930 = VECTOR('',#931,1.);
#931 = DIRECTION('',(-1.,0.));
#932 = ( GEOMETRIC_REPRESENTATION_CONTEXT(2) 
PARAMETRIC_REPRESENTATION_CONTEXT() REPRESENTATION_CONTEXT('2D SPACE',''
  ) );
#933 = ADVANCED_FACE('',(#934,#1163,#1198,#1233),#392,.F.);
#934 = FACE_BOUND('',#935,.F.);
#935 = EDGE_LOOP('',(#936,#958,#959,#960,#987,#1016,#1048,#1077,#1109,
    #1138));
#936 = ORIENTED_EDGE('',*,*,#937,.F.);
#937 = EDGE_CURVE('',#376,#938,#940,.T.);
#938 = VERTEX_POINT('',#939);
#939 = CARTESIAN_POINT('',(20.947975320228,3.856465996625,1.8));
#940 = SURFACE_CURVE('',#941,(#945,#952),.PCURVE_S1.);
#941 = LINE('',#942,#943);
#942 = CARTESIAN_POINT('',(18.6,3.856465996625,1.8));
#943 = VECTOR('',#944,1.);
#944 = DIRECTION('',(-1.,-0.,-0.));
#945 = PCURVE('',#392,#946);
#946 = DEFINITIONAL_REPRESENTATION('',(#947),#951);
#947 = LINE('',#948,#949);
#948 = CARTESIAN_POINT('',(18.6,3.856465996625));
#949 = VECTOR('',#950,1.);
#950 = DIRECTION('',(-1.,0.));
#951 = ( GEOMETRIC_REPRESENTATION_CONTEXT(2) 
PARAMETRIC_REPRESENTATION_CONTEXT() REPRESENTATION_CONTEXT('2D SPACE',''
  ) );
#952 = PCURVE('',#440,#953);
#953 = DEFINITIONAL_REPRESENTATION('',(#954),#957);
#954 = B_SPLINE_CURVE_WITH_KNOTS('',1,(#955,#956),.UNSPECIFIED.,.F.,.F.,
  (2,2),(-6.4000006,5.999999999062E-07),.PIECEWISE_BEZIER_KNOTS.);
#955 = CARTESIAN_POINT('',(-5.285902084808,-6.4000006));
#956 = CARTESIAN_POINT('',(-5.285902084808,5.999999999062E-07));
#957 = ( GEOMETRIC_REPRESENTATION_CONTEXT(2) 
PARAMETRIC_REPRESENTATION_CONTEXT() REPRESENTATION_CONTEXT('2D SPACE',''
  ) );
#958 = ORIENTED_EDGE('',*,*,#375,.T.);
#959 = ORIENTED_EDGE('',*,*,#914,.T.);
#960 = ORIENTED_EDGE('',*,*,#961,.T.);
#961 = EDGE_CURVE('',#857,#962,#964,.T.);
#962 = VERTEX_POINT('',#963);
#963 = CARTESIAN_POINT('',(2.935380248627,-21.09676616915,1.8));
#964 = SURFACE_CURVE('',#965,(#970,#981),.PCURVE_S1.);
#965 = CIRCLE('',#966,21.3);
#966 = AXIS2_PLACEMENT_3D('',#967,#968,#969);
#967 = CARTESIAN_POINT('',(0.,0.,1.8));
#968 = DIRECTION('',(0.,0.,-1.));
#969 = DIRECTION('',(1.,0.,0.));
#970 = PCURVE('',#392,#971);
#971 = DEFINITIONAL_REPRESENTATION('',(#972),#980);
#972 = ( BOUNDED_CURVE() B_SPLINE_CURVE(2,(#973,#974,#975,#976,#977,#978
,#979),.UNSPECIFIED.,.T.,.F.) B_SPLINE_CURVE_WITH_KNOTS((1,2,2,2,2,1),(
    -2.094395102393,0.,2.094395102393,4.188790204786,6.28318530718,
8.377580409573),.UNSPECIFIED.) CURVE() GEOMETRIC_REPRESENTATION_ITEM() 
RATIONAL_B_SPLINE_CURVE((1.,0.5,1.,0.5,1.,0.5,1.)) REPRESENTATION_ITEM(
  '') );
#973 = CARTESIAN_POINT('',(21.3,-1.914892223345E-15));
#974 = CARTESIAN_POINT('',(21.3,-36.89268220121));
#975 = CARTESIAN_POINT('',(-10.65,-18.4463411006));
#976 = CARTESIAN_POINT('',(-42.6,-7.131887587712E-15));
#977 = CARTESIAN_POINT('',(-10.65,18.446341100609));
#978 = CARTESIAN_POINT('',(21.3,36.892682201217));
#979 = CARTESIAN_POINT('',(21.3,-1.914892223345E-15));
#980 = ( GEOMETRIC_REPRESENTATION_CONTEXT(2) 
PARAMETRIC_REPRESENTATION_CONTEXT() REPRESENTATION_CONTEXT('2D SPACE',''
  ) );
#981 = PCURVE('',#483,#982);
#982 = DEFINITIONAL_REPRESENTATION('',(#983),#986);
#983 = B_SPLINE_CURVE_WITH_KNOTS('',1,(#984,#985),.UNSPECIFIED.,.F.,.F.,
  (2,2),(0.347639170117,3.784369465995),.PIECEWISE_BEZIER_KNOTS.);
#984 = CARTESIAN_POINT('',(-5.935546137062,-1.E-02));
#985 = CARTESIAN_POINT('',(-2.498815841184,-1.E-02));
#986 = ( GEOMETRIC_REPRESENTATION_CONTEXT(2) 
PARAMETRIC_REPRESENTATION_CONTEXT() REPRESENTATION_CONTEXT('2D SPACE',''
  ) );
#987 = ORIENTED_EDGE('',*,*,#988,.T.);
#988 = EDGE_CURVE('',#962,#989,#991,.T.);
#989 = VERTEX_POINT('',#990);
#990 = CARTESIAN_POINT('',(-2.935380248627,-21.09676616915,1.8));
#991 = SURFACE_CURVE('',#992,(#997,#1004),.PCURVE_S1.);
#992 = CIRCLE('',#993,3.1);
#993 = AXIS2_PLACEMENT_3D('',#994,#995,#996);
#994 = CARTESIAN_POINT('',(0.,-20.1,1.8));
#995 = DIRECTION('',(-0.,0.,1.));
#996 = DIRECTION('',(0.377879958986,-0.925854597978,0.));
#997 = PCURVE('',#392,#998);
#998 = DEFINITIONAL_REPRESENTATION('',(#999),#1003);
#999 = CIRCLE('',#1000,3.1);
#1000 = AXIS2_PLACEMENT_2D('',#1001,#1002);
#1001 = CARTESIAN_POINT('',(1.426894051345E-15,-20.1));
#1002 = DIRECTION('',(0.377879958986,-0.925854597978));
#1003 = ( GEOMETRIC_REPRESENTATION_CONTEXT(2) 
PARAMETRIC_REPRESENTATION_CONTEXT() REPRESENTATION_CONTEXT('2D SPACE',''
  ) );
#1004 = PCURVE('',#1005,#1010);
#1005 = CYLINDRICAL_SURFACE('',#1006,3.1);
#1006 = AXIS2_PLACEMENT_3D('',#1007,#1008,#1009);
#1007 = CARTESIAN_POINT('',(0.,-20.1,1.8));
#1008 = DIRECTION('',(-0.,-0.,-1.));
#1009 = DIRECTION('',(1.,0.,0.));
#1010 = DEFINITIONAL_REPRESENTATION('',(#1011),#1015);
#1011 = LINE('',#1012,#1013);
#1012 = CARTESIAN_POINT('',(-5.099894383162,0.));
#1013 = VECTOR('',#1014,1.);
#1014 = DIRECTION('',(-1.,0.));
#1015 = ( GEOMETRIC_REPRESENTATION_CONTEXT(2) 
PARAMETRIC_REPRESENTATION_CONTEXT() REPRESENTATION_CONTEXT('2D SPACE',''
  ) );
#1016 = ORIENTED_EDGE('',*,*,#1017,.T.);
#1017 = EDGE_CURVE('',#989,#1018,#1020,.T.);
#1018 = VERTEX_POINT('',#1019);
#1019 = CARTESIAN_POINT('',(-17.04925203739,12.767654638401,1.8));
#1020 = SURFACE_CURVE('',#1021,(#1026,#1037),.PCURVE_S1.);
#1021 = CIRCLE('',#1022,21.3);
#1022 = AXIS2_PLACEMENT_3D('',#1023,#1024,#1025);
#1023 = CARTESIAN_POINT('',(0.,0.,1.8));
#1024 = DIRECTION('',(0.,0.,-1.));
#1025 = DIRECTION('',(1.,0.,0.));
#1026 = PCURVE('',#392,#1027);
#1027 = DEFINITIONAL_REPRESENTATION('',(#1028),#1036);
#1028 = ( BOUNDED_CURVE() B_SPLINE_CURVE(2,(#1029,#1030,#1031,#1032,
#1033,#1034,#1035),.UNSPECIFIED.,.T.,.F.) B_SPLINE_CURVE_WITH_KNOTS((1,2
    ,2,2,2,1),(-2.094395102393,0.,2.094395102393,4.188790204786,
6.28318530718,8.377580409573),.UNSPECIFIED.) CURVE() 
GEOMETRIC_REPRESENTATION_ITEM() RATIONAL_B_SPLINE_CURVE((1.,0.5,1.,0.5,
1.,0.5,1.)) REPRESENTATION_ITEM('') );
#1029 = CARTESIAN_POINT('',(21.3,-1.914892223345E-15));
#1030 = CARTESIAN_POINT('',(21.3,-36.89268220121));
#1031 = CARTESIAN_POINT('',(-10.65,-18.4463411006));
#1032 = CARTESIAN_POINT('',(-42.6,-7.131887587712E-15));
#1033 = CARTESIAN_POINT('',(-10.65,18.446341100609));
#1034 = CARTESIAN_POINT('',(21.3,36.892682201217));
#1035 = CARTESIAN_POINT('',(21.3,-1.914892223345E-15));
#1036 = ( GEOMETRIC_REPRESENTATION_CONTEXT(2) 
PARAMETRIC_REPRESENTATION_CONTEXT() REPRESENTATION_CONTEXT('2D SPACE',''
  ) );
#1037 = PCURVE('',#1038,#1043);
#1038 = CYLINDRICAL_SURFACE('',#1039,21.3);
#1039 = AXIS2_PLACEMENT_3D('',#1040,#1041,#1042);
#1040 = CARTESIAN_POINT('',(0.,0.,1.79));
#1041 = DIRECTION('',(-0.,-0.,-1.));
#1042 = DIRECTION('',(1.,0.,0.));
#1043 = DEFINITIONAL_REPRESENTATION('',(#1044),#1047);
#1044 = B_SPLINE_CURVE_WITH_KNOTS('',1,(#1045,#1046),.UNSPECIFIED.,.F.,
  .F.,(2,2),(0.347639170117,3.784369465995),.PIECEWISE_BEZIER_KNOTS.);
#1045 = CARTESIAN_POINT('',(-5.935546137062,-1.E-02));
#1046 = CARTESIAN_POINT('',(-2.498815841184,-1.E-02));
#1047 = ( GEOMETRIC_REPRESENTATION_CONTEXT(2) 
PARAMETRIC_REPRESENTATION_CONTEXT() REPRESENTATION_CONTEXT('2D SPACE',''
  ) );
#1048 = ORIENTED_EDGE('',*,*,#1049,.T.);
#1049 = EDGE_CURVE('',#1018,#1050,#1052,.T.);
#1050 = VERTEX_POINT('',#1051);
#1051 = CARTESIAN_POINT('',(-12.88698266578,16.95923576615,1.8));
#1052 = SURFACE_CURVE('',#1053,(#1058,#1065),.PCURVE_S1.);
#1053 = CIRCLE('',#1054,3.1);
#1054 = AXIS2_PLACEMENT_3D('',#1055,#1056,#1057);
#1055 = CARTESIAN_POINT('',(-14.3,14.2,1.8));
#1056 = DIRECTION('',(0.,0.,1.));
#1057 = DIRECTION('',(-0.940758615075,0.339077023937,0.));
#1058 = PCURVE('',#392,#1059);
#1059 = DEFINITIONAL_REPRESENTATION('',(#1060),#1064);
#1060 = CIRCLE('',#1061,3.1);
#1061 = AXIS2_PLACEMENT_2D('',#1062,#1063);
#1062 = CARTESIAN_POINT('',(-14.3,14.2));
#1063 = DIRECTION('',(-0.940758615075,0.339077023937));
#1064 = ( GEOMETRIC_REPRESENTATION_CONTEXT(2) 
PARAMETRIC_REPRESENTATION_CONTEXT() REPRESENTATION_CONTEXT('2D SPACE',''
  ) );
#1065 = PCURVE('',#1066,#1071);
#1066 = CYLINDRICAL_SURFACE('',#1067,3.1);
#1067 = AXIS2_PLACEMENT_3D('',#1068,#1069,#1070);
#1068 = CARTESIAN_POINT('',(-14.3,14.2,1.8));
#1069 = DIRECTION('',(-0.,-0.,-1.));
#1070 = DIRECTION('',(1.,0.,0.));
#1071 = DEFINITIONAL_REPRESENTATION('',(#1072),#1076);
#1072 = LINE('',#1073,#1074);
#1073 = CARTESIAN_POINT('',(-2.795657027393,0.));
#1074 = VECTOR('',#1075,1.);
#1075 = DIRECTION('',(-1.,0.));
#1076 = ( GEOMETRIC_REPRESENTATION_CONTEXT(2) 
PARAMETRIC_REPRESENTATION_CONTEXT() REPRESENTATION_CONTEXT('2D SPACE',''
  ) );
#1077 = ORIENTED_EDGE('',*,*,#1078,.T.);
#1078 = EDGE_CURVE('',#1050,#1079,#1081,.T.);
#1079 = VERTEX_POINT('',#1080);
#1080 = CARTESIAN_POINT('',(12.886982665782,16.959235766149,1.8));
#1081 = SURFACE_CURVE('',#1082,(#1087,#1098),.PCURVE_S1.);
#1082 = CIRCLE('',#1083,21.3);
#1083 = AXIS2_PLACEMENT_3D('',#1084,#1085,#1086);
#1084 = CARTESIAN_POINT('',(0.,0.,1.8));
#1085 = DIRECTION('',(0.,0.,-1.));
#1086 = DIRECTION('',(1.,0.,0.));
#1087 = PCURVE('',#392,#1088);
#1088 = DEFINITIONAL_REPRESENTATION('',(#1089),#1097);
#1089 = ( BOUNDED_CURVE() B_SPLINE_CURVE(2,(#1090,#1091,#1092,#1093,
#1094,#1095,#1096),.UNSPECIFIED.,.T.,.F.) B_SPLINE_CURVE_WITH_KNOTS((1,2
    ,2,2,2,1),(-2.094395102393,0.,2.094395102393,4.188790204786,
6.28318530718,8.377580409573),.UNSPECIFIED.) CURVE() 
GEOMETRIC_REPRESENTATION_ITEM() RATIONAL_B_SPLINE_CURVE((1.,0.5,1.,0.5,
1.,0.5,1.)) REPRESENTATION_ITEM('') );
#1090 = CARTESIAN_POINT('',(21.3,-1.914892223345E-15));
#1091 = CARTESIAN_POINT('',(21.3,-36.89268220121));
#1092 = CARTESIAN_POINT('',(-10.65,-18.4463411006));
#1093 = CARTESIAN_POINT('',(-42.6,-7.131887587712E-15));
#1094 = CARTESIAN_POINT('',(-10.65,18.446341100609));
#1095 = CARTESIAN_POINT('',(21.3,36.892682201217));
#1096 = CARTESIAN_POINT('',(21.3,-1.914892223345E-15));
#1097 = ( GEOMETRIC_REPRESENTATION_CONTEXT(2) 
PARAMETRIC_REPRESENTATION_CONTEXT() REPRESENTATION_CONTEXT('2D SPACE',''
  ) );
#1098 = PCURVE('',#1099,#1104);
#1099 = CYLINDRICAL_SURFACE('',#1100,21.3);
#1100 = AXIS2_PLACEMENT_3D('',#1101,#1102,#1103);
#1101 = CARTESIAN_POINT('',(0.,0.,1.79));
#1102 = DIRECTION('',(-0.,-0.,-1.));
#1103 = DIRECTION('',(1.,0.,0.));
#1104 = DEFINITIONAL_REPRESENTATION('',(#1105),#1108);
#1105 = B_SPLINE_CURVE_WITH_KNOTS('',1,(#1106,#1107),.UNSPECIFIED.,.F.,
  .F.,(2,2),(4.062594652918,6.101126495325),.PIECEWISE_BEZIER_KNOTS.);
#1106 = CARTESIAN_POINT('',(-8.503775961441,-1.E-02));
#1107 = CARTESIAN_POINT('',(-6.465244119034,-1.E-02));
#1108 = ( GEOMETRIC_REPRESENTATION_CONTEXT(2) 
PARAMETRIC_REPRESENTATION_CONTEXT() REPRESENTATION_CONTEXT('2D SPACE',''
  ) );
#1109 = ORIENTED_EDGE('',*,*,#1110,.T.);
#1110 = EDGE_CURVE('',#1079,#1111,#1113,.T.);
#1111 = VERTEX_POINT('',#1112);
#1112 = CARTESIAN_POINT('',(17.049252037392,12.767654638401,1.8));
#1113 = SURFACE_CURVE('',#1114,(#1119,#1126),.PCURVE_S1.);
#1114 = CIRCLE('',#1115,3.1);
#1115 = AXIS2_PLACEMENT_3D('',#1116,#1117,#1118);
#1116 = CARTESIAN_POINT('',(14.3,14.2,1.8));
#1117 = DIRECTION('',(0.,-0.,1.));
#1118 = DIRECTION('',(0.345670408525,0.938355992505,0.));
#1119 = PCURVE('',#392,#1120);
#1120 = DEFINITIONAL_REPRESENTATION('',(#1121),#1125);
#1121 = CIRCLE('',#1122,3.1);
#1122 = AXIS2_PLACEMENT_2D('',#1123,#1124);
#1123 = CARTESIAN_POINT('',(14.3,14.2));
#1124 = DIRECTION('',(0.345670408525,0.938355992505));
#1125 = ( GEOMETRIC_REPRESENTATION_CONTEXT(2) 
PARAMETRIC_REPRESENTATION_CONTEXT() REPRESENTATION_CONTEXT('2D SPACE',''
  ) );
#1126 = PCURVE('',#1127,#1132);
#1127 = CYLINDRICAL_SURFACE('',#1128,3.1);
#1128 = AXIS2_PLACEMENT_3D('',#1129,#1130,#1131);
#1129 = CARTESIAN_POINT('',(14.3,14.2,1.8));
#1130 = DIRECTION('',(-0.,-0.,-1.));
#1131 = DIRECTION('',(1.,0.,0.));
#1132 = DEFINITIONAL_REPRESENTATION('',(#1133),#1137);
#1133 = LINE('',#1134,#1135);
#1134 = CARTESIAN_POINT('',(-1.217843185537,0.));
#1135 = VECTOR('',#1136,1.);
#1136 = DIRECTION('',(-1.,0.));
#1137 = ( GEOMETRIC_REPRESENTATION_CONTEXT(2) 
PARAMETRIC_REPRESENTATION_CONTEXT() REPRESENTATION_CONTEXT('2D SPACE',''
  ) );
#1138 = ORIENTED_EDGE('',*,*,#1139,.T.);
#1139 = EDGE_CURVE('',#1111,#938,#1140,.T.);
#1140 = SURFACE_CURVE('',#1141,(#1146,#1157),.PCURVE_S1.);
#1141 = CIRCLE('',#1142,21.3);
#1142 = AXIS2_PLACEMENT_3D('',#1143,#1144,#1145);
#1143 = CARTESIAN_POINT('',(0.,0.,1.8));
#1144 = DIRECTION('',(0.,0.,-1.));
#1145 = DIRECTION('',(1.,0.,0.));
#1146 = PCURVE('',#392,#1147);
#1147 = DEFINITIONAL_REPRESENTATION('',(#1148),#1156);
#1148 = ( BOUNDED_CURVE() B_SPLINE_CURVE(2,(#1149,#1150,#1151,#1152,
#1153,#1154,#1155),.UNSPECIFIED.,.T.,.F.) B_SPLINE_CURVE_WITH_KNOTS((1,2
    ,2,2,2,1),(-2.094395102393,0.,2.094395102393,4.188790204786,
6.28318530718,8.377580409573),.UNSPECIFIED.) CURVE() 
GEOMETRIC_REPRESENTATION_ITEM() RATIONAL_B_SPLINE_CURVE((1.,0.5,1.,0.5,
1.,0.5,1.)) REPRESENTATION_ITEM('') );
#1149 = CARTESIAN_POINT('',(21.3,-1.914892223345E-15));
#1150 = CARTESIAN_POINT('',(21.3,-36.89268220121));
#1151 = CARTESIAN_POINT('',(-10.65,-18.4463411006));
#1152 = CARTESIAN_POINT('',(-42.6,-7.131887587712E-15));
#1153 = CARTESIAN_POINT('',(-10.65,18.446341100609));
#1154 = CARTESIAN_POINT('',(21.3,36.892682201217));
#1155 = CARTESIAN_POINT('',(21.3,-1.914892223345E-15));
#1156 = ( GEOMETRIC_REPRESENTATION_CONTEXT(2) 
PARAMETRIC_REPRESENTATION_CONTEXT() REPRESENTATION_CONTEXT('2D SPACE',''
  ) );
#1157 = PCURVE('',#483,#1158);
#1158 = DEFINITIONAL_REPRESENTATION('',(#1159),#1162);
#1159 = B_SPLINE_CURVE_WITH_KNOTS('',1,(#1160,#1161),.UNSPECIFIED.,.F.,
  .F.,(2,2),(4.062594652918,6.101126495325),.PIECEWISE_BEZIER_KNOTS.);
#1160 = CARTESIAN_POINT('',(-8.503775961441,-1.E-02));
#1161 = CARTESIAN_POINT('',(-6.465244119034,-1.E-02));
#1162 = ( GEOMETRIC_REPRESENTATION_CONTEXT(2) 
PARAMETRIC_REPRESENTATION_CONTEXT() REPRESENTATION_CONTEXT('2D SPACE',''
  ) );
#1163 = FACE_BOUND('',#1164,.F.);
#1164 = EDGE_LOOP('',(#1165));
#1165 = ORIENTED_EDGE('',*,*,#1166,.T.);
#1166 = EDGE_CURVE('',#1167,#1167,#1169,.T.);
#1167 = VERTEX_POINT('',#1168);
#1168 = CARTESIAN_POINT('',(1.6,-20.1,1.8));
#1169 = SURFACE_CURVE('',#1170,(#1175,#1186),.PCURVE_S1.);
#1170 = CIRCLE('',#1171,1.6);
#1171 = AXIS2_PLACEMENT_3D('',#1172,#1173,#1174);
#1172 = CARTESIAN_POINT('',(0.,-20.1,1.8));
#1173 = DIRECTION('',(0.,0.,-1.));
#1174 = DIRECTION('',(1.,0.,0.));
#1175 = PCURVE('',#392,#1176);
#1176 = DEFINITIONAL_REPRESENTATION('',(#1177),#1185);
#1177 = ( BOUNDED_CURVE() B_SPLINE_CURVE(2,(#1178,#1179,#1180,#1181,
#1182,#1183,#1184),.UNSPECIFIED.,.T.,.F.) B_SPLINE_CURVE_WITH_KNOTS((1,2
    ,2,2,2,1),(-2.094395102393,0.,2.094395102393,4.188790204786,
6.28318530718,8.377580409573),.UNSPECIFIED.) CURVE() 
GEOMETRIC_REPRESENTATION_ITEM() RATIONAL_B_SPLINE_CURVE((1.,0.5,1.,0.5,
1.,0.5,1.)) REPRESENTATION_ITEM('') );
#1178 = CARTESIAN_POINT('',(1.6,-20.1));
#1179 = CARTESIAN_POINT('',(1.6,-22.87128129211));
#1180 = CARTESIAN_POINT('',(-0.8,-21.48564064605));
#1181 = CARTESIAN_POINT('',(-3.2,-20.1));
#1182 = CARTESIAN_POINT('',(-0.8,-18.71435935394));
#1183 = CARTESIAN_POINT('',(1.6,-17.32871870789));
#1184 = CARTESIAN_POINT('',(1.6,-20.1));
#1185 = ( GEOMETRIC_REPRESENTATION_CONTEXT(2) 
PARAMETRIC_REPRESENTATION_CONTEXT() REPRESENTATION_CONTEXT('2D SPACE',''
  ) );
#1186 = PCURVE('',#1187,#1192);
#1187 = CYLINDRICAL_SURFACE('',#1188,1.6);
#1188 = AXIS2_PLACEMENT_3D('',#1189,#1190,#1191);
#1189 = CARTESIAN_POINT('',(0.,-20.1,1.7));
#1190 = DIRECTION('',(-0.,-0.,-1.));
#1191 = DIRECTION('',(1.,0.,0.));
#1192 = DEFINITIONAL_REPRESENTATION('',(#1193),#1197);
#1193 = LINE('',#1194,#1195);
#1194 = CARTESIAN_POINT('',(-6.28318530718,-0.1));
#1195 = VECTOR('',#1196,1.);
#1196 = DIRECTION('',(1.,-0.));
#1197 = ( GEOMETRIC_REPRESENTATION_CONTEXT(2) 
PARAMETRIC_REPRESENTATION_CONTEXT() REPRESENTATION_CONTEXT('2D SPACE',''
  ) );
#1198 = FACE_BOUND('',#1199,.F.);
#1199 = EDGE_LOOP('',(#1200));
#1200 = ORIENTED_EDGE('',*,*,#1201,.T.);
#1201 = EDGE_CURVE('',#1202,#1202,#1204,.T.);
#1202 = VERTEX_POINT('',#1203);
#1203 = CARTESIAN_POINT('',(-12.7,14.2,1.8));
#1204 = SURFACE_CURVE('',#1205,(#1210,#1221),.PCURVE_S1.);
#1205 = CIRCLE('',#1206,1.6);
#1206 = AXIS2_PLACEMENT_3D('',#1207,#1208,#1209);
#1207 = CARTESIAN_POINT('',(-14.3,14.2,1.8));
#1208 = DIRECTION('',(0.,0.,-1.));
#1209 = DIRECTION('',(1.,0.,0.));
#1210 = PCURVE('',#392,#1211);
#1211 = DEFINITIONAL_REPRESENTATION('',(#1212),#1220);
#1212 = ( BOUNDED_CURVE() B_SPLINE_CURVE(2,(#1213,#1214,#1215,#1216,
#1217,#1218,#1219),.UNSPECIFIED.,.T.,.F.) B_SPLINE_CURVE_WITH_KNOTS((1,2
    ,2,2,2,1),(-2.094395102393,0.,2.094395102393,4.188790204786,
6.28318530718,8.377580409573),.UNSPECIFIED.) CURVE() 
GEOMETRIC_REPRESENTATION_ITEM() RATIONAL_B_SPLINE_CURVE((1.,0.5,1.,0.5,
1.,0.5,1.)) REPRESENTATION_ITEM('') );
#1213 = CARTESIAN_POINT('',(-12.7,14.2));
#1214 = CARTESIAN_POINT('',(-12.7,11.42871870789));
#1215 = CARTESIAN_POINT('',(-15.1,12.814359353945));
#1216 = CARTESIAN_POINT('',(-17.5,14.2));
#1217 = CARTESIAN_POINT('',(-15.1,15.585640646055));
#1218 = CARTESIAN_POINT('',(-12.7,16.97128129211));
#1219 = CARTESIAN_POINT('',(-12.7,14.2));
#1220 = ( GEOMETRIC_REPRESENTATION_CONTEXT(2) 
PARAMETRIC_REPRESENTATION_CONTEXT() REPRESENTATION_CONTEXT('2D SPACE',''
  ) );
#1221 = PCURVE('',#1222,#1227);
#1222 = CYLINDRICAL_SURFACE('',#1223,1.6);
#1223 = AXIS2_PLACEMENT_3D('',#1224,#1225,#1226);
#1224 = CARTESIAN_POINT('',(-14.3,14.2,1.7));
#1225 = DIRECTION('',(-0.,-0.,-1.));
#1226 = DIRECTION('',(1.,0.,0.));
#1227 = DEFINITIONAL_REPRESENTATION('',(#1228),#1232);
#1228 = LINE('',#1229,#1230);
#1229 = CARTESIAN_POINT('',(-6.28318530718,-0.1));
#1230 = VECTOR('',#1231,1.);
#1231 = DIRECTION('',(1.,-0.));
#1232 = ( GEOMETRIC_REPRESENTATION_CONTEXT(2) 
PARAMETRIC_REPRESENTATION_CONTEXT() REPRESENTATION_CONTEXT('2D SPACE',''
  ) );
#1233 = FACE_BOUND('',#1234,.F.);
#1234 = EDGE_LOOP('',(#1235));
#1235 = ORIENTED_EDGE('',*,*,#1236,.T.);
#1236 = EDGE_CURVE('',#1237,#1237,#1239,.T.);
#1237 = VERTEX_POINT('',#1238);
#1238 = CARTESIAN_POINT('',(15.9,14.2,1.8));
#1239 = SURFACE_CURVE('',#1240,(#1245,#1256),.PCURVE_S1.);
#1240 = CIRCLE('',#1241,1.6);
#1241 = AXIS2_PLACEMENT_3D('',#1242,#1243,#1244);
#1242 = CARTESIAN_POINT('',(14.3,14.2,1.8));
#1243 = DIRECTION('',(0.,0.,-1.));
#1244 = DIRECTION('',(1.,0.,0.));
#1245 = PCURVE('',#392,#1246);
#1246 = DEFINITIONAL_REPRESENTATION('',(#1247),#1255);
#1247 = ( BOUNDED_CURVE() B_SPLINE_CURVE(2,(#1248,#1249,#1250,#1251,
#1252,#1253,#1254),.UNSPECIFIED.,.T.,.F.) B_SPLINE_CURVE_WITH_KNOTS((1,2
    ,2,2,2,1),(-2.094395102393,0.,2.094395102393,4.188790204786,
6.28318530718,8.377580409573),.UNSPECIFIED.) CURVE() 
GEOMETRIC_REPRESENTATION_ITEM() RATIONAL_B_SPLINE_CURVE((1.,0.5,1.,0.5,
1.,0.5,1.)) REPRESENTATION_ITEM('') );
#1248 = CARTESIAN_POINT('',(15.9,14.2));
#1249 = CARTESIAN_POINT('',(15.9,11.42871870789));
#1250 = CARTESIAN_POINT('',(13.5,12.814359353945));
#1251 = CARTESIAN_POINT('',(11.1,14.2));
#1252 = CARTESIAN_POINT('',(13.5,15.585640646055));
#1253 = CARTESIAN_POINT('',(15.9,16.97128129211));
#1254 = CARTESIAN_POINT('',(15.9,14.2));
#1255 = ( GEOMETRIC_REPRESENTATION_CONTEXT(2) 
PARAMETRIC_REPRESENTATION_CONTEXT() REPRESENTATION_CONTEXT('2D SPACE',''
  ) );
#1256 = PCURVE('',#1257,#1262);
#1257 = CYLINDRICAL_SURFACE('',#1258,1.6);
#1258 = AXIS2_PLACEMENT_3D('',#1259,#1260,#1261);
#1259 = CARTESIAN_POINT('',(14.3,14.2,1.7));
#1260 = DIRECTION('',(-0.,-0.,-1.));
#1261 = DIRECTION('',(1.,0.,0.));
#1262 = DEFINITIONAL_REPRESENTATION('',(#1263),#1267);
#1263 = LINE('',#1264,#1265);
#1264 = CARTESIAN_POINT('',(-6.28318530718,-0.1));
#1265 = VECTOR('',#1266,1.);
#1266 = DIRECTION('',(1.,-0.));
#1267 = ( GEOMETRIC_REPRESENTATION_CONTEXT(2) 
PARAMETRIC_REPRESENTATION_CONTEXT() REPRESENTATION_CONTEXT('2D SPACE',''
  ) );
#1268 = ADVANCED_FACE('',(#1269),#440,.F.);
#1269 = FACE_BOUND('',#1270,.T.);
#1270 = EDGE_LOOP('',(#1271,#1272,#1326,#1327));
#1271 = ORIENTED_EDGE('',*,*,#494,.F.);
#1272 = ORIENTED_EDGE('',*,*,#1273,.F.);
#1273 = EDGE_CURVE('',#938,#469,#1274,.T.);
#1274 = SURFACE_CURVE('',#1275,(#1290,#1308),.PCURVE_S1.);
#1275 = B_SPLINE_CURVE_WITH_KNOTS('',7,(#1276,#1277,#1278,#1279,#1280,
    #1281,#1282,#1283,#1284,#1285,#1286,#1287,#1288,#1289),
  .UNSPECIFIED.,.F.,.F.,(8,6,8),(0.,0.254772319586,1.),.UNSPECIFIED.);
#1276 = CARTESIAN_POINT('',(20.947975491233,3.85646506774,1.7999994));
#1277 = CARTESIAN_POINT('',(20.932169233766,3.942323253463,
    1.855458255446));
#1278 = CARTESIAN_POINT('',(20.916658005859,4.024273078085,
    1.914196411926));
#1279 = CARTESIAN_POINT('',(20.901513151251,4.102298019009,
    1.975896634752));
#1280 = CARTESIAN_POINT('',(20.886799550812,4.176395127987,
    2.040263223863));
#1281 = CARTESIAN_POINT('',(20.872575217269,4.246574272935,
    2.107021686638));
#1282 = CARTESIAN_POINT('',(20.858890889934,4.312857379741,
    2.175918410692));
#1283 = CARTESIAN_POINT('',(20.807467483659,4.557861603265,
    2.453821151907));
#1284 = CARTESIAN_POINT('',(20.774112906824,4.707496745002,
    2.677339273878));
#1285 = CARTESIAN_POINT('',(20.74671234813,4.82544225823,2.912065616291)
  );
#1286 = CARTESIAN_POINT('',(20.725853554093,4.912944132447,3.15430573302
    ));
#1287 = CARTESIAN_POINT('',(20.711843748278,4.970957658267,
    3.401241554698));
#1288 = CARTESIAN_POINT('',(20.704830354292,5.,3.650530915756));
#1289 = CARTESIAN_POINT('',(20.704830354292,5.,3.9));
#1290 = PCURVE('',#440,#1291);
#1291 = DEFINITIONAL_REPRESENTATION('',(#1292),#1307);
#1292 = B_SPLINE_CURVE_WITH_KNOTS('',7,(#1293,#1294,#1295,#1296,#1297,
    #1298,#1299,#1300,#1301,#1302,#1303,#1304,#1305,#1306),
  .UNSPECIFIED.,.F.,.F.,(8,6,8),(0.,0.254772319586,1.),.UNSPECIFIED.);
#1293 = CARTESIAN_POINT('',(-5.285901642482,-2.347975491233));
#1294 = CARTESIAN_POINT('',(-5.326786481145,-2.332169233766));
#1295 = CARTESIAN_POINT('',(-5.36706987251,-2.316658005859));
#1296 = CARTESIAN_POINT('',(-5.4067888691,-2.301513151251));
#1297 = CARTESIAN_POINT('',(-5.44597540176,-2.286799550812));
#1298 = CARTESIAN_POINT('',(-5.484658008102,-2.272575217269));
#1299 = CARTESIAN_POINT('',(-5.522863560964,-2.258890889934));
#1300 = CARTESIAN_POINT('',(-5.671056409979,-2.207467483659));
#1301 = CARTESIAN_POINT('',(-5.777704088845,-2.174112906824));
#1302 = CARTESIAN_POINT('',(-5.881531154708,-2.14671234813));
#1303 = CARTESIAN_POINT('',(-5.983284056455,-2.125853554093));
#1304 = CARTESIAN_POINT('',(-6.083682094208,-2.111843748278));
#1305 = CARTESIAN_POINT('',(-6.183397673482,-2.104830354292));
#1306 = CARTESIAN_POINT('',(-6.28318530718,-2.104830354292));
#1307 = ( GEOMETRIC_REPRESENTATION_CONTEXT(2) 
PARAMETRIC_REPRESENTATION_CONTEXT() REPRESENTATION_CONTEXT('2D SPACE',''
  ) );
#1308 = PCURVE('',#483,#1309);
#1309 = DEFINITIONAL_REPRESENTATION('',(#1310),#1325);
#1310 = B_SPLINE_CURVE_WITH_KNOTS('',7,(#1311,#1312,#1313,#1314,#1315,
    #1316,#1317,#1318,#1319,#1320,#1321,#1322,#1323,#1324),
  .UNSPECIFIED.,.F.,.F.,(8,6,8),(3.937625663772E-07,0.254772319586,1.),
  .UNSPECIFIED.);
#1311 = CARTESIAN_POINT('',(-6.465244119034,-9.999999999996E-03));
#1312 = CARTESIAN_POINT('',(-6.469342749831,-6.545880014203E-02));
#1313 = CARTESIAN_POINT('',(-6.473258414824,-0.124196888729));
#1314 = CARTESIAN_POINT('',(-6.476989857038,-0.185897032678));
#1315 = CARTESIAN_POINT('',(-6.480536456199,-0.250263533398));
#1316 = CARTESIAN_POINT('',(-6.483898206322,-0.317021899604));
#1317 = CARTESIAN_POINT('',(-6.487075693289,-0.38591852012));
#1318 = CARTESIAN_POINT('',(-6.498828864141,-0.663821151907));
#1319 = CARTESIAN_POINT('',(-6.50602584506,-0.887339273878));
#1320 = CARTESIAN_POINT('',(-6.511710453763,-1.122065616291));
#1321 = CARTESIAN_POINT('',(-6.515933609635,-1.36430573302));
#1322 = CARTESIAN_POINT('',(-6.518735544398,-1.611241554698));
#1323 = CARTESIAN_POINT('',(-6.520138228254,-1.860530915756));
#1324 = CARTESIAN_POINT('',(-6.520138228254,-2.11));
#1325 = ( GEOMETRIC_REPRESENTATION_CONTEXT(2) 
PARAMETRIC_REPRESENTATION_CONTEXT() REPRESENTATION_CONTEXT('2D SPACE',''
  ) );
#1326 = ORIENTED_EDGE('',*,*,#937,.F.);
#1327 = ORIENTED_EDGE('',*,*,#404,.T.);
#1328 = ADVANCED_FACE('',(#1329),#483,.F.);
#1329 = FACE_BOUND('',#1330,.T.);
#1330 = EDGE_LOOP('',(#1331,#1352,#1381,#1400,#1401,#1402,#1403,#1404,
    #1405,#1406,#1407,#1408));
#1331 = ORIENTED_EDGE('',*,*,#1332,.F.);
#1332 = EDGE_CURVE('',#1333,#962,#1335,.T.);
#1333 = VERTEX_POINT('',#1334);
#1334 = CARTESIAN_POINT('',(2.935380248627,-21.09676616915,10.98));
#1335 = SURFACE_CURVE('',#1336,(#1340,#1346),.PCURVE_S1.);
#1336 = LINE('',#1337,#1338);
#1337 = CARTESIAN_POINT('',(2.935380248627,-21.09676616915,1.79));
#1338 = VECTOR('',#1339,1.);
#1339 = DIRECTION('',(-0.,-0.,-1.));
#1340 = PCURVE('',#483,#1341);
#1341 = DEFINITIONAL_REPRESENTATION('',(#1342),#1345);
#1342 = B_SPLINE_CURVE_WITH_KNOTS('',1,(#1343,#1344),.UNSPECIFIED.,.F.,
  .F.,(2,2),(-9.1900006,-9.999399999996E-03),.PIECEWISE_BEZIER_KNOTS.);
#1343 = CARTESIAN_POINT('',(-4.850640247897,-9.1900006));
#1344 = CARTESIAN_POINT('',(-4.850640247897,-9.999399999996E-03));
#1345 = ( GEOMETRIC_REPRESENTATION_CONTEXT(2) 
PARAMETRIC_REPRESENTATION_CONTEXT() REPRESENTATION_CONTEXT('2D SPACE',''
  ) );
#1346 = PCURVE('',#1005,#1347);
#1347 = DEFINITIONAL_REPRESENTATION('',(#1348),#1351);
#1348 = B_SPLINE_CURVE_WITH_KNOTS('',1,(#1349,#1350),.UNSPECIFIED.,.F.,
  .F.,(2,2),(-9.1900006,-9.999399999996E-03),.PIECEWISE_BEZIER_KNOTS.);
#1349 = CARTESIAN_POINT('',(-5.955832569187,-9.1800006));
#1350 = CARTESIAN_POINT('',(-5.955832569187,6.000000043471E-07));
#1351 = ( GEOMETRIC_REPRESENTATION_CONTEXT(2) 
PARAMETRIC_REPRESENTATION_CONTEXT() REPRESENTATION_CONTEXT('2D SPACE',''
  ) );
#1352 = ORIENTED_EDGE('',*,*,#1353,.T.);
#1353 = EDGE_CURVE('',#1333,#1354,#1356,.T.);
#1354 = VERTEX_POINT('',#1355);
#1355 = CARTESIAN_POINT('',(17.049252037392,12.7676546384,10.98));
#1356 = SURFACE_CURVE('',#1357,(#1362,#1369),.PCURVE_S1.);
#1357 = CIRCLE('',#1358,21.3);
#1358 = AXIS2_PLACEMENT_3D('',#1359,#1360,#1361);
#1359 = CARTESIAN_POINT('',(0.,0.,10.98));
#1360 = DIRECTION('',(0.,0.,1.));
#1361 = DIRECTION('',(-0.800434367953,0.599420405559,0.));
#1362 = PCURVE('',#483,#1363);
#1363 = DEFINITIONAL_REPRESENTATION('',(#1364),#1368);
#1364 = LINE('',#1365,#1366);
#1365 = CARTESIAN_POINT('',(-2.498815841184,-9.19));
#1366 = VECTOR('',#1367,1.);
#1367 = DIRECTION('',(-1.,0.));
#1368 = ( GEOMETRIC_REPRESENTATION_CONTEXT(2) 
PARAMETRIC_REPRESENTATION_CONTEXT() REPRESENTATION_CONTEXT('2D SPACE',''
  ) );
#1369 = PCURVE('',#1370,#1375);
#1370 = PLANE('',#1371);
#1371 = AXIS2_PLACEMENT_3D('',#1372,#1373,#1374);
#1372 = CARTESIAN_POINT('',(-5.13592538043E-16,1.184870924777E-15,10.98)
  );
#1373 = DIRECTION('',(0.,0.,1.));
#1374 = DIRECTION('',(1.,0.,-0.));
#1375 = DEFINITIONAL_REPRESENTATION('',(#1376),#1380);
#1376 = CIRCLE('',#1377,21.3);
#1377 = AXIS2_PLACEMENT_2D('',#1378,#1379);
#1378 = CARTESIAN_POINT('',(5.13592538043E-16,-1.184870924777E-15));
#1379 = DIRECTION('',(-0.800434367953,0.599420405559));
#1380 = ( GEOMETRIC_REPRESENTATION_CONTEXT(2) 
PARAMETRIC_REPRESENTATION_CONTEXT() REPRESENTATION_CONTEXT('2D SPACE',''
  ) );
#1381 = ORIENTED_EDGE('',*,*,#1382,.T.);
#1382 = EDGE_CURVE('',#1354,#1111,#1383,.T.);
#1383 = SURFACE_CURVE('',#1384,(#1388,#1394),.PCURVE_S1.);
#1384 = LINE('',#1385,#1386);
#1385 = CARTESIAN_POINT('',(17.049252037392,12.767654638401,1.79));
#1386 = VECTOR('',#1387,1.);
#1387 = DIRECTION('',(-0.,-0.,-1.));
#1388 = PCURVE('',#483,#1389);
#1389 = DEFINITIONAL_REPRESENTATION('',(#1390),#1393);
#1390 = B_SPLINE_CURVE_WITH_KNOTS('',1,(#1391,#1392),.UNSPECIFIED.,.F.,
  .F.,(2,2),(-9.1900006,-9.999399999996E-03),.PIECEWISE_BEZIER_KNOTS.);
#1391 = CARTESIAN_POINT('',(-6.925962119585,-9.1900006));
#1392 = CARTESIAN_POINT('',(-6.925962119585,-9.999399999996E-03));
#1393 = ( GEOMETRIC_REPRESENTATION_CONTEXT(2) 
PARAMETRIC_REPRESENTATION_CONTEXT() REPRESENTATION_CONTEXT('2D SPACE',''
  ) );
#1394 = PCURVE('',#1127,#1395);
#1395 = DEFINITIONAL_REPRESENTATION('',(#1396),#1399);
#1396 = B_SPLINE_CURVE_WITH_KNOTS('',1,(#1397,#1398),.UNSPECIFIED.,.F.,
  .F.,(2,2),(-9.1900006,-9.999399999996E-03),.PIECEWISE_BEZIER_KNOTS.);
#1397 = CARTESIAN_POINT('',(-5.802883460652,-9.1800006));
#1398 = CARTESIAN_POINT('',(-5.802883460652,6.000000043471E-07));
#1399 = ( GEOMETRIC_REPRESENTATION_CONTEXT(2) 
PARAMETRIC_REPRESENTATION_CONTEXT() REPRESENTATION_CONTEXT('2D SPACE',''
  ) );
#1400 = ORIENTED_EDGE('',*,*,#1139,.T.);
#1401 = ORIENTED_EDGE('',*,*,#1273,.T.);
#1402 = ORIENTED_EDGE('',*,*,#466,.F.);
#1403 = ORIENTED_EDGE('',*,*,#540,.T.);
#1404 = ORIENTED_EDGE('',*,*,#622,.F.);
#1405 = ORIENTED_EDGE('',*,*,#727,.T.);
#1406 = ORIENTED_EDGE('',*,*,#809,.T.);
#1407 = ORIENTED_EDGE('',*,*,#856,.T.);
#1408 = ORIENTED_EDGE('',*,*,#961,.T.);
#1409 = ADVANCED_FACE('',(#1410),#711,.F.);
#1410 = FACE_BOUND('',#1411,.T.);
#1411 = EDGE_LOOP('',(#1412,#1441,#1462,#1463));
#1412 = ORIENTED_EDGE('',*,*,#1413,.F.);
#1413 = EDGE_CURVE('',#1414,#1414,#1416,.T.);
#1414 = VERTEX_POINT('',#1415);
#1415 = CARTESIAN_POINT('',(21.7,0.,13.5));
#1416 = SURFACE_CURVE('',#1417,(#1422,#1429),.PCURVE_S1.);
#1417 = CIRCLE('',#1418,21.7);
#1418 = AXIS2_PLACEMENT_3D('',#1419,#1420,#1421);
#1419 = CARTESIAN_POINT('',(0.,0.,13.5));
#1420 = DIRECTION('',(0.,0.,1.));
#1421 = DIRECTION('',(1.,0.,0.));
#1422 = PCURVE('',#711,#1423);
#1423 = DEFINITIONAL_REPRESENTATION('',(#1424),#1428);
#1424 = LINE('',#1425,#1426);
#1425 = CARTESIAN_POINT('',(-0.,0.));
#1426 = VECTOR('',#1427,1.);
#1427 = DIRECTION('',(-1.,0.));
#1428 = ( GEOMETRIC_REPRESENTATION_CONTEXT(2) 
PARAMETRIC_REPRESENTATION_CONTEXT() REPRESENTATION_CONTEXT('2D SPACE',''
  ) );
#1429 = PCURVE('',#1430,#1435);
#1430 = PLANE('',#1431);
#1431 = AXIS2_PLACEMENT_3D('',#1432,#1433,#1434);
#1432 = CARTESIAN_POINT('',(-5.041253944846E-16,-8.858278513833E-16,13.5
    ));
#1433 = DIRECTION('',(0.,0.,1.));
#1434 = DIRECTION('',(1.,0.,-0.));
#1435 = DEFINITIONAL_REPRESENTATION('',(#1436),#1440);
#1436 = CIRCLE('',#1437,21.7);
#1437 = AXIS2_PLACEMENT_2D('',#1438,#1439);
#1438 = CARTESIAN_POINT('',(5.041253944846E-16,8.858278513833E-16));
#1439 = DIRECTION('',(1.,0.));
#1440 = ( GEOMETRIC_REPRESENTATION_CONTEXT(2) 
PARAMETRIC_REPRESENTATION_CONTEXT() REPRESENTATION_CONTEXT('2D SPACE',''
  ) );
#1441 = ORIENTED_EDGE('',*,*,#1442,.T.);
#1442 = EDGE_CURVE('',#1414,#675,#1443,.T.);
#1443 = SEAM_CURVE('',#1444,(#1448,#1455),.PCURVE_S1.);
#1444 = LINE('',#1445,#1446);
#1445 = CARTESIAN_POINT('',(21.7,0.,13.5));
#1446 = VECTOR('',#1447,1.);
#1447 = DIRECTION('',(0.,0.,1.));
#1448 = PCURVE('',#711,#1449);
#1449 = DEFINITIONAL_REPRESENTATION('',(#1450),#1454);
#1450 = LINE('',#1451,#1452);
#1451 = CARTESIAN_POINT('',(-6.28318530718,0.));
#1452 = VECTOR('',#1453,1.);
#1453 = DIRECTION('',(-0.,-1.));
#1454 = ( GEOMETRIC_REPRESENTATION_CONTEXT(2) 
PARAMETRIC_REPRESENTATION_CONTEXT() REPRESENTATION_CONTEXT('2D SPACE',''
  ) );
#1455 = PCURVE('',#711,#1456);
#1456 = DEFINITIONAL_REPRESENTATION('',(#1457),#1461);
#1457 = LINE('',#1458,#1459);
#1458 = CARTESIAN_POINT('',(-0.,0.));
#1459 = VECTOR('',#1460,1.);
#1460 = DIRECTION('',(-0.,-1.));
#1461 = ( GEOMETRIC_REPRESENTATION_CONTEXT(2) 
PARAMETRIC_REPRESENTATION_CONTEXT() REPRESENTATION_CONTEXT('2D SPACE',''
  ) );
#1462 = ORIENTED_EDGE('',*,*,#696,.T.);
#1463 = ORIENTED_EDGE('',*,*,#1442,.F.);
#1464 = ADVANCED_FACE('',(#1465),#1127,.T.);
#1465 = FACE_BOUND('',#1466,.F.);
#1466 = EDGE_LOOP('',(#1467,#1468,#1489,#1522,#1555,#1581));
#1467 = ORIENTED_EDGE('',*,*,#1110,.F.);
#1468 = ORIENTED_EDGE('',*,*,#1469,.F.);
#1469 = EDGE_CURVE('',#1470,#1079,#1472,.T.);
#1470 = VERTEX_POINT('',#1471);
#1471 = CARTESIAN_POINT('',(12.886982665781,16.95923576615,10.98));
#1472 = SURFACE_CURVE('',#1473,(#1477,#1483),.PCURVE_S1.);
#1473 = LINE('',#1474,#1475);
#1474 = CARTESIAN_POINT('',(12.886982665782,16.959235766149,1.79));
#1475 = VECTOR('',#1476,1.);
#1476 = DIRECTION('',(-0.,-0.,-1.));
#1477 = PCURVE('',#1127,#1478);
#1478 = DEFINITIONAL_REPRESENTATION('',(#1479),#1482);
#1479 = B_SPLINE_CURVE_WITH_KNOTS('',1,(#1480,#1481),.UNSPECIFIED.,.F.,
  .F.,(2,2),(-9.1900006,-9.999399999996E-03),.PIECEWISE_BEZIER_KNOTS.);
#1480 = CARTESIAN_POINT('',(-2.044080658262,-9.1800006));
#1481 = CARTESIAN_POINT('',(-2.044080658262,6.000000043471E-07));
#1482 = ( GEOMETRIC_REPRESENTATION_CONTEXT(2) 
PARAMETRIC_REPRESENTATION_CONTEXT() REPRESENTATION_CONTEXT('2D SPACE',''
  ) );
#1483 = PCURVE('',#1099,#1484);
#1484 = DEFINITIONAL_REPRESENTATION('',(#1485),#1488);
#1485 = B_SPLINE_CURVE_WITH_KNOTS('',1,(#1486,#1487),.UNSPECIFIED.,.F.,
  .F.,(2,2),(-9.1900006,-9.999399999996E-03),.PIECEWISE_BEZIER_KNOTS.);
#1486 = CARTESIAN_POINT('',(-7.204187306508,-9.1900006));
#1487 = CARTESIAN_POINT('',(-7.204187306508,-9.999399999996E-03));
#1488 = ( GEOMETRIC_REPRESENTATION_CONTEXT(2) 
PARAMETRIC_REPRESENTATION_CONTEXT() REPRESENTATION_CONTEXT('2D SPACE',''
  ) );
#1489 = ORIENTED_EDGE('',*,*,#1490,.F.);
#1490 = EDGE_CURVE('',#1491,#1470,#1493,.T.);
#1491 = VERTEX_POINT('',#1492);
#1492 = CARTESIAN_POINT('',(11.372751011914,15.220398628847,10.98));
#1493 = SURFACE_CURVE('',#1494,(#1499,#1506),.PCURVE_S1.);
#1494 = CIRCLE('',#1495,3.1);
#1495 = AXIS2_PLACEMENT_3D('',#1496,#1497,#1498);
#1496 = CARTESIAN_POINT('',(14.3,14.2,10.98));
#1497 = DIRECTION('',(0.,0.,-1.));
#1498 = DIRECTION('',(0.940758615075,0.339077023937,0.));
#1499 = PCURVE('',#1127,#1500);
#1500 = DEFINITIONAL_REPRESENTATION('',(#1501),#1505);
#1501 = LINE('',#1502,#1503);
#1502 = CARTESIAN_POINT('',(-6.629120933376,-9.18));
#1503 = VECTOR('',#1504,1.);
#1504 = DIRECTION('',(1.,-0.));
#1505 = ( GEOMETRIC_REPRESENTATION_CONTEXT(2) 
PARAMETRIC_REPRESENTATION_CONTEXT() REPRESENTATION_CONTEXT('2D SPACE',''
  ) );
#1506 = PCURVE('',#1507,#1512);
#1507 = PLANE('',#1508);
#1508 = AXIS2_PLACEMENT_3D('',#1509,#1510,#1511);
#1509 = CARTESIAN_POINT('',(-5.13592538043E-16,1.184870924777E-15,10.98)
  );
#1510 = DIRECTION('',(0.,0.,1.));
#1511 = DIRECTION('',(1.,0.,-0.));
#1512 = DEFINITIONAL_REPRESENTATION('',(#1513),#1521);
#1513 = ( BOUNDED_CURVE() B_SPLINE_CURVE(2,(#1514,#1515,#1516,#1517,
#1518,#1519,#1520),.UNSPECIFIED.,.T.,.F.) B_SPLINE_CURVE_WITH_KNOTS((1,2
    ,2,2,2,1),(-2.094395102393,0.,2.094395102393,4.188790204786,
6.28318530718,8.377580409573),.UNSPECIFIED.) CURVE() 
GEOMETRIC_REPRESENTATION_ITEM() RATIONAL_B_SPLINE_CURVE((1.,0.5,1.,0.5,
1.,0.5,1.)) REPRESENTATION_ITEM('') );
#1514 = CARTESIAN_POINT('',(17.216351706732,15.251138774206));
#1515 = CARTESIAN_POINT('',(19.036977469463,10.199869445406));
#1516 = CARTESIAN_POINT('',(13.752137027999,11.148795948497));
#1517 = CARTESIAN_POINT('',(8.467296586535,12.097722451588));
#1518 = CARTESIAN_POINT('',(11.931511265268,16.200065277297));
#1519 = CARTESIAN_POINT('',(15.395725944001,20.302408103007));
#1520 = CARTESIAN_POINT('',(17.216351706732,15.251138774206));
#1521 = ( GEOMETRIC_REPRESENTATION_CONTEXT(2) 
PARAMETRIC_REPRESENTATION_CONTEXT() REPRESENTATION_CONTEXT('2D SPACE',''
  ) );
#1522 = ORIENTED_EDGE('',*,*,#1523,.F.);
#1523 = EDGE_CURVE('',#1524,#1491,#1526,.T.);
#1524 = VERTEX_POINT('',#1525);
#1525 = CARTESIAN_POINT('',(15.299831658659,11.26566248459,10.98));
#1526 = SURFACE_CURVE('',#1527,(#1532,#1539),.PCURVE_S1.);
#1527 = CIRCLE('',#1528,3.1);
#1528 = AXIS2_PLACEMENT_3D('',#1529,#1530,#1531);
#1529 = CARTESIAN_POINT('',(14.3,14.2,10.98));
#1530 = DIRECTION('',(0.,0.,-1.));
#1531 = DIRECTION('',(0.940758615075,0.339077023937,0.));
#1532 = PCURVE('',#1127,#1533);
#1533 = DEFINITIONAL_REPRESENTATION('',(#1534),#1538);
#1534 = LINE('',#1535,#1536);
#1535 = CARTESIAN_POINT('',(-6.629120933376,-9.18));
#1536 = VECTOR('',#1537,1.);
#1537 = DIRECTION('',(1.,-0.));
#1538 = ( GEOMETRIC_REPRESENTATION_CONTEXT(2) 
PARAMETRIC_REPRESENTATION_CONTEXT() REPRESENTATION_CONTEXT('2D SPACE',''
  ) );
#1539 = PCURVE('',#1540,#1545);
#1540 = PLANE('',#1541);
#1541 = AXIS2_PLACEMENT_3D('',#1542,#1543,#1544);
#1542 = CARTESIAN_POINT('',(14.3,14.2,10.98));
#1543 = DIRECTION('',(0.,0.,1.));
#1544 = DIRECTION('',(1.,0.,-0.));
#1545 = DEFINITIONAL_REPRESENTATION('',(#1546),#1554);
#1546 = ( BOUNDED_CURVE() B_SPLINE_CURVE(2,(#1547,#1548,#1549,#1550,
#1551,#1552,#1553),.UNSPECIFIED.,.T.,.F.) B_SPLINE_CURVE_WITH_KNOTS((1,2
    ,2,2,2,1),(-2.094395102393,0.,2.094395102393,4.188790204786,
6.28318530718,8.377580409573),.UNSPECIFIED.) CURVE() 
GEOMETRIC_REPRESENTATION_ITEM() RATIONAL_B_SPLINE_CURVE((1.,0.5,1.,0.5,
1.,0.5,1.)) REPRESENTATION_ITEM('') );
#1547 = CARTESIAN_POINT('',(2.916351706732,1.051138774206));
#1548 = CARTESIAN_POINT('',(4.736977469463,-4.000130554594));
#1549 = CARTESIAN_POINT('',(-0.547862972001,-3.051204051503));
#1550 = CARTESIAN_POINT('',(-5.832703413465,-2.102277548412));
#1551 = CARTESIAN_POINT('',(-2.368488734732,2.000065277297));
#1552 = CARTESIAN_POINT('',(1.095725944001,6.102408103007));
#1553 = CARTESIAN_POINT('',(2.916351706732,1.051138774206));
#1554 = ( GEOMETRIC_REPRESENTATION_CONTEXT(2) 
PARAMETRIC_REPRESENTATION_CONTEXT() REPRESENTATION_CONTEXT('2D SPACE',''
  ) );
#1555 = ORIENTED_EDGE('',*,*,#1556,.F.);
#1556 = EDGE_CURVE('',#1354,#1524,#1557,.T.);
#1557 = SURFACE_CURVE('',#1558,(#1563,#1570),.PCURVE_S1.);
#1558 = CIRCLE('',#1559,3.1);
#1559 = AXIS2_PLACEMENT_3D('',#1560,#1561,#1562);
#1560 = CARTESIAN_POINT('',(14.3,14.2,10.98));
#1561 = DIRECTION('',(0.,0.,-1.));
#1562 = DIRECTION('',(0.940758615075,0.339077023937,0.));
#1563 = PCURVE('',#1127,#1564);
#1564 = DEFINITIONAL_REPRESENTATION('',(#1565),#1569);
#1565 = LINE('',#1566,#1567);
#1566 = CARTESIAN_POINT('',(-6.629120933376,-9.18));
#1567 = VECTOR('',#1568,1.);
#1568 = DIRECTION('',(1.,-0.));
#1569 = ( GEOMETRIC_REPRESENTATION_CONTEXT(2) 
PARAMETRIC_REPRESENTATION_CONTEXT() REPRESENTATION_CONTEXT('2D SPACE',''
  ) );
#1570 = PCURVE('',#1370,#1571);
#1571 = DEFINITIONAL_REPRESENTATION('',(#1572),#1580);
#1572 = ( BOUNDED_CURVE() B_SPLINE_CURVE(2,(#1573,#1574,#1575,#1576,
#1577,#1578,#1579),.UNSPECIFIED.,.T.,.F.) B_SPLINE_CURVE_WITH_KNOTS((1,2
    ,2,2,2,1),(-2.094395102393,0.,2.094395102393,4.188790204786,
6.28318530718,8.377580409573),.UNSPECIFIED.) CURVE() 
GEOMETRIC_REPRESENTATION_ITEM() RATIONAL_B_SPLINE_CURVE((1.,0.5,1.,0.5,
1.,0.5,1.)) REPRESENTATION_ITEM('') );
#1573 = CARTESIAN_POINT('',(17.216351706732,15.251138774206));
#1574 = CARTESIAN_POINT('',(19.036977469463,10.199869445406));
#1575 = CARTESIAN_POINT('',(13.752137027999,11.148795948497));
#1576 = CARTESIAN_POINT('',(8.467296586535,12.097722451588));
#1577 = CARTESIAN_POINT('',(11.931511265268,16.200065277297));
#1578 = CARTESIAN_POINT('',(15.395725944001,20.302408103007));
#1579 = CARTESIAN_POINT('',(17.216351706732,15.251138774206));
#1580 = ( GEOMETRIC_REPRESENTATION_CONTEXT(2) 
PARAMETRIC_REPRESENTATION_CONTEXT() REPRESENTATION_CONTEXT('2D SPACE',''
  ) );
#1581 = ORIENTED_EDGE('',*,*,#1382,.T.);
#1582 = ADVANCED_FACE('',(#1583),#1099,.F.);
#1583 = FACE_BOUND('',#1584,.T.);
#1584 = EDGE_LOOP('',(#1585,#1609,#1628,#1629));
#1585 = ORIENTED_EDGE('',*,*,#1586,.T.);
#1586 = EDGE_CURVE('',#1470,#1587,#1589,.T.);
#1587 = VERTEX_POINT('',#1588);
#1588 = CARTESIAN_POINT('',(-12.88698266578,16.95923576615,10.98));
#1589 = SURFACE_CURVE('',#1590,(#1595,#1602),.PCURVE_S1.);
#1590 = CIRCLE('',#1591,21.3);
#1591 = AXIS2_PLACEMENT_3D('',#1592,#1593,#1594);
#1592 = CARTESIAN_POINT('',(0.,0.,10.98));
#1593 = DIRECTION('',(0.,0.,1.));
#1594 = DIRECTION('',(-0.800434367953,0.599420405559,0.));
#1595 = PCURVE('',#1099,#1596);
#1596 = DEFINITIONAL_REPRESENTATION('',(#1597),#1601);
#1597 = LINE('',#1598,#1599);
#1598 = CARTESIAN_POINT('',(-2.498815841184,-9.19));
#1599 = VECTOR('',#1600,1.);
#1600 = DIRECTION('',(-1.,0.));
#1601 = ( GEOMETRIC_REPRESENTATION_CONTEXT(2) 
PARAMETRIC_REPRESENTATION_CONTEXT() REPRESENTATION_CONTEXT('2D SPACE',''
  ) );
#1602 = PCURVE('',#1507,#1603);
#1603 = DEFINITIONAL_REPRESENTATION('',(#1604),#1608);
#1604 = CIRCLE('',#1605,21.3);
#1605 = AXIS2_PLACEMENT_2D('',#1606,#1607);
#1606 = CARTESIAN_POINT('',(5.13592538043E-16,-1.184870924777E-15));
#1607 = DIRECTION('',(-0.800434367953,0.599420405559));
#1608 = ( GEOMETRIC_REPRESENTATION_CONTEXT(2) 
PARAMETRIC_REPRESENTATION_CONTEXT() REPRESENTATION_CONTEXT('2D SPACE',''
  ) );
#1609 = ORIENTED_EDGE('',*,*,#1610,.T.);
#1610 = EDGE_CURVE('',#1587,#1050,#1611,.T.);
#1611 = SURFACE_CURVE('',#1612,(#1616,#1622),.PCURVE_S1.);
#1612 = LINE('',#1613,#1614);
#1613 = CARTESIAN_POINT('',(-12.88698266578,16.959235766149,1.79));
#1614 = VECTOR('',#1615,1.);
#1615 = DIRECTION('',(-0.,-0.,-1.));
#1616 = PCURVE('',#1099,#1617);
#1617 = DEFINITIONAL_REPRESENTATION('',(#1618),#1621);
#1618 = B_SPLINE_CURVE_WITH_KNOTS('',1,(#1619,#1620),.UNSPECIFIED.,.F.,
  .F.,(2,2),(-9.19,-1.E-02),.PIECEWISE_BEZIER_KNOTS.);
#1619 = CARTESIAN_POINT('',(-8.503775961441,-9.19));
#1620 = CARTESIAN_POINT('',(-8.503775961441,-1.E-02));
#1621 = ( GEOMETRIC_REPRESENTATION_CONTEXT(2) 
PARAMETRIC_REPRESENTATION_CONTEXT() REPRESENTATION_CONTEXT('2D SPACE',''
  ) );
#1622 = PCURVE('',#1066,#1623);
#1623 = DEFINITIONAL_REPRESENTATION('',(#1624),#1627);
#1624 = B_SPLINE_CURVE_WITH_KNOTS('',1,(#1625,#1626),.UNSPECIFIED.,.F.,
  .F.,(2,2),(-9.1900006,-9.999399999996E-03),.PIECEWISE_BEZIER_KNOTS.);
#1625 = CARTESIAN_POINT('',(-7.380697302508,-9.1800006));
#1626 = CARTESIAN_POINT('',(-7.380697302508,6.000000043471E-07));
#1627 = ( GEOMETRIC_REPRESENTATION_CONTEXT(2) 
PARAMETRIC_REPRESENTATION_CONTEXT() REPRESENTATION_CONTEXT('2D SPACE',''
  ) );
#1628 = ORIENTED_EDGE('',*,*,#1078,.T.);
#1629 = ORIENTED_EDGE('',*,*,#1469,.F.);
#1630 = ADVANCED_FACE('',(#1631),#1005,.T.);
#1631 = FACE_BOUND('',#1632,.F.);
#1632 = EDGE_LOOP('',(#1633,#1634,#1635,#1663,#1696,#1729));
#1633 = ORIENTED_EDGE('',*,*,#988,.F.);
#1634 = ORIENTED_EDGE('',*,*,#1332,.F.);
#1635 = ORIENTED_EDGE('',*,*,#1636,.F.);
#1636 = EDGE_CURVE('',#1637,#1333,#1639,.T.);
#1637 = VERTEX_POINT('',#1638);
#1638 = CARTESIAN_POINT('',(2.810095411525,-18.79104477611,10.98));
#1639 = SURFACE_CURVE('',#1640,(#1645,#1652),.PCURVE_S1.);
#1640 = CIRCLE('',#1641,3.1);
#1641 = AXIS2_PLACEMENT_3D('',#1642,#1643,#1644);
#1642 = CARTESIAN_POINT('',(0.,-20.1,10.98));
#1643 = DIRECTION('',(-0.,0.,-1.));
#1644 = DIRECTION('',(-0.377879958986,-0.925854597978,0.));
#1645 = PCURVE('',#1005,#1646);
#1646 = DEFINITIONAL_REPRESENTATION('',(#1647),#1651);
#1647 = LINE('',#1648,#1649);
#1648 = CARTESIAN_POINT('',(-10.60806888478,-9.18));
#1649 = VECTOR('',#1650,1.);
#1650 = DIRECTION('',(1.,-0.));
#1651 = ( GEOMETRIC_REPRESENTATION_CONTEXT(2) 
PARAMETRIC_REPRESENTATION_CONTEXT() REPRESENTATION_CONTEXT('2D SPACE',''
  ) );
#1652 = PCURVE('',#1370,#1653);
#1653 = DEFINITIONAL_REPRESENTATION('',(#1654),#1662);
#1654 = ( BOUNDED_CURVE() B_SPLINE_CURVE(2,(#1655,#1656,#1657,#1658,
#1659,#1660,#1661),.UNSPECIFIED.,.T.,.F.) B_SPLINE_CURVE_WITH_KNOTS((1,2
    ,2,2,2,1),(-2.094395102393,0.,2.094395102393,4.188790204786,
6.28318530718,8.377580409573),.UNSPECIFIED.) CURVE() 
GEOMETRIC_REPRESENTATION_ITEM() RATIONAL_B_SPLINE_CURVE((1.,0.5,1.,0.5,
1.,0.5,1.)) REPRESENTATION_ITEM('') );
#1655 = CARTESIAN_POINT('',(-1.171427872857,-22.97014925373));
#1656 = CARTESIAN_POINT('',(-6.142672205625,-20.94117666054));
#1657 = CARTESIAN_POINT('',(-1.899908229956,-17.65043907653));
#1658 = CARTESIAN_POINT('',(2.342855745713,-14.35970149253));
#1659 = CARTESIAN_POINT('',(3.071336102813,-19.67941166972));
#1660 = CARTESIAN_POINT('',(3.799816459912,-24.99912184692));
#1661 = CARTESIAN_POINT('',(-1.171427872857,-22.97014925373));
#1662 = ( GEOMETRIC_REPRESENTATION_CONTEXT(2) 
PARAMETRIC_REPRESENTATION_CONTEXT() REPRESENTATION_CONTEXT('2D SPACE',''
  ) );
#1663 = ORIENTED_EDGE('',*,*,#1664,.F.);
#1664 = EDGE_CURVE('',#1665,#1637,#1667,.T.);
#1665 = VERTEX_POINT('',#1666);
#1666 = CARTESIAN_POINT('',(-2.810095411525,-18.79104477611,10.98));
#1667 = SURFACE_CURVE('',#1668,(#1673,#1680),.PCURVE_S1.);
#1668 = CIRCLE('',#1669,3.1);
#1669 = AXIS2_PLACEMENT_3D('',#1670,#1671,#1672);
#1670 = CARTESIAN_POINT('',(0.,-20.1,10.98));
#1671 = DIRECTION('',(-0.,0.,-1.));
#1672 = DIRECTION('',(-0.377879958986,-0.925854597978,0.));
#1673 = PCURVE('',#1005,#1674);
#1674 = DEFINITIONAL_REPRESENTATION('',(#1675),#1679);
#1675 = LINE('',#1676,#1677);
#1676 = CARTESIAN_POINT('',(-10.60806888478,-9.18));
#1677 = VECTOR('',#1678,1.);
#1678 = DIRECTION('',(1.,-0.));
#1679 = ( GEOMETRIC_REPRESENTATION_CONTEXT(2) 
PARAMETRIC_REPRESENTATION_CONTEXT() REPRESENTATION_CONTEXT('2D SPACE',''
  ) );
#1680 = PCURVE('',#1681,#1686);
#1681 = PLANE('',#1682);
#1682 = AXIS2_PLACEMENT_3D('',#1683,#1684,#1685);
#1683 = CARTESIAN_POINT('',(-1.102774300435E-16,-20.1,10.98));
#1684 = DIRECTION('',(0.,0.,1.));
#1685 = DIRECTION('',(1.,0.,-0.));
#1686 = DEFINITIONAL_REPRESENTATION('',(#1687),#1695);
#1687 = ( BOUNDED_CURVE() B_SPLINE_CURVE(2,(#1688,#1689,#1690,#1691,
#1692,#1693,#1694),.UNSPECIFIED.,.T.,.F.) B_SPLINE_CURVE_WITH_KNOTS((1,2
    ,2,2,2,1),(-2.094395102393,0.,2.094395102393,4.188790204786,
6.28318530718,8.377580409573),.UNSPECIFIED.) CURVE() 
GEOMETRIC_REPRESENTATION_ITEM() RATIONAL_B_SPLINE_CURVE((1.,0.5,1.,0.5,
1.,0.5,1.)) REPRESENTATION_ITEM('') );
#1688 = CARTESIAN_POINT('',(-1.171427872857,-2.870149253731));
#1689 = CARTESIAN_POINT('',(-6.142672205625,-0.841176660541));
#1690 = CARTESIAN_POINT('',(-1.899908229956,2.449560923461));
#1691 = CARTESIAN_POINT('',(2.342855745713,5.740298507463));
#1692 = CARTESIAN_POINT('',(3.071336102813,0.420588330271));
#1693 = CARTESIAN_POINT('',(3.799816459912,-4.899121846921));
#1694 = CARTESIAN_POINT('',(-1.171427872857,-2.870149253731));
#1695 = ( GEOMETRIC_REPRESENTATION_CONTEXT(2) 
PARAMETRIC_REPRESENTATION_CONTEXT() REPRESENTATION_CONTEXT('2D SPACE',''
  ) );
#1696 = ORIENTED_EDGE('',*,*,#1697,.F.);
#1697 = EDGE_CURVE('',#1698,#1665,#1700,.T.);
#1698 = VERTEX_POINT('',#1699);
#1699 = CARTESIAN_POINT('',(-2.935380248627,-21.09676616915,10.98));
#1700 = SURFACE_CURVE('',#1701,(#1706,#1713),.PCURVE_S1.);
#1701 = CIRCLE('',#1702,3.1);
#1702 = AXIS2_PLACEMENT_3D('',#1703,#1704,#1705);
#1703 = CARTESIAN_POINT('',(0.,-20.1,10.98));
#1704 = DIRECTION('',(-0.,0.,-1.));
#1705 = DIRECTION('',(-0.377879958986,-0.925854597978,0.));
#1706 = PCURVE('',#1005,#1707);
#1707 = DEFINITIONAL_REPRESENTATION('',(#1708),#1712);
#1708 = LINE('',#1709,#1710);
#1709 = CARTESIAN_POINT('',(-10.60806888478,-9.18));
#1710 = VECTOR('',#1711,1.);
#1711 = DIRECTION('',(1.,-0.));
#1712 = ( GEOMETRIC_REPRESENTATION_CONTEXT(2) 
PARAMETRIC_REPRESENTATION_CONTEXT() REPRESENTATION_CONTEXT('2D SPACE',''
  ) );
#1713 = PCURVE('',#1714,#1719);
#1714 = PLANE('',#1715);
#1715 = AXIS2_PLACEMENT_3D('',#1716,#1717,#1718);
#1716 = CARTESIAN_POINT('',(-5.13592538043E-16,1.184870924777E-15,10.98)
  );
#1717 = DIRECTION('',(0.,0.,1.));
#1718 = DIRECTION('',(1.,0.,-0.));
#1719 = DEFINITIONAL_REPRESENTATION('',(#1720),#1728);
#1720 = ( BOUNDED_CURVE() B_SPLINE_CURVE(2,(#1721,#1722,#1723,#1724,
#1725,#1726,#1727),.UNSPECIFIED.,.T.,.F.) B_SPLINE_CURVE_WITH_KNOTS((1,2
    ,2,2,2,1),(-2.094395102393,0.,2.094395102393,4.188790204786,
6.28318530718,8.377580409573),.UNSPECIFIED.) CURVE() 
GEOMETRIC_REPRESENTATION_ITEM() RATIONAL_B_SPLINE_CURVE((1.,0.5,1.,0.5,
1.,0.5,1.)) REPRESENTATION_ITEM('') );
#1721 = CARTESIAN_POINT('',(-1.171427872857,-22.97014925373));
#1722 = CARTESIAN_POINT('',(-6.142672205625,-20.94117666054));
#1723 = CARTESIAN_POINT('',(-1.899908229956,-17.65043907653));
#1724 = CARTESIAN_POINT('',(2.342855745713,-14.35970149253));
#1725 = CARTESIAN_POINT('',(3.071336102813,-19.67941166972));
#1726 = CARTESIAN_POINT('',(3.799816459912,-24.99912184692));
#1727 = CARTESIAN_POINT('',(-1.171427872857,-22.97014925373));
#1728 = ( GEOMETRIC_REPRESENTATION_CONTEXT(2) 
PARAMETRIC_REPRESENTATION_CONTEXT() REPRESENTATION_CONTEXT('2D SPACE',''
  ) );
#1729 = ORIENTED_EDGE('',*,*,#1730,.T.);
#1730 = EDGE_CURVE('',#1698,#989,#1731,.T.);
#1731 = SURFACE_CURVE('',#1732,(#1736,#1742),.PCURVE_S1.);
#1732 = LINE('',#1733,#1734);
#1733 = CARTESIAN_POINT('',(-2.935380248627,-21.09676616915,1.79));
#1734 = VECTOR('',#1735,1.);
#1735 = DIRECTION('',(-0.,-0.,-1.));
#1736 = PCURVE('',#1005,#1737);
#1737 = DEFINITIONAL_REPRESENTATION('',(#1738),#1741);
#1738 = B_SPLINE_CURVE_WITH_KNOTS('',1,(#1739,#1740),.UNSPECIFIED.,.F.,
  .F.,(2,2),(-9.1900006,-9.999399999996E-03),.PIECEWISE_BEZIER_KNOTS.);
#1739 = CARTESIAN_POINT('',(-9.752130698762,-9.1800006));
#1740 = CARTESIAN_POINT('',(-9.752130698762,6.000000043471E-07));
#1741 = ( GEOMETRIC_REPRESENTATION_CONTEXT(2) 
PARAMETRIC_REPRESENTATION_CONTEXT() REPRESENTATION_CONTEXT('2D SPACE',''
  ) );
#1742 = PCURVE('',#1038,#1743);
#1743 = DEFINITIONAL_REPRESENTATION('',(#1744),#1747);
#1744 = B_SPLINE_CURVE_WITH_KNOTS('',1,(#1745,#1746),.UNSPECIFIED.,.F.,
  .F.,(2,2),(-9.1900006,-9.999399999996E-03),.PIECEWISE_BEZIER_KNOTS.);
#1745 = CARTESIAN_POINT('',(-4.574137712873,-9.1900006));
#1746 = CARTESIAN_POINT('',(-4.574137712873,-9.999399999996E-03));
#1747 = ( GEOMETRIC_REPRESENTATION_CONTEXT(2) 
PARAMETRIC_REPRESENTATION_CONTEXT() REPRESENTATION_CONTEXT('2D SPACE',''
  ) );
#1748 = ADVANCED_FACE('',(#1749),#1066,.T.);
#1749 = FACE_BOUND('',#1750,.F.);
#1750 = EDGE_LOOP('',(#1751,#1752,#1773,#1801,#1834,#1860));
#1751 = ORIENTED_EDGE('',*,*,#1049,.F.);
#1752 = ORIENTED_EDGE('',*,*,#1753,.F.);
#1753 = EDGE_CURVE('',#1754,#1018,#1756,.T.);
#1754 = VERTEX_POINT('',#1755);
#1755 = CARTESIAN_POINT('',(-17.04925203739,12.767654638401,10.98));
#1756 = SURFACE_CURVE('',#1757,(#1761,#1767),.PCURVE_S1.);
#1757 = LINE('',#1758,#1759);
#1758 = CARTESIAN_POINT('',(-17.04925203739,12.767654638401,1.79));
#1759 = VECTOR('',#1760,1.);
#1760 = DIRECTION('',(-0.,-0.,-1.));
#1761 = PCURVE('',#1066,#1762);
#1762 = DEFINITIONAL_REPRESENTATION('',(#1763),#1766);
#1763 = B_SPLINE_CURVE_WITH_KNOTS('',1,(#1764,#1765),.UNSPECIFIED.,.F.,
  .F.,(2,2),(-9.1900006,-9.999399999996E-03),.PIECEWISE_BEZIER_KNOTS.);
#1764 = CARTESIAN_POINT('',(-3.621894500118,-9.1800006));
#1765 = CARTESIAN_POINT('',(-3.621894500118,6.000000043471E-07));
#1766 = ( GEOMETRIC_REPRESENTATION_CONTEXT(2) 
PARAMETRIC_REPRESENTATION_CONTEXT() REPRESENTATION_CONTEXT('2D SPACE',''
  ) );
#1767 = PCURVE('',#1038,#1768);
#1768 = DEFINITIONAL_REPRESENTATION('',(#1769),#1772);
#1769 = B_SPLINE_CURVE_WITH_KNOTS('',1,(#1770,#1771),.UNSPECIFIED.,.F.,
  .F.,(2,2),(-9.19,-1.E-02),.PIECEWISE_BEZIER_KNOTS.);
#1770 = CARTESIAN_POINT('',(-2.498815841184,-9.19));
#1771 = CARTESIAN_POINT('',(-2.498815841184,-1.E-02));
#1772 = ( GEOMETRIC_REPRESENTATION_CONTEXT(2) 
PARAMETRIC_REPRESENTATION_CONTEXT() REPRESENTATION_CONTEXT('2D SPACE',''
  ) );
#1773 = ORIENTED_EDGE('',*,*,#1774,.F.);
#1774 = EDGE_CURVE('',#1775,#1754,#1777,.T.);
#1775 = VERTEX_POINT('',#1776);
#1776 = CARTESIAN_POINT('',(-15.29983165865,11.26566248459,10.98));
#1777 = SURFACE_CURVE('',#1778,(#1783,#1790),.PCURVE_S1.);
#1778 = CIRCLE('',#1779,3.1);
#1779 = AXIS2_PLACEMENT_3D('',#1780,#1781,#1782);
#1780 = CARTESIAN_POINT('',(-14.3,14.2,10.98));
#1781 = DIRECTION('',(0.,0.,-1.));
#1782 = DIRECTION('',(-0.345670408525,0.938355992505,0.));
#1783 = PCURVE('',#1066,#1784);
#1784 = DEFINITIONAL_REPRESENTATION('',(#1785),#1789);
#1785 = LINE('',#1786,#1787);
#1786 = CARTESIAN_POINT('',(-8.206934775232,-9.18));
#1787 = VECTOR('',#1788,1.);
#1788 = DIRECTION('',(1.,-0.));
#1789 = ( GEOMETRIC_REPRESENTATION_CONTEXT(2) 
PARAMETRIC_REPRESENTATION_CONTEXT() REPRESENTATION_CONTEXT('2D SPACE',''
  ) );
#1790 = PCURVE('',#1714,#1791);
#1791 = DEFINITIONAL_REPRESENTATION('',(#1792),#1800);
#1792 = ( BOUNDED_CURVE() B_SPLINE_CURVE(2,(#1793,#1794,#1795,#1796,
#1797,#1798,#1799),.UNSPECIFIED.,.T.,.F.) B_SPLINE_CURVE_WITH_KNOTS((1,2
    ,2,2,2,1),(-2.094395102393,0.,2.094395102393,4.188790204786,
6.28318530718,8.377580409573),.UNSPECIFIED.) CURVE() 
GEOMETRIC_REPRESENTATION_ITEM() RATIONAL_B_SPLINE_CURVE((1.,0.5,1.,0.5,
1.,0.5,1.)) REPRESENTATION_ITEM('') );
#1793 = CARTESIAN_POINT('',(-15.37157826642,17.108903576765));
#1794 = CARTESIAN_POINT('',(-10.33320947715,18.964931578507));
#1795 = CARTESIAN_POINT('',(-11.24502647214,13.673562212488));
#1796 = CARTESIAN_POINT('',(-12.15684346714,8.38219284647));
#1797 = CARTESIAN_POINT('',(-16.28339526142,11.817534210747));
#1798 = CARTESIAN_POINT('',(-20.4099470557,15.252875575023));
#1799 = CARTESIAN_POINT('',(-15.37157826642,17.108903576765));
#1800 = ( GEOMETRIC_REPRESENTATION_CONTEXT(2) 
PARAMETRIC_REPRESENTATION_CONTEXT() REPRESENTATION_CONTEXT('2D SPACE',''
  ) );
#1801 = ORIENTED_EDGE('',*,*,#1802,.F.);
#1802 = EDGE_CURVE('',#1803,#1775,#1805,.T.);
#1803 = VERTEX_POINT('',#1804);
#1804 = CARTESIAN_POINT('',(-11.37275101191,15.220398628847,10.98));
#1805 = SURFACE_CURVE('',#1806,(#1811,#1818),.PCURVE_S1.);
#1806 = CIRCLE('',#1807,3.1);
#1807 = AXIS2_PLACEMENT_3D('',#1808,#1809,#1810);
#1808 = CARTESIAN_POINT('',(-14.3,14.2,10.98));
#1809 = DIRECTION('',(0.,0.,-1.));
#1810 = DIRECTION('',(-0.345670408525,0.938355992505,0.));
#1811 = PCURVE('',#1066,#1812);
#1812 = DEFINITIONAL_REPRESENTATION('',(#1813),#1817);
#1813 = LINE('',#1814,#1815);
#1814 = CARTESIAN_POINT('',(-8.206934775232,-9.18));
#1815 = VECTOR('',#1816,1.);
#1816 = DIRECTION('',(1.,-0.));
#1817 = ( GEOMETRIC_REPRESENTATION_CONTEXT(2) 
PARAMETRIC_REPRESENTATION_CONTEXT() REPRESENTATION_CONTEXT('2D SPACE',''
  ) );
#1818 = PCURVE('',#1819,#1824);
#1819 = PLANE('',#1820);
#1820 = AXIS2_PLACEMENT_3D('',#1821,#1822,#1823);
#1821 = CARTESIAN_POINT('',(-14.3,14.2,10.98));
#1822 = DIRECTION('',(0.,0.,1.));
#1823 = DIRECTION('',(1.,0.,-0.));
#1824 = DEFINITIONAL_REPRESENTATION('',(#1825),#1833);
#1825 = ( BOUNDED_CURVE() B_SPLINE_CURVE(2,(#1826,#1827,#1828,#1829,
#1830,#1831,#1832),.UNSPECIFIED.,.T.,.F.) B_SPLINE_CURVE_WITH_KNOTS((1,2
    ,2,2,2,1),(-2.094395102393,0.,2.094395102393,4.188790204786,
6.28318530718,8.377580409573),.UNSPECIFIED.) CURVE() 
GEOMETRIC_REPRESENTATION_ITEM() RATIONAL_B_SPLINE_CURVE((1.,0.5,1.,0.5,
1.,0.5,1.)) REPRESENTATION_ITEM('') );
#1826 = CARTESIAN_POINT('',(-1.071578266429,2.908903576765));
#1827 = CARTESIAN_POINT('',(3.966790522847,4.764931578507));
#1828 = CARTESIAN_POINT('',(3.054973527853,-0.526437787512));
#1829 = CARTESIAN_POINT('',(2.143156532858,-5.81780715353));
#1830 = CARTESIAN_POINT('',(-1.983395261423,-2.382465789253));
#1831 = CARTESIAN_POINT('',(-6.109947055705,1.052875575023));
#1832 = CARTESIAN_POINT('',(-1.071578266429,2.908903576765));
#1833 = ( GEOMETRIC_REPRESENTATION_CONTEXT(2) 
PARAMETRIC_REPRESENTATION_CONTEXT() REPRESENTATION_CONTEXT('2D SPACE',''
  ) );
#1834 = ORIENTED_EDGE('',*,*,#1835,.F.);
#1835 = EDGE_CURVE('',#1587,#1803,#1836,.T.);
#1836 = SURFACE_CURVE('',#1837,(#1842,#1849),.PCURVE_S1.);
#1837 = CIRCLE('',#1838,3.1);
#1838 = AXIS2_PLACEMENT_3D('',#1839,#1840,#1841);
#1839 = CARTESIAN_POINT('',(-14.3,14.2,10.98));
#1840 = DIRECTION('',(0.,0.,-1.));
#1841 = DIRECTION('',(-0.345670408525,0.938355992505,0.));
#1842 = PCURVE('',#1066,#1843);
#1843 = DEFINITIONAL_REPRESENTATION('',(#1844),#1848);
#1844 = LINE('',#1845,#1846);
#1845 = CARTESIAN_POINT('',(-8.206934775232,-9.18));
#1846 = VECTOR('',#1847,1.);
#1847 = DIRECTION('',(1.,-0.));
#1848 = ( GEOMETRIC_REPRESENTATION_CONTEXT(2) 
PARAMETRIC_REPRESENTATION_CONTEXT() REPRESENTATION_CONTEXT('2D SPACE',''
  ) );
#1849 = PCURVE('',#1507,#1850);
#1850 = DEFINITIONAL_REPRESENTATION('',(#1851),#1859);
#1851 = ( BOUNDED_CURVE() B_SPLINE_CURVE(2,(#1852,#1853,#1854,#1855,
#1856,#1857,#1858),.UNSPECIFIED.,.T.,.F.) B_SPLINE_CURVE_WITH_KNOTS((1,2
    ,2,2,2,1),(-2.094395102393,0.,2.094395102393,4.188790204786,
6.28318530718,8.377580409573),.UNSPECIFIED.) CURVE() 
GEOMETRIC_REPRESENTATION_ITEM() RATIONAL_B_SPLINE_CURVE((1.,0.5,1.,0.5,
1.,0.5,1.)) REPRESENTATION_ITEM('') );
#1852 = CARTESIAN_POINT('',(-15.37157826642,17.108903576765));
#1853 = CARTESIAN_POINT('',(-10.33320947715,18.964931578507));
#1854 = CARTESIAN_POINT('',(-11.24502647214,13.673562212488));
#1855 = CARTESIAN_POINT('',(-12.15684346714,8.38219284647));
#1856 = CARTESIAN_POINT('',(-16.28339526142,11.817534210747));
#1857 = CARTESIAN_POINT('',(-20.4099470557,15.252875575023));
#1858 = CARTESIAN_POINT('',(-15.37157826642,17.108903576765));
#1859 = ( GEOMETRIC_REPRESENTATION_CONTEXT(2) 
PARAMETRIC_REPRESENTATION_CONTEXT() REPRESENTATION_CONTEXT('2D SPACE',''
  ) );
#1860 = ORIENTED_EDGE('',*,*,#1610,.T.);
#1861 = ADVANCED_FACE('',(#1862),#1038,.F.);
#1862 = FACE_BOUND('',#1863,.T.);
#1863 = EDGE_LOOP('',(#1864,#1865,#1887,#1888));
#1864 = ORIENTED_EDGE('',*,*,#1753,.F.);
#1865 = ORIENTED_EDGE('',*,*,#1866,.T.);
#1866 = EDGE_CURVE('',#1754,#1698,#1867,.T.);
#1867 = SURFACE_CURVE('',#1868,(#1873,#1880),.PCURVE_S1.);
#1868 = CIRCLE('',#1869,21.3);
#1869 = AXIS2_PLACEMENT_3D('',#1870,#1871,#1872);
#1870 = CARTESIAN_POINT('',(0.,0.,10.98));
#1871 = DIRECTION('',(0.,0.,1.));
#1872 = DIRECTION('',(-0.800434367953,0.599420405559,0.));
#1873 = PCURVE('',#1038,#1874);
#1874 = DEFINITIONAL_REPRESENTATION('',(#1875),#1879);
#1875 = LINE('',#1876,#1877);
#1876 = CARTESIAN_POINT('',(-2.498815841184,-9.19));
#1877 = VECTOR('',#1878,1.);
#1878 = DIRECTION('',(-1.,0.));
#1879 = ( GEOMETRIC_REPRESENTATION_CONTEXT(2) 
PARAMETRIC_REPRESENTATION_CONTEXT() REPRESENTATION_CONTEXT('2D SPACE',''
  ) );
#1880 = PCURVE('',#1714,#1881);
#1881 = DEFINITIONAL_REPRESENTATION('',(#1882),#1886);
#1882 = CIRCLE('',#1883,21.3);
#1883 = AXIS2_PLACEMENT_2D('',#1884,#1885);
#1884 = CARTESIAN_POINT('',(5.13592538043E-16,-1.184870924777E-15));
#1885 = DIRECTION('',(-0.800434367953,0.599420405559));
#1886 = ( GEOMETRIC_REPRESENTATION_CONTEXT(2) 
PARAMETRIC_REPRESENTATION_CONTEXT() REPRESENTATION_CONTEXT('2D SPACE',''
  ) );
#1887 = ORIENTED_EDGE('',*,*,#1730,.T.);
#1888 = ORIENTED_EDGE('',*,*,#1017,.T.);
#1889 = ADVANCED_FACE('',(#1890),#1187,.F.);
#1890 = FACE_BOUND('',#1891,.T.);
#1891 = EDGE_LOOP('',(#1892,#1893,#1916,#1943));
#1892 = ORIENTED_EDGE('',*,*,#1166,.T.);
#1893 = ORIENTED_EDGE('',*,*,#1894,.T.);
#1894 = EDGE_CURVE('',#1167,#1895,#1897,.T.);
#1895 = VERTEX_POINT('',#1896);
#1896 = CARTESIAN_POINT('',(1.6,-20.1,8.7));
#1897 = SEAM_CURVE('',#1898,(#1902,#1909),.PCURVE_S1.);
#1898 = LINE('',#1899,#1900);
#1899 = CARTESIAN_POINT('',(1.6,-20.1,1.7));
#1900 = VECTOR('',#1901,1.);
#1901 = DIRECTION('',(0.,0.,1.));
#1902 = PCURVE('',#1187,#1903);
#1903 = DEFINITIONAL_REPRESENTATION('',(#1904),#1908);
#1904 = LINE('',#1905,#1906);
#1905 = CARTESIAN_POINT('',(-6.28318530718,0.));
#1906 = VECTOR('',#1907,1.);
#1907 = DIRECTION('',(-0.,-1.));
#1908 = ( GEOMETRIC_REPRESENTATION_CONTEXT(2) 
PARAMETRIC_REPRESENTATION_CONTEXT() REPRESENTATION_CONTEXT('2D SPACE',''
  ) );
#1909 = PCURVE('',#1187,#1910);
#1910 = DEFINITIONAL_REPRESENTATION('',(#1911),#1915);
#1911 = LINE('',#1912,#1913);
#1912 = CARTESIAN_POINT('',(-0.,0.));
#1913 = VECTOR('',#1914,1.);
#1914 = DIRECTION('',(-0.,-1.));
#1915 = ( GEOMETRIC_REPRESENTATION_CONTEXT(2) 
PARAMETRIC_REPRESENTATION_CONTEXT() REPRESENTATION_CONTEXT('2D SPACE',''
  ) );
#1916 = ORIENTED_EDGE('',*,*,#1917,.T.);
#1917 = EDGE_CURVE('',#1895,#1895,#1918,.T.);
#1918 = SURFACE_CURVE('',#1919,(#1924,#1931),.PCURVE_S1.);
#1919 = CIRCLE('',#1920,1.6);
#1920 = AXIS2_PLACEMENT_3D('',#1921,#1922,#1923);
#1921 = CARTESIAN_POINT('',(0.,-20.1,8.7));
#1922 = DIRECTION('',(0.,0.,1.));
#1923 = DIRECTION('',(1.,0.,0.));
#1924 = PCURVE('',#1187,#1925);
#1925 = DEFINITIONAL_REPRESENTATION('',(#1926),#1930);
#1926 = LINE('',#1927,#1928);
#1927 = CARTESIAN_POINT('',(-0.,-7.));
#1928 = VECTOR('',#1929,1.);
#1929 = DIRECTION('',(-1.,0.));
#1930 = ( GEOMETRIC_REPRESENTATION_CONTEXT(2) 
PARAMETRIC_REPRESENTATION_CONTEXT() REPRESENTATION_CONTEXT('2D SPACE',''
  ) );
#1931 = PCURVE('',#1932,#1937);
#1932 = PLANE('',#1933);
#1933 = AXIS2_PLACEMENT_3D('',#1934,#1935,#1936);
#1934 = CARTESIAN_POINT('',(-5.341563017732E-17,-20.1,8.7));
#1935 = DIRECTION('',(0.,0.,1.));
#1936 = DIRECTION('',(1.,0.,-0.));
#1937 = DEFINITIONAL_REPRESENTATION('',(#1938),#1942);
#1938 = CIRCLE('',#1939,1.6);
#1939 = AXIS2_PLACEMENT_2D('',#1940,#1941);
#1940 = CARTESIAN_POINT('',(5.341563017732E-17,0.));
#1941 = DIRECTION('',(1.,0.));
#1942 = ( GEOMETRIC_REPRESENTATION_CONTEXT(2) 
PARAMETRIC_REPRESENTATION_CONTEXT() REPRESENTATION_CONTEXT('2D SPACE',''
  ) );
#1943 = ORIENTED_EDGE('',*,*,#1894,.F.);
#1944 = ADVANCED_FACE('',(#1945),#1222,.F.);
#1945 = FACE_BOUND('',#1946,.T.);
#1946 = EDGE_LOOP('',(#1947,#1948,#1971,#1998));
#1947 = ORIENTED_EDGE('',*,*,#1201,.T.);
#1948 = ORIENTED_EDGE('',*,*,#1949,.T.);
#1949 = EDGE_CURVE('',#1202,#1950,#1952,.T.);
#1950 = VERTEX_POINT('',#1951);
#1951 = CARTESIAN_POINT('',(-12.7,14.2,8.7));
#1952 = SEAM_CURVE('',#1953,(#1957,#1964),.PCURVE_S1.);
#1953 = LINE('',#1954,#1955);
#1954 = CARTESIAN_POINT('',(-12.7,14.2,1.7));
#1955 = VECTOR('',#1956,1.);
#1956 = DIRECTION('',(0.,0.,1.));
#1957 = PCURVE('',#1222,#1958);
#1958 = DEFINITIONAL_REPRESENTATION('',(#1959),#1963);
#1959 = LINE('',#1960,#1961);
#1960 = CARTESIAN_POINT('',(-6.28318530718,0.));
#1961 = VECTOR('',#1962,1.);
#1962 = DIRECTION('',(-0.,-1.));
#1963 = ( GEOMETRIC_REPRESENTATION_CONTEXT(2) 
PARAMETRIC_REPRESENTATION_CONTEXT() REPRESENTATION_CONTEXT('2D SPACE',''
  ) );
#1964 = PCURVE('',#1222,#1965);
#1965 = DEFINITIONAL_REPRESENTATION('',(#1966),#1970);
#1966 = LINE('',#1967,#1968);
#1967 = CARTESIAN_POINT('',(-0.,0.));
#1968 = VECTOR('',#1969,1.);
#1969 = DIRECTION('',(-0.,-1.));
#1970 = ( GEOMETRIC_REPRESENTATION_CONTEXT(2) 
PARAMETRIC_REPRESENTATION_CONTEXT() REPRESENTATION_CONTEXT('2D SPACE',''
  ) );
#1971 = ORIENTED_EDGE('',*,*,#1972,.T.);
#1972 = EDGE_CURVE('',#1950,#1950,#1973,.T.);
#1973 = SURFACE_CURVE('',#1974,(#1979,#1986),.PCURVE_S1.);
#1974 = CIRCLE('',#1975,1.6);
#1975 = AXIS2_PLACEMENT_3D('',#1976,#1977,#1978);
#1976 = CARTESIAN_POINT('',(-14.3,14.2,8.7));
#1977 = DIRECTION('',(0.,0.,1.));
#1978 = DIRECTION('',(1.,0.,0.));
#1979 = PCURVE('',#1222,#1980);
#1980 = DEFINITIONAL_REPRESENTATION('',(#1981),#1985);
#1981 = LINE('',#1982,#1983);
#1982 = CARTESIAN_POINT('',(-0.,-7.));
#1983 = VECTOR('',#1984,1.);
#1984 = DIRECTION('',(-1.,0.));
#1985 = ( GEOMETRIC_REPRESENTATION_CONTEXT(2) 
PARAMETRIC_REPRESENTATION_CONTEXT() REPRESENTATION_CONTEXT('2D SPACE',''
  ) );
#1986 = PCURVE('',#1987,#1992);
#1987 = PLANE('',#1988);
#1988 = AXIS2_PLACEMENT_3D('',#1989,#1990,#1991);
#1989 = CARTESIAN_POINT('',(-14.3,14.2,8.7));
#1990 = DIRECTION('',(0.,0.,1.));
#1991 = DIRECTION('',(1.,0.,-0.));
#1992 = DEFINITIONAL_REPRESENTATION('',(#1993),#1997);
#1993 = CIRCLE('',#1994,1.6);
#1994 = AXIS2_PLACEMENT_2D('',#1995,#1996);
#1995 = CARTESIAN_POINT('',(1.7763568394E-15,-1.7763568394E-15));
#1996 = DIRECTION('',(1.,0.));
#1997 = ( GEOMETRIC_REPRESENTATION_CONTEXT(2) 
PARAMETRIC_REPRESENTATION_CONTEXT() REPRESENTATION_CONTEXT('2D SPACE',''
  ) );
#1998 = ORIENTED_EDGE('',*,*,#1949,.F.);
#1999 = ADVANCED_FACE('',(#2000),#1257,.F.);
#2000 = FACE_BOUND('',#2001,.T.);
#2001 = EDGE_LOOP('',(#2002,#2003,#2026,#2053));
#2002 = ORIENTED_EDGE('',*,*,#1236,.T.);
#2003 = ORIENTED_EDGE('',*,*,#2004,.T.);
#2004 = EDGE_CURVE('',#1237,#2005,#2007,.T.);
#2005 = VERTEX_POINT('',#2006);
#2006 = CARTESIAN_POINT('',(15.9,14.2,8.7));
#2007 = SEAM_CURVE('',#2008,(#2012,#2019),.PCURVE_S1.);
#2008 = LINE('',#2009,#2010);
#2009 = CARTESIAN_POINT('',(15.9,14.2,1.7));
#2010 = VECTOR('',#2011,1.);
#2011 = DIRECTION('',(0.,0.,1.));
#2012 = PCURVE('',#1257,#2013);
#2013 = DEFINITIONAL_REPRESENTATION('',(#2014),#2018);
#2014 = LINE('',#2015,#2016);
#2015 = CARTESIAN_POINT('',(-6.28318530718,0.));
#2016 = VECTOR('',#2017,1.);
#2017 = DIRECTION('',(-0.,-1.));
#2018 = ( GEOMETRIC_REPRESENTATION_CONTEXT(2) 
PARAMETRIC_REPRESENTATION_CONTEXT() REPRESENTATION_CONTEXT('2D SPACE',''
  ) );
#2019 = PCURVE('',#1257,#2020);
#2020 = DEFINITIONAL_REPRESENTATION('',(#2021),#2025);
#2021 = LINE('',#2022,#2023);
#2022 = CARTESIAN_POINT('',(-0.,0.));
#2023 = VECTOR('',#2024,1.);
#2024 = DIRECTION('',(-0.,-1.));
#2025 = ( GEOMETRIC_REPRESENTATION_CONTEXT(2) 
PARAMETRIC_REPRESENTATION_CONTEXT() REPRESENTATION_CONTEXT('2D SPACE',''
  ) );
#2026 = ORIENTED_EDGE('',*,*,#2027,.T.);
#2027 = EDGE_CURVE('',#2005,#2005,#2028,.T.);
#2028 = SURFACE_CURVE('',#2029,(#2034,#2041),.PCURVE_S1.);
#2029 = CIRCLE('',#2030,1.6);
#2030 = AXIS2_PLACEMENT_3D('',#2031,#2032,#2033);
#2031 = CARTESIAN_POINT('',(14.3,14.2,8.7));
#2032 = DIRECTION('',(0.,0.,1.));
#2033 = DIRECTION('',(1.,0.,0.));
#2034 = PCURVE('',#1257,#2035);
#2035 = DEFINITIONAL_REPRESENTATION('',(#2036),#2040);
#2036 = LINE('',#2037,#2038);
#2037 = CARTESIAN_POINT('',(-0.,-7.));
#2038 = VECTOR('',#2039,1.);
#2039 = DIRECTION('',(-1.,0.));
#2040 = ( GEOMETRIC_REPRESENTATION_CONTEXT(2) 
PARAMETRIC_REPRESENTATION_CONTEXT() REPRESENTATION_CONTEXT('2D SPACE',''
  ) );
#2041 = PCURVE('',#2042,#2047);
#2042 = PLANE('',#2043);
#2043 = AXIS2_PLACEMENT_3D('',#2044,#2045,#2046);
#2044 = CARTESIAN_POINT('',(14.3,14.2,8.7));
#2045 = DIRECTION('',(0.,0.,1.));
#2046 = DIRECTION('',(1.,0.,-0.));
#2047 = DEFINITIONAL_REPRESENTATION('',(#2048),#2052);
#2048 = CIRCLE('',#2049,1.6);
#2049 = AXIS2_PLACEMENT_2D('',#2050,#2051);
#2050 = CARTESIAN_POINT('',(0.,-1.7763568394E-15));
#2051 = DIRECTION('',(1.,0.));
#2052 = ( GEOMETRIC_REPRESENTATION_CONTEXT(2) 
PARAMETRIC_REPRESENTATION_CONTEXT() REPRESENTATION_CONTEXT('2D SPACE',''
  ) );
#2053 = ORIENTED_EDGE('',*,*,#2004,.F.);
#2054 = ADVANCED_FACE('',(#2055),#1370,.F.);
#2055 = FACE_BOUND('',#2056,.F.);
#2056 = EDGE_LOOP('',(#2057,#2086,#2087,#2088,#2089));
#2057 = ORIENTED_EDGE('',*,*,#2058,.F.);
#2058 = EDGE_CURVE('',#1637,#2059,#2061,.T.);
#2059 = VERTEX_POINT('',#2060);
#2060 = CARTESIAN_POINT('',(19.,0.,10.98));
#2061 = SURFACE_CURVE('',#2062,(#2067,#2074),.PCURVE_S1.);
#2062 = CIRCLE('',#2063,19.);
#2063 = AXIS2_PLACEMENT_3D('',#2064,#2065,#2066);
#2064 = CARTESIAN_POINT('',(0.,0.,10.98));
#2065 = DIRECTION('',(0.,0.,1.));
#2066 = DIRECTION('',(1.,0.,0.));
#2067 = PCURVE('',#1370,#2068);
#2068 = DEFINITIONAL_REPRESENTATION('',(#2069),#2073);
#2069 = CIRCLE('',#2070,19.);
#2070 = AXIS2_PLACEMENT_2D('',#2071,#2072);
#2071 = CARTESIAN_POINT('',(5.13592538043E-16,-1.184870924777E-15));
#2072 = DIRECTION('',(1.,0.));
#2073 = ( GEOMETRIC_REPRESENTATION_CONTEXT(2) 
PARAMETRIC_REPRESENTATION_CONTEXT() REPRESENTATION_CONTEXT('2D SPACE',''
  ) );
#2074 = PCURVE('',#2075,#2080);
#2075 = CYLINDRICAL_SURFACE('',#2076,19.);
#2076 = AXIS2_PLACEMENT_3D('',#2077,#2078,#2079);
#2077 = CARTESIAN_POINT('',(0.,0.,10.98));
#2078 = DIRECTION('',(-0.,-0.,-1.));
#2079 = DIRECTION('',(1.,0.,0.));
#2080 = DEFINITIONAL_REPRESENTATION('',(#2081),#2085);
#2081 = LINE('',#2082,#2083);
#2082 = CARTESIAN_POINT('',(-0.,0.));
#2083 = VECTOR('',#2084,1.);
#2084 = DIRECTION('',(-1.,0.));
#2085 = ( GEOMETRIC_REPRESENTATION_CONTEXT(2) 
PARAMETRIC_REPRESENTATION_CONTEXT() REPRESENTATION_CONTEXT('2D SPACE',''
  ) );
#2086 = ORIENTED_EDGE('',*,*,#1636,.T.);
#2087 = ORIENTED_EDGE('',*,*,#1353,.T.);
#2088 = ORIENTED_EDGE('',*,*,#1556,.T.);
#2089 = ORIENTED_EDGE('',*,*,#2090,.F.);
#2090 = EDGE_CURVE('',#2059,#1524,#2091,.T.);
#2091 = SURFACE_CURVE('',#2092,(#2097,#2104),.PCURVE_S1.);
#2092 = CIRCLE('',#2093,19.);
#2093 = AXIS2_PLACEMENT_3D('',#2094,#2095,#2096);
#2094 = CARTESIAN_POINT('',(0.,0.,10.98));
#2095 = DIRECTION('',(0.,0.,1.));
#2096 = DIRECTION('',(1.,0.,0.));
#2097 = PCURVE('',#1370,#2098);
#2098 = DEFINITIONAL_REPRESENTATION('',(#2099),#2103);
#2099 = CIRCLE('',#2100,19.);
#2100 = AXIS2_PLACEMENT_2D('',#2101,#2102);
#2101 = CARTESIAN_POINT('',(5.13592538043E-16,-1.184870924777E-15));
#2102 = DIRECTION('',(1.,0.));
#2103 = ( GEOMETRIC_REPRESENTATION_CONTEXT(2) 
PARAMETRIC_REPRESENTATION_CONTEXT() REPRESENTATION_CONTEXT('2D SPACE',''
  ) );
#2104 = PCURVE('',#2075,#2105);
#2105 = DEFINITIONAL_REPRESENTATION('',(#2106),#2110);
#2106 = LINE('',#2107,#2108);
#2107 = CARTESIAN_POINT('',(-0.,0.));
#2108 = VECTOR('',#2109,1.);
#2109 = DIRECTION('',(-1.,0.));
#2110 = ( GEOMETRIC_REPRESENTATION_CONTEXT(2) 
PARAMETRIC_REPRESENTATION_CONTEXT() REPRESENTATION_CONTEXT('2D SPACE',''
  ) );
#2111 = ADVANCED_FACE('',(#2112,#2115),#1430,.T.);
#2112 = FACE_BOUND('',#2113,.T.);
#2113 = EDGE_LOOP('',(#2114));
#2114 = ORIENTED_EDGE('',*,*,#1413,.T.);
#2115 = FACE_BOUND('',#2116,.T.);
#2116 = EDGE_LOOP('',(#2117));
#2117 = ORIENTED_EDGE('',*,*,#2118,.T.);
#2118 = EDGE_CURVE('',#2119,#2119,#2121,.T.);
#2119 = VERTEX_POINT('',#2120);
#2120 = CARTESIAN_POINT('',(20.25,0.,13.5));
#2121 = SURFACE_CURVE('',#2122,(#2127,#2138),.PCURVE_S1.);
#2122 = CIRCLE('',#2123,20.25);
#2123 = AXIS2_PLACEMENT_3D('',#2124,#2125,#2126);
#2124 = CARTESIAN_POINT('',(0.,0.,13.5));
#2125 = DIRECTION('',(0.,0.,-1.));
#2126 = DIRECTION('',(1.,0.,0.));
#2127 = PCURVE('',#1430,#2128);
#2128 = DEFINITIONAL_REPRESENTATION('',(#2129),#2137);
#2129 = ( BOUNDED_CURVE() B_SPLINE_CURVE(2,(#2130,#2131,#2132,#2133,
#2134,#2135,#2136),.UNSPECIFIED.,.T.,.F.) B_SPLINE_CURVE_WITH_KNOTS((1,2
    ,2,2,2,1),(-2.094395102393,0.,2.094395102393,4.188790204786,
6.28318530718,8.377580409573),.UNSPECIFIED.) CURVE() 
GEOMETRIC_REPRESENTATION_ITEM() RATIONAL_B_SPLINE_CURVE((1.,0.5,1.,0.5,
1.,0.5,1.)) REPRESENTATION_ITEM('') );
#2130 = CARTESIAN_POINT('',(20.25,8.858278513833E-16));
#2131 = CARTESIAN_POINT('',(20.25,-35.07402885327));
#2132 = CARTESIAN_POINT('',(-10.125,-17.53701442663));
#2133 = CARTESIAN_POINT('',(-40.5,-4.073991685164E-15));
#2134 = CARTESIAN_POINT('',(-10.125,17.537014426635));
#2135 = CARTESIAN_POINT('',(20.25,35.07402885327));
#2136 = CARTESIAN_POINT('',(20.25,8.858278513833E-16));
#2137 = ( GEOMETRIC_REPRESENTATION_CONTEXT(2) 
PARAMETRIC_REPRESENTATION_CONTEXT() REPRESENTATION_CONTEXT('2D SPACE',''
  ) );
#2138 = PCURVE('',#2139,#2144);
#2139 = CYLINDRICAL_SURFACE('',#2140,20.25);
#2140 = AXIS2_PLACEMENT_3D('',#2141,#2142,#2143);
#2141 = CARTESIAN_POINT('',(0.,0.,12.5));
#2142 = DIRECTION('',(-0.,-0.,-1.));
#2143 = DIRECTION('',(1.,0.,0.));
#2144 = DEFINITIONAL_REPRESENTATION('',(#2145),#2149);
#2145 = LINE('',#2146,#2147);
#2146 = CARTESIAN_POINT('',(-6.28318530718,-1.));
#2147 = VECTOR('',#2148,1.);
#2148 = DIRECTION('',(1.,-0.));
#2149 = ( GEOMETRIC_REPRESENTATION_CONTEXT(2) 
PARAMETRIC_REPRESENTATION_CONTEXT() REPRESENTATION_CONTEXT('2D SPACE',''
  ) );
#2150 = ADVANCED_FACE('',(#2151),#1540,.T.);
#2151 = FACE_BOUND('',#2152,.T.);
#2152 = EDGE_LOOP('',(#2153,#2175));
#2153 = ORIENTED_EDGE('',*,*,#2154,.T.);
#2154 = EDGE_CURVE('',#1524,#1491,#2155,.T.);
#2155 = SURFACE_CURVE('',#2156,(#2161,#2168),.PCURVE_S1.);
#2156 = CIRCLE('',#2157,19.);
#2157 = AXIS2_PLACEMENT_3D('',#2158,#2159,#2160);
#2158 = CARTESIAN_POINT('',(0.,0.,10.98));
#2159 = DIRECTION('',(0.,0.,1.));
#2160 = DIRECTION('',(1.,0.,0.));
#2161 = PCURVE('',#1540,#2162);
#2162 = DEFINITIONAL_REPRESENTATION('',(#2163),#2167);
#2163 = CIRCLE('',#2164,19.);
#2164 = AXIS2_PLACEMENT_2D('',#2165,#2166);
#2165 = CARTESIAN_POINT('',(-14.3,-14.2));
#2166 = DIRECTION('',(1.,0.));
#2167 = ( GEOMETRIC_REPRESENTATION_CONTEXT(2) 
PARAMETRIC_REPRESENTATION_CONTEXT() REPRESENTATION_CONTEXT('2D SPACE',''
  ) );
#2168 = PCURVE('',#2075,#2169);
#2169 = DEFINITIONAL_REPRESENTATION('',(#2170),#2174);
#2170 = LINE('',#2171,#2172);
#2171 = CARTESIAN_POINT('',(-0.,0.));
#2172 = VECTOR('',#2173,1.);
#2173 = DIRECTION('',(-1.,0.));
#2174 = ( GEOMETRIC_REPRESENTATION_CONTEXT(2) 
PARAMETRIC_REPRESENTATION_CONTEXT() REPRESENTATION_CONTEXT('2D SPACE',''
  ) );
#2175 = ORIENTED_EDGE('',*,*,#1523,.F.);
#2176 = ADVANCED_FACE('',(#2177),#1507,.F.);
#2177 = FACE_BOUND('',#2178,.F.);
#2178 = EDGE_LOOP('',(#2179,#2180,#2181,#2182));
#2179 = ORIENTED_EDGE('',*,*,#1490,.T.);
#2180 = ORIENTED_EDGE('',*,*,#1586,.T.);
#2181 = ORIENTED_EDGE('',*,*,#1835,.T.);
#2182 = ORIENTED_EDGE('',*,*,#2183,.F.);
#2183 = EDGE_CURVE('',#1491,#1803,#2184,.T.);
#2184 = SURFACE_CURVE('',#2185,(#2190,#2197),.PCURVE_S1.);
#2185 = CIRCLE('',#2186,19.);
#2186 = AXIS2_PLACEMENT_3D('',#2187,#2188,#2189);
#2187 = CARTESIAN_POINT('',(0.,0.,10.98));
#2188 = DIRECTION('',(0.,0.,1.));
#2189 = DIRECTION('',(1.,0.,0.));
#2190 = PCURVE('',#1507,#2191);
#2191 = DEFINITIONAL_REPRESENTATION('',(#2192),#2196);
#2192 = CIRCLE('',#2193,19.);
#2193 = AXIS2_PLACEMENT_2D('',#2194,#2195);
#2194 = CARTESIAN_POINT('',(5.13592538043E-16,-1.184870924777E-15));
#2195 = DIRECTION('',(1.,0.));
#2196 = ( GEOMETRIC_REPRESENTATION_CONTEXT(2) 
PARAMETRIC_REPRESENTATION_CONTEXT() REPRESENTATION_CONTEXT('2D SPACE',''
  ) );
#2197 = PCURVE('',#2075,#2198);
#2198 = DEFINITIONAL_REPRESENTATION('',(#2199),#2203);
#2199 = LINE('',#2200,#2201);
#2200 = CARTESIAN_POINT('',(-0.,0.));
#2201 = VECTOR('',#2202,1.);
#2202 = DIRECTION('',(-1.,0.));
#2203 = ( GEOMETRIC_REPRESENTATION_CONTEXT(2) 
PARAMETRIC_REPRESENTATION_CONTEXT() REPRESENTATION_CONTEXT('2D SPACE',''
  ) );
#2204 = ADVANCED_FACE('',(#2205),#1714,.F.);
#2205 = FACE_BOUND('',#2206,.F.);
#2206 = EDGE_LOOP('',(#2207,#2229,#2230,#2231));
#2207 = ORIENTED_EDGE('',*,*,#2208,.F.);
#2208 = EDGE_CURVE('',#1775,#1665,#2209,.T.);
#2209 = SURFACE_CURVE('',#2210,(#2215,#2222),.PCURVE_S1.);
#2210 = CIRCLE('',#2211,19.);
#2211 = AXIS2_PLACEMENT_3D('',#2212,#2213,#2214);
#2212 = CARTESIAN_POINT('',(0.,0.,10.98));
#2213 = DIRECTION('',(0.,0.,1.));
#2214 = DIRECTION('',(1.,0.,0.));
#2215 = PCURVE('',#1714,#2216);
#2216 = DEFINITIONAL_REPRESENTATION('',(#2217),#2221);
#2217 = CIRCLE('',#2218,19.);
#2218 = AXIS2_PLACEMENT_2D('',#2219,#2220);
#2219 = CARTESIAN_POINT('',(5.13592538043E-16,-1.184870924777E-15));
#2220 = DIRECTION('',(1.,0.));
#2221 = ( GEOMETRIC_REPRESENTATION_CONTEXT(2) 
PARAMETRIC_REPRESENTATION_CONTEXT() REPRESENTATION_CONTEXT('2D SPACE',''
  ) );
#2222 = PCURVE('',#2075,#2223);
#2223 = DEFINITIONAL_REPRESENTATION('',(#2224),#2228);
#2224 = LINE('',#2225,#2226);
#2225 = CARTESIAN_POINT('',(-0.,0.));
#2226 = VECTOR('',#2227,1.);
#2227 = DIRECTION('',(-1.,0.));
#2228 = ( GEOMETRIC_REPRESENTATION_CONTEXT(2) 
PARAMETRIC_REPRESENTATION_CONTEXT() REPRESENTATION_CONTEXT('2D SPACE',''
  ) );
#2229 = ORIENTED_EDGE('',*,*,#1774,.T.);
#2230 = ORIENTED_EDGE('',*,*,#1866,.T.);
#2231 = ORIENTED_EDGE('',*,*,#1697,.T.);
#2232 = ADVANCED_FACE('',(#2233),#1681,.T.);
#2233 = FACE_BOUND('',#2234,.T.);
#2234 = EDGE_LOOP('',(#2235,#2257));
#2235 = ORIENTED_EDGE('',*,*,#2236,.T.);
#2236 = EDGE_CURVE('',#1665,#1637,#2237,.T.);
#2237 = SURFACE_CURVE('',#2238,(#2243,#2250),.PCURVE_S1.);
#2238 = CIRCLE('',#2239,19.);
#2239 = AXIS2_PLACEMENT_3D('',#2240,#2241,#2242);
#2240 = CARTESIAN_POINT('',(0.,0.,10.98));
#2241 = DIRECTION('',(0.,0.,1.));
#2242 = DIRECTION('',(1.,0.,0.));
#2243 = PCURVE('',#1681,#2244);
#2244 = DEFINITIONAL_REPRESENTATION('',(#2245),#2249);
#2245 = CIRCLE('',#2246,19.);
#2246 = AXIS2_PLACEMENT_2D('',#2247,#2248);
#2247 = CARTESIAN_POINT('',(1.102774300435E-16,20.1));
#2248 = DIRECTION('',(1.,0.));
#2249 = ( GEOMETRIC_REPRESENTATION_CONTEXT(2) 
PARAMETRIC_REPRESENTATION_CONTEXT() REPRESENTATION_CONTEXT('2D SPACE',''
  ) );
#2250 = PCURVE('',#2075,#2251);
#2251 = DEFINITIONAL_REPRESENTATION('',(#2252),#2256);
#2252 = LINE('',#2253,#2254);
#2253 = CARTESIAN_POINT('',(-0.,0.));
#2254 = VECTOR('',#2255,1.);
#2255 = DIRECTION('',(-1.,0.));
#2256 = ( GEOMETRIC_REPRESENTATION_CONTEXT(2) 
PARAMETRIC_REPRESENTATION_CONTEXT() REPRESENTATION_CONTEXT('2D SPACE',''
  ) );
#2257 = ORIENTED_EDGE('',*,*,#1664,.F.);
#2258 = ADVANCED_FACE('',(#2259),#1819,.T.);
#2259 = FACE_BOUND('',#2260,.T.);
#2260 = EDGE_LOOP('',(#2261,#2283));
#2261 = ORIENTED_EDGE('',*,*,#2262,.T.);
#2262 = EDGE_CURVE('',#1803,#1775,#2263,.T.);
#2263 = SURFACE_CURVE('',#2264,(#2269,#2276),.PCURVE_S1.);
#2264 = CIRCLE('',#2265,19.);
#2265 = AXIS2_PLACEMENT_3D('',#2266,#2267,#2268);
#2266 = CARTESIAN_POINT('',(0.,0.,10.98));
#2267 = DIRECTION('',(0.,0.,1.));
#2268 = DIRECTION('',(1.,0.,0.));
#2269 = PCURVE('',#1819,#2270);
#2270 = DEFINITIONAL_REPRESENTATION('',(#2271),#2275);
#2271 = CIRCLE('',#2272,19.);
#2272 = AXIS2_PLACEMENT_2D('',#2273,#2274);
#2273 = CARTESIAN_POINT('',(14.3,-14.2));
#2274 = DIRECTION('',(1.,0.));
#2275 = ( GEOMETRIC_REPRESENTATION_CONTEXT(2) 
PARAMETRIC_REPRESENTATION_CONTEXT() REPRESENTATION_CONTEXT('2D SPACE',''
  ) );
#2276 = PCURVE('',#2075,#2277);
#2277 = DEFINITIONAL_REPRESENTATION('',(#2278),#2282);
#2278 = LINE('',#2279,#2280);
#2279 = CARTESIAN_POINT('',(-0.,0.));
#2280 = VECTOR('',#2281,1.);
#2281 = DIRECTION('',(-1.,0.));
#2282 = ( GEOMETRIC_REPRESENTATION_CONTEXT(2) 
PARAMETRIC_REPRESENTATION_CONTEXT() REPRESENTATION_CONTEXT('2D SPACE',''
  ) );
#2283 = ORIENTED_EDGE('',*,*,#1802,.F.);
#2284 = ADVANCED_FACE('',(#2285),#1932,.F.);
#2285 = FACE_BOUND('',#2286,.F.);
#2286 = EDGE_LOOP('',(#2287));
#2287 = ORIENTED_EDGE('',*,*,#1917,.T.);
#2288 = ADVANCED_FACE('',(#2289),#1987,.F.);
#2289 = FACE_BOUND('',#2290,.F.);
#2290 = EDGE_LOOP('',(#2291));
#2291 = ORIENTED_EDGE('',*,*,#1972,.T.);
#2292 = ADVANCED_FACE('',(#2293),#2042,.F.);
#2293 = FACE_BOUND('',#2294,.F.);
#2294 = EDGE_LOOP('',(#2295));
#2295 = ORIENTED_EDGE('',*,*,#2027,.T.);
#2296 = ADVANCED_FACE('',(#2297),#2075,.F.);
#2297 = FACE_BOUND('',#2298,.T.);
#2298 = EDGE_LOOP('',(#2299,#2300,#2323,#2350,#2351,#2352,#2353,#2354,
    #2355,#2356));
#2299 = ORIENTED_EDGE('',*,*,#2090,.F.);
#2300 = ORIENTED_EDGE('',*,*,#2301,.T.);
#2301 = EDGE_CURVE('',#2059,#2302,#2304,.T.);
#2302 = VERTEX_POINT('',#2303);
#2303 = CARTESIAN_POINT('',(19.,0.,12.5));
#2304 = SEAM_CURVE('',#2305,(#2309,#2316),.PCURVE_S1.);
#2305 = LINE('',#2306,#2307);
#2306 = CARTESIAN_POINT('',(19.,0.,10.98));
#2307 = VECTOR('',#2308,1.);
#2308 = DIRECTION('',(0.,0.,1.));
#2309 = PCURVE('',#2075,#2310);
#2310 = DEFINITIONAL_REPRESENTATION('',(#2311),#2315);
#2311 = LINE('',#2312,#2313);
#2312 = CARTESIAN_POINT('',(-6.28318530718,0.));
#2313 = VECTOR('',#2314,1.);
#2314 = DIRECTION('',(-0.,-1.));
#2315 = ( GEOMETRIC_REPRESENTATION_CONTEXT(2) 
PARAMETRIC_REPRESENTATION_CONTEXT() REPRESENTATION_CONTEXT('2D SPACE',''
  ) );
#2316 = PCURVE('',#2075,#2317);
#2317 = DEFINITIONAL_REPRESENTATION('',(#2318),#2322);
#2318 = LINE('',#2319,#2320);
#2319 = CARTESIAN_POINT('',(-0.,0.));
#2320 = VECTOR('',#2321,1.);
#2321 = DIRECTION('',(-0.,-1.));
#2322 = ( GEOMETRIC_REPRESENTATION_CONTEXT(2) 
PARAMETRIC_REPRESENTATION_CONTEXT() REPRESENTATION_CONTEXT('2D SPACE',''
  ) );
#2323 = ORIENTED_EDGE('',*,*,#2324,.T.);
#2324 = EDGE_CURVE('',#2302,#2302,#2325,.T.);
#2325 = SURFACE_CURVE('',#2326,(#2331,#2338),.PCURVE_S1.);
#2326 = CIRCLE('',#2327,19.);
#2327 = AXIS2_PLACEMENT_3D('',#2328,#2329,#2330);
#2328 = CARTESIAN_POINT('',(0.,0.,12.5));
#2329 = DIRECTION('',(0.,0.,1.));
#2330 = DIRECTION('',(1.,0.,0.));
#2331 = PCURVE('',#2075,#2332);
#2332 = DEFINITIONAL_REPRESENTATION('',(#2333),#2337);
#2333 = LINE('',#2334,#2335);
#2334 = CARTESIAN_POINT('',(-0.,-1.52));
#2335 = VECTOR('',#2336,1.);
#2336 = DIRECTION('',(-1.,0.));
#2337 = ( GEOMETRIC_REPRESENTATION_CONTEXT(2) 
PARAMETRIC_REPRESENTATION_CONTEXT() REPRESENTATION_CONTEXT('2D SPACE',''
  ) );
#2338 = PCURVE('',#2339,#2344);
#2339 = PLANE('',#2340);
#2340 = AXIS2_PLACEMENT_3D('',#2341,#2342,#2343);
#2341 = CARTESIAN_POINT('',(-2.160893048951E-15,2.538099350511E-16,12.5)
  );
#2342 = DIRECTION('',(0.,0.,1.));
#2343 = DIRECTION('',(1.,0.,-0.));
#2344 = DEFINITIONAL_REPRESENTATION('',(#2345),#2349);
#2345 = CIRCLE('',#2346,19.);
#2346 = AXIS2_PLACEMENT_2D('',#2347,#2348);
#2347 = CARTESIAN_POINT('',(2.160893048951E-15,-2.538099350511E-16));
#2348 = DIRECTION('',(1.,0.));
#2349 = ( GEOMETRIC_REPRESENTATION_CONTEXT(2) 
PARAMETRIC_REPRESENTATION_CONTEXT() REPRESENTATION_CONTEXT('2D SPACE',''
  ) );
#2350 = ORIENTED_EDGE('',*,*,#2301,.F.);
#2351 = ORIENTED_EDGE('',*,*,#2058,.F.);
#2352 = ORIENTED_EDGE('',*,*,#2236,.F.);
#2353 = ORIENTED_EDGE('',*,*,#2208,.F.);
#2354 = ORIENTED_EDGE('',*,*,#2262,.F.);
#2355 = ORIENTED_EDGE('',*,*,#2183,.F.);
#2356 = ORIENTED_EDGE('',*,*,#2154,.F.);
#2357 = ADVANCED_FACE('',(#2358),#2139,.F.);
#2358 = FACE_BOUND('',#2359,.T.);
#2359 = EDGE_LOOP('',(#2360,#2383,#2405,#2406));
#2360 = ORIENTED_EDGE('',*,*,#2361,.F.);
#2361 = EDGE_CURVE('',#2362,#2119,#2364,.T.);
#2362 = VERTEX_POINT('',#2363);
#2363 = CARTESIAN_POINT('',(20.25,0.,12.5));
#2364 = SEAM_CURVE('',#2365,(#2369,#2376),.PCURVE_S1.);
#2365 = LINE('',#2366,#2367);
#2366 = CARTESIAN_POINT('',(20.25,0.,12.5));
#2367 = VECTOR('',#2368,1.);
#2368 = DIRECTION('',(0.,0.,1.));
#2369 = PCURVE('',#2139,#2370);
#2370 = DEFINITIONAL_REPRESENTATION('',(#2371),#2375);
#2371 = LINE('',#2372,#2373);
#2372 = CARTESIAN_POINT('',(-6.28318530718,0.));
#2373 = VECTOR('',#2374,1.);
#2374 = DIRECTION('',(-0.,-1.));
#2375 = ( GEOMETRIC_REPRESENTATION_CONTEXT(2) 
PARAMETRIC_REPRESENTATION_CONTEXT() REPRESENTATION_CONTEXT('2D SPACE',''
  ) );
#2376 = PCURVE('',#2139,#2377);
#2377 = DEFINITIONAL_REPRESENTATION('',(#2378),#2382);
#2378 = LINE('',#2379,#2380);
#2379 = CARTESIAN_POINT('',(-0.,0.));
#2380 = VECTOR('',#2381,1.);
#2381 = DIRECTION('',(-0.,-1.));
#2382 = ( GEOMETRIC_REPRESENTATION_CONTEXT(2) 
PARAMETRIC_REPRESENTATION_CONTEXT() REPRESENTATION_CONTEXT('2D SPACE',''
  ) );
#2383 = ORIENTED_EDGE('',*,*,#2384,.F.);
#2384 = EDGE_CURVE('',#2362,#2362,#2385,.T.);
#2385 = SURFACE_CURVE('',#2386,(#2391,#2398),.PCURVE_S1.);
#2386 = CIRCLE('',#2387,20.25);
#2387 = AXIS2_PLACEMENT_3D('',#2388,#2389,#2390);
#2388 = CARTESIAN_POINT('',(0.,0.,12.5));
#2389 = DIRECTION('',(0.,0.,1.));
#2390 = DIRECTION('',(1.,0.,0.));
#2391 = PCURVE('',#2139,#2392);
#2392 = DEFINITIONAL_REPRESENTATION('',(#2393),#2397);
#2393 = LINE('',#2394,#2395);
#2394 = CARTESIAN_POINT('',(-0.,0.));
#2395 = VECTOR('',#2396,1.);
#2396 = DIRECTION('',(-1.,0.));
#2397 = ( GEOMETRIC_REPRESENTATION_CONTEXT(2) 
PARAMETRIC_REPRESENTATION_CONTEXT() REPRESENTATION_CONTEXT('2D SPACE',''
  ) );
#2398 = PCURVE('',#2339,#2399);
#2399 = DEFINITIONAL_REPRESENTATION('',(#2400),#2404);
#2400 = CIRCLE('',#2401,20.25);
#2401 = AXIS2_PLACEMENT_2D('',#2402,#2403);
#2402 = CARTESIAN_POINT('',(2.160893048951E-15,-2.538099350511E-16));
#2403 = DIRECTION('',(1.,0.));
#2404 = ( GEOMETRIC_REPRESENTATION_CONTEXT(2) 
PARAMETRIC_REPRESENTATION_CONTEXT() REPRESENTATION_CONTEXT('2D SPACE',''
  ) );
#2405 = ORIENTED_EDGE('',*,*,#2361,.T.);
#2406 = ORIENTED_EDGE('',*,*,#2118,.F.);
#2407 = ADVANCED_FACE('',(#2408,#2411),#2339,.T.);
#2408 = FACE_BOUND('',#2409,.T.);
#2409 = EDGE_LOOP('',(#2410));
#2410 = ORIENTED_EDGE('',*,*,#2384,.T.);
#2411 = FACE_BOUND('',#2412,.T.);
#2412 = EDGE_LOOP('',(#2413));
#2413 = ORIENTED_EDGE('',*,*,#2324,.F.);
#2414 = ( GEOMETRIC_REPRESENTATION_CONTEXT(3) 
GLOBAL_UNCERTAINTY_ASSIGNED_CONTEXT((#2418)) 
GLOBAL_UNIT_ASSIGNED_CONTEXT((#2415,#2416,#2417)) REPRESENTATION_CONTEXT
('Context #1','3D Context with UNIT and UNCERTAINTY') );
#2415 = ( LENGTH_UNIT() NAMED_UNIT(*) SI_UNIT(.MILLI.,.METRE.) );
#2416 = ( NAMED_UNIT(*) PLANE_ANGLE_UNIT() SI_UNIT($,.RADIAN.) );
#2417 = ( NAMED_UNIT(*) SI_UNIT($,.STERADIAN.) SOLID_ANGLE_UNIT() );
#2418 = UNCERTAINTY_MEASURE_WITH_UNIT(LENGTH_MEASURE(1.E-07),#2415,
  'distance_accuracy_value','confusion accuracy');
#2419 = PRODUCT_RELATED_PRODUCT_CATEGORY('part',$,(#7));
ENDSEC;
END-ISO-10303-21;
